/*--------------------------------*- C++ -*----------------------------------*\
| =========                 |                                                 |
| \\      /  F ield         | OpenFOAM: The Open Source CFD Toolbox           |
|  \\    /   O peration     | Version:  2512                                  |
|   \\  /    A nd           | Website:  www.openfoam.com                      |
|    \\/     M anipulation  |                                                 |
\*---------------------------------------------------------------------------*/
FoamFile
{
    version     2.0;
    format      ascii;
    arch        "LSB;label=32;scalar=64";
    class       vectorField;
    location    "constant/polyMesh";
    object      points;
}
// * * * * * * * * * * * * * * * * * * * * * * * * * * * * * * * * * * * * * //


13120
(
(0 0 -0.5)
(0.00919430769231 0 -0.5)
(0.0183886153846 0 -0.5)
(0.0275829230769 0 -0.5)
(0.0367772307692 0 -0.5)
(0.0459715384615 0 -0.5)
(0.0551658461538 0 -0.5)
(0.0643601538462 0 -0.5)
(0.0735544615385 0 -0.5)
(0.0827487692308 0 -0.5)
(0.0919430769231 0 -0.5)
(0.101137384615 0 -0.5)
(0.110331692308 0 -0.5)
(0.119526 0 -0.5)
(0 0.00919430769231 -0.5)
(0.00919430769231 0.00919430769231 -0.5)
(0.0183886153846 0.00919430769231 -0.5)
(0.0275829230769 0.00919430769231 -0.5)
(0.0367772307692 0.00919430769231 -0.5)
(0.0459715384615 0.00919430769231 -0.5)
(0.0551658461538 0.00919430769231 -0.5)
(0.0643601538462 0.00919430769231 -0.5)
(0.0735544615385 0.00919430769231 -0.5)
(0.0827487692308 0.00919430769231 -0.5)
(0.0919430769231 0.00919430769231 -0.5)
(0.101137384615 0.00919430769231 -0.5)
(0.110331692308 0.00919430769231 -0.5)
(0.119526 0.00919430769231 -0.5)
(0 0.0183886153846 -0.5)
(0.00919430769231 0.0183886153846 -0.5)
(0.0183886153846 0.0183886153846 -0.5)
(0.0275829230769 0.0183886153846 -0.5)
(0.0367772307692 0.0183886153846 -0.5)
(0.0459715384615 0.0183886153846 -0.5)
(0.0551658461538 0.0183886153846 -0.5)
(0.0643601538462 0.0183886153846 -0.5)
(0.0735544615385 0.0183886153846 -0.5)
(0.0827487692308 0.0183886153846 -0.5)
(0.0919430769231 0.0183886153846 -0.5)
(0.101137384615 0.0183886153846 -0.5)
(0.110331692308 0.0183886153846 -0.5)
(0.119526 0.0183886153846 -0.5)
(0 0.0275829230769 -0.5)
(0.00919430769231 0.0275829230769 -0.5)
(0.0183886153846 0.0275829230769 -0.5)
(0.0275829230769 0.0275829230769 -0.5)
(0.0367772307692 0.0275829230769 -0.5)
(0.0459715384615 0.0275829230769 -0.5)
(0.0551658461538 0.0275829230769 -0.5)
(0.0643601538462 0.0275829230769 -0.5)
(0.0735544615385 0.0275829230769 -0.5)
(0.0827487692308 0.0275829230769 -0.5)
(0.0919430769231 0.0275829230769 -0.5)
(0.101137384615 0.0275829230769 -0.5)
(0.110331692308 0.0275829230769 -0.5)
(0.119526 0.0275829230769 -0.5)
(0 0.0367772307692 -0.5)
(0.00919430769231 0.0367772307692 -0.5)
(0.0183886153846 0.0367772307692 -0.5)
(0.0275829230769 0.0367772307692 -0.5)
(0.0367772307692 0.0367772307692 -0.5)
(0.0459715384615 0.0367772307692 -0.5)
(0.0551658461538 0.0367772307692 -0.5)
(0.0643601538462 0.0367772307692 -0.5)
(0.0735544615385 0.0367772307692 -0.5)
(0.0827487692308 0.0367772307692 -0.5)
(0.0919430769231 0.0367772307692 -0.5)
(0.101137384615 0.0367772307692 -0.5)
(0.110331692308 0.0367772307692 -0.5)
(0.119526 0.0367772307692 -0.5)
(0 0.0459715384615 -0.5)
(0.00919430769231 0.0459715384615 -0.5)
(0.0183886153846 0.0459715384615 -0.5)
(0.0275829230769 0.0459715384615 -0.5)
(0.0367772307692 0.0459715384615 -0.5)
(0.0459715384615 0.0459715384615 -0.5)
(0.0551658461538 0.0459715384615 -0.5)
(0.0643601538462 0.0459715384615 -0.5)
(0.0735544615385 0.0459715384615 -0.5)
(0.0827487692308 0.0459715384615 -0.5)
(0.0919430769231 0.0459715384615 -0.5)
(0.101137384615 0.0459715384615 -0.5)
(0.110331692308 0.0459715384615 -0.5)
(0.119526 0.0459715384615 -0.5)
(0 0.0551658461538 -0.5)
(0.00919430769231 0.0551658461538 -0.5)
(0.0183886153846 0.0551658461538 -0.5)
(0.0275829230769 0.0551658461538 -0.5)
(0.0367772307692 0.0551658461538 -0.5)
(0.0459715384615 0.0551658461538 -0.5)
(0.0551658461538 0.0551658461538 -0.5)
(0.0643601538462 0.0551658461538 -0.5)
(0.0735544615385 0.0551658461538 -0.5)
(0.0827487692308 0.0551658461538 -0.5)
(0.0919430769231 0.0551658461538 -0.5)
(0.101137384615 0.0551658461538 -0.5)
(0.110331692308 0.0551658461538 -0.5)
(0.119526 0.0551658461538 -0.5)
(0 0.0643601538462 -0.5)
(0.00919430769231 0.0643601538462 -0.5)
(0.0183886153846 0.0643601538462 -0.5)
(0.0275829230769 0.0643601538462 -0.5)
(0.0367772307692 0.0643601538462 -0.5)
(0.0459715384615 0.0643601538462 -0.5)
(0.0551658461538 0.0643601538462 -0.5)
(0.0643601538462 0.0643601538462 -0.5)
(0.0735544615385 0.0643601538462 -0.5)
(0.0827487692308 0.0643601538462 -0.5)
(0.0919430769231 0.0643601538462 -0.5)
(0.101137384615 0.0643601538462 -0.5)
(0.110331692308 0.0643601538462 -0.5)
(0.119526 0.0643601538462 -0.5)
(0 0.0735544615385 -0.5)
(0.00919430769231 0.0735544615385 -0.5)
(0.0183886153846 0.0735544615385 -0.5)
(0.0275829230769 0.0735544615385 -0.5)
(0.0367772307692 0.0735544615385 -0.5)
(0.0459715384615 0.0735544615385 -0.5)
(0.0551658461538 0.0735544615385 -0.5)
(0.0643601538462 0.0735544615385 -0.5)
(0.0735544615385 0.0735544615385 -0.5)
(0.0827487692308 0.0735544615385 -0.5)
(0.0919430769231 0.0735544615385 -0.5)
(0.101137384615 0.0735544615385 -0.5)
(0.110331692308 0.0735544615385 -0.5)
(0.119526 0.0735544615385 -0.5)
(0 0.0827487692308 -0.5)
(0.00919430769231 0.0827487692308 -0.5)
(0.0183886153846 0.0827487692308 -0.5)
(0.0275829230769 0.0827487692308 -0.5)
(0.0367772307692 0.0827487692308 -0.5)
(0.0459715384615 0.0827487692308 -0.5)
(0.0551658461538 0.0827487692308 -0.5)
(0.0643601538462 0.0827487692308 -0.5)
(0.0735544615385 0.0827487692308 -0.5)
(0.0827487692308 0.0827487692308 -0.5)
(0.0919430769231 0.0827487692308 -0.5)
(0.101137384615 0.0827487692308 -0.5)
(0.110331692308 0.0827487692308 -0.5)
(0.119526 0.0827487692308 -0.5)
(0 0.0919430769231 -0.5)
(0.00919430769231 0.0919430769231 -0.5)
(0.0183886153846 0.0919430769231 -0.5)
(0.0275829230769 0.0919430769231 -0.5)
(0.0367772307692 0.0919430769231 -0.5)
(0.0459715384615 0.0919430769231 -0.5)
(0.0551658461538 0.0919430769231 -0.5)
(0.0643601538462 0.0919430769231 -0.5)
(0.0735544615385 0.0919430769231 -0.5)
(0.0827487692308 0.0919430769231 -0.5)
(0.0919430769231 0.0919430769231 -0.5)
(0.101137384615 0.0919430769231 -0.5)
(0.110331692308 0.0919430769231 -0.5)
(0.119526 0.0919430769231 -0.5)
(0 0.101137384615 -0.5)
(0.00919430769231 0.101137384615 -0.5)
(0.0183886153846 0.101137384615 -0.5)
(0.0275829230769 0.101137384615 -0.5)
(0.0367772307692 0.101137384615 -0.5)
(0.0459715384615 0.101137384615 -0.5)
(0.0551658461538 0.101137384615 -0.5)
(0.0643601538462 0.101137384615 -0.5)
(0.0735544615385 0.101137384615 -0.5)
(0.0827487692308 0.101137384615 -0.5)
(0.0919430769231 0.101137384615 -0.5)
(0.101137384615 0.101137384615 -0.5)
(0.110331692308 0.101137384615 -0.5)
(0.119526 0.101137384615 -0.5)
(0 0.110331692308 -0.5)
(0.00919430769231 0.110331692308 -0.5)
(0.0183886153846 0.110331692308 -0.5)
(0.0275829230769 0.110331692308 -0.5)
(0.0367772307692 0.110331692308 -0.5)
(0.0459715384615 0.110331692308 -0.5)
(0.0551658461538 0.110331692308 -0.5)
(0.0643601538462 0.110331692308 -0.5)
(0.0735544615385 0.110331692308 -0.5)
(0.0827487692308 0.110331692308 -0.5)
(0.0919430769231 0.110331692308 -0.5)
(0.101137384615 0.110331692308 -0.5)
(0.110331692308 0.110331692308 -0.5)
(0.119526 0.110331692308 -0.5)
(0 0.119526 -0.5)
(0.00919430769231 0.119526 -0.5)
(0.0183886153846 0.119526 -0.5)
(0.0275829230769 0.119526 -0.5)
(0.0367772307692 0.119526 -0.5)
(0.0459715384615 0.119526 -0.5)
(0.0551658461538 0.119526 -0.5)
(0.0643601538462 0.119526 -0.5)
(0.0735544615385 0.119526 -0.5)
(0.0827487692308 0.119526 -0.5)
(0.0919430769231 0.119526 -0.5)
(0.101137384615 0.119526 -0.5)
(0.110331692308 0.119526 -0.5)
(0.119526 0.119526 -0.5)
(0 0 0.5)
(0.00919430769231 0 0.5)
(0.0183886153846 0 0.5)
(0.0275829230769 0 0.5)
(0.0367772307692 0 0.5)
(0.0459715384615 0 0.5)
(0.0551658461538 0 0.5)
(0.0643601538462 0 0.5)
(0.0735544615385 0 0.5)
(0.0827487692308 0 0.5)
(0.0919430769231 0 0.5)
(0.101137384615 0 0.5)
(0.110331692308 0 0.5)
(0.119526 0 0.5)
(0 0.00919430769231 0.5)
(0.00919430769231 0.00919430769231 0.5)
(0.0183886153846 0.00919430769231 0.5)
(0.0275829230769 0.00919430769231 0.5)
(0.0367772307692 0.00919430769231 0.5)
(0.0459715384615 0.00919430769231 0.5)
(0.0551658461538 0.00919430769231 0.5)
(0.0643601538462 0.00919430769231 0.5)
(0.0735544615385 0.00919430769231 0.5)
(0.0827487692308 0.00919430769231 0.5)
(0.0919430769231 0.00919430769231 0.5)
(0.101137384615 0.00919430769231 0.5)
(0.110331692308 0.00919430769231 0.5)
(0.119526 0.00919430769231 0.5)
(0 0.0183886153846 0.5)
(0.00919430769231 0.0183886153846 0.5)
(0.0183886153846 0.0183886153846 0.5)
(0.0275829230769 0.0183886153846 0.5)
(0.0367772307692 0.0183886153846 0.5)
(0.0459715384615 0.0183886153846 0.5)
(0.0551658461538 0.0183886153846 0.5)
(0.0643601538462 0.0183886153846 0.5)
(0.0735544615385 0.0183886153846 0.5)
(0.0827487692308 0.0183886153846 0.5)
(0.0919430769231 0.0183886153846 0.5)
(0.101137384615 0.0183886153846 0.5)
(0.110331692308 0.0183886153846 0.5)
(0.119526 0.0183886153846 0.5)
(0 0.0275829230769 0.5)
(0.00919430769231 0.0275829230769 0.5)
(0.0183886153846 0.0275829230769 0.5)
(0.0275829230769 0.0275829230769 0.5)
(0.0367772307692 0.0275829230769 0.5)
(0.0459715384615 0.0275829230769 0.5)
(0.0551658461538 0.0275829230769 0.5)
(0.0643601538462 0.0275829230769 0.5)
(0.0735544615385 0.0275829230769 0.5)
(0.0827487692308 0.0275829230769 0.5)
(0.0919430769231 0.0275829230769 0.5)
(0.101137384615 0.0275829230769 0.5)
(0.110331692308 0.0275829230769 0.5)
(0.119526 0.0275829230769 0.5)
(0 0.0367772307692 0.5)
(0.00919430769231 0.0367772307692 0.5)
(0.0183886153846 0.0367772307692 0.5)
(0.0275829230769 0.0367772307692 0.5)
(0.0367772307692 0.0367772307692 0.5)
(0.0459715384615 0.0367772307692 0.5)
(0.0551658461538 0.0367772307692 0.5)
(0.0643601538462 0.0367772307692 0.5)
(0.0735544615385 0.0367772307692 0.5)
(0.0827487692308 0.0367772307692 0.5)
(0.0919430769231 0.0367772307692 0.5)
(0.101137384615 0.0367772307692 0.5)
(0.110331692308 0.0367772307692 0.5)
(0.119526 0.0367772307692 0.5)
(0 0.0459715384615 0.5)
(0.00919430769231 0.0459715384615 0.5)
(0.0183886153846 0.0459715384615 0.5)
(0.0275829230769 0.0459715384615 0.5)
(0.0367772307692 0.0459715384615 0.5)
(0.0459715384615 0.0459715384615 0.5)
(0.0551658461538 0.0459715384615 0.5)
(0.0643601538462 0.0459715384615 0.5)
(0.0735544615385 0.0459715384615 0.5)
(0.0827487692308 0.0459715384615 0.5)
(0.0919430769231 0.0459715384615 0.5)
(0.101137384615 0.0459715384615 0.5)
(0.110331692308 0.0459715384615 0.5)
(0.119526 0.0459715384615 0.5)
(0 0.0551658461538 0.5)
(0.00919430769231 0.0551658461538 0.5)
(0.0183886153846 0.0551658461538 0.5)
(0.0275829230769 0.0551658461538 0.5)
(0.0367772307692 0.0551658461538 0.5)
(0.0459715384615 0.0551658461538 0.5)
(0.0551658461538 0.0551658461538 0.5)
(0.0643601538462 0.0551658461538 0.5)
(0.0735544615385 0.0551658461538 0.5)
(0.0827487692308 0.0551658461538 0.5)
(0.0919430769231 0.0551658461538 0.5)
(0.101137384615 0.0551658461538 0.5)
(0.110331692308 0.0551658461538 0.5)
(0.119526 0.0551658461538 0.5)
(0 0.0643601538462 0.5)
(0.00919430769231 0.0643601538462 0.5)
(0.0183886153846 0.0643601538462 0.5)
(0.0275829230769 0.0643601538462 0.5)
(0.0367772307692 0.0643601538462 0.5)
(0.0459715384615 0.0643601538462 0.5)
(0.0551658461538 0.0643601538462 0.5)
(0.0643601538462 0.0643601538462 0.5)
(0.0735544615385 0.0643601538462 0.5)
(0.0827487692308 0.0643601538462 0.5)
(0.0919430769231 0.0643601538462 0.5)
(0.101137384615 0.0643601538462 0.5)
(0.110331692308 0.0643601538462 0.5)
(0.119526 0.0643601538462 0.5)
(0 0.0735544615385 0.5)
(0.00919430769231 0.0735544615385 0.5)
(0.0183886153846 0.0735544615385 0.5)
(0.0275829230769 0.0735544615385 0.5)
(0.0367772307692 0.0735544615385 0.5)
(0.0459715384615 0.0735544615385 0.5)
(0.0551658461538 0.0735544615385 0.5)
(0.0643601538462 0.0735544615385 0.5)
(0.0735544615385 0.0735544615385 0.5)
(0.0827487692308 0.0735544615385 0.5)
(0.0919430769231 0.0735544615385 0.5)
(0.101137384615 0.0735544615385 0.5)
(0.110331692308 0.0735544615385 0.5)
(0.119526 0.0735544615385 0.5)
(0 0.0827487692308 0.5)
(0.00919430769231 0.0827487692308 0.5)
(0.0183886153846 0.0827487692308 0.5)
(0.0275829230769 0.0827487692308 0.5)
(0.0367772307692 0.0827487692308 0.5)
(0.0459715384615 0.0827487692308 0.5)
(0.0551658461538 0.0827487692308 0.5)
(0.0643601538462 0.0827487692308 0.5)
(0.0735544615385 0.0827487692308 0.5)
(0.0827487692308 0.0827487692308 0.5)
(0.0919430769231 0.0827487692308 0.5)
(0.101137384615 0.0827487692308 0.5)
(0.110331692308 0.0827487692308 0.5)
(0.119526 0.0827487692308 0.5)
(0 0.0919430769231 0.5)
(0.00919430769231 0.0919430769231 0.5)
(0.0183886153846 0.0919430769231 0.5)
(0.0275829230769 0.0919430769231 0.5)
(0.0367772307692 0.0919430769231 0.5)
(0.0459715384615 0.0919430769231 0.5)
(0.0551658461538 0.0919430769231 0.5)
(0.0643601538462 0.0919430769231 0.5)
(0.0735544615385 0.0919430769231 0.5)
(0.0827487692308 0.0919430769231 0.5)
(0.0919430769231 0.0919430769231 0.5)
(0.101137384615 0.0919430769231 0.5)
(0.110331692308 0.0919430769231 0.5)
(0.119526 0.0919430769231 0.5)
(0 0.101137384615 0.5)
(0.00919430769231 0.101137384615 0.5)
(0.0183886153846 0.101137384615 0.5)
(0.0275829230769 0.101137384615 0.5)
(0.0367772307692 0.101137384615 0.5)
(0.0459715384615 0.101137384615 0.5)
(0.0551658461538 0.101137384615 0.5)
(0.0643601538462 0.101137384615 0.5)
(0.0735544615385 0.101137384615 0.5)
(0.0827487692308 0.101137384615 0.5)
(0.0919430769231 0.101137384615 0.5)
(0.101137384615 0.101137384615 0.5)
(0.110331692308 0.101137384615 0.5)
(0.119526 0.101137384615 0.5)
(0 0.110331692308 0.5)
(0.00919430769231 0.110331692308 0.5)
(0.0183886153846 0.110331692308 0.5)
(0.0275829230769 0.110331692308 0.5)
(0.0367772307692 0.110331692308 0.5)
(0.0459715384615 0.110331692308 0.5)
(0.0551658461538 0.110331692308 0.5)
(0.0643601538462 0.110331692308 0.5)
(0.0735544615385 0.110331692308 0.5)
(0.0827487692308 0.110331692308 0.5)
(0.0919430769231 0.110331692308 0.5)
(0.101137384615 0.110331692308 0.5)
(0.110331692308 0.110331692308 0.5)
(0.119526 0.110331692308 0.5)
(0 0.119526 0.5)
(0.00919430769231 0.119526 0.5)
(0.0183886153846 0.119526 0.5)
(0.0275829230769 0.119526 0.5)
(0.0367772307692 0.119526 0.5)
(0.0459715384615 0.119526 0.5)
(0.0551658461538 0.119526 0.5)
(0.0643601538462 0.119526 0.5)
(0.0735544615385 0.119526 0.5)
(0.0827487692308 0.119526 0.5)
(0.0919430769231 0.119526 0.5)
(0.101137384615 0.119526 0.5)
(0.110331692308 0.119526 0.5)
(0.119526 0.119526 0.5)
(0.128993529412 0 -0.5)
(0.138461058824 0 -0.5)
(0.147928588235 0 -0.5)
(0.157396117647 0 -0.5)
(0.166863647059 0 -0.5)
(0.176331176471 0 -0.5)
(0.185798705882 0 -0.5)
(0.195266235294 0 -0.5)
(0.204733764706 0 -0.5)
(0.214201294118 0 -0.5)
(0.223668823529 0 -0.5)
(0.233136352941 0 -0.5)
(0.242603882353 0 -0.5)
(0.252071411765 0 -0.5)
(0.261538941176 0 -0.5)
(0.271006470588 0 -0.5)
(0.280474 0 -0.5)
(0.12894701496 0.00886660276215 -0.5)
(0.138385305622 0.00857757610355 -0.5)
(0.147838679705 0.00832813415062 -0.5)
(0.157304897628 0.00811905919346 -0.5)
(0.166781679525 0.00795100692478 -0.5)
(0.176266712405 0.00782450438354 -0.5)
(0.185757657395 0.00773994830207 -0.5)
(0.195252157085 0.00769760386185 -0.5)
(0.204747842915 0.00769760386185 -0.5)
(0.214242342605 0.00773994830207 -0.5)
(0.223733287595 0.00782450438354 -0.5)
(0.233218320475 0.00795100692478 -0.5)
(0.242695102372 0.00811905919346 -0.5)
(0.252161320295 0.00832813415062 -0.5)
(0.261614694378 0.00857757610355 -0.5)
(0.27105298504 0.00886660276215 -0.5)
(0.280474 0.00919430769231 -0.5)
(0.128900500508 0.0177332055243 -0.5)
(0.13830955242 0.0171551522071 -0.5)
(0.147748771175 0.0166562683012 -0.5)
(0.157213677608 0.0162381183869 -0.5)
(0.166699711992 0.0159020138496 -0.5)
(0.176202248339 0.0156490087671 -0.5)
(0.185716608908 0.0154798966041 -0.5)
(0.195238078876 0.0153952077237 -0.5)
(0.204761921124 0.0153952077237 -0.5)
(0.214283391092 0.0154798966041 -0.5)
(0.223797751661 0.0156490087671 -0.5)
(0.233300288008 0.0159020138496 -0.5)
(0.242786322392 0.0162381183869 -0.5)
(0.252251228825 0.0166562683012 -0.5)
(0.26169044758 0.0171551522071 -0.5)
(0.271099499492 0.0177332055243 -0.5)
(0.280474 0.0183886153846 -0.5)
(0.128853986057 0.0265998082865 -0.5)
(0.138233799218 0.0257327283107 -0.5)
(0.147658862645 0.0249844024519 -0.5)
(0.157122457588 0.0243571775804 -0.5)
(0.166617744458 0.0238530207743 -0.5)
(0.176137784273 0.0234735131506 -0.5)
(0.18567556042 0.0232198449062 -0.5)
(0.195224000667 0.0230928115855 -0.5)
(0.204775999333 0.0230928115855 -0.5)
(0.21432443958 0.0232198449062 -0.5)
(0.223862215727 0.0234735131506 -0.5)
(0.233382255542 0.0238530207743 -0.5)
(0.242877542412 0.0243571775804 -0.5)
(0.252341137355 0.0249844024519 -0.5)
(0.261766200782 0.0257327283107 -0.5)
(0.271146013943 0.0265998082865 -0.5)
(0.280474 0.0275829230769 -0.5)
(0.128807471605 0.0354664110486 -0.5)
(0.138158046016 0.0343103044142 -0.5)
(0.147568954114 0.0333125366025 -0.5)
(0.157031237569 0.0324762367738 -0.5)
(0.166535776925 0.0318040276991 -0.5)
(0.176073320207 0.0312980175342 -0.5)
(0.185634511933 0.0309597932083 -0.5)
(0.195209922458 0.0307904154474 -0.5)
(0.204790077542 0.0307904154474 -0.5)
(0.214365488067 0.0309597932083 -0.5)
(0.223926679793 0.0312980175342 -0.5)
(0.233464223075 0.0318040276991 -0.5)
(0.242968762431 0.0324762367738 -0.5)
(0.252431045886 0.0333125366025 -0.5)
(0.261841953984 0.0343103044142 -0.5)
(0.271192528395 0.0354664110486 -0.5)
(0.280474 0.0367772307692 -0.5)
(0.128760957154 0.0443330138108 -0.5)
(0.138082292814 0.0428878805178 -0.5)
(0.147479045584 0.0416406707531 -0.5)
(0.156940017549 0.0405952959673 -0.5)
(0.166453809391 0.0397550346239 -0.5)
(0.176008856141 0.0391225219177 -0.5)
(0.185593463446 0.0386997415104 -0.5)
(0.195195844249 0.0384880193092 -0.5)
(0.204804155751 0.0384880193092 -0.5)
(0.214406536554 0.0386997415104 -0.5)
(0.223991143859 0.0391225219177 -0.5)
(0.233546190609 0.0397550346239 -0.5)
(0.243059982451 0.0405952959673 -0.5)
(0.252520954416 0.0416406707531 -0.5)
(0.261917707186 0.0428878805178 -0.5)
(0.271239042846 0.0443330138108 -0.5)
(0.280474 0.0459715384615 -0.5)
(0.128714442702 0.0531996165729 -0.5)
(0.138006539612 0.0514654566213 -0.5)
(0.147389137054 0.0499688049037 -0.5)
(0.15684879753 0.0487143551607 -0.5)
(0.166371841858 0.0477060415487 -0.5)
(0.175944392075 0.0469470263013 -0.5)
(0.185552414959 0.0464396898124 -0.5)
(0.19518176604 0.0461856231711 -0.5)
(0.20481823396 0.0461856231711 -0.5)
(0.214447585041 0.0464396898124 -0.5)
(0.224055607925 0.0469470263013 -0.5)
(0.233628158142 0.0477060415487 -0.5)
(0.24315120247 0.0487143551607 -0.5)
(0.252610862946 0.0499688049037 -0.5)
(0.261993460388 0.0514654566213 -0.5)
(0.271285557298 0.0531996165729 -0.5)
(0.280474 0.0551658461538 -0.5)
(0.12866792825 0.0620662193351 -0.5)
(0.13793078641 0.0600430327249 -0.5)
(0.147299228524 0.0582969390543 -0.5)
(0.15675757751 0.0568334143542 -0.5)
(0.166289874324 0.0556570484735 -0.5)
(0.175879928009 0.0547715306848 -0.5)
(0.185511366471 0.0541796381145 -0.5)
(0.195167687831 0.0538832270329 -0.5)
(0.204832312169 0.0538832270329 -0.5)
(0.214488633529 0.0541796381145 -0.5)
(0.224120071991 0.0547715306848 -0.5)
(0.233710125676 0.0556570484735 -0.5)
(0.24324242249 0.0568334143542 -0.5)
(0.252700771476 0.0582969390543 -0.5)
(0.26206921359 0.0600430327249 -0.5)
(0.27133207175 0.0620662193351 -0.5)
(0.280474 0.0643601538462 -0.5)
(0.128621413799 0.0709328220972 -0.5)
(0.137855033208 0.0686206088284 -0.5)
(0.147209319994 0.066625073205 -0.5)
(0.156666357491 0.0649524735477 -0.5)
(0.166207906791 0.0636080553982 -0.5)
(0.175815463943 0.0625960350683 -0.5)
(0.185470317984 0.0619195864166 -0.5)
(0.195153609622 0.0615808308948 -0.5)
(0.204846390378 0.0615808308948 -0.5)
(0.214529682016 0.0619195864166 -0.5)
(0.224184536057 0.0625960350683 -0.5)
(0.233792093209 0.0636080553982 -0.5)
(0.243333642509 0.0649524735477 -0.5)
(0.252790680006 0.066625073205 -0.5)
(0.262144966792 0.0686206088284 -0.5)
(0.271378586201 0.0709328220972 -0.5)
(0.280474 0.0735544615385 -0.5)
(0.128574899347 0.0797994248594 -0.5)
(0.137779280006 0.077198184932 -0.5)
(0.147119411463 0.0749532073556 -0.5)
(0.156575137471 0.0730715327411 -0.5)
(0.166125939257 0.071559062323 -0.5)
(0.175750999877 0.0704205394519 -0.5)
(0.185429269497 0.0696595347186 -0.5)
(0.195139531413 0.0692784347566 -0.5)
(0.204860468587 0.0692784347566 -0.5)
(0.214570730503 0.0696595347186 -0.5)
(0.224249000123 0.0704205394519 -0.5)
(0.233874060743 0.071559062323 -0.5)
(0.243424862529 0.0730715327411 -0.5)
(0.252880588537 0.0749532073556 -0.5)
(0.262220719994 0.077198184932 -0.5)
(0.271425100653 0.0797994248594 -0.5)
(0.280474 0.0827487692308 -0.5)
(0.128528384895 0.0886660276215 -0.5)
(0.137703526804 0.0857757610355 -0.5)
(0.147029502933 0.0832813415062 -0.5)
(0.156483917452 0.0811905919346 -0.5)
(0.166043971724 0.0795100692478 -0.5)
(0.175686535811 0.0782450438354 -0.5)
(0.185388221009 0.0773994830207 -0.5)
(0.195125453204 0.0769760386185 -0.5)
(0.204874546796 0.0769760386185 -0.5)
(0.214611778991 0.0773994830207 -0.5)
(0.224313464189 0.0782450438354 -0.5)
(0.233956028276 0.0795100692478 -0.5)
(0.243516082548 0.0811905919346 -0.5)
(0.252970497067 0.0832813415062 -0.5)
(0.262296473196 0.0857757610355 -0.5)
(0.271471615105 0.0886660276215 -0.5)
(0.280474 0.0919430769231 -0.5)
(0.128481870444 0.0975326303837 -0.5)
(0.137627773602 0.0943533371391 -0.5)
(0.146939594403 0.0916094756568 -0.5)
(0.156392697432 0.089309651128 -0.5)
(0.16596200419 0.0874610761726 -0.5)
(0.175622071745 0.086069548219 -0.5)
(0.185347172522 0.0851394313228 -0.5)
(0.195111374995 0.0846736424803 -0.5)
(0.204888625005 0.0846736424803 -0.5)
(0.214652827478 0.0851394313228 -0.5)
(0.224377928255 0.086069548219 -0.5)
(0.23403799581 0.0874610761726 -0.5)
(0.243607302568 0.089309651128 -0.5)
(0.253060405597 0.0916094756568 -0.5)
(0.262372226398 0.0943533371391 -0.5)
(0.271518129556 0.0975326303837 -0.5)
(0.280474 0.101137384615 -0.5)
(0.128435355992 0.106399233146 -0.5)
(0.1375520204 0.102930913243 -0.5)
(0.146849685873 0.0999376098074 -0.5)
(0.156301477413 0.0974287103215 -0.5)
(0.165880036657 0.0954120830974 -0.5)
(0.175557607679 0.0938940526025 -0.5)
(0.185306124035 0.0928793796249 -0.5)
(0.195097296786 0.0923712463422 -0.5)
(0.204902703214 0.0923712463422 -0.5)
(0.214693875965 0.0928793796249 -0.5)
(0.224442392321 0.0938940526025 -0.5)
(0.234119963343 0.0954120830974 -0.5)
(0.243698522587 0.0974287103215 -0.5)
(0.253150314127 0.0999376098074 -0.5)
(0.2624479796 0.102930913243 -0.5)
(0.271564644008 0.106399233146 -0.5)
(0.280474 0.110331692308 -0.5)
(0.12838884154 0.115265835908 -0.5)
(0.137476267198 0.111508489346 -0.5)
(0.146759777343 0.108265743958 -0.5)
(0.156210257393 0.105547769515 -0.5)
(0.165798069123 0.103363090022 -0.5)
(0.175493143613 0.101718556986 -0.5)
(0.185265075548 0.100619327927 -0.5)
(0.195083218577 0.100068850204 -0.5)
(0.204916781423 0.100068850204 -0.5)
(0.214734924452 0.100619327927 -0.5)
(0.224506856387 0.101718556986 -0.5)
(0.234201930877 0.103363090022 -0.5)
(0.243789742607 0.105547769515 -0.5)
(0.253240222657 0.108265743958 -0.5)
(0.262523732802 0.111508489346 -0.5)
(0.27161115846 0.115265835908 -0.5)
(0.280474 0.119526 -0.5)
(0.128993529412 0 0.5)
(0.138461058824 0 0.5)
(0.147928588235 0 0.5)
(0.157396117647 0 0.5)
(0.166863647059 0 0.5)
(0.176331176471 0 0.5)
(0.185798705882 0 0.5)
(0.195266235294 0 0.5)
(0.204733764706 0 0.5)
(0.214201294118 0 0.5)
(0.223668823529 0 0.5)
(0.233136352941 0 0.5)
(0.242603882353 0 0.5)
(0.252071411765 0 0.5)
(0.261538941176 0 0.5)
(0.271006470588 0 0.5)
(0.280474 0 0.5)
(0.12894701496 0.00886660276215 0.5)
(0.138385305622 0.00857757610355 0.5)
(0.147838679705 0.00832813415062 0.5)
(0.157304897628 0.00811905919346 0.5)
(0.166781679525 0.00795100692478 0.5)
(0.176266712405 0.00782450438354 0.5)
(0.185757657395 0.00773994830207 0.5)
(0.195252157085 0.00769760386185 0.5)
(0.204747842915 0.00769760386185 0.5)
(0.214242342605 0.00773994830207 0.5)
(0.223733287595 0.00782450438354 0.5)
(0.233218320475 0.00795100692478 0.5)
(0.242695102372 0.00811905919346 0.5)
(0.252161320295 0.00832813415062 0.5)
(0.261614694378 0.00857757610355 0.5)
(0.27105298504 0.00886660276215 0.5)
(0.280474 0.00919430769231 0.5)
(0.128900500508 0.0177332055243 0.5)
(0.13830955242 0.0171551522071 0.5)
(0.147748771175 0.0166562683012 0.5)
(0.157213677608 0.0162381183869 0.5)
(0.166699711992 0.0159020138496 0.5)
(0.176202248339 0.0156490087671 0.5)
(0.185716608908 0.0154798966041 0.5)
(0.195238078876 0.0153952077237 0.5)
(0.204761921124 0.0153952077237 0.5)
(0.214283391092 0.0154798966041 0.5)
(0.223797751661 0.0156490087671 0.5)
(0.233300288008 0.0159020138496 0.5)
(0.242786322392 0.0162381183869 0.5)
(0.252251228825 0.0166562683012 0.5)
(0.26169044758 0.0171551522071 0.5)
(0.271099499492 0.0177332055243 0.5)
(0.280474 0.0183886153846 0.5)
(0.128853986057 0.0265998082865 0.5)
(0.138233799218 0.0257327283107 0.5)
(0.147658862645 0.0249844024519 0.5)
(0.157122457588 0.0243571775804 0.5)
(0.166617744458 0.0238530207743 0.5)
(0.176137784273 0.0234735131506 0.5)
(0.18567556042 0.0232198449062 0.5)
(0.195224000667 0.0230928115855 0.5)
(0.204775999333 0.0230928115855 0.5)
(0.21432443958 0.0232198449062 0.5)
(0.223862215727 0.0234735131506 0.5)
(0.233382255542 0.0238530207743 0.5)
(0.242877542412 0.0243571775804 0.5)
(0.252341137355 0.0249844024519 0.5)
(0.261766200782 0.0257327283107 0.5)
(0.271146013943 0.0265998082865 0.5)
(0.280474 0.0275829230769 0.5)
(0.128807471605 0.0354664110486 0.5)
(0.138158046016 0.0343103044142 0.5)
(0.147568954114 0.0333125366025 0.5)
(0.157031237569 0.0324762367738 0.5)
(0.166535776925 0.0318040276991 0.5)
(0.176073320207 0.0312980175342 0.5)
(0.185634511933 0.0309597932083 0.5)
(0.195209922458 0.0307904154474 0.5)
(0.204790077542 0.0307904154474 0.5)
(0.214365488067 0.0309597932083 0.5)
(0.223926679793 0.0312980175342 0.5)
(0.233464223075 0.0318040276991 0.5)
(0.242968762431 0.0324762367738 0.5)
(0.252431045886 0.0333125366025 0.5)
(0.261841953984 0.0343103044142 0.5)
(0.271192528395 0.0354664110486 0.5)
(0.280474 0.0367772307692 0.5)
(0.128760957154 0.0443330138108 0.5)
(0.138082292814 0.0428878805178 0.5)
(0.147479045584 0.0416406707531 0.5)
(0.156940017549 0.0405952959673 0.5)
(0.166453809391 0.0397550346239 0.5)
(0.176008856141 0.0391225219177 0.5)
(0.185593463446 0.0386997415104 0.5)
(0.195195844249 0.0384880193092 0.5)
(0.204804155751 0.0384880193092 0.5)
(0.214406536554 0.0386997415104 0.5)
(0.223991143859 0.0391225219177 0.5)
(0.233546190609 0.0397550346239 0.5)
(0.243059982451 0.0405952959673 0.5)
(0.252520954416 0.0416406707531 0.5)
(0.261917707186 0.0428878805178 0.5)
(0.271239042846 0.0443330138108 0.5)
(0.280474 0.0459715384615 0.5)
(0.128714442702 0.0531996165729 0.5)
(0.138006539612 0.0514654566213 0.5)
(0.147389137054 0.0499688049037 0.5)
(0.15684879753 0.0487143551607 0.5)
(0.166371841858 0.0477060415487 0.5)
(0.175944392075 0.0469470263013 0.5)
(0.185552414959 0.0464396898124 0.5)
(0.19518176604 0.0461856231711 0.5)
(0.20481823396 0.0461856231711 0.5)
(0.214447585041 0.0464396898124 0.5)
(0.224055607925 0.0469470263013 0.5)
(0.233628158142 0.0477060415487 0.5)
(0.24315120247 0.0487143551607 0.5)
(0.252610862946 0.0499688049037 0.5)
(0.261993460388 0.0514654566213 0.5)
(0.271285557298 0.0531996165729 0.5)
(0.280474 0.0551658461538 0.5)
(0.12866792825 0.0620662193351 0.5)
(0.13793078641 0.0600430327249 0.5)
(0.147299228524 0.0582969390543 0.5)
(0.15675757751 0.0568334143542 0.5)
(0.166289874324 0.0556570484735 0.5)
(0.175879928009 0.0547715306848 0.5)
(0.185511366471 0.0541796381145 0.5)
(0.195167687831 0.0538832270329 0.5)
(0.204832312169 0.0538832270329 0.5)
(0.214488633529 0.0541796381145 0.5)
(0.224120071991 0.0547715306848 0.5)
(0.233710125676 0.0556570484735 0.5)
(0.24324242249 0.0568334143542 0.5)
(0.252700771476 0.0582969390543 0.5)
(0.26206921359 0.0600430327249 0.5)
(0.27133207175 0.0620662193351 0.5)
(0.280474 0.0643601538462 0.5)
(0.128621413799 0.0709328220972 0.5)
(0.137855033208 0.0686206088284 0.5)
(0.147209319994 0.066625073205 0.5)
(0.156666357491 0.0649524735477 0.5)
(0.166207906791 0.0636080553982 0.5)
(0.175815463943 0.0625960350683 0.5)
(0.185470317984 0.0619195864166 0.5)
(0.195153609622 0.0615808308948 0.5)
(0.204846390378 0.0615808308948 0.5)
(0.214529682016 0.0619195864166 0.5)
(0.224184536057 0.0625960350683 0.5)
(0.233792093209 0.0636080553982 0.5)
(0.243333642509 0.0649524735477 0.5)
(0.252790680006 0.066625073205 0.5)
(0.262144966792 0.0686206088284 0.5)
(0.271378586201 0.0709328220972 0.5)
(0.280474 0.0735544615385 0.5)
(0.128574899347 0.0797994248594 0.5)
(0.137779280006 0.077198184932 0.5)
(0.147119411463 0.0749532073556 0.5)
(0.156575137471 0.0730715327411 0.5)
(0.166125939257 0.071559062323 0.5)
(0.175750999877 0.0704205394519 0.5)
(0.185429269497 0.0696595347186 0.5)
(0.195139531413 0.0692784347566 0.5)
(0.204860468587 0.0692784347566 0.5)
(0.214570730503 0.0696595347186 0.5)
(0.224249000123 0.0704205394519 0.5)
(0.233874060743 0.071559062323 0.5)
(0.243424862529 0.0730715327411 0.5)
(0.252880588537 0.0749532073556 0.5)
(0.262220719994 0.077198184932 0.5)
(0.271425100653 0.0797994248594 0.5)
(0.280474 0.0827487692308 0.5)
(0.128528384895 0.0886660276215 0.5)
(0.137703526804 0.0857757610355 0.5)
(0.147029502933 0.0832813415062 0.5)
(0.156483917452 0.0811905919346 0.5)
(0.166043971724 0.0795100692478 0.5)
(0.175686535811 0.0782450438354 0.5)
(0.185388221009 0.0773994830207 0.5)
(0.195125453204 0.0769760386185 0.5)
(0.204874546796 0.0769760386185 0.5)
(0.214611778991 0.0773994830207 0.5)
(0.224313464189 0.0782450438354 0.5)
(0.233956028276 0.0795100692478 0.5)
(0.243516082548 0.0811905919346 0.5)
(0.252970497067 0.0832813415062 0.5)
(0.262296473196 0.0857757610355 0.5)
(0.271471615105 0.0886660276215 0.5)
(0.280474 0.0919430769231 0.5)
(0.128481870444 0.0975326303837 0.5)
(0.137627773602 0.0943533371391 0.5)
(0.146939594403 0.0916094756568 0.5)
(0.156392697432 0.089309651128 0.5)
(0.16596200419 0.0874610761726 0.5)
(0.175622071745 0.086069548219 0.5)
(0.185347172522 0.0851394313228 0.5)
(0.195111374995 0.0846736424803 0.5)
(0.204888625005 0.0846736424803 0.5)
(0.214652827478 0.0851394313228 0.5)
(0.224377928255 0.086069548219 0.5)
(0.23403799581 0.0874610761726 0.5)
(0.243607302568 0.089309651128 0.5)
(0.253060405597 0.0916094756568 0.5)
(0.262372226398 0.0943533371391 0.5)
(0.271518129556 0.0975326303837 0.5)
(0.280474 0.101137384615 0.5)
(0.128435355992 0.106399233146 0.5)
(0.1375520204 0.102930913243 0.5)
(0.146849685873 0.0999376098074 0.5)
(0.156301477413 0.0974287103215 0.5)
(0.165880036657 0.0954120830974 0.5)
(0.175557607679 0.0938940526025 0.5)
(0.185306124035 0.0928793796249 0.5)
(0.195097296786 0.0923712463422 0.5)
(0.204902703214 0.0923712463422 0.5)
(0.214693875965 0.0928793796249 0.5)
(0.224442392321 0.0938940526025 0.5)
(0.234119963343 0.0954120830974 0.5)
(0.243698522587 0.0974287103215 0.5)
(0.253150314127 0.0999376098074 0.5)
(0.2624479796 0.102930913243 0.5)
(0.271564644008 0.106399233146 0.5)
(0.280474 0.110331692308 0.5)
(0.12838884154 0.115265835908 0.5)
(0.137476267198 0.111508489346 0.5)
(0.146759777343 0.108265743958 0.5)
(0.156210257393 0.105547769515 0.5)
(0.165798069123 0.103363090022 0.5)
(0.175493143613 0.101718556986 0.5)
(0.185265075548 0.100619327927 0.5)
(0.195083218577 0.100068850204 0.5)
(0.204916781423 0.100068850204 0.5)
(0.214734924452 0.100619327927 0.5)
(0.224506856387 0.101718556986 0.5)
(0.234201930877 0.103363090022 0.5)
(0.243789742607 0.105547769515 0.5)
(0.253240222657 0.108265743958 0.5)
(0.262523732802 0.111508489346 0.5)
(0.27161115846 0.115265835908 0.5)
(0.280474 0.119526 0.5)
(0.289871823529 0 -0.5)
(0.299269647059 0 -0.5)
(0.308667470588 0 -0.5)
(0.318065294118 0 -0.5)
(0.327463117647 0 -0.5)
(0.336860941176 0 -0.5)
(0.346258764706 0 -0.5)
(0.355656588235 0 -0.5)
(0.365054411765 0 -0.5)
(0.374452235294 0 -0.5)
(0.383850058824 0 -0.5)
(0.393247882353 0 -0.5)
(0.402645705882 0 -0.5)
(0.412043529412 0 -0.5)
(0.421441352941 0 -0.5)
(0.430839176471 0 -0.5)
(0.440237 0 -0.5)
(0.449634823529 0 -0.5)
(0.459032647059 0 -0.5)
(0.468430470588 0 -0.5)
(0.477828294118 0 -0.5)
(0.487226117647 0 -0.5)
(0.496623941176 0 -0.5)
(0.506021764706 0 -0.5)
(0.515419588235 0 -0.5)
(0.524817411765 0 -0.5)
(0.534215235294 0 -0.5)
(0.543613058824 0 -0.5)
(0.553010882353 0 -0.5)
(0.562408705882 0 -0.5)
(0.571806529412 0 -0.5)
(0.581204352941 0 -0.5)
(0.590602176471 0 -0.5)
(0.6 0 -0.5)
(0.289871823529 0.00919430769231 -0.5)
(0.299269647059 0.00919430769231 -0.5)
(0.308667470588 0.00919430769231 -0.5)
(0.318065294118 0.00919430769231 -0.5)
(0.327463117647 0.00919430769231 -0.5)
(0.336860941176 0.00919430769231 -0.5)
(0.346258764706 0.00919430769231 -0.5)
(0.355656588235 0.00919430769231 -0.5)
(0.365054411765 0.00919430769231 -0.5)
(0.374452235294 0.00919430769231 -0.5)
(0.383850058824 0.00919430769231 -0.5)
(0.393247882353 0.00919430769231 -0.5)
(0.402645705882 0.00919430769231 -0.5)
(0.412043529412 0.00919430769231 -0.5)
(0.421441352941 0.00919430769231 -0.5)
(0.430839176471 0.00919430769231 -0.5)
(0.440237 0.00919430769231 -0.5)
(0.449634823529 0.00919430769231 -0.5)
(0.459032647059 0.00919430769231 -0.5)
(0.468430470588 0.00919430769231 -0.5)
(0.477828294118 0.00919430769231 -0.5)
(0.487226117647 0.00919430769231 -0.5)
(0.496623941176 0.00919430769231 -0.5)
(0.506021764706 0.00919430769231 -0.5)
(0.515419588235 0.00919430769231 -0.5)
(0.524817411765 0.00919430769231 -0.5)
(0.534215235294 0.00919430769231 -0.5)
(0.543613058824 0.00919430769231 -0.5)
(0.553010882353 0.00919430769231 -0.5)
(0.562408705882 0.00919430769231 -0.5)
(0.571806529412 0.00919430769231 -0.5)
(0.581204352941 0.00919430769231 -0.5)
(0.590602176471 0.00919430769231 -0.5)
(0.6 0.00919430769231 -0.5)
(0.289871823529 0.0183886153846 -0.5)
(0.299269647059 0.0183886153846 -0.5)
(0.308667470588 0.0183886153846 -0.5)
(0.318065294118 0.0183886153846 -0.5)
(0.327463117647 0.0183886153846 -0.5)
(0.336860941176 0.0183886153846 -0.5)
(0.346258764706 0.0183886153846 -0.5)
(0.355656588235 0.0183886153846 -0.5)
(0.365054411765 0.0183886153846 -0.5)
(0.374452235294 0.0183886153846 -0.5)
(0.383850058824 0.0183886153846 -0.5)
(0.393247882353 0.0183886153846 -0.5)
(0.402645705882 0.0183886153846 -0.5)
(0.412043529412 0.0183886153846 -0.5)
(0.421441352941 0.0183886153846 -0.5)
(0.430839176471 0.0183886153846 -0.5)
(0.440237 0.0183886153846 -0.5)
(0.449634823529 0.0183886153846 -0.5)
(0.459032647059 0.0183886153846 -0.5)
(0.468430470588 0.0183886153846 -0.5)
(0.477828294118 0.0183886153846 -0.5)
(0.487226117647 0.0183886153846 -0.5)
(0.496623941176 0.0183886153846 -0.5)
(0.506021764706 0.0183886153846 -0.5)
(0.515419588235 0.0183886153846 -0.5)
(0.524817411765 0.0183886153846 -0.5)
(0.534215235294 0.0183886153846 -0.5)
(0.543613058824 0.0183886153846 -0.5)
(0.553010882353 0.0183886153846 -0.5)
(0.562408705882 0.0183886153846 -0.5)
(0.571806529412 0.0183886153846 -0.5)
(0.581204352941 0.0183886153846 -0.5)
(0.590602176471 0.0183886153846 -0.5)
(0.6 0.0183886153846 -0.5)
(0.289871823529 0.0275829230769 -0.5)
(0.299269647059 0.0275829230769 -0.5)
(0.308667470588 0.0275829230769 -0.5)
(0.318065294118 0.0275829230769 -0.5)
(0.327463117647 0.0275829230769 -0.5)
(0.336860941176 0.0275829230769 -0.5)
(0.346258764706 0.0275829230769 -0.5)
(0.355656588235 0.0275829230769 -0.5)
(0.365054411765 0.0275829230769 -0.5)
(0.374452235294 0.0275829230769 -0.5)
(0.383850058824 0.0275829230769 -0.5)
(0.393247882353 0.0275829230769 -0.5)
(0.402645705882 0.0275829230769 -0.5)
(0.412043529412 0.0275829230769 -0.5)
(0.421441352941 0.0275829230769 -0.5)
(0.430839176471 0.0275829230769 -0.5)
(0.440237 0.0275829230769 -0.5)
(0.449634823529 0.0275829230769 -0.5)
(0.459032647059 0.0275829230769 -0.5)
(0.468430470588 0.0275829230769 -0.5)
(0.477828294118 0.0275829230769 -0.5)
(0.487226117647 0.0275829230769 -0.5)
(0.496623941176 0.0275829230769 -0.5)
(0.506021764706 0.0275829230769 -0.5)
(0.515419588235 0.0275829230769 -0.5)
(0.524817411765 0.0275829230769 -0.5)
(0.534215235294 0.0275829230769 -0.5)
(0.543613058824 0.0275829230769 -0.5)
(0.553010882353 0.0275829230769 -0.5)
(0.562408705882 0.0275829230769 -0.5)
(0.571806529412 0.0275829230769 -0.5)
(0.581204352941 0.0275829230769 -0.5)
(0.590602176471 0.0275829230769 -0.5)
(0.6 0.0275829230769 -0.5)
(0.289871823529 0.0367772307692 -0.5)
(0.299269647059 0.0367772307692 -0.5)
(0.308667470588 0.0367772307692 -0.5)
(0.318065294118 0.0367772307692 -0.5)
(0.327463117647 0.0367772307692 -0.5)
(0.336860941176 0.0367772307692 -0.5)
(0.346258764706 0.0367772307692 -0.5)
(0.355656588235 0.0367772307692 -0.5)
(0.365054411765 0.0367772307692 -0.5)
(0.374452235294 0.0367772307692 -0.5)
(0.383850058824 0.0367772307692 -0.5)
(0.393247882353 0.0367772307692 -0.5)
(0.402645705882 0.0367772307692 -0.5)
(0.412043529412 0.0367772307692 -0.5)
(0.421441352941 0.0367772307692 -0.5)
(0.430839176471 0.0367772307692 -0.5)
(0.440237 0.0367772307692 -0.5)
(0.449634823529 0.0367772307692 -0.5)
(0.459032647059 0.0367772307692 -0.5)
(0.468430470588 0.0367772307692 -0.5)
(0.477828294118 0.0367772307692 -0.5)
(0.487226117647 0.0367772307692 -0.5)
(0.496623941176 0.0367772307692 -0.5)
(0.506021764706 0.0367772307692 -0.5)
(0.515419588235 0.0367772307692 -0.5)
(0.524817411765 0.0367772307692 -0.5)
(0.534215235294 0.0367772307692 -0.5)
(0.543613058824 0.0367772307692 -0.5)
(0.553010882353 0.0367772307692 -0.5)
(0.562408705882 0.0367772307692 -0.5)
(0.571806529412 0.0367772307692 -0.5)
(0.581204352941 0.0367772307692 -0.5)
(0.590602176471 0.0367772307692 -0.5)
(0.6 0.0367772307692 -0.5)
(0.289871823529 0.0459715384615 -0.5)
(0.299269647059 0.0459715384615 -0.5)
(0.308667470588 0.0459715384615 -0.5)
(0.318065294118 0.0459715384615 -0.5)
(0.327463117647 0.0459715384615 -0.5)
(0.336860941176 0.0459715384615 -0.5)
(0.346258764706 0.0459715384615 -0.5)
(0.355656588235 0.0459715384615 -0.5)
(0.365054411765 0.0459715384615 -0.5)
(0.374452235294 0.0459715384615 -0.5)
(0.383850058824 0.0459715384615 -0.5)
(0.393247882353 0.0459715384615 -0.5)
(0.402645705882 0.0459715384615 -0.5)
(0.412043529412 0.0459715384615 -0.5)
(0.421441352941 0.0459715384615 -0.5)
(0.430839176471 0.0459715384615 -0.5)
(0.440237 0.0459715384615 -0.5)
(0.449634823529 0.0459715384615 -0.5)
(0.459032647059 0.0459715384615 -0.5)
(0.468430470588 0.0459715384615 -0.5)
(0.477828294118 0.0459715384615 -0.5)
(0.487226117647 0.0459715384615 -0.5)
(0.496623941176 0.0459715384615 -0.5)
(0.506021764706 0.0459715384615 -0.5)
(0.515419588235 0.0459715384615 -0.5)
(0.524817411765 0.0459715384615 -0.5)
(0.534215235294 0.0459715384615 -0.5)
(0.543613058824 0.0459715384615 -0.5)
(0.553010882353 0.0459715384615 -0.5)
(0.562408705882 0.0459715384615 -0.5)
(0.571806529412 0.0459715384615 -0.5)
(0.581204352941 0.0459715384615 -0.5)
(0.590602176471 0.0459715384615 -0.5)
(0.6 0.0459715384615 -0.5)
(0.289871823529 0.0551658461538 -0.5)
(0.299269647059 0.0551658461538 -0.5)
(0.308667470588 0.0551658461538 -0.5)
(0.318065294118 0.0551658461538 -0.5)
(0.327463117647 0.0551658461538 -0.5)
(0.336860941176 0.0551658461538 -0.5)
(0.346258764706 0.0551658461538 -0.5)
(0.355656588235 0.0551658461538 -0.5)
(0.365054411765 0.0551658461538 -0.5)
(0.374452235294 0.0551658461538 -0.5)
(0.383850058824 0.0551658461538 -0.5)
(0.393247882353 0.0551658461538 -0.5)
(0.402645705882 0.0551658461538 -0.5)
(0.412043529412 0.0551658461538 -0.5)
(0.421441352941 0.0551658461538 -0.5)
(0.430839176471 0.0551658461538 -0.5)
(0.440237 0.0551658461538 -0.5)
(0.449634823529 0.0551658461538 -0.5)
(0.459032647059 0.0551658461538 -0.5)
(0.468430470588 0.0551658461538 -0.5)
(0.477828294118 0.0551658461538 -0.5)
(0.487226117647 0.0551658461538 -0.5)
(0.496623941176 0.0551658461538 -0.5)
(0.506021764706 0.0551658461538 -0.5)
(0.515419588235 0.0551658461538 -0.5)
(0.524817411765 0.0551658461538 -0.5)
(0.534215235294 0.0551658461538 -0.5)
(0.543613058824 0.0551658461538 -0.5)
(0.553010882353 0.0551658461538 -0.5)
(0.562408705882 0.0551658461538 -0.5)
(0.571806529412 0.0551658461538 -0.5)
(0.581204352941 0.0551658461538 -0.5)
(0.590602176471 0.0551658461538 -0.5)
(0.6 0.0551658461538 -0.5)
(0.289871823529 0.0643601538462 -0.5)
(0.299269647059 0.0643601538462 -0.5)
(0.308667470588 0.0643601538462 -0.5)
(0.318065294118 0.0643601538462 -0.5)
(0.327463117647 0.0643601538462 -0.5)
(0.336860941176 0.0643601538462 -0.5)
(0.346258764706 0.0643601538462 -0.5)
(0.355656588235 0.0643601538462 -0.5)
(0.365054411765 0.0643601538462 -0.5)
(0.374452235294 0.0643601538462 -0.5)
(0.383850058824 0.0643601538462 -0.5)
(0.393247882353 0.0643601538462 -0.5)
(0.402645705882 0.0643601538462 -0.5)
(0.412043529412 0.0643601538462 -0.5)
(0.421441352941 0.0643601538462 -0.5)
(0.430839176471 0.0643601538462 -0.5)
(0.440237 0.0643601538462 -0.5)
(0.449634823529 0.0643601538462 -0.5)
(0.459032647059 0.0643601538462 -0.5)
(0.468430470588 0.0643601538462 -0.5)
(0.477828294118 0.0643601538462 -0.5)
(0.487226117647 0.0643601538462 -0.5)
(0.496623941176 0.0643601538462 -0.5)
(0.506021764706 0.0643601538462 -0.5)
(0.515419588235 0.0643601538462 -0.5)
(0.524817411765 0.0643601538462 -0.5)
(0.534215235294 0.0643601538462 -0.5)
(0.543613058824 0.0643601538462 -0.5)
(0.553010882353 0.0643601538462 -0.5)
(0.562408705882 0.0643601538462 -0.5)
(0.571806529412 0.0643601538462 -0.5)
(0.581204352941 0.0643601538462 -0.5)
(0.590602176471 0.0643601538462 -0.5)
(0.6 0.0643601538462 -0.5)
(0.289871823529 0.0735544615385 -0.5)
(0.299269647059 0.0735544615385 -0.5)
(0.308667470588 0.0735544615385 -0.5)
(0.318065294118 0.0735544615385 -0.5)
(0.327463117647 0.0735544615385 -0.5)
(0.336860941176 0.0735544615385 -0.5)
(0.346258764706 0.0735544615385 -0.5)
(0.355656588235 0.0735544615385 -0.5)
(0.365054411765 0.0735544615385 -0.5)
(0.374452235294 0.0735544615385 -0.5)
(0.383850058824 0.0735544615385 -0.5)
(0.393247882353 0.0735544615385 -0.5)
(0.402645705882 0.0735544615385 -0.5)
(0.412043529412 0.0735544615385 -0.5)
(0.421441352941 0.0735544615385 -0.5)
(0.430839176471 0.0735544615385 -0.5)
(0.440237 0.0735544615385 -0.5)
(0.449634823529 0.0735544615385 -0.5)
(0.459032647059 0.0735544615385 -0.5)
(0.468430470588 0.0735544615385 -0.5)
(0.477828294118 0.0735544615385 -0.5)
(0.487226117647 0.0735544615385 -0.5)
(0.496623941176 0.0735544615385 -0.5)
(0.506021764706 0.0735544615385 -0.5)
(0.515419588235 0.0735544615385 -0.5)
(0.524817411765 0.0735544615385 -0.5)
(0.534215235294 0.0735544615385 -0.5)
(0.543613058824 0.0735544615385 -0.5)
(0.553010882353 0.0735544615385 -0.5)
(0.562408705882 0.0735544615385 -0.5)
(0.571806529412 0.0735544615385 -0.5)
(0.581204352941 0.0735544615385 -0.5)
(0.590602176471 0.0735544615385 -0.5)
(0.6 0.0735544615385 -0.5)
(0.289871823529 0.0827487692308 -0.5)
(0.299269647059 0.0827487692308 -0.5)
(0.308667470588 0.0827487692308 -0.5)
(0.318065294118 0.0827487692308 -0.5)
(0.327463117647 0.0827487692308 -0.5)
(0.336860941176 0.0827487692308 -0.5)
(0.346258764706 0.0827487692308 -0.5)
(0.355656588235 0.0827487692308 -0.5)
(0.365054411765 0.0827487692308 -0.5)
(0.374452235294 0.0827487692308 -0.5)
(0.383850058824 0.0827487692308 -0.5)
(0.393247882353 0.0827487692308 -0.5)
(0.402645705882 0.0827487692308 -0.5)
(0.412043529412 0.0827487692308 -0.5)
(0.421441352941 0.0827487692308 -0.5)
(0.430839176471 0.0827487692308 -0.5)
(0.440237 0.0827487692308 -0.5)
(0.449634823529 0.0827487692308 -0.5)
(0.459032647059 0.0827487692308 -0.5)
(0.468430470588 0.0827487692308 -0.5)
(0.477828294118 0.0827487692308 -0.5)
(0.487226117647 0.0827487692308 -0.5)
(0.496623941176 0.0827487692308 -0.5)
(0.506021764706 0.0827487692308 -0.5)
(0.515419588235 0.0827487692308 -0.5)
(0.524817411765 0.0827487692308 -0.5)
(0.534215235294 0.0827487692308 -0.5)
(0.543613058824 0.0827487692308 -0.5)
(0.553010882353 0.0827487692308 -0.5)
(0.562408705882 0.0827487692308 -0.5)
(0.571806529412 0.0827487692308 -0.5)
(0.581204352941 0.0827487692308 -0.5)
(0.590602176471 0.0827487692308 -0.5)
(0.6 0.0827487692308 -0.5)
(0.289871823529 0.0919430769231 -0.5)
(0.299269647059 0.0919430769231 -0.5)
(0.308667470588 0.0919430769231 -0.5)
(0.318065294118 0.0919430769231 -0.5)
(0.327463117647 0.0919430769231 -0.5)
(0.336860941176 0.0919430769231 -0.5)
(0.346258764706 0.0919430769231 -0.5)
(0.355656588235 0.0919430769231 -0.5)
(0.365054411765 0.0919430769231 -0.5)
(0.374452235294 0.0919430769231 -0.5)
(0.383850058824 0.0919430769231 -0.5)
(0.393247882353 0.0919430769231 -0.5)
(0.402645705882 0.0919430769231 -0.5)
(0.412043529412 0.0919430769231 -0.5)
(0.421441352941 0.0919430769231 -0.5)
(0.430839176471 0.0919430769231 -0.5)
(0.440237 0.0919430769231 -0.5)
(0.449634823529 0.0919430769231 -0.5)
(0.459032647059 0.0919430769231 -0.5)
(0.468430470588 0.0919430769231 -0.5)
(0.477828294118 0.0919430769231 -0.5)
(0.487226117647 0.0919430769231 -0.5)
(0.496623941176 0.0919430769231 -0.5)
(0.506021764706 0.0919430769231 -0.5)
(0.515419588235 0.0919430769231 -0.5)
(0.524817411765 0.0919430769231 -0.5)
(0.534215235294 0.0919430769231 -0.5)
(0.543613058824 0.0919430769231 -0.5)
(0.553010882353 0.0919430769231 -0.5)
(0.562408705882 0.0919430769231 -0.5)
(0.571806529412 0.0919430769231 -0.5)
(0.581204352941 0.0919430769231 -0.5)
(0.590602176471 0.0919430769231 -0.5)
(0.6 0.0919430769231 -0.5)
(0.289871823529 0.101137384615 -0.5)
(0.299269647059 0.101137384615 -0.5)
(0.308667470588 0.101137384615 -0.5)
(0.318065294118 0.101137384615 -0.5)
(0.327463117647 0.101137384615 -0.5)
(0.336860941176 0.101137384615 -0.5)
(0.346258764706 0.101137384615 -0.5)
(0.355656588235 0.101137384615 -0.5)
(0.365054411765 0.101137384615 -0.5)
(0.374452235294 0.101137384615 -0.5)
(0.383850058824 0.101137384615 -0.5)
(0.393247882353 0.101137384615 -0.5)
(0.402645705882 0.101137384615 -0.5)
(0.412043529412 0.101137384615 -0.5)
(0.421441352941 0.101137384615 -0.5)
(0.430839176471 0.101137384615 -0.5)
(0.440237 0.101137384615 -0.5)
(0.449634823529 0.101137384615 -0.5)
(0.459032647059 0.101137384615 -0.5)
(0.468430470588 0.101137384615 -0.5)
(0.477828294118 0.101137384615 -0.5)
(0.487226117647 0.101137384615 -0.5)
(0.496623941176 0.101137384615 -0.5)
(0.506021764706 0.101137384615 -0.5)
(0.515419588235 0.101137384615 -0.5)
(0.524817411765 0.101137384615 -0.5)
(0.534215235294 0.101137384615 -0.5)
(0.543613058824 0.101137384615 -0.5)
(0.553010882353 0.101137384615 -0.5)
(0.562408705882 0.101137384615 -0.5)
(0.571806529412 0.101137384615 -0.5)
(0.581204352941 0.101137384615 -0.5)
(0.590602176471 0.101137384615 -0.5)
(0.6 0.101137384615 -0.5)
(0.289871823529 0.110331692308 -0.5)
(0.299269647059 0.110331692308 -0.5)
(0.308667470588 0.110331692308 -0.5)
(0.318065294118 0.110331692308 -0.5)
(0.327463117647 0.110331692308 -0.5)
(0.336860941176 0.110331692308 -0.5)
(0.346258764706 0.110331692308 -0.5)
(0.355656588235 0.110331692308 -0.5)
(0.365054411765 0.110331692308 -0.5)
(0.374452235294 0.110331692308 -0.5)
(0.383850058824 0.110331692308 -0.5)
(0.393247882353 0.110331692308 -0.5)
(0.402645705882 0.110331692308 -0.5)
(0.412043529412 0.110331692308 -0.5)
(0.421441352941 0.110331692308 -0.5)
(0.430839176471 0.110331692308 -0.5)
(0.440237 0.110331692308 -0.5)
(0.449634823529 0.110331692308 -0.5)
(0.459032647059 0.110331692308 -0.5)
(0.468430470588 0.110331692308 -0.5)
(0.477828294118 0.110331692308 -0.5)
(0.487226117647 0.110331692308 -0.5)
(0.496623941176 0.110331692308 -0.5)
(0.506021764706 0.110331692308 -0.5)
(0.515419588235 0.110331692308 -0.5)
(0.524817411765 0.110331692308 -0.5)
(0.534215235294 0.110331692308 -0.5)
(0.543613058824 0.110331692308 -0.5)
(0.553010882353 0.110331692308 -0.5)
(0.562408705882 0.110331692308 -0.5)
(0.571806529412 0.110331692308 -0.5)
(0.581204352941 0.110331692308 -0.5)
(0.590602176471 0.110331692308 -0.5)
(0.6 0.110331692308 -0.5)
(0.289871823529 0.119526 -0.5)
(0.299269647059 0.119526 -0.5)
(0.308667470588 0.119526 -0.5)
(0.318065294118 0.119526 -0.5)
(0.327463117647 0.119526 -0.5)
(0.336860941176 0.119526 -0.5)
(0.346258764706 0.119526 -0.5)
(0.355656588235 0.119526 -0.5)
(0.365054411765 0.119526 -0.5)
(0.374452235294 0.119526 -0.5)
(0.383850058824 0.119526 -0.5)
(0.393247882353 0.119526 -0.5)
(0.402645705882 0.119526 -0.5)
(0.412043529412 0.119526 -0.5)
(0.421441352941 0.119526 -0.5)
(0.430839176471 0.119526 -0.5)
(0.440237 0.119526 -0.5)
(0.449634823529 0.119526 -0.5)
(0.459032647059 0.119526 -0.5)
(0.468430470588 0.119526 -0.5)
(0.477828294118 0.119526 -0.5)
(0.487226117647 0.119526 -0.5)
(0.496623941176 0.119526 -0.5)
(0.506021764706 0.119526 -0.5)
(0.515419588235 0.119526 -0.5)
(0.524817411765 0.119526 -0.5)
(0.534215235294 0.119526 -0.5)
(0.543613058824 0.119526 -0.5)
(0.553010882353 0.119526 -0.5)
(0.562408705882 0.119526 -0.5)
(0.571806529412 0.119526 -0.5)
(0.581204352941 0.119526 -0.5)
(0.590602176471 0.119526 -0.5)
(0.6 0.119526 -0.5)
(0.289871823529 0 0.5)
(0.299269647059 0 0.5)
(0.308667470588 0 0.5)
(0.318065294118 0 0.5)
(0.327463117647 0 0.5)
(0.336860941176 0 0.5)
(0.346258764706 0 0.5)
(0.355656588235 0 0.5)
(0.365054411765 0 0.5)
(0.374452235294 0 0.5)
(0.383850058824 0 0.5)
(0.393247882353 0 0.5)
(0.402645705882 0 0.5)
(0.412043529412 0 0.5)
(0.421441352941 0 0.5)
(0.430839176471 0 0.5)
(0.440237 0 0.5)
(0.449634823529 0 0.5)
(0.459032647059 0 0.5)
(0.468430470588 0 0.5)
(0.477828294118 0 0.5)
(0.487226117647 0 0.5)
(0.496623941176 0 0.5)
(0.506021764706 0 0.5)
(0.515419588235 0 0.5)
(0.524817411765 0 0.5)
(0.534215235294 0 0.5)
(0.543613058824 0 0.5)
(0.553010882353 0 0.5)
(0.562408705882 0 0.5)
(0.571806529412 0 0.5)
(0.581204352941 0 0.5)
(0.590602176471 0 0.5)
(0.6 0 0.5)
(0.289871823529 0.00919430769231 0.5)
(0.299269647059 0.00919430769231 0.5)
(0.308667470588 0.00919430769231 0.5)
(0.318065294118 0.00919430769231 0.5)
(0.327463117647 0.00919430769231 0.5)
(0.336860941176 0.00919430769231 0.5)
(0.346258764706 0.00919430769231 0.5)
(0.355656588235 0.00919430769231 0.5)
(0.365054411765 0.00919430769231 0.5)
(0.374452235294 0.00919430769231 0.5)
(0.383850058824 0.00919430769231 0.5)
(0.393247882353 0.00919430769231 0.5)
(0.402645705882 0.00919430769231 0.5)
(0.412043529412 0.00919430769231 0.5)
(0.421441352941 0.00919430769231 0.5)
(0.430839176471 0.00919430769231 0.5)
(0.440237 0.00919430769231 0.5)
(0.449634823529 0.00919430769231 0.5)
(0.459032647059 0.00919430769231 0.5)
(0.468430470588 0.00919430769231 0.5)
(0.477828294118 0.00919430769231 0.5)
(0.487226117647 0.00919430769231 0.5)
(0.496623941176 0.00919430769231 0.5)
(0.506021764706 0.00919430769231 0.5)
(0.515419588235 0.00919430769231 0.5)
(0.524817411765 0.00919430769231 0.5)
(0.534215235294 0.00919430769231 0.5)
(0.543613058824 0.00919430769231 0.5)
(0.553010882353 0.00919430769231 0.5)
(0.562408705882 0.00919430769231 0.5)
(0.571806529412 0.00919430769231 0.5)
(0.581204352941 0.00919430769231 0.5)
(0.590602176471 0.00919430769231 0.5)
(0.6 0.00919430769231 0.5)
(0.289871823529 0.0183886153846 0.5)
(0.299269647059 0.0183886153846 0.5)
(0.308667470588 0.0183886153846 0.5)
(0.318065294118 0.0183886153846 0.5)
(0.327463117647 0.0183886153846 0.5)
(0.336860941176 0.0183886153846 0.5)
(0.346258764706 0.0183886153846 0.5)
(0.355656588235 0.0183886153846 0.5)
(0.365054411765 0.0183886153846 0.5)
(0.374452235294 0.0183886153846 0.5)
(0.383850058824 0.0183886153846 0.5)
(0.393247882353 0.0183886153846 0.5)
(0.402645705882 0.0183886153846 0.5)
(0.412043529412 0.0183886153846 0.5)
(0.421441352941 0.0183886153846 0.5)
(0.430839176471 0.0183886153846 0.5)
(0.440237 0.0183886153846 0.5)
(0.449634823529 0.0183886153846 0.5)
(0.459032647059 0.0183886153846 0.5)
(0.468430470588 0.0183886153846 0.5)
(0.477828294118 0.0183886153846 0.5)
(0.487226117647 0.0183886153846 0.5)
(0.496623941176 0.0183886153846 0.5)
(0.506021764706 0.0183886153846 0.5)
(0.515419588235 0.0183886153846 0.5)
(0.524817411765 0.0183886153846 0.5)
(0.534215235294 0.0183886153846 0.5)
(0.543613058824 0.0183886153846 0.5)
(0.553010882353 0.0183886153846 0.5)
(0.562408705882 0.0183886153846 0.5)
(0.571806529412 0.0183886153846 0.5)
(0.581204352941 0.0183886153846 0.5)
(0.590602176471 0.0183886153846 0.5)
(0.6 0.0183886153846 0.5)
(0.289871823529 0.0275829230769 0.5)
(0.299269647059 0.0275829230769 0.5)
(0.308667470588 0.0275829230769 0.5)
(0.318065294118 0.0275829230769 0.5)
(0.327463117647 0.0275829230769 0.5)
(0.336860941176 0.0275829230769 0.5)
(0.346258764706 0.0275829230769 0.5)
(0.355656588235 0.0275829230769 0.5)
(0.365054411765 0.0275829230769 0.5)
(0.374452235294 0.0275829230769 0.5)
(0.383850058824 0.0275829230769 0.5)
(0.393247882353 0.0275829230769 0.5)
(0.402645705882 0.0275829230769 0.5)
(0.412043529412 0.0275829230769 0.5)
(0.421441352941 0.0275829230769 0.5)
(0.430839176471 0.0275829230769 0.5)
(0.440237 0.0275829230769 0.5)
(0.449634823529 0.0275829230769 0.5)
(0.459032647059 0.0275829230769 0.5)
(0.468430470588 0.0275829230769 0.5)
(0.477828294118 0.0275829230769 0.5)
(0.487226117647 0.0275829230769 0.5)
(0.496623941176 0.0275829230769 0.5)
(0.506021764706 0.0275829230769 0.5)
(0.515419588235 0.0275829230769 0.5)
(0.524817411765 0.0275829230769 0.5)
(0.534215235294 0.0275829230769 0.5)
(0.543613058824 0.0275829230769 0.5)
(0.553010882353 0.0275829230769 0.5)
(0.562408705882 0.0275829230769 0.5)
(0.571806529412 0.0275829230769 0.5)
(0.581204352941 0.0275829230769 0.5)
(0.590602176471 0.0275829230769 0.5)
(0.6 0.0275829230769 0.5)
(0.289871823529 0.0367772307692 0.5)
(0.299269647059 0.0367772307692 0.5)
(0.308667470588 0.0367772307692 0.5)
(0.318065294118 0.0367772307692 0.5)
(0.327463117647 0.0367772307692 0.5)
(0.336860941176 0.0367772307692 0.5)
(0.346258764706 0.0367772307692 0.5)
(0.355656588235 0.0367772307692 0.5)
(0.365054411765 0.0367772307692 0.5)
(0.374452235294 0.0367772307692 0.5)
(0.383850058824 0.0367772307692 0.5)
(0.393247882353 0.0367772307692 0.5)
(0.402645705882 0.0367772307692 0.5)
(0.412043529412 0.0367772307692 0.5)
(0.421441352941 0.0367772307692 0.5)
(0.430839176471 0.0367772307692 0.5)
(0.440237 0.0367772307692 0.5)
(0.449634823529 0.0367772307692 0.5)
(0.459032647059 0.0367772307692 0.5)
(0.468430470588 0.0367772307692 0.5)
(0.477828294118 0.0367772307692 0.5)
(0.487226117647 0.0367772307692 0.5)
(0.496623941176 0.0367772307692 0.5)
(0.506021764706 0.0367772307692 0.5)
(0.515419588235 0.0367772307692 0.5)
(0.524817411765 0.0367772307692 0.5)
(0.534215235294 0.0367772307692 0.5)
(0.543613058824 0.0367772307692 0.5)
(0.553010882353 0.0367772307692 0.5)
(0.562408705882 0.0367772307692 0.5)
(0.571806529412 0.0367772307692 0.5)
(0.581204352941 0.0367772307692 0.5)
(0.590602176471 0.0367772307692 0.5)
(0.6 0.0367772307692 0.5)
(0.289871823529 0.0459715384615 0.5)
(0.299269647059 0.0459715384615 0.5)
(0.308667470588 0.0459715384615 0.5)
(0.318065294118 0.0459715384615 0.5)
(0.327463117647 0.0459715384615 0.5)
(0.336860941176 0.0459715384615 0.5)
(0.346258764706 0.0459715384615 0.5)
(0.355656588235 0.0459715384615 0.5)
(0.365054411765 0.0459715384615 0.5)
(0.374452235294 0.0459715384615 0.5)
(0.383850058824 0.0459715384615 0.5)
(0.393247882353 0.0459715384615 0.5)
(0.402645705882 0.0459715384615 0.5)
(0.412043529412 0.0459715384615 0.5)
(0.421441352941 0.0459715384615 0.5)
(0.430839176471 0.0459715384615 0.5)
(0.440237 0.0459715384615 0.5)
(0.449634823529 0.0459715384615 0.5)
(0.459032647059 0.0459715384615 0.5)
(0.468430470588 0.0459715384615 0.5)
(0.477828294118 0.0459715384615 0.5)
(0.487226117647 0.0459715384615 0.5)
(0.496623941176 0.0459715384615 0.5)
(0.506021764706 0.0459715384615 0.5)
(0.515419588235 0.0459715384615 0.5)
(0.524817411765 0.0459715384615 0.5)
(0.534215235294 0.0459715384615 0.5)
(0.543613058824 0.0459715384615 0.5)
(0.553010882353 0.0459715384615 0.5)
(0.562408705882 0.0459715384615 0.5)
(0.571806529412 0.0459715384615 0.5)
(0.581204352941 0.0459715384615 0.5)
(0.590602176471 0.0459715384615 0.5)
(0.6 0.0459715384615 0.5)
(0.289871823529 0.0551658461538 0.5)
(0.299269647059 0.0551658461538 0.5)
(0.308667470588 0.0551658461538 0.5)
(0.318065294118 0.0551658461538 0.5)
(0.327463117647 0.0551658461538 0.5)
(0.336860941176 0.0551658461538 0.5)
(0.346258764706 0.0551658461538 0.5)
(0.355656588235 0.0551658461538 0.5)
(0.365054411765 0.0551658461538 0.5)
(0.374452235294 0.0551658461538 0.5)
(0.383850058824 0.0551658461538 0.5)
(0.393247882353 0.0551658461538 0.5)
(0.402645705882 0.0551658461538 0.5)
(0.412043529412 0.0551658461538 0.5)
(0.421441352941 0.0551658461538 0.5)
(0.430839176471 0.0551658461538 0.5)
(0.440237 0.0551658461538 0.5)
(0.449634823529 0.0551658461538 0.5)
(0.459032647059 0.0551658461538 0.5)
(0.468430470588 0.0551658461538 0.5)
(0.477828294118 0.0551658461538 0.5)
(0.487226117647 0.0551658461538 0.5)
(0.496623941176 0.0551658461538 0.5)
(0.506021764706 0.0551658461538 0.5)
(0.515419588235 0.0551658461538 0.5)
(0.524817411765 0.0551658461538 0.5)
(0.534215235294 0.0551658461538 0.5)
(0.543613058824 0.0551658461538 0.5)
(0.553010882353 0.0551658461538 0.5)
(0.562408705882 0.0551658461538 0.5)
(0.571806529412 0.0551658461538 0.5)
(0.581204352941 0.0551658461538 0.5)
(0.590602176471 0.0551658461538 0.5)
(0.6 0.0551658461538 0.5)
(0.289871823529 0.0643601538462 0.5)
(0.299269647059 0.0643601538462 0.5)
(0.308667470588 0.0643601538462 0.5)
(0.318065294118 0.0643601538462 0.5)
(0.327463117647 0.0643601538462 0.5)
(0.336860941176 0.0643601538462 0.5)
(0.346258764706 0.0643601538462 0.5)
(0.355656588235 0.0643601538462 0.5)
(0.365054411765 0.0643601538462 0.5)
(0.374452235294 0.0643601538462 0.5)
(0.383850058824 0.0643601538462 0.5)
(0.393247882353 0.0643601538462 0.5)
(0.402645705882 0.0643601538462 0.5)
(0.412043529412 0.0643601538462 0.5)
(0.421441352941 0.0643601538462 0.5)
(0.430839176471 0.0643601538462 0.5)
(0.440237 0.0643601538462 0.5)
(0.449634823529 0.0643601538462 0.5)
(0.459032647059 0.0643601538462 0.5)
(0.468430470588 0.0643601538462 0.5)
(0.477828294118 0.0643601538462 0.5)
(0.487226117647 0.0643601538462 0.5)
(0.496623941176 0.0643601538462 0.5)
(0.506021764706 0.0643601538462 0.5)
(0.515419588235 0.0643601538462 0.5)
(0.524817411765 0.0643601538462 0.5)
(0.534215235294 0.0643601538462 0.5)
(0.543613058824 0.0643601538462 0.5)
(0.553010882353 0.0643601538462 0.5)
(0.562408705882 0.0643601538462 0.5)
(0.571806529412 0.0643601538462 0.5)
(0.581204352941 0.0643601538462 0.5)
(0.590602176471 0.0643601538462 0.5)
(0.6 0.0643601538462 0.5)
(0.289871823529 0.0735544615385 0.5)
(0.299269647059 0.0735544615385 0.5)
(0.308667470588 0.0735544615385 0.5)
(0.318065294118 0.0735544615385 0.5)
(0.327463117647 0.0735544615385 0.5)
(0.336860941176 0.0735544615385 0.5)
(0.346258764706 0.0735544615385 0.5)
(0.355656588235 0.0735544615385 0.5)
(0.365054411765 0.0735544615385 0.5)
(0.374452235294 0.0735544615385 0.5)
(0.383850058824 0.0735544615385 0.5)
(0.393247882353 0.0735544615385 0.5)
(0.402645705882 0.0735544615385 0.5)
(0.412043529412 0.0735544615385 0.5)
(0.421441352941 0.0735544615385 0.5)
(0.430839176471 0.0735544615385 0.5)
(0.440237 0.0735544615385 0.5)
(0.449634823529 0.0735544615385 0.5)
(0.459032647059 0.0735544615385 0.5)
(0.468430470588 0.0735544615385 0.5)
(0.477828294118 0.0735544615385 0.5)
(0.487226117647 0.0735544615385 0.5)
(0.496623941176 0.0735544615385 0.5)
(0.506021764706 0.0735544615385 0.5)
(0.515419588235 0.0735544615385 0.5)
(0.524817411765 0.0735544615385 0.5)
(0.534215235294 0.0735544615385 0.5)
(0.543613058824 0.0735544615385 0.5)
(0.553010882353 0.0735544615385 0.5)
(0.562408705882 0.0735544615385 0.5)
(0.571806529412 0.0735544615385 0.5)
(0.581204352941 0.0735544615385 0.5)
(0.590602176471 0.0735544615385 0.5)
(0.6 0.0735544615385 0.5)
(0.289871823529 0.0827487692308 0.5)
(0.299269647059 0.0827487692308 0.5)
(0.308667470588 0.0827487692308 0.5)
(0.318065294118 0.0827487692308 0.5)
(0.327463117647 0.0827487692308 0.5)
(0.336860941176 0.0827487692308 0.5)
(0.346258764706 0.0827487692308 0.5)
(0.355656588235 0.0827487692308 0.5)
(0.365054411765 0.0827487692308 0.5)
(0.374452235294 0.0827487692308 0.5)
(0.383850058824 0.0827487692308 0.5)
(0.393247882353 0.0827487692308 0.5)
(0.402645705882 0.0827487692308 0.5)
(0.412043529412 0.0827487692308 0.5)
(0.421441352941 0.0827487692308 0.5)
(0.430839176471 0.0827487692308 0.5)
(0.440237 0.0827487692308 0.5)
(0.449634823529 0.0827487692308 0.5)
(0.459032647059 0.0827487692308 0.5)
(0.468430470588 0.0827487692308 0.5)
(0.477828294118 0.0827487692308 0.5)
(0.487226117647 0.0827487692308 0.5)
(0.496623941176 0.0827487692308 0.5)
(0.506021764706 0.0827487692308 0.5)
(0.515419588235 0.0827487692308 0.5)
(0.524817411765 0.0827487692308 0.5)
(0.534215235294 0.0827487692308 0.5)
(0.543613058824 0.0827487692308 0.5)
(0.553010882353 0.0827487692308 0.5)
(0.562408705882 0.0827487692308 0.5)
(0.571806529412 0.0827487692308 0.5)
(0.581204352941 0.0827487692308 0.5)
(0.590602176471 0.0827487692308 0.5)
(0.6 0.0827487692308 0.5)
(0.289871823529 0.0919430769231 0.5)
(0.299269647059 0.0919430769231 0.5)
(0.308667470588 0.0919430769231 0.5)
(0.318065294118 0.0919430769231 0.5)
(0.327463117647 0.0919430769231 0.5)
(0.336860941176 0.0919430769231 0.5)
(0.346258764706 0.0919430769231 0.5)
(0.355656588235 0.0919430769231 0.5)
(0.365054411765 0.0919430769231 0.5)
(0.374452235294 0.0919430769231 0.5)
(0.383850058824 0.0919430769231 0.5)
(0.393247882353 0.0919430769231 0.5)
(0.402645705882 0.0919430769231 0.5)
(0.412043529412 0.0919430769231 0.5)
(0.421441352941 0.0919430769231 0.5)
(0.430839176471 0.0919430769231 0.5)
(0.440237 0.0919430769231 0.5)
(0.449634823529 0.0919430769231 0.5)
(0.459032647059 0.0919430769231 0.5)
(0.468430470588 0.0919430769231 0.5)
(0.477828294118 0.0919430769231 0.5)
(0.487226117647 0.0919430769231 0.5)
(0.496623941176 0.0919430769231 0.5)
(0.506021764706 0.0919430769231 0.5)
(0.515419588235 0.0919430769231 0.5)
(0.524817411765 0.0919430769231 0.5)
(0.534215235294 0.0919430769231 0.5)
(0.543613058824 0.0919430769231 0.5)
(0.553010882353 0.0919430769231 0.5)
(0.562408705882 0.0919430769231 0.5)
(0.571806529412 0.0919430769231 0.5)
(0.581204352941 0.0919430769231 0.5)
(0.590602176471 0.0919430769231 0.5)
(0.6 0.0919430769231 0.5)
(0.289871823529 0.101137384615 0.5)
(0.299269647059 0.101137384615 0.5)
(0.308667470588 0.101137384615 0.5)
(0.318065294118 0.101137384615 0.5)
(0.327463117647 0.101137384615 0.5)
(0.336860941176 0.101137384615 0.5)
(0.346258764706 0.101137384615 0.5)
(0.355656588235 0.101137384615 0.5)
(0.365054411765 0.101137384615 0.5)
(0.374452235294 0.101137384615 0.5)
(0.383850058824 0.101137384615 0.5)
(0.393247882353 0.101137384615 0.5)
(0.402645705882 0.101137384615 0.5)
(0.412043529412 0.101137384615 0.5)
(0.421441352941 0.101137384615 0.5)
(0.430839176471 0.101137384615 0.5)
(0.440237 0.101137384615 0.5)
(0.449634823529 0.101137384615 0.5)
(0.459032647059 0.101137384615 0.5)
(0.468430470588 0.101137384615 0.5)
(0.477828294118 0.101137384615 0.5)
(0.487226117647 0.101137384615 0.5)
(0.496623941176 0.101137384615 0.5)
(0.506021764706 0.101137384615 0.5)
(0.515419588235 0.101137384615 0.5)
(0.524817411765 0.101137384615 0.5)
(0.534215235294 0.101137384615 0.5)
(0.543613058824 0.101137384615 0.5)
(0.553010882353 0.101137384615 0.5)
(0.562408705882 0.101137384615 0.5)
(0.571806529412 0.101137384615 0.5)
(0.581204352941 0.101137384615 0.5)
(0.590602176471 0.101137384615 0.5)
(0.6 0.101137384615 0.5)
(0.289871823529 0.110331692308 0.5)
(0.299269647059 0.110331692308 0.5)
(0.308667470588 0.110331692308 0.5)
(0.318065294118 0.110331692308 0.5)
(0.327463117647 0.110331692308 0.5)
(0.336860941176 0.110331692308 0.5)
(0.346258764706 0.110331692308 0.5)
(0.355656588235 0.110331692308 0.5)
(0.365054411765 0.110331692308 0.5)
(0.374452235294 0.110331692308 0.5)
(0.383850058824 0.110331692308 0.5)
(0.393247882353 0.110331692308 0.5)
(0.402645705882 0.110331692308 0.5)
(0.412043529412 0.110331692308 0.5)
(0.421441352941 0.110331692308 0.5)
(0.430839176471 0.110331692308 0.5)
(0.440237 0.110331692308 0.5)
(0.449634823529 0.110331692308 0.5)
(0.459032647059 0.110331692308 0.5)
(0.468430470588 0.110331692308 0.5)
(0.477828294118 0.110331692308 0.5)
(0.487226117647 0.110331692308 0.5)
(0.496623941176 0.110331692308 0.5)
(0.506021764706 0.110331692308 0.5)
(0.515419588235 0.110331692308 0.5)
(0.524817411765 0.110331692308 0.5)
(0.534215235294 0.110331692308 0.5)
(0.543613058824 0.110331692308 0.5)
(0.553010882353 0.110331692308 0.5)
(0.562408705882 0.110331692308 0.5)
(0.571806529412 0.110331692308 0.5)
(0.581204352941 0.110331692308 0.5)
(0.590602176471 0.110331692308 0.5)
(0.6 0.110331692308 0.5)
(0.289871823529 0.119526 0.5)
(0.299269647059 0.119526 0.5)
(0.308667470588 0.119526 0.5)
(0.318065294118 0.119526 0.5)
(0.327463117647 0.119526 0.5)
(0.336860941176 0.119526 0.5)
(0.346258764706 0.119526 0.5)
(0.355656588235 0.119526 0.5)
(0.365054411765 0.119526 0.5)
(0.374452235294 0.119526 0.5)
(0.383850058824 0.119526 0.5)
(0.393247882353 0.119526 0.5)
(0.402645705882 0.119526 0.5)
(0.412043529412 0.119526 0.5)
(0.421441352941 0.119526 0.5)
(0.430839176471 0.119526 0.5)
(0.440237 0.119526 0.5)
(0.449634823529 0.119526 0.5)
(0.459032647059 0.119526 0.5)
(0.468430470588 0.119526 0.5)
(0.477828294118 0.119526 0.5)
(0.487226117647 0.119526 0.5)
(0.496623941176 0.119526 0.5)
(0.506021764706 0.119526 0.5)
(0.515419588235 0.119526 0.5)
(0.524817411765 0.119526 0.5)
(0.534215235294 0.119526 0.5)
(0.543613058824 0.119526 0.5)
(0.553010882353 0.119526 0.5)
(0.562408705882 0.119526 0.5)
(0.571806529412 0.119526 0.5)
(0.581204352941 0.119526 0.5)
(0.590602176471 0.119526 0.5)
(0.6 0.119526 0.5)
(0.608637878707 0 -0.5)
(0.617561022312 0 -0.5)
(0.626778851656 0 -0.5)
(0.636301098699 0 -0.5)
(0.646137816799 0 -0.5)
(0.656299391323 0 -0.5)
(0.666796550617 0 -0.5)
(0.677640377327 0 -0.5)
(0.688842320102 0 -0.5)
(0.700414205682 0 -0.5)
(0.712368251383 0 -0.5)
(0.724717077998 0 -0.5)
(0.737473723117 0 -0.5)
(0.750651654898 0 -0.5)
(0.764264786282 0 -0.5)
(0.778327489683 0 -0.5)
(0.792854612162 0 -0.5)
(0.807861491104 0 -0.5)
(0.823363970408 0 -0.5)
(0.839378417215 0 -0.5)
(0.85592173919 0 -0.5)
(0.873011402373 0 -0.5)
(0.890665449614 0 -0.5)
(0.90890251963 0 -0.5)
(0.927741866676 0 -0.5)
(0.94720338088 0 -0.5)
(0.967307609236 0 -0.5)
(0.988075777301 0 -0.5)
(1.0095298116 0 -0.5)
(1.03169236279 0 -0.5)
(1.05458682956 0 -0.5)
(1.07823738331 0 -0.5)
(1.10266899375 0 -0.5)
(1.12790745516 0 -0.5)
(1.15397941371 0 -0.5)
(1.18091239553 0 -0.5)
(1.20873483582 0 -0.5)
(1.23747610884 0 -0.5)
(1.26716655892 0 -0.5)
(1.29783753252 0 -0.5)
(1.32952141132 0 -0.5)
(1.36225164637 0 -0.5)
(1.39606279349 0 -0.5)
(1.43099054964 0 -0.5)
(1.46707179072 0 -0.5)
(1.50434461042 0 -0.5)
(1.54284836047 0 -0.5)
(1.58262369222 0 -0.5)
(1.62371259949 0 -0.5)
(1.66615846294 0 -0.5)
(1.71000609591 0 -0.5)
(1.75530179164 0 -0.5)
(1.80209337225 0 -0.5)
(1.85043023915 0 -0.5)
(1.90036342523 0 -0.5)
(1.95194564874 0 -0.5)
(2.00523136894 0 -0.5)
(2.0602768436 0 -0.5)
(2.1171401884 0 -0.5)
(2.17588143829 0 -0.5)
(2.23656261085 0 -0.5)
(2.29924777179 0 -0.5)
(2.36400310258 0 -0.5)
(2.43089697035 0 -0.5)
(2.5 0 -0.5)
(0.608637878707 0.00919430769231 -0.5)
(0.617561022312 0.00919430769231 -0.5)
(0.626778851656 0.00919430769231 -0.5)
(0.636301098699 0.00919430769231 -0.5)
(0.646137816799 0.00919430769231 -0.5)
(0.656299391323 0.00919430769231 -0.5)
(0.666796550617 0.00919430769231 -0.5)
(0.677640377327 0.00919430769231 -0.5)
(0.688842320102 0.00919430769231 -0.5)
(0.700414205682 0.00919430769231 -0.5)
(0.712368251383 0.00919430769231 -0.5)
(0.724717077998 0.00919430769231 -0.5)
(0.737473723117 0.00919430769231 -0.5)
(0.750651654898 0.00919430769231 -0.5)
(0.764264786282 0.00919430769231 -0.5)
(0.778327489683 0.00919430769231 -0.5)
(0.792854612162 0.00919430769231 -0.5)
(0.807861491104 0.00919430769231 -0.5)
(0.823363970408 0.00919430769231 -0.5)
(0.839378417215 0.00919430769231 -0.5)
(0.85592173919 0.00919430769231 -0.5)
(0.873011402373 0.00919430769231 -0.5)
(0.890665449614 0.00919430769231 -0.5)
(0.90890251963 0.00919430769231 -0.5)
(0.927741866676 0.00919430769231 -0.5)
(0.94720338088 0.00919430769231 -0.5)
(0.967307609236 0.00919430769231 -0.5)
(0.988075777301 0.00919430769231 -0.5)
(1.0095298116 0.00919430769231 -0.5)
(1.03169236279 0.00919430769231 -0.5)
(1.05458682956 0.00919430769231 -0.5)
(1.07823738331 0.00919430769231 -0.5)
(1.10266899375 0.00919430769231 -0.5)
(1.12790745516 0.00919430769231 -0.5)
(1.15397941371 0.00919430769231 -0.5)
(1.18091239553 0.00919430769231 -0.5)
(1.20873483582 0.00919430769231 -0.5)
(1.23747610884 0.00919430769231 -0.5)
(1.26716655892 0.00919430769231 -0.5)
(1.29783753252 0.00919430769231 -0.5)
(1.32952141132 0.00919430769231 -0.5)
(1.36225164637 0.00919430769231 -0.5)
(1.39606279349 0.00919430769231 -0.5)
(1.43099054964 0.00919430769231 -0.5)
(1.46707179072 0.00919430769231 -0.5)
(1.50434461042 0.00919430769231 -0.5)
(1.54284836047 0.00919430769231 -0.5)
(1.58262369222 0.00919430769231 -0.5)
(1.62371259949 0.00919430769231 -0.5)
(1.66615846294 0.00919430769231 -0.5)
(1.71000609591 0.00919430769231 -0.5)
(1.75530179164 0.00919430769231 -0.5)
(1.80209337225 0.00919430769231 -0.5)
(1.85043023915 0.00919430769231 -0.5)
(1.90036342523 0.00919430769231 -0.5)
(1.95194564874 0.00919430769231 -0.5)
(2.00523136894 0.00919430769231 -0.5)
(2.0602768436 0.00919430769231 -0.5)
(2.1171401884 0.00919430769231 -0.5)
(2.17588143829 0.00919430769231 -0.5)
(2.23656261085 0.00919430769231 -0.5)
(2.29924777179 0.00919430769231 -0.5)
(2.36400310258 0.00919430769231 -0.5)
(2.43089697035 0.00919430769231 -0.5)
(2.5 0.00919430769231 -0.5)
(0.608637878707 0.0183886153846 -0.5)
(0.617561022312 0.0183886153846 -0.5)
(0.626778851656 0.0183886153846 -0.5)
(0.636301098699 0.0183886153846 -0.5)
(0.646137816799 0.0183886153846 -0.5)
(0.656299391323 0.0183886153846 -0.5)
(0.666796550617 0.0183886153846 -0.5)
(0.677640377327 0.0183886153846 -0.5)
(0.688842320102 0.0183886153846 -0.5)
(0.700414205682 0.0183886153846 -0.5)
(0.712368251383 0.0183886153846 -0.5)
(0.724717077998 0.0183886153846 -0.5)
(0.737473723117 0.0183886153846 -0.5)
(0.750651654898 0.0183886153846 -0.5)
(0.764264786282 0.0183886153846 -0.5)
(0.778327489683 0.0183886153846 -0.5)
(0.792854612162 0.0183886153846 -0.5)
(0.807861491104 0.0183886153846 -0.5)
(0.823363970408 0.0183886153846 -0.5)
(0.839378417215 0.0183886153846 -0.5)
(0.85592173919 0.0183886153846 -0.5)
(0.873011402373 0.0183886153846 -0.5)
(0.890665449614 0.0183886153846 -0.5)
(0.90890251963 0.0183886153846 -0.5)
(0.927741866676 0.0183886153846 -0.5)
(0.94720338088 0.0183886153846 -0.5)
(0.967307609236 0.0183886153846 -0.5)
(0.988075777301 0.0183886153846 -0.5)
(1.0095298116 0.0183886153846 -0.5)
(1.03169236279 0.0183886153846 -0.5)
(1.05458682956 0.0183886153846 -0.5)
(1.07823738331 0.0183886153846 -0.5)
(1.10266899375 0.0183886153846 -0.5)
(1.12790745516 0.0183886153846 -0.5)
(1.15397941371 0.0183886153846 -0.5)
(1.18091239553 0.0183886153846 -0.5)
(1.20873483582 0.0183886153846 -0.5)
(1.23747610884 0.0183886153846 -0.5)
(1.26716655892 0.0183886153846 -0.5)
(1.29783753252 0.0183886153846 -0.5)
(1.32952141132 0.0183886153846 -0.5)
(1.36225164637 0.0183886153846 -0.5)
(1.39606279349 0.0183886153846 -0.5)
(1.43099054964 0.0183886153846 -0.5)
(1.46707179072 0.0183886153846 -0.5)
(1.50434461042 0.0183886153846 -0.5)
(1.54284836047 0.0183886153846 -0.5)
(1.58262369222 0.0183886153846 -0.5)
(1.62371259949 0.0183886153846 -0.5)
(1.66615846294 0.0183886153846 -0.5)
(1.71000609591 0.0183886153846 -0.5)
(1.75530179164 0.0183886153846 -0.5)
(1.80209337225 0.0183886153846 -0.5)
(1.85043023915 0.0183886153846 -0.5)
(1.90036342523 0.0183886153846 -0.5)
(1.95194564874 0.0183886153846 -0.5)
(2.00523136894 0.0183886153846 -0.5)
(2.0602768436 0.0183886153846 -0.5)
(2.1171401884 0.0183886153846 -0.5)
(2.17588143829 0.0183886153846 -0.5)
(2.23656261085 0.0183886153846 -0.5)
(2.29924777179 0.0183886153846 -0.5)
(2.36400310258 0.0183886153846 -0.5)
(2.43089697035 0.0183886153846 -0.5)
(2.5 0.0183886153846 -0.5)
(0.608637878707 0.0275829230769 -0.5)
(0.617561022312 0.0275829230769 -0.5)
(0.626778851656 0.0275829230769 -0.5)
(0.636301098699 0.0275829230769 -0.5)
(0.646137816799 0.0275829230769 -0.5)
(0.656299391323 0.0275829230769 -0.5)
(0.666796550617 0.0275829230769 -0.5)
(0.677640377327 0.0275829230769 -0.5)
(0.688842320102 0.0275829230769 -0.5)
(0.700414205682 0.0275829230769 -0.5)
(0.712368251383 0.0275829230769 -0.5)
(0.724717077998 0.0275829230769 -0.5)
(0.737473723117 0.0275829230769 -0.5)
(0.750651654898 0.0275829230769 -0.5)
(0.764264786282 0.0275829230769 -0.5)
(0.778327489683 0.0275829230769 -0.5)
(0.792854612162 0.0275829230769 -0.5)
(0.807861491104 0.0275829230769 -0.5)
(0.823363970408 0.0275829230769 -0.5)
(0.839378417215 0.0275829230769 -0.5)
(0.85592173919 0.0275829230769 -0.5)
(0.873011402373 0.0275829230769 -0.5)
(0.890665449614 0.0275829230769 -0.5)
(0.90890251963 0.0275829230769 -0.5)
(0.927741866676 0.0275829230769 -0.5)
(0.94720338088 0.0275829230769 -0.5)
(0.967307609236 0.0275829230769 -0.5)
(0.988075777301 0.0275829230769 -0.5)
(1.0095298116 0.0275829230769 -0.5)
(1.03169236279 0.0275829230769 -0.5)
(1.05458682956 0.0275829230769 -0.5)
(1.07823738331 0.0275829230769 -0.5)
(1.10266899375 0.0275829230769 -0.5)
(1.12790745516 0.0275829230769 -0.5)
(1.15397941371 0.0275829230769 -0.5)
(1.18091239553 0.0275829230769 -0.5)
(1.20873483582 0.0275829230769 -0.5)
(1.23747610884 0.0275829230769 -0.5)
(1.26716655892 0.0275829230769 -0.5)
(1.29783753252 0.0275829230769 -0.5)
(1.32952141132 0.0275829230769 -0.5)
(1.36225164637 0.0275829230769 -0.5)
(1.39606279349 0.0275829230769 -0.5)
(1.43099054964 0.0275829230769 -0.5)
(1.46707179072 0.0275829230769 -0.5)
(1.50434461042 0.0275829230769 -0.5)
(1.54284836047 0.0275829230769 -0.5)
(1.58262369222 0.0275829230769 -0.5)
(1.62371259949 0.0275829230769 -0.5)
(1.66615846294 0.0275829230769 -0.5)
(1.71000609591 0.0275829230769 -0.5)
(1.75530179164 0.0275829230769 -0.5)
(1.80209337225 0.0275829230769 -0.5)
(1.85043023915 0.0275829230769 -0.5)
(1.90036342523 0.0275829230769 -0.5)
(1.95194564874 0.0275829230769 -0.5)
(2.00523136894 0.0275829230769 -0.5)
(2.0602768436 0.0275829230769 -0.5)
(2.1171401884 0.0275829230769 -0.5)
(2.17588143829 0.0275829230769 -0.5)
(2.23656261085 0.0275829230769 -0.5)
(2.29924777179 0.0275829230769 -0.5)
(2.36400310258 0.0275829230769 -0.5)
(2.43089697035 0.0275829230769 -0.5)
(2.5 0.0275829230769 -0.5)
(0.608637878707 0.0367772307692 -0.5)
(0.617561022312 0.0367772307692 -0.5)
(0.626778851656 0.0367772307692 -0.5)
(0.636301098699 0.0367772307692 -0.5)
(0.646137816799 0.0367772307692 -0.5)
(0.656299391323 0.0367772307692 -0.5)
(0.666796550617 0.0367772307692 -0.5)
(0.677640377327 0.0367772307692 -0.5)
(0.688842320102 0.0367772307692 -0.5)
(0.700414205682 0.0367772307692 -0.5)
(0.712368251383 0.0367772307692 -0.5)
(0.724717077998 0.0367772307692 -0.5)
(0.737473723117 0.0367772307692 -0.5)
(0.750651654898 0.0367772307692 -0.5)
(0.764264786282 0.0367772307692 -0.5)
(0.778327489683 0.0367772307692 -0.5)
(0.792854612162 0.0367772307692 -0.5)
(0.807861491104 0.0367772307692 -0.5)
(0.823363970408 0.0367772307692 -0.5)
(0.839378417215 0.0367772307692 -0.5)
(0.85592173919 0.0367772307692 -0.5)
(0.873011402373 0.0367772307692 -0.5)
(0.890665449614 0.0367772307692 -0.5)
(0.90890251963 0.0367772307692 -0.5)
(0.927741866676 0.0367772307692 -0.5)
(0.94720338088 0.0367772307692 -0.5)
(0.967307609236 0.0367772307692 -0.5)
(0.988075777301 0.0367772307692 -0.5)
(1.0095298116 0.0367772307692 -0.5)
(1.03169236279 0.0367772307692 -0.5)
(1.05458682956 0.0367772307692 -0.5)
(1.07823738331 0.0367772307692 -0.5)
(1.10266899375 0.0367772307692 -0.5)
(1.12790745516 0.0367772307692 -0.5)
(1.15397941371 0.0367772307692 -0.5)
(1.18091239553 0.0367772307692 -0.5)
(1.20873483582 0.0367772307692 -0.5)
(1.23747610884 0.0367772307692 -0.5)
(1.26716655892 0.0367772307692 -0.5)
(1.29783753252 0.0367772307692 -0.5)
(1.32952141132 0.0367772307692 -0.5)
(1.36225164637 0.0367772307692 -0.5)
(1.39606279349 0.0367772307692 -0.5)
(1.43099054964 0.0367772307692 -0.5)
(1.46707179072 0.0367772307692 -0.5)
(1.50434461042 0.0367772307692 -0.5)
(1.54284836047 0.0367772307692 -0.5)
(1.58262369222 0.0367772307692 -0.5)
(1.62371259949 0.0367772307692 -0.5)
(1.66615846294 0.0367772307692 -0.5)
(1.71000609591 0.0367772307692 -0.5)
(1.75530179164 0.0367772307692 -0.5)
(1.80209337225 0.0367772307692 -0.5)
(1.85043023915 0.0367772307692 -0.5)
(1.90036342523 0.0367772307692 -0.5)
(1.95194564874 0.0367772307692 -0.5)
(2.00523136894 0.0367772307692 -0.5)
(2.0602768436 0.0367772307692 -0.5)
(2.1171401884 0.0367772307692 -0.5)
(2.17588143829 0.0367772307692 -0.5)
(2.23656261085 0.0367772307692 -0.5)
(2.29924777179 0.0367772307692 -0.5)
(2.36400310258 0.0367772307692 -0.5)
(2.43089697035 0.0367772307692 -0.5)
(2.5 0.0367772307692 -0.5)
(0.608637878707 0.0459715384615 -0.5)
(0.617561022312 0.0459715384615 -0.5)
(0.626778851656 0.0459715384615 -0.5)
(0.636301098699 0.0459715384615 -0.5)
(0.646137816799 0.0459715384615 -0.5)
(0.656299391323 0.0459715384615 -0.5)
(0.666796550617 0.0459715384615 -0.5)
(0.677640377327 0.0459715384615 -0.5)
(0.688842320102 0.0459715384615 -0.5)
(0.700414205682 0.0459715384615 -0.5)
(0.712368251383 0.0459715384615 -0.5)
(0.724717077998 0.0459715384615 -0.5)
(0.737473723117 0.0459715384615 -0.5)
(0.750651654898 0.0459715384615 -0.5)
(0.764264786282 0.0459715384615 -0.5)
(0.778327489683 0.0459715384615 -0.5)
(0.792854612162 0.0459715384615 -0.5)
(0.807861491104 0.0459715384615 -0.5)
(0.823363970408 0.0459715384615 -0.5)
(0.839378417215 0.0459715384615 -0.5)
(0.85592173919 0.0459715384615 -0.5)
(0.873011402373 0.0459715384615 -0.5)
(0.890665449614 0.0459715384615 -0.5)
(0.90890251963 0.0459715384615 -0.5)
(0.927741866676 0.0459715384615 -0.5)
(0.94720338088 0.0459715384615 -0.5)
(0.967307609236 0.0459715384615 -0.5)
(0.988075777301 0.0459715384615 -0.5)
(1.0095298116 0.0459715384615 -0.5)
(1.03169236279 0.0459715384615 -0.5)
(1.05458682956 0.0459715384615 -0.5)
(1.07823738331 0.0459715384615 -0.5)
(1.10266899375 0.0459715384615 -0.5)
(1.12790745516 0.0459715384615 -0.5)
(1.15397941371 0.0459715384615 -0.5)
(1.18091239553 0.0459715384615 -0.5)
(1.20873483582 0.0459715384615 -0.5)
(1.23747610884 0.0459715384615 -0.5)
(1.26716655892 0.0459715384615 -0.5)
(1.29783753252 0.0459715384615 -0.5)
(1.32952141132 0.0459715384615 -0.5)
(1.36225164637 0.0459715384615 -0.5)
(1.39606279349 0.0459715384615 -0.5)
(1.43099054964 0.0459715384615 -0.5)
(1.46707179072 0.0459715384615 -0.5)
(1.50434461042 0.0459715384615 -0.5)
(1.54284836047 0.0459715384615 -0.5)
(1.58262369222 0.0459715384615 -0.5)
(1.62371259949 0.0459715384615 -0.5)
(1.66615846294 0.0459715384615 -0.5)
(1.71000609591 0.0459715384615 -0.5)
(1.75530179164 0.0459715384615 -0.5)
(1.80209337225 0.0459715384615 -0.5)
(1.85043023915 0.0459715384615 -0.5)
(1.90036342523 0.0459715384615 -0.5)
(1.95194564874 0.0459715384615 -0.5)
(2.00523136894 0.0459715384615 -0.5)
(2.0602768436 0.0459715384615 -0.5)
(2.1171401884 0.0459715384615 -0.5)
(2.17588143829 0.0459715384615 -0.5)
(2.23656261085 0.0459715384615 -0.5)
(2.29924777179 0.0459715384615 -0.5)
(2.36400310258 0.0459715384615 -0.5)
(2.43089697035 0.0459715384615 -0.5)
(2.5 0.0459715384615 -0.5)
(0.608637878707 0.0551658461538 -0.5)
(0.617561022312 0.0551658461538 -0.5)
(0.626778851656 0.0551658461538 -0.5)
(0.636301098699 0.0551658461538 -0.5)
(0.646137816799 0.0551658461538 -0.5)
(0.656299391323 0.0551658461538 -0.5)
(0.666796550617 0.0551658461538 -0.5)
(0.677640377327 0.0551658461538 -0.5)
(0.688842320102 0.0551658461538 -0.5)
(0.700414205682 0.0551658461538 -0.5)
(0.712368251383 0.0551658461538 -0.5)
(0.724717077998 0.0551658461538 -0.5)
(0.737473723117 0.0551658461538 -0.5)
(0.750651654898 0.0551658461538 -0.5)
(0.764264786282 0.0551658461538 -0.5)
(0.778327489683 0.0551658461538 -0.5)
(0.792854612162 0.0551658461538 -0.5)
(0.807861491104 0.0551658461538 -0.5)
(0.823363970408 0.0551658461538 -0.5)
(0.839378417215 0.0551658461538 -0.5)
(0.85592173919 0.0551658461538 -0.5)
(0.873011402373 0.0551658461538 -0.5)
(0.890665449614 0.0551658461538 -0.5)
(0.90890251963 0.0551658461538 -0.5)
(0.927741866676 0.0551658461538 -0.5)
(0.94720338088 0.0551658461538 -0.5)
(0.967307609236 0.0551658461538 -0.5)
(0.988075777301 0.0551658461538 -0.5)
(1.0095298116 0.0551658461538 -0.5)
(1.03169236279 0.0551658461538 -0.5)
(1.05458682956 0.0551658461538 -0.5)
(1.07823738331 0.0551658461538 -0.5)
(1.10266899375 0.0551658461538 -0.5)
(1.12790745516 0.0551658461538 -0.5)
(1.15397941371 0.0551658461538 -0.5)
(1.18091239553 0.0551658461538 -0.5)
(1.20873483582 0.0551658461538 -0.5)
(1.23747610884 0.0551658461538 -0.5)
(1.26716655892 0.0551658461538 -0.5)
(1.29783753252 0.0551658461538 -0.5)
(1.32952141132 0.0551658461538 -0.5)
(1.36225164637 0.0551658461538 -0.5)
(1.39606279349 0.0551658461538 -0.5)
(1.43099054964 0.0551658461538 -0.5)
(1.46707179072 0.0551658461538 -0.5)
(1.50434461042 0.0551658461538 -0.5)
(1.54284836047 0.0551658461538 -0.5)
(1.58262369222 0.0551658461538 -0.5)
(1.62371259949 0.0551658461538 -0.5)
(1.66615846294 0.0551658461538 -0.5)
(1.71000609591 0.0551658461538 -0.5)
(1.75530179164 0.0551658461538 -0.5)
(1.80209337225 0.0551658461538 -0.5)
(1.85043023915 0.0551658461538 -0.5)
(1.90036342523 0.0551658461538 -0.5)
(1.95194564874 0.0551658461538 -0.5)
(2.00523136894 0.0551658461538 -0.5)
(2.0602768436 0.0551658461538 -0.5)
(2.1171401884 0.0551658461538 -0.5)
(2.17588143829 0.0551658461538 -0.5)
(2.23656261085 0.0551658461538 -0.5)
(2.29924777179 0.0551658461538 -0.5)
(2.36400310258 0.0551658461538 -0.5)
(2.43089697035 0.0551658461538 -0.5)
(2.5 0.0551658461538 -0.5)
(0.608637878707 0.0643601538462 -0.5)
(0.617561022312 0.0643601538462 -0.5)
(0.626778851656 0.0643601538462 -0.5)
(0.636301098699 0.0643601538462 -0.5)
(0.646137816799 0.0643601538462 -0.5)
(0.656299391323 0.0643601538462 -0.5)
(0.666796550617 0.0643601538462 -0.5)
(0.677640377327 0.0643601538462 -0.5)
(0.688842320102 0.0643601538462 -0.5)
(0.700414205682 0.0643601538462 -0.5)
(0.712368251383 0.0643601538462 -0.5)
(0.724717077998 0.0643601538462 -0.5)
(0.737473723117 0.0643601538462 -0.5)
(0.750651654898 0.0643601538462 -0.5)
(0.764264786282 0.0643601538462 -0.5)
(0.778327489683 0.0643601538462 -0.5)
(0.792854612162 0.0643601538462 -0.5)
(0.807861491104 0.0643601538462 -0.5)
(0.823363970408 0.0643601538462 -0.5)
(0.839378417215 0.0643601538462 -0.5)
(0.85592173919 0.0643601538462 -0.5)
(0.873011402373 0.0643601538462 -0.5)
(0.890665449614 0.0643601538462 -0.5)
(0.90890251963 0.0643601538462 -0.5)
(0.927741866676 0.0643601538462 -0.5)
(0.94720338088 0.0643601538462 -0.5)
(0.967307609236 0.0643601538462 -0.5)
(0.988075777301 0.0643601538462 -0.5)
(1.0095298116 0.0643601538462 -0.5)
(1.03169236279 0.0643601538462 -0.5)
(1.05458682956 0.0643601538462 -0.5)
(1.07823738331 0.0643601538462 -0.5)
(1.10266899375 0.0643601538462 -0.5)
(1.12790745516 0.0643601538462 -0.5)
(1.15397941371 0.0643601538462 -0.5)
(1.18091239553 0.0643601538462 -0.5)
(1.20873483582 0.0643601538462 -0.5)
(1.23747610884 0.0643601538462 -0.5)
(1.26716655892 0.0643601538462 -0.5)
(1.29783753252 0.0643601538462 -0.5)
(1.32952141132 0.0643601538462 -0.5)
(1.36225164637 0.0643601538462 -0.5)
(1.39606279349 0.0643601538462 -0.5)
(1.43099054964 0.0643601538462 -0.5)
(1.46707179072 0.0643601538462 -0.5)
(1.50434461042 0.0643601538462 -0.5)
(1.54284836047 0.0643601538462 -0.5)
(1.58262369222 0.0643601538462 -0.5)
(1.62371259949 0.0643601538462 -0.5)
(1.66615846294 0.0643601538462 -0.5)
(1.71000609591 0.0643601538462 -0.5)
(1.75530179164 0.0643601538462 -0.5)
(1.80209337225 0.0643601538462 -0.5)
(1.85043023915 0.0643601538462 -0.5)
(1.90036342523 0.0643601538462 -0.5)
(1.95194564874 0.0643601538462 -0.5)
(2.00523136894 0.0643601538462 -0.5)
(2.0602768436 0.0643601538462 -0.5)
(2.1171401884 0.0643601538462 -0.5)
(2.17588143829 0.0643601538462 -0.5)
(2.23656261085 0.0643601538462 -0.5)
(2.29924777179 0.0643601538462 -0.5)
(2.36400310258 0.0643601538462 -0.5)
(2.43089697035 0.0643601538462 -0.5)
(2.5 0.0643601538462 -0.5)
(0.608637878707 0.0735544615385 -0.5)
(0.617561022312 0.0735544615385 -0.5)
(0.626778851656 0.0735544615385 -0.5)
(0.636301098699 0.0735544615385 -0.5)
(0.646137816799 0.0735544615385 -0.5)
(0.656299391323 0.0735544615385 -0.5)
(0.666796550617 0.0735544615385 -0.5)
(0.677640377327 0.0735544615385 -0.5)
(0.688842320102 0.0735544615385 -0.5)
(0.700414205682 0.0735544615385 -0.5)
(0.712368251383 0.0735544615385 -0.5)
(0.724717077998 0.0735544615385 -0.5)
(0.737473723117 0.0735544615385 -0.5)
(0.750651654898 0.0735544615385 -0.5)
(0.764264786282 0.0735544615385 -0.5)
(0.778327489683 0.0735544615385 -0.5)
(0.792854612162 0.0735544615385 -0.5)
(0.807861491104 0.0735544615385 -0.5)
(0.823363970408 0.0735544615385 -0.5)
(0.839378417215 0.0735544615385 -0.5)
(0.85592173919 0.0735544615385 -0.5)
(0.873011402373 0.0735544615385 -0.5)
(0.890665449614 0.0735544615385 -0.5)
(0.90890251963 0.0735544615385 -0.5)
(0.927741866676 0.0735544615385 -0.5)
(0.94720338088 0.0735544615385 -0.5)
(0.967307609236 0.0735544615385 -0.5)
(0.988075777301 0.0735544615385 -0.5)
(1.0095298116 0.0735544615385 -0.5)
(1.03169236279 0.0735544615385 -0.5)
(1.05458682956 0.0735544615385 -0.5)
(1.07823738331 0.0735544615385 -0.5)
(1.10266899375 0.0735544615385 -0.5)
(1.12790745516 0.0735544615385 -0.5)
(1.15397941371 0.0735544615385 -0.5)
(1.18091239553 0.0735544615385 -0.5)
(1.20873483582 0.0735544615385 -0.5)
(1.23747610884 0.0735544615385 -0.5)
(1.26716655892 0.0735544615385 -0.5)
(1.29783753252 0.0735544615385 -0.5)
(1.32952141132 0.0735544615385 -0.5)
(1.36225164637 0.0735544615385 -0.5)
(1.39606279349 0.0735544615385 -0.5)
(1.43099054964 0.0735544615385 -0.5)
(1.46707179072 0.0735544615385 -0.5)
(1.50434461042 0.0735544615385 -0.5)
(1.54284836047 0.0735544615385 -0.5)
(1.58262369222 0.0735544615385 -0.5)
(1.62371259949 0.0735544615385 -0.5)
(1.66615846294 0.0735544615385 -0.5)
(1.71000609591 0.0735544615385 -0.5)
(1.75530179164 0.0735544615385 -0.5)
(1.80209337225 0.0735544615385 -0.5)
(1.85043023915 0.0735544615385 -0.5)
(1.90036342523 0.0735544615385 -0.5)
(1.95194564874 0.0735544615385 -0.5)
(2.00523136894 0.0735544615385 -0.5)
(2.0602768436 0.0735544615385 -0.5)
(2.1171401884 0.0735544615385 -0.5)
(2.17588143829 0.0735544615385 -0.5)
(2.23656261085 0.0735544615385 -0.5)
(2.29924777179 0.0735544615385 -0.5)
(2.36400310258 0.0735544615385 -0.5)
(2.43089697035 0.0735544615385 -0.5)
(2.5 0.0735544615385 -0.5)
(0.608637878707 0.0827487692308 -0.5)
(0.617561022312 0.0827487692308 -0.5)
(0.626778851656 0.0827487692308 -0.5)
(0.636301098699 0.0827487692308 -0.5)
(0.646137816799 0.0827487692308 -0.5)
(0.656299391323 0.0827487692308 -0.5)
(0.666796550617 0.0827487692308 -0.5)
(0.677640377327 0.0827487692308 -0.5)
(0.688842320102 0.0827487692308 -0.5)
(0.700414205682 0.0827487692308 -0.5)
(0.712368251383 0.0827487692308 -0.5)
(0.724717077998 0.0827487692308 -0.5)
(0.737473723117 0.0827487692308 -0.5)
(0.750651654898 0.0827487692308 -0.5)
(0.764264786282 0.0827487692308 -0.5)
(0.778327489683 0.0827487692308 -0.5)
(0.792854612162 0.0827487692308 -0.5)
(0.807861491104 0.0827487692308 -0.5)
(0.823363970408 0.0827487692308 -0.5)
(0.839378417215 0.0827487692308 -0.5)
(0.85592173919 0.0827487692308 -0.5)
(0.873011402373 0.0827487692308 -0.5)
(0.890665449614 0.0827487692308 -0.5)
(0.90890251963 0.0827487692308 -0.5)
(0.927741866676 0.0827487692308 -0.5)
(0.94720338088 0.0827487692308 -0.5)
(0.967307609236 0.0827487692308 -0.5)
(0.988075777301 0.0827487692308 -0.5)
(1.0095298116 0.0827487692308 -0.5)
(1.03169236279 0.0827487692308 -0.5)
(1.05458682956 0.0827487692308 -0.5)
(1.07823738331 0.0827487692308 -0.5)
(1.10266899375 0.0827487692308 -0.5)
(1.12790745516 0.0827487692308 -0.5)
(1.15397941371 0.0827487692308 -0.5)
(1.18091239553 0.0827487692308 -0.5)
(1.20873483582 0.0827487692308 -0.5)
(1.23747610884 0.0827487692308 -0.5)
(1.26716655892 0.0827487692308 -0.5)
(1.29783753252 0.0827487692308 -0.5)
(1.32952141132 0.0827487692308 -0.5)
(1.36225164637 0.0827487692308 -0.5)
(1.39606279349 0.0827487692308 -0.5)
(1.43099054964 0.0827487692308 -0.5)
(1.46707179072 0.0827487692308 -0.5)
(1.50434461042 0.0827487692308 -0.5)
(1.54284836047 0.0827487692308 -0.5)
(1.58262369222 0.0827487692308 -0.5)
(1.62371259949 0.0827487692308 -0.5)
(1.66615846294 0.0827487692308 -0.5)
(1.71000609591 0.0827487692308 -0.5)
(1.75530179164 0.0827487692308 -0.5)
(1.80209337225 0.0827487692308 -0.5)
(1.85043023915 0.0827487692308 -0.5)
(1.90036342523 0.0827487692308 -0.5)
(1.95194564874 0.0827487692308 -0.5)
(2.00523136894 0.0827487692308 -0.5)
(2.0602768436 0.0827487692308 -0.5)
(2.1171401884 0.0827487692308 -0.5)
(2.17588143829 0.0827487692308 -0.5)
(2.23656261085 0.0827487692308 -0.5)
(2.29924777179 0.0827487692308 -0.5)
(2.36400310258 0.0827487692308 -0.5)
(2.43089697035 0.0827487692308 -0.5)
(2.5 0.0827487692308 -0.5)
(0.608637878707 0.0919430769231 -0.5)
(0.617561022312 0.0919430769231 -0.5)
(0.626778851656 0.0919430769231 -0.5)
(0.636301098699 0.0919430769231 -0.5)
(0.646137816799 0.0919430769231 -0.5)
(0.656299391323 0.0919430769231 -0.5)
(0.666796550617 0.0919430769231 -0.5)
(0.677640377327 0.0919430769231 -0.5)
(0.688842320102 0.0919430769231 -0.5)
(0.700414205682 0.0919430769231 -0.5)
(0.712368251383 0.0919430769231 -0.5)
(0.724717077998 0.0919430769231 -0.5)
(0.737473723117 0.0919430769231 -0.5)
(0.750651654898 0.0919430769231 -0.5)
(0.764264786282 0.0919430769231 -0.5)
(0.778327489683 0.0919430769231 -0.5)
(0.792854612162 0.0919430769231 -0.5)
(0.807861491104 0.0919430769231 -0.5)
(0.823363970408 0.0919430769231 -0.5)
(0.839378417215 0.0919430769231 -0.5)
(0.85592173919 0.0919430769231 -0.5)
(0.873011402373 0.0919430769231 -0.5)
(0.890665449614 0.0919430769231 -0.5)
(0.90890251963 0.0919430769231 -0.5)
(0.927741866676 0.0919430769231 -0.5)
(0.94720338088 0.0919430769231 -0.5)
(0.967307609236 0.0919430769231 -0.5)
(0.988075777301 0.0919430769231 -0.5)
(1.0095298116 0.0919430769231 -0.5)
(1.03169236279 0.0919430769231 -0.5)
(1.05458682956 0.0919430769231 -0.5)
(1.07823738331 0.0919430769231 -0.5)
(1.10266899375 0.0919430769231 -0.5)
(1.12790745516 0.0919430769231 -0.5)
(1.15397941371 0.0919430769231 -0.5)
(1.18091239553 0.0919430769231 -0.5)
(1.20873483582 0.0919430769231 -0.5)
(1.23747610884 0.0919430769231 -0.5)
(1.26716655892 0.0919430769231 -0.5)
(1.29783753252 0.0919430769231 -0.5)
(1.32952141132 0.0919430769231 -0.5)
(1.36225164637 0.0919430769231 -0.5)
(1.39606279349 0.0919430769231 -0.5)
(1.43099054964 0.0919430769231 -0.5)
(1.46707179072 0.0919430769231 -0.5)
(1.50434461042 0.0919430769231 -0.5)
(1.54284836047 0.0919430769231 -0.5)
(1.58262369222 0.0919430769231 -0.5)
(1.62371259949 0.0919430769231 -0.5)
(1.66615846294 0.0919430769231 -0.5)
(1.71000609591 0.0919430769231 -0.5)
(1.75530179164 0.0919430769231 -0.5)
(1.80209337225 0.0919430769231 -0.5)
(1.85043023915 0.0919430769231 -0.5)
(1.90036342523 0.0919430769231 -0.5)
(1.95194564874 0.0919430769231 -0.5)
(2.00523136894 0.0919430769231 -0.5)
(2.0602768436 0.0919430769231 -0.5)
(2.1171401884 0.0919430769231 -0.5)
(2.17588143829 0.0919430769231 -0.5)
(2.23656261085 0.0919430769231 -0.5)
(2.29924777179 0.0919430769231 -0.5)
(2.36400310258 0.0919430769231 -0.5)
(2.43089697035 0.0919430769231 -0.5)
(2.5 0.0919430769231 -0.5)
(0.608637878707 0.101137384615 -0.5)
(0.617561022312 0.101137384615 -0.5)
(0.626778851656 0.101137384615 -0.5)
(0.636301098699 0.101137384615 -0.5)
(0.646137816799 0.101137384615 -0.5)
(0.656299391323 0.101137384615 -0.5)
(0.666796550617 0.101137384615 -0.5)
(0.677640377327 0.101137384615 -0.5)
(0.688842320102 0.101137384615 -0.5)
(0.700414205682 0.101137384615 -0.5)
(0.712368251383 0.101137384615 -0.5)
(0.724717077998 0.101137384615 -0.5)
(0.737473723117 0.101137384615 -0.5)
(0.750651654898 0.101137384615 -0.5)
(0.764264786282 0.101137384615 -0.5)
(0.778327489683 0.101137384615 -0.5)
(0.792854612162 0.101137384615 -0.5)
(0.807861491104 0.101137384615 -0.5)
(0.823363970408 0.101137384615 -0.5)
(0.839378417215 0.101137384615 -0.5)
(0.85592173919 0.101137384615 -0.5)
(0.873011402373 0.101137384615 -0.5)
(0.890665449614 0.101137384615 -0.5)
(0.90890251963 0.101137384615 -0.5)
(0.927741866676 0.101137384615 -0.5)
(0.94720338088 0.101137384615 -0.5)
(0.967307609236 0.101137384615 -0.5)
(0.988075777301 0.101137384615 -0.5)
(1.0095298116 0.101137384615 -0.5)
(1.03169236279 0.101137384615 -0.5)
(1.05458682956 0.101137384615 -0.5)
(1.07823738331 0.101137384615 -0.5)
(1.10266899375 0.101137384615 -0.5)
(1.12790745516 0.101137384615 -0.5)
(1.15397941371 0.101137384615 -0.5)
(1.18091239553 0.101137384615 -0.5)
(1.20873483582 0.101137384615 -0.5)
(1.23747610884 0.101137384615 -0.5)
(1.26716655892 0.101137384615 -0.5)
(1.29783753252 0.101137384615 -0.5)
(1.32952141132 0.101137384615 -0.5)
(1.36225164637 0.101137384615 -0.5)
(1.39606279349 0.101137384615 -0.5)
(1.43099054964 0.101137384615 -0.5)
(1.46707179072 0.101137384615 -0.5)
(1.50434461042 0.101137384615 -0.5)
(1.54284836047 0.101137384615 -0.5)
(1.58262369222 0.101137384615 -0.5)
(1.62371259949 0.101137384615 -0.5)
(1.66615846294 0.101137384615 -0.5)
(1.71000609591 0.101137384615 -0.5)
(1.75530179164 0.101137384615 -0.5)
(1.80209337225 0.101137384615 -0.5)
(1.85043023915 0.101137384615 -0.5)
(1.90036342523 0.101137384615 -0.5)
(1.95194564874 0.101137384615 -0.5)
(2.00523136894 0.101137384615 -0.5)
(2.0602768436 0.101137384615 -0.5)
(2.1171401884 0.101137384615 -0.5)
(2.17588143829 0.101137384615 -0.5)
(2.23656261085 0.101137384615 -0.5)
(2.29924777179 0.101137384615 -0.5)
(2.36400310258 0.101137384615 -0.5)
(2.43089697035 0.101137384615 -0.5)
(2.5 0.101137384615 -0.5)
(0.608637878707 0.110331692308 -0.5)
(0.617561022312 0.110331692308 -0.5)
(0.626778851656 0.110331692308 -0.5)
(0.636301098699 0.110331692308 -0.5)
(0.646137816799 0.110331692308 -0.5)
(0.656299391323 0.110331692308 -0.5)
(0.666796550617 0.110331692308 -0.5)
(0.677640377327 0.110331692308 -0.5)
(0.688842320102 0.110331692308 -0.5)
(0.700414205682 0.110331692308 -0.5)
(0.712368251383 0.110331692308 -0.5)
(0.724717077998 0.110331692308 -0.5)
(0.737473723117 0.110331692308 -0.5)
(0.750651654898 0.110331692308 -0.5)
(0.764264786282 0.110331692308 -0.5)
(0.778327489683 0.110331692308 -0.5)
(0.792854612162 0.110331692308 -0.5)
(0.807861491104 0.110331692308 -0.5)
(0.823363970408 0.110331692308 -0.5)
(0.839378417215 0.110331692308 -0.5)
(0.85592173919 0.110331692308 -0.5)
(0.873011402373 0.110331692308 -0.5)
(0.890665449614 0.110331692308 -0.5)
(0.90890251963 0.110331692308 -0.5)
(0.927741866676 0.110331692308 -0.5)
(0.94720338088 0.110331692308 -0.5)
(0.967307609236 0.110331692308 -0.5)
(0.988075777301 0.110331692308 -0.5)
(1.0095298116 0.110331692308 -0.5)
(1.03169236279 0.110331692308 -0.5)
(1.05458682956 0.110331692308 -0.5)
(1.07823738331 0.110331692308 -0.5)
(1.10266899375 0.110331692308 -0.5)
(1.12790745516 0.110331692308 -0.5)
(1.15397941371 0.110331692308 -0.5)
(1.18091239553 0.110331692308 -0.5)
(1.20873483582 0.110331692308 -0.5)
(1.23747610884 0.110331692308 -0.5)
(1.26716655892 0.110331692308 -0.5)
(1.29783753252 0.110331692308 -0.5)
(1.32952141132 0.110331692308 -0.5)
(1.36225164637 0.110331692308 -0.5)
(1.39606279349 0.110331692308 -0.5)
(1.43099054964 0.110331692308 -0.5)
(1.46707179072 0.110331692308 -0.5)
(1.50434461042 0.110331692308 -0.5)
(1.54284836047 0.110331692308 -0.5)
(1.58262369222 0.110331692308 -0.5)
(1.62371259949 0.110331692308 -0.5)
(1.66615846294 0.110331692308 -0.5)
(1.71000609591 0.110331692308 -0.5)
(1.75530179164 0.110331692308 -0.5)
(1.80209337225 0.110331692308 -0.5)
(1.85043023915 0.110331692308 -0.5)
(1.90036342523 0.110331692308 -0.5)
(1.95194564874 0.110331692308 -0.5)
(2.00523136894 0.110331692308 -0.5)
(2.0602768436 0.110331692308 -0.5)
(2.1171401884 0.110331692308 -0.5)
(2.17588143829 0.110331692308 -0.5)
(2.23656261085 0.110331692308 -0.5)
(2.29924777179 0.110331692308 -0.5)
(2.36400310258 0.110331692308 -0.5)
(2.43089697035 0.110331692308 -0.5)
(2.5 0.110331692308 -0.5)
(0.608637878707 0.119526 -0.5)
(0.617561022312 0.119526 -0.5)
(0.626778851656 0.119526 -0.5)
(0.636301098699 0.119526 -0.5)
(0.646137816799 0.119526 -0.5)
(0.656299391323 0.119526 -0.5)
(0.666796550617 0.119526 -0.5)
(0.677640377327 0.119526 -0.5)
(0.688842320102 0.119526 -0.5)
(0.700414205682 0.119526 -0.5)
(0.712368251383 0.119526 -0.5)
(0.724717077998 0.119526 -0.5)
(0.737473723117 0.119526 -0.5)
(0.750651654898 0.119526 -0.5)
(0.764264786282 0.119526 -0.5)
(0.778327489683 0.119526 -0.5)
(0.792854612162 0.119526 -0.5)
(0.807861491104 0.119526 -0.5)
(0.823363970408 0.119526 -0.5)
(0.839378417215 0.119526 -0.5)
(0.85592173919 0.119526 -0.5)
(0.873011402373 0.119526 -0.5)
(0.890665449614 0.119526 -0.5)
(0.90890251963 0.119526 -0.5)
(0.927741866676 0.119526 -0.5)
(0.94720338088 0.119526 -0.5)
(0.967307609236 0.119526 -0.5)
(0.988075777301 0.119526 -0.5)
(1.0095298116 0.119526 -0.5)
(1.03169236279 0.119526 -0.5)
(1.05458682956 0.119526 -0.5)
(1.07823738331 0.119526 -0.5)
(1.10266899375 0.119526 -0.5)
(1.12790745516 0.119526 -0.5)
(1.15397941371 0.119526 -0.5)
(1.18091239553 0.119526 -0.5)
(1.20873483582 0.119526 -0.5)
(1.23747610884 0.119526 -0.5)
(1.26716655892 0.119526 -0.5)
(1.29783753252 0.119526 -0.5)
(1.32952141132 0.119526 -0.5)
(1.36225164637 0.119526 -0.5)
(1.39606279349 0.119526 -0.5)
(1.43099054964 0.119526 -0.5)
(1.46707179072 0.119526 -0.5)
(1.50434461042 0.119526 -0.5)
(1.54284836047 0.119526 -0.5)
(1.58262369222 0.119526 -0.5)
(1.62371259949 0.119526 -0.5)
(1.66615846294 0.119526 -0.5)
(1.71000609591 0.119526 -0.5)
(1.75530179164 0.119526 -0.5)
(1.80209337225 0.119526 -0.5)
(1.85043023915 0.119526 -0.5)
(1.90036342523 0.119526 -0.5)
(1.95194564874 0.119526 -0.5)
(2.00523136894 0.119526 -0.5)
(2.0602768436 0.119526 -0.5)
(2.1171401884 0.119526 -0.5)
(2.17588143829 0.119526 -0.5)
(2.23656261085 0.119526 -0.5)
(2.29924777179 0.119526 -0.5)
(2.36400310258 0.119526 -0.5)
(2.43089697035 0.119526 -0.5)
(2.5 0.119526 -0.5)
(0.608637878707 0 0.5)
(0.617561022312 0 0.5)
(0.626778851656 0 0.5)
(0.636301098699 0 0.5)
(0.646137816799 0 0.5)
(0.656299391323 0 0.5)
(0.666796550617 0 0.5)
(0.677640377327 0 0.5)
(0.688842320102 0 0.5)
(0.700414205682 0 0.5)
(0.712368251383 0 0.5)
(0.724717077998 0 0.5)
(0.737473723117 0 0.5)
(0.750651654898 0 0.5)
(0.764264786282 0 0.5)
(0.778327489683 0 0.5)
(0.792854612162 0 0.5)
(0.807861491104 0 0.5)
(0.823363970408 0 0.5)
(0.839378417215 0 0.5)
(0.85592173919 0 0.5)
(0.873011402373 0 0.5)
(0.890665449614 0 0.5)
(0.90890251963 0 0.5)
(0.927741866676 0 0.5)
(0.94720338088 0 0.5)
(0.967307609236 0 0.5)
(0.988075777301 0 0.5)
(1.0095298116 0 0.5)
(1.03169236279 0 0.5)
(1.05458682956 0 0.5)
(1.07823738331 0 0.5)
(1.10266899375 0 0.5)
(1.12790745516 0 0.5)
(1.15397941371 0 0.5)
(1.18091239553 0 0.5)
(1.20873483582 0 0.5)
(1.23747610884 0 0.5)
(1.26716655892 0 0.5)
(1.29783753252 0 0.5)
(1.32952141132 0 0.5)
(1.36225164637 0 0.5)
(1.39606279349 0 0.5)
(1.43099054964 0 0.5)
(1.46707179072 0 0.5)
(1.50434461042 0 0.5)
(1.54284836047 0 0.5)
(1.58262369222 0 0.5)
(1.62371259949 0 0.5)
(1.66615846294 0 0.5)
(1.71000609591 0 0.5)
(1.75530179164 0 0.5)
(1.80209337225 0 0.5)
(1.85043023915 0 0.5)
(1.90036342523 0 0.5)
(1.95194564874 0 0.5)
(2.00523136894 0 0.5)
(2.0602768436 0 0.5)
(2.1171401884 0 0.5)
(2.17588143829 0 0.5)
(2.23656261085 0 0.5)
(2.29924777179 0 0.5)
(2.36400310258 0 0.5)
(2.43089697035 0 0.5)
(2.5 0 0.5)
(0.608637878707 0.00919430769231 0.5)
(0.617561022312 0.00919430769231 0.5)
(0.626778851656 0.00919430769231 0.5)
(0.636301098699 0.00919430769231 0.5)
(0.646137816799 0.00919430769231 0.5)
(0.656299391323 0.00919430769231 0.5)
(0.666796550617 0.00919430769231 0.5)
(0.677640377327 0.00919430769231 0.5)
(0.688842320102 0.00919430769231 0.5)
(0.700414205682 0.00919430769231 0.5)
(0.712368251383 0.00919430769231 0.5)
(0.724717077998 0.00919430769231 0.5)
(0.737473723117 0.00919430769231 0.5)
(0.750651654898 0.00919430769231 0.5)
(0.764264786282 0.00919430769231 0.5)
(0.778327489683 0.00919430769231 0.5)
(0.792854612162 0.00919430769231 0.5)
(0.807861491104 0.00919430769231 0.5)
(0.823363970408 0.00919430769231 0.5)
(0.839378417215 0.00919430769231 0.5)
(0.85592173919 0.00919430769231 0.5)
(0.873011402373 0.00919430769231 0.5)
(0.890665449614 0.00919430769231 0.5)
(0.90890251963 0.00919430769231 0.5)
(0.927741866676 0.00919430769231 0.5)
(0.94720338088 0.00919430769231 0.5)
(0.967307609236 0.00919430769231 0.5)
(0.988075777301 0.00919430769231 0.5)
(1.0095298116 0.00919430769231 0.5)
(1.03169236279 0.00919430769231 0.5)
(1.05458682956 0.00919430769231 0.5)
(1.07823738331 0.00919430769231 0.5)
(1.10266899375 0.00919430769231 0.5)
(1.12790745516 0.00919430769231 0.5)
(1.15397941371 0.00919430769231 0.5)
(1.18091239553 0.00919430769231 0.5)
(1.20873483582 0.00919430769231 0.5)
(1.23747610884 0.00919430769231 0.5)
(1.26716655892 0.00919430769231 0.5)
(1.29783753252 0.00919430769231 0.5)
(1.32952141132 0.00919430769231 0.5)
(1.36225164637 0.00919430769231 0.5)
(1.39606279349 0.00919430769231 0.5)
(1.43099054964 0.00919430769231 0.5)
(1.46707179072 0.00919430769231 0.5)
(1.50434461042 0.00919430769231 0.5)
(1.54284836047 0.00919430769231 0.5)
(1.58262369222 0.00919430769231 0.5)
(1.62371259949 0.00919430769231 0.5)
(1.66615846294 0.00919430769231 0.5)
(1.71000609591 0.00919430769231 0.5)
(1.75530179164 0.00919430769231 0.5)
(1.80209337225 0.00919430769231 0.5)
(1.85043023915 0.00919430769231 0.5)
(1.90036342523 0.00919430769231 0.5)
(1.95194564874 0.00919430769231 0.5)
(2.00523136894 0.00919430769231 0.5)
(2.0602768436 0.00919430769231 0.5)
(2.1171401884 0.00919430769231 0.5)
(2.17588143829 0.00919430769231 0.5)
(2.23656261085 0.00919430769231 0.5)
(2.29924777179 0.00919430769231 0.5)
(2.36400310258 0.00919430769231 0.5)
(2.43089697035 0.00919430769231 0.5)
(2.5 0.00919430769231 0.5)
(0.608637878707 0.0183886153846 0.5)
(0.617561022312 0.0183886153846 0.5)
(0.626778851656 0.0183886153846 0.5)
(0.636301098699 0.0183886153846 0.5)
(0.646137816799 0.0183886153846 0.5)
(0.656299391323 0.0183886153846 0.5)
(0.666796550617 0.0183886153846 0.5)
(0.677640377327 0.0183886153846 0.5)
(0.688842320102 0.0183886153846 0.5)
(0.700414205682 0.0183886153846 0.5)
(0.712368251383 0.0183886153846 0.5)
(0.724717077998 0.0183886153846 0.5)
(0.737473723117 0.0183886153846 0.5)
(0.750651654898 0.0183886153846 0.5)
(0.764264786282 0.0183886153846 0.5)
(0.778327489683 0.0183886153846 0.5)
(0.792854612162 0.0183886153846 0.5)
(0.807861491104 0.0183886153846 0.5)
(0.823363970408 0.0183886153846 0.5)
(0.839378417215 0.0183886153846 0.5)
(0.85592173919 0.0183886153846 0.5)
(0.873011402373 0.0183886153846 0.5)
(0.890665449614 0.0183886153846 0.5)
(0.90890251963 0.0183886153846 0.5)
(0.927741866676 0.0183886153846 0.5)
(0.94720338088 0.0183886153846 0.5)
(0.967307609236 0.0183886153846 0.5)
(0.988075777301 0.0183886153846 0.5)
(1.0095298116 0.0183886153846 0.5)
(1.03169236279 0.0183886153846 0.5)
(1.05458682956 0.0183886153846 0.5)
(1.07823738331 0.0183886153846 0.5)
(1.10266899375 0.0183886153846 0.5)
(1.12790745516 0.0183886153846 0.5)
(1.15397941371 0.0183886153846 0.5)
(1.18091239553 0.0183886153846 0.5)
(1.20873483582 0.0183886153846 0.5)
(1.23747610884 0.0183886153846 0.5)
(1.26716655892 0.0183886153846 0.5)
(1.29783753252 0.0183886153846 0.5)
(1.32952141132 0.0183886153846 0.5)
(1.36225164637 0.0183886153846 0.5)
(1.39606279349 0.0183886153846 0.5)
(1.43099054964 0.0183886153846 0.5)
(1.46707179072 0.0183886153846 0.5)
(1.50434461042 0.0183886153846 0.5)
(1.54284836047 0.0183886153846 0.5)
(1.58262369222 0.0183886153846 0.5)
(1.62371259949 0.0183886153846 0.5)
(1.66615846294 0.0183886153846 0.5)
(1.71000609591 0.0183886153846 0.5)
(1.75530179164 0.0183886153846 0.5)
(1.80209337225 0.0183886153846 0.5)
(1.85043023915 0.0183886153846 0.5)
(1.90036342523 0.0183886153846 0.5)
(1.95194564874 0.0183886153846 0.5)
(2.00523136894 0.0183886153846 0.5)
(2.0602768436 0.0183886153846 0.5)
(2.1171401884 0.0183886153846 0.5)
(2.17588143829 0.0183886153846 0.5)
(2.23656261085 0.0183886153846 0.5)
(2.29924777179 0.0183886153846 0.5)
(2.36400310258 0.0183886153846 0.5)
(2.43089697035 0.0183886153846 0.5)
(2.5 0.0183886153846 0.5)
(0.608637878707 0.0275829230769 0.5)
(0.617561022312 0.0275829230769 0.5)
(0.626778851656 0.0275829230769 0.5)
(0.636301098699 0.0275829230769 0.5)
(0.646137816799 0.0275829230769 0.5)
(0.656299391323 0.0275829230769 0.5)
(0.666796550617 0.0275829230769 0.5)
(0.677640377327 0.0275829230769 0.5)
(0.688842320102 0.0275829230769 0.5)
(0.700414205682 0.0275829230769 0.5)
(0.712368251383 0.0275829230769 0.5)
(0.724717077998 0.0275829230769 0.5)
(0.737473723117 0.0275829230769 0.5)
(0.750651654898 0.0275829230769 0.5)
(0.764264786282 0.0275829230769 0.5)
(0.778327489683 0.0275829230769 0.5)
(0.792854612162 0.0275829230769 0.5)
(0.807861491104 0.0275829230769 0.5)
(0.823363970408 0.0275829230769 0.5)
(0.839378417215 0.0275829230769 0.5)
(0.85592173919 0.0275829230769 0.5)
(0.873011402373 0.0275829230769 0.5)
(0.890665449614 0.0275829230769 0.5)
(0.90890251963 0.0275829230769 0.5)
(0.927741866676 0.0275829230769 0.5)
(0.94720338088 0.0275829230769 0.5)
(0.967307609236 0.0275829230769 0.5)
(0.988075777301 0.0275829230769 0.5)
(1.0095298116 0.0275829230769 0.5)
(1.03169236279 0.0275829230769 0.5)
(1.05458682956 0.0275829230769 0.5)
(1.07823738331 0.0275829230769 0.5)
(1.10266899375 0.0275829230769 0.5)
(1.12790745516 0.0275829230769 0.5)
(1.15397941371 0.0275829230769 0.5)
(1.18091239553 0.0275829230769 0.5)
(1.20873483582 0.0275829230769 0.5)
(1.23747610884 0.0275829230769 0.5)
(1.26716655892 0.0275829230769 0.5)
(1.29783753252 0.0275829230769 0.5)
(1.32952141132 0.0275829230769 0.5)
(1.36225164637 0.0275829230769 0.5)
(1.39606279349 0.0275829230769 0.5)
(1.43099054964 0.0275829230769 0.5)
(1.46707179072 0.0275829230769 0.5)
(1.50434461042 0.0275829230769 0.5)
(1.54284836047 0.0275829230769 0.5)
(1.58262369222 0.0275829230769 0.5)
(1.62371259949 0.0275829230769 0.5)
(1.66615846294 0.0275829230769 0.5)
(1.71000609591 0.0275829230769 0.5)
(1.75530179164 0.0275829230769 0.5)
(1.80209337225 0.0275829230769 0.5)
(1.85043023915 0.0275829230769 0.5)
(1.90036342523 0.0275829230769 0.5)
(1.95194564874 0.0275829230769 0.5)
(2.00523136894 0.0275829230769 0.5)
(2.0602768436 0.0275829230769 0.5)
(2.1171401884 0.0275829230769 0.5)
(2.17588143829 0.0275829230769 0.5)
(2.23656261085 0.0275829230769 0.5)
(2.29924777179 0.0275829230769 0.5)
(2.36400310258 0.0275829230769 0.5)
(2.43089697035 0.0275829230769 0.5)
(2.5 0.0275829230769 0.5)
(0.608637878707 0.0367772307692 0.5)
(0.617561022312 0.0367772307692 0.5)
(0.626778851656 0.0367772307692 0.5)
(0.636301098699 0.0367772307692 0.5)
(0.646137816799 0.0367772307692 0.5)
(0.656299391323 0.0367772307692 0.5)
(0.666796550617 0.0367772307692 0.5)
(0.677640377327 0.0367772307692 0.5)
(0.688842320102 0.0367772307692 0.5)
(0.700414205682 0.0367772307692 0.5)
(0.712368251383 0.0367772307692 0.5)
(0.724717077998 0.0367772307692 0.5)
(0.737473723117 0.0367772307692 0.5)
(0.750651654898 0.0367772307692 0.5)
(0.764264786282 0.0367772307692 0.5)
(0.778327489683 0.0367772307692 0.5)
(0.792854612162 0.0367772307692 0.5)
(0.807861491104 0.0367772307692 0.5)
(0.823363970408 0.0367772307692 0.5)
(0.839378417215 0.0367772307692 0.5)
(0.85592173919 0.0367772307692 0.5)
(0.873011402373 0.0367772307692 0.5)
(0.890665449614 0.0367772307692 0.5)
(0.90890251963 0.0367772307692 0.5)
(0.927741866676 0.0367772307692 0.5)
(0.94720338088 0.0367772307692 0.5)
(0.967307609236 0.0367772307692 0.5)
(0.988075777301 0.0367772307692 0.5)
(1.0095298116 0.0367772307692 0.5)
(1.03169236279 0.0367772307692 0.5)
(1.05458682956 0.0367772307692 0.5)
(1.07823738331 0.0367772307692 0.5)
(1.10266899375 0.0367772307692 0.5)
(1.12790745516 0.0367772307692 0.5)
(1.15397941371 0.0367772307692 0.5)
(1.18091239553 0.0367772307692 0.5)
(1.20873483582 0.0367772307692 0.5)
(1.23747610884 0.0367772307692 0.5)
(1.26716655892 0.0367772307692 0.5)
(1.29783753252 0.0367772307692 0.5)
(1.32952141132 0.0367772307692 0.5)
(1.36225164637 0.0367772307692 0.5)
(1.39606279349 0.0367772307692 0.5)
(1.43099054964 0.0367772307692 0.5)
(1.46707179072 0.0367772307692 0.5)
(1.50434461042 0.0367772307692 0.5)
(1.54284836047 0.0367772307692 0.5)
(1.58262369222 0.0367772307692 0.5)
(1.62371259949 0.0367772307692 0.5)
(1.66615846294 0.0367772307692 0.5)
(1.71000609591 0.0367772307692 0.5)
(1.75530179164 0.0367772307692 0.5)
(1.80209337225 0.0367772307692 0.5)
(1.85043023915 0.0367772307692 0.5)
(1.90036342523 0.0367772307692 0.5)
(1.95194564874 0.0367772307692 0.5)
(2.00523136894 0.0367772307692 0.5)
(2.0602768436 0.0367772307692 0.5)
(2.1171401884 0.0367772307692 0.5)
(2.17588143829 0.0367772307692 0.5)
(2.23656261085 0.0367772307692 0.5)
(2.29924777179 0.0367772307692 0.5)
(2.36400310258 0.0367772307692 0.5)
(2.43089697035 0.0367772307692 0.5)
(2.5 0.0367772307692 0.5)
(0.608637878707 0.0459715384615 0.5)
(0.617561022312 0.0459715384615 0.5)
(0.626778851656 0.0459715384615 0.5)
(0.636301098699 0.0459715384615 0.5)
(0.646137816799 0.0459715384615 0.5)
(0.656299391323 0.0459715384615 0.5)
(0.666796550617 0.0459715384615 0.5)
(0.677640377327 0.0459715384615 0.5)
(0.688842320102 0.0459715384615 0.5)
(0.700414205682 0.0459715384615 0.5)
(0.712368251383 0.0459715384615 0.5)
(0.724717077998 0.0459715384615 0.5)
(0.737473723117 0.0459715384615 0.5)
(0.750651654898 0.0459715384615 0.5)
(0.764264786282 0.0459715384615 0.5)
(0.778327489683 0.0459715384615 0.5)
(0.792854612162 0.0459715384615 0.5)
(0.807861491104 0.0459715384615 0.5)
(0.823363970408 0.0459715384615 0.5)
(0.839378417215 0.0459715384615 0.5)
(0.85592173919 0.0459715384615 0.5)
(0.873011402373 0.0459715384615 0.5)
(0.890665449614 0.0459715384615 0.5)
(0.90890251963 0.0459715384615 0.5)
(0.927741866676 0.0459715384615 0.5)
(0.94720338088 0.0459715384615 0.5)
(0.967307609236 0.0459715384615 0.5)
(0.988075777301 0.0459715384615 0.5)
(1.0095298116 0.0459715384615 0.5)
(1.03169236279 0.0459715384615 0.5)
(1.05458682956 0.0459715384615 0.5)
(1.07823738331 0.0459715384615 0.5)
(1.10266899375 0.0459715384615 0.5)
(1.12790745516 0.0459715384615 0.5)
(1.15397941371 0.0459715384615 0.5)
(1.18091239553 0.0459715384615 0.5)
(1.20873483582 0.0459715384615 0.5)
(1.23747610884 0.0459715384615 0.5)
(1.26716655892 0.0459715384615 0.5)
(1.29783753252 0.0459715384615 0.5)
(1.32952141132 0.0459715384615 0.5)
(1.36225164637 0.0459715384615 0.5)
(1.39606279349 0.0459715384615 0.5)
(1.43099054964 0.0459715384615 0.5)
(1.46707179072 0.0459715384615 0.5)
(1.50434461042 0.0459715384615 0.5)
(1.54284836047 0.0459715384615 0.5)
(1.58262369222 0.0459715384615 0.5)
(1.62371259949 0.0459715384615 0.5)
(1.66615846294 0.0459715384615 0.5)
(1.71000609591 0.0459715384615 0.5)
(1.75530179164 0.0459715384615 0.5)
(1.80209337225 0.0459715384615 0.5)
(1.85043023915 0.0459715384615 0.5)
(1.90036342523 0.0459715384615 0.5)
(1.95194564874 0.0459715384615 0.5)
(2.00523136894 0.0459715384615 0.5)
(2.0602768436 0.0459715384615 0.5)
(2.1171401884 0.0459715384615 0.5)
(2.17588143829 0.0459715384615 0.5)
(2.23656261085 0.0459715384615 0.5)
(2.29924777179 0.0459715384615 0.5)
(2.36400310258 0.0459715384615 0.5)
(2.43089697035 0.0459715384615 0.5)
(2.5 0.0459715384615 0.5)
(0.608637878707 0.0551658461538 0.5)
(0.617561022312 0.0551658461538 0.5)
(0.626778851656 0.0551658461538 0.5)
(0.636301098699 0.0551658461538 0.5)
(0.646137816799 0.0551658461538 0.5)
(0.656299391323 0.0551658461538 0.5)
(0.666796550617 0.0551658461538 0.5)
(0.677640377327 0.0551658461538 0.5)
(0.688842320102 0.0551658461538 0.5)
(0.700414205682 0.0551658461538 0.5)
(0.712368251383 0.0551658461538 0.5)
(0.724717077998 0.0551658461538 0.5)
(0.737473723117 0.0551658461538 0.5)
(0.750651654898 0.0551658461538 0.5)
(0.764264786282 0.0551658461538 0.5)
(0.778327489683 0.0551658461538 0.5)
(0.792854612162 0.0551658461538 0.5)
(0.807861491104 0.0551658461538 0.5)
(0.823363970408 0.0551658461538 0.5)
(0.839378417215 0.0551658461538 0.5)
(0.85592173919 0.0551658461538 0.5)
(0.873011402373 0.0551658461538 0.5)
(0.890665449614 0.0551658461538 0.5)
(0.90890251963 0.0551658461538 0.5)
(0.927741866676 0.0551658461538 0.5)
(0.94720338088 0.0551658461538 0.5)
(0.967307609236 0.0551658461538 0.5)
(0.988075777301 0.0551658461538 0.5)
(1.0095298116 0.0551658461538 0.5)
(1.03169236279 0.0551658461538 0.5)
(1.05458682956 0.0551658461538 0.5)
(1.07823738331 0.0551658461538 0.5)
(1.10266899375 0.0551658461538 0.5)
(1.12790745516 0.0551658461538 0.5)
(1.15397941371 0.0551658461538 0.5)
(1.18091239553 0.0551658461538 0.5)
(1.20873483582 0.0551658461538 0.5)
(1.23747610884 0.0551658461538 0.5)
(1.26716655892 0.0551658461538 0.5)
(1.29783753252 0.0551658461538 0.5)
(1.32952141132 0.0551658461538 0.5)
(1.36225164637 0.0551658461538 0.5)
(1.39606279349 0.0551658461538 0.5)
(1.43099054964 0.0551658461538 0.5)
(1.46707179072 0.0551658461538 0.5)
(1.50434461042 0.0551658461538 0.5)
(1.54284836047 0.0551658461538 0.5)
(1.58262369222 0.0551658461538 0.5)
(1.62371259949 0.0551658461538 0.5)
(1.66615846294 0.0551658461538 0.5)
(1.71000609591 0.0551658461538 0.5)
(1.75530179164 0.0551658461538 0.5)
(1.80209337225 0.0551658461538 0.5)
(1.85043023915 0.0551658461538 0.5)
(1.90036342523 0.0551658461538 0.5)
(1.95194564874 0.0551658461538 0.5)
(2.00523136894 0.0551658461538 0.5)
(2.0602768436 0.0551658461538 0.5)
(2.1171401884 0.0551658461538 0.5)
(2.17588143829 0.0551658461538 0.5)
(2.23656261085 0.0551658461538 0.5)
(2.29924777179 0.0551658461538 0.5)
(2.36400310258 0.0551658461538 0.5)
(2.43089697035 0.0551658461538 0.5)
(2.5 0.0551658461538 0.5)
(0.608637878707 0.0643601538462 0.5)
(0.617561022312 0.0643601538462 0.5)
(0.626778851656 0.0643601538462 0.5)
(0.636301098699 0.0643601538462 0.5)
(0.646137816799 0.0643601538462 0.5)
(0.656299391323 0.0643601538462 0.5)
(0.666796550617 0.0643601538462 0.5)
(0.677640377327 0.0643601538462 0.5)
(0.688842320102 0.0643601538462 0.5)
(0.700414205682 0.0643601538462 0.5)
(0.712368251383 0.0643601538462 0.5)
(0.724717077998 0.0643601538462 0.5)
(0.737473723117 0.0643601538462 0.5)
(0.750651654898 0.0643601538462 0.5)
(0.764264786282 0.0643601538462 0.5)
(0.778327489683 0.0643601538462 0.5)
(0.792854612162 0.0643601538462 0.5)
(0.807861491104 0.0643601538462 0.5)
(0.823363970408 0.0643601538462 0.5)
(0.839378417215 0.0643601538462 0.5)
(0.85592173919 0.0643601538462 0.5)
(0.873011402373 0.0643601538462 0.5)
(0.890665449614 0.0643601538462 0.5)
(0.90890251963 0.0643601538462 0.5)
(0.927741866676 0.0643601538462 0.5)
(0.94720338088 0.0643601538462 0.5)
(0.967307609236 0.0643601538462 0.5)
(0.988075777301 0.0643601538462 0.5)
(1.0095298116 0.0643601538462 0.5)
(1.03169236279 0.0643601538462 0.5)
(1.05458682956 0.0643601538462 0.5)
(1.07823738331 0.0643601538462 0.5)
(1.10266899375 0.0643601538462 0.5)
(1.12790745516 0.0643601538462 0.5)
(1.15397941371 0.0643601538462 0.5)
(1.18091239553 0.0643601538462 0.5)
(1.20873483582 0.0643601538462 0.5)
(1.23747610884 0.0643601538462 0.5)
(1.26716655892 0.0643601538462 0.5)
(1.29783753252 0.0643601538462 0.5)
(1.32952141132 0.0643601538462 0.5)
(1.36225164637 0.0643601538462 0.5)
(1.39606279349 0.0643601538462 0.5)
(1.43099054964 0.0643601538462 0.5)
(1.46707179072 0.0643601538462 0.5)
(1.50434461042 0.0643601538462 0.5)
(1.54284836047 0.0643601538462 0.5)
(1.58262369222 0.0643601538462 0.5)
(1.62371259949 0.0643601538462 0.5)
(1.66615846294 0.0643601538462 0.5)
(1.71000609591 0.0643601538462 0.5)
(1.75530179164 0.0643601538462 0.5)
(1.80209337225 0.0643601538462 0.5)
(1.85043023915 0.0643601538462 0.5)
(1.90036342523 0.0643601538462 0.5)
(1.95194564874 0.0643601538462 0.5)
(2.00523136894 0.0643601538462 0.5)
(2.0602768436 0.0643601538462 0.5)
(2.1171401884 0.0643601538462 0.5)
(2.17588143829 0.0643601538462 0.5)
(2.23656261085 0.0643601538462 0.5)
(2.29924777179 0.0643601538462 0.5)
(2.36400310258 0.0643601538462 0.5)
(2.43089697035 0.0643601538462 0.5)
(2.5 0.0643601538462 0.5)
(0.608637878707 0.0735544615385 0.5)
(0.617561022312 0.0735544615385 0.5)
(0.626778851656 0.0735544615385 0.5)
(0.636301098699 0.0735544615385 0.5)
(0.646137816799 0.0735544615385 0.5)
(0.656299391323 0.0735544615385 0.5)
(0.666796550617 0.0735544615385 0.5)
(0.677640377327 0.0735544615385 0.5)
(0.688842320102 0.0735544615385 0.5)
(0.700414205682 0.0735544615385 0.5)
(0.712368251383 0.0735544615385 0.5)
(0.724717077998 0.0735544615385 0.5)
(0.737473723117 0.0735544615385 0.5)
(0.750651654898 0.0735544615385 0.5)
(0.764264786282 0.0735544615385 0.5)
(0.778327489683 0.0735544615385 0.5)
(0.792854612162 0.0735544615385 0.5)
(0.807861491104 0.0735544615385 0.5)
(0.823363970408 0.0735544615385 0.5)
(0.839378417215 0.0735544615385 0.5)
(0.85592173919 0.0735544615385 0.5)
(0.873011402373 0.0735544615385 0.5)
(0.890665449614 0.0735544615385 0.5)
(0.90890251963 0.0735544615385 0.5)
(0.927741866676 0.0735544615385 0.5)
(0.94720338088 0.0735544615385 0.5)
(0.967307609236 0.0735544615385 0.5)
(0.988075777301 0.0735544615385 0.5)
(1.0095298116 0.0735544615385 0.5)
(1.03169236279 0.0735544615385 0.5)
(1.05458682956 0.0735544615385 0.5)
(1.07823738331 0.0735544615385 0.5)
(1.10266899375 0.0735544615385 0.5)
(1.12790745516 0.0735544615385 0.5)
(1.15397941371 0.0735544615385 0.5)
(1.18091239553 0.0735544615385 0.5)
(1.20873483582 0.0735544615385 0.5)
(1.23747610884 0.0735544615385 0.5)
(1.26716655892 0.0735544615385 0.5)
(1.29783753252 0.0735544615385 0.5)
(1.32952141132 0.0735544615385 0.5)
(1.36225164637 0.0735544615385 0.5)
(1.39606279349 0.0735544615385 0.5)
(1.43099054964 0.0735544615385 0.5)
(1.46707179072 0.0735544615385 0.5)
(1.50434461042 0.0735544615385 0.5)
(1.54284836047 0.0735544615385 0.5)
(1.58262369222 0.0735544615385 0.5)
(1.62371259949 0.0735544615385 0.5)
(1.66615846294 0.0735544615385 0.5)
(1.71000609591 0.0735544615385 0.5)
(1.75530179164 0.0735544615385 0.5)
(1.80209337225 0.0735544615385 0.5)
(1.85043023915 0.0735544615385 0.5)
(1.90036342523 0.0735544615385 0.5)
(1.95194564874 0.0735544615385 0.5)
(2.00523136894 0.0735544615385 0.5)
(2.0602768436 0.0735544615385 0.5)
(2.1171401884 0.0735544615385 0.5)
(2.17588143829 0.0735544615385 0.5)
(2.23656261085 0.0735544615385 0.5)
(2.29924777179 0.0735544615385 0.5)
(2.36400310258 0.0735544615385 0.5)
(2.43089697035 0.0735544615385 0.5)
(2.5 0.0735544615385 0.5)
(0.608637878707 0.0827487692308 0.5)
(0.617561022312 0.0827487692308 0.5)
(0.626778851656 0.0827487692308 0.5)
(0.636301098699 0.0827487692308 0.5)
(0.646137816799 0.0827487692308 0.5)
(0.656299391323 0.0827487692308 0.5)
(0.666796550617 0.0827487692308 0.5)
(0.677640377327 0.0827487692308 0.5)
(0.688842320102 0.0827487692308 0.5)
(0.700414205682 0.0827487692308 0.5)
(0.712368251383 0.0827487692308 0.5)
(0.724717077998 0.0827487692308 0.5)
(0.737473723117 0.0827487692308 0.5)
(0.750651654898 0.0827487692308 0.5)
(0.764264786282 0.0827487692308 0.5)
(0.778327489683 0.0827487692308 0.5)
(0.792854612162 0.0827487692308 0.5)
(0.807861491104 0.0827487692308 0.5)
(0.823363970408 0.0827487692308 0.5)
(0.839378417215 0.0827487692308 0.5)
(0.85592173919 0.0827487692308 0.5)
(0.873011402373 0.0827487692308 0.5)
(0.890665449614 0.0827487692308 0.5)
(0.90890251963 0.0827487692308 0.5)
(0.927741866676 0.0827487692308 0.5)
(0.94720338088 0.0827487692308 0.5)
(0.967307609236 0.0827487692308 0.5)
(0.988075777301 0.0827487692308 0.5)
(1.0095298116 0.0827487692308 0.5)
(1.03169236279 0.0827487692308 0.5)
(1.05458682956 0.0827487692308 0.5)
(1.07823738331 0.0827487692308 0.5)
(1.10266899375 0.0827487692308 0.5)
(1.12790745516 0.0827487692308 0.5)
(1.15397941371 0.0827487692308 0.5)
(1.18091239553 0.0827487692308 0.5)
(1.20873483582 0.0827487692308 0.5)
(1.23747610884 0.0827487692308 0.5)
(1.26716655892 0.0827487692308 0.5)
(1.29783753252 0.0827487692308 0.5)
(1.32952141132 0.0827487692308 0.5)
(1.36225164637 0.0827487692308 0.5)
(1.39606279349 0.0827487692308 0.5)
(1.43099054964 0.0827487692308 0.5)
(1.46707179072 0.0827487692308 0.5)
(1.50434461042 0.0827487692308 0.5)
(1.54284836047 0.0827487692308 0.5)
(1.58262369222 0.0827487692308 0.5)
(1.62371259949 0.0827487692308 0.5)
(1.66615846294 0.0827487692308 0.5)
(1.71000609591 0.0827487692308 0.5)
(1.75530179164 0.0827487692308 0.5)
(1.80209337225 0.0827487692308 0.5)
(1.85043023915 0.0827487692308 0.5)
(1.90036342523 0.0827487692308 0.5)
(1.95194564874 0.0827487692308 0.5)
(2.00523136894 0.0827487692308 0.5)
(2.0602768436 0.0827487692308 0.5)
(2.1171401884 0.0827487692308 0.5)
(2.17588143829 0.0827487692308 0.5)
(2.23656261085 0.0827487692308 0.5)
(2.29924777179 0.0827487692308 0.5)
(2.36400310258 0.0827487692308 0.5)
(2.43089697035 0.0827487692308 0.5)
(2.5 0.0827487692308 0.5)
(0.608637878707 0.0919430769231 0.5)
(0.617561022312 0.0919430769231 0.5)
(0.626778851656 0.0919430769231 0.5)
(0.636301098699 0.0919430769231 0.5)
(0.646137816799 0.0919430769231 0.5)
(0.656299391323 0.0919430769231 0.5)
(0.666796550617 0.0919430769231 0.5)
(0.677640377327 0.0919430769231 0.5)
(0.688842320102 0.0919430769231 0.5)
(0.700414205682 0.0919430769231 0.5)
(0.712368251383 0.0919430769231 0.5)
(0.724717077998 0.0919430769231 0.5)
(0.737473723117 0.0919430769231 0.5)
(0.750651654898 0.0919430769231 0.5)
(0.764264786282 0.0919430769231 0.5)
(0.778327489683 0.0919430769231 0.5)
(0.792854612162 0.0919430769231 0.5)
(0.807861491104 0.0919430769231 0.5)
(0.823363970408 0.0919430769231 0.5)
(0.839378417215 0.0919430769231 0.5)
(0.85592173919 0.0919430769231 0.5)
(0.873011402373 0.0919430769231 0.5)
(0.890665449614 0.0919430769231 0.5)
(0.90890251963 0.0919430769231 0.5)
(0.927741866676 0.0919430769231 0.5)
(0.94720338088 0.0919430769231 0.5)
(0.967307609236 0.0919430769231 0.5)
(0.988075777301 0.0919430769231 0.5)
(1.0095298116 0.0919430769231 0.5)
(1.03169236279 0.0919430769231 0.5)
(1.05458682956 0.0919430769231 0.5)
(1.07823738331 0.0919430769231 0.5)
(1.10266899375 0.0919430769231 0.5)
(1.12790745516 0.0919430769231 0.5)
(1.15397941371 0.0919430769231 0.5)
(1.18091239553 0.0919430769231 0.5)
(1.20873483582 0.0919430769231 0.5)
(1.23747610884 0.0919430769231 0.5)
(1.26716655892 0.0919430769231 0.5)
(1.29783753252 0.0919430769231 0.5)
(1.32952141132 0.0919430769231 0.5)
(1.36225164637 0.0919430769231 0.5)
(1.39606279349 0.0919430769231 0.5)
(1.43099054964 0.0919430769231 0.5)
(1.46707179072 0.0919430769231 0.5)
(1.50434461042 0.0919430769231 0.5)
(1.54284836047 0.0919430769231 0.5)
(1.58262369222 0.0919430769231 0.5)
(1.62371259949 0.0919430769231 0.5)
(1.66615846294 0.0919430769231 0.5)
(1.71000609591 0.0919430769231 0.5)
(1.75530179164 0.0919430769231 0.5)
(1.80209337225 0.0919430769231 0.5)
(1.85043023915 0.0919430769231 0.5)
(1.90036342523 0.0919430769231 0.5)
(1.95194564874 0.0919430769231 0.5)
(2.00523136894 0.0919430769231 0.5)
(2.0602768436 0.0919430769231 0.5)
(2.1171401884 0.0919430769231 0.5)
(2.17588143829 0.0919430769231 0.5)
(2.23656261085 0.0919430769231 0.5)
(2.29924777179 0.0919430769231 0.5)
(2.36400310258 0.0919430769231 0.5)
(2.43089697035 0.0919430769231 0.5)
(2.5 0.0919430769231 0.5)
(0.608637878707 0.101137384615 0.5)
(0.617561022312 0.101137384615 0.5)
(0.626778851656 0.101137384615 0.5)
(0.636301098699 0.101137384615 0.5)
(0.646137816799 0.101137384615 0.5)
(0.656299391323 0.101137384615 0.5)
(0.666796550617 0.101137384615 0.5)
(0.677640377327 0.101137384615 0.5)
(0.688842320102 0.101137384615 0.5)
(0.700414205682 0.101137384615 0.5)
(0.712368251383 0.101137384615 0.5)
(0.724717077998 0.101137384615 0.5)
(0.737473723117 0.101137384615 0.5)
(0.750651654898 0.101137384615 0.5)
(0.764264786282 0.101137384615 0.5)
(0.778327489683 0.101137384615 0.5)
(0.792854612162 0.101137384615 0.5)
(0.807861491104 0.101137384615 0.5)
(0.823363970408 0.101137384615 0.5)
(0.839378417215 0.101137384615 0.5)
(0.85592173919 0.101137384615 0.5)
(0.873011402373 0.101137384615 0.5)
(0.890665449614 0.101137384615 0.5)
(0.90890251963 0.101137384615 0.5)
(0.927741866676 0.101137384615 0.5)
(0.94720338088 0.101137384615 0.5)
(0.967307609236 0.101137384615 0.5)
(0.988075777301 0.101137384615 0.5)
(1.0095298116 0.101137384615 0.5)
(1.03169236279 0.101137384615 0.5)
(1.05458682956 0.101137384615 0.5)
(1.07823738331 0.101137384615 0.5)
(1.10266899375 0.101137384615 0.5)
(1.12790745516 0.101137384615 0.5)
(1.15397941371 0.101137384615 0.5)
(1.18091239553 0.101137384615 0.5)
(1.20873483582 0.101137384615 0.5)
(1.23747610884 0.101137384615 0.5)
(1.26716655892 0.101137384615 0.5)
(1.29783753252 0.101137384615 0.5)
(1.32952141132 0.101137384615 0.5)
(1.36225164637 0.101137384615 0.5)
(1.39606279349 0.101137384615 0.5)
(1.43099054964 0.101137384615 0.5)
(1.46707179072 0.101137384615 0.5)
(1.50434461042 0.101137384615 0.5)
(1.54284836047 0.101137384615 0.5)
(1.58262369222 0.101137384615 0.5)
(1.62371259949 0.101137384615 0.5)
(1.66615846294 0.101137384615 0.5)
(1.71000609591 0.101137384615 0.5)
(1.75530179164 0.101137384615 0.5)
(1.80209337225 0.101137384615 0.5)
(1.85043023915 0.101137384615 0.5)
(1.90036342523 0.101137384615 0.5)
(1.95194564874 0.101137384615 0.5)
(2.00523136894 0.101137384615 0.5)
(2.0602768436 0.101137384615 0.5)
(2.1171401884 0.101137384615 0.5)
(2.17588143829 0.101137384615 0.5)
(2.23656261085 0.101137384615 0.5)
(2.29924777179 0.101137384615 0.5)
(2.36400310258 0.101137384615 0.5)
(2.43089697035 0.101137384615 0.5)
(2.5 0.101137384615 0.5)
(0.608637878707 0.110331692308 0.5)
(0.617561022312 0.110331692308 0.5)
(0.626778851656 0.110331692308 0.5)
(0.636301098699 0.110331692308 0.5)
(0.646137816799 0.110331692308 0.5)
(0.656299391323 0.110331692308 0.5)
(0.666796550617 0.110331692308 0.5)
(0.677640377327 0.110331692308 0.5)
(0.688842320102 0.110331692308 0.5)
(0.700414205682 0.110331692308 0.5)
(0.712368251383 0.110331692308 0.5)
(0.724717077998 0.110331692308 0.5)
(0.737473723117 0.110331692308 0.5)
(0.750651654898 0.110331692308 0.5)
(0.764264786282 0.110331692308 0.5)
(0.778327489683 0.110331692308 0.5)
(0.792854612162 0.110331692308 0.5)
(0.807861491104 0.110331692308 0.5)
(0.823363970408 0.110331692308 0.5)
(0.839378417215 0.110331692308 0.5)
(0.85592173919 0.110331692308 0.5)
(0.873011402373 0.110331692308 0.5)
(0.890665449614 0.110331692308 0.5)
(0.90890251963 0.110331692308 0.5)
(0.927741866676 0.110331692308 0.5)
(0.94720338088 0.110331692308 0.5)
(0.967307609236 0.110331692308 0.5)
(0.988075777301 0.110331692308 0.5)
(1.0095298116 0.110331692308 0.5)
(1.03169236279 0.110331692308 0.5)
(1.05458682956 0.110331692308 0.5)
(1.07823738331 0.110331692308 0.5)
(1.10266899375 0.110331692308 0.5)
(1.12790745516 0.110331692308 0.5)
(1.15397941371 0.110331692308 0.5)
(1.18091239553 0.110331692308 0.5)
(1.20873483582 0.110331692308 0.5)
(1.23747610884 0.110331692308 0.5)
(1.26716655892 0.110331692308 0.5)
(1.29783753252 0.110331692308 0.5)
(1.32952141132 0.110331692308 0.5)
(1.36225164637 0.110331692308 0.5)
(1.39606279349 0.110331692308 0.5)
(1.43099054964 0.110331692308 0.5)
(1.46707179072 0.110331692308 0.5)
(1.50434461042 0.110331692308 0.5)
(1.54284836047 0.110331692308 0.5)
(1.58262369222 0.110331692308 0.5)
(1.62371259949 0.110331692308 0.5)
(1.66615846294 0.110331692308 0.5)
(1.71000609591 0.110331692308 0.5)
(1.75530179164 0.110331692308 0.5)
(1.80209337225 0.110331692308 0.5)
(1.85043023915 0.110331692308 0.5)
(1.90036342523 0.110331692308 0.5)
(1.95194564874 0.110331692308 0.5)
(2.00523136894 0.110331692308 0.5)
(2.0602768436 0.110331692308 0.5)
(2.1171401884 0.110331692308 0.5)
(2.17588143829 0.110331692308 0.5)
(2.23656261085 0.110331692308 0.5)
(2.29924777179 0.110331692308 0.5)
(2.36400310258 0.110331692308 0.5)
(2.43089697035 0.110331692308 0.5)
(2.5 0.110331692308 0.5)
(0.608637878707 0.119526 0.5)
(0.617561022312 0.119526 0.5)
(0.626778851656 0.119526 0.5)
(0.636301098699 0.119526 0.5)
(0.646137816799 0.119526 0.5)
(0.656299391323 0.119526 0.5)
(0.666796550617 0.119526 0.5)
(0.677640377327 0.119526 0.5)
(0.688842320102 0.119526 0.5)
(0.700414205682 0.119526 0.5)
(0.712368251383 0.119526 0.5)
(0.724717077998 0.119526 0.5)
(0.737473723117 0.119526 0.5)
(0.750651654898 0.119526 0.5)
(0.764264786282 0.119526 0.5)
(0.778327489683 0.119526 0.5)
(0.792854612162 0.119526 0.5)
(0.807861491104 0.119526 0.5)
(0.823363970408 0.119526 0.5)
(0.839378417215 0.119526 0.5)
(0.85592173919 0.119526 0.5)
(0.873011402373 0.119526 0.5)
(0.890665449614 0.119526 0.5)
(0.90890251963 0.119526 0.5)
(0.927741866676 0.119526 0.5)
(0.94720338088 0.119526 0.5)
(0.967307609236 0.119526 0.5)
(0.988075777301 0.119526 0.5)
(1.0095298116 0.119526 0.5)
(1.03169236279 0.119526 0.5)
(1.05458682956 0.119526 0.5)
(1.07823738331 0.119526 0.5)
(1.10266899375 0.119526 0.5)
(1.12790745516 0.119526 0.5)
(1.15397941371 0.119526 0.5)
(1.18091239553 0.119526 0.5)
(1.20873483582 0.119526 0.5)
(1.23747610884 0.119526 0.5)
(1.26716655892 0.119526 0.5)
(1.29783753252 0.119526 0.5)
(1.32952141132 0.119526 0.5)
(1.36225164637 0.119526 0.5)
(1.39606279349 0.119526 0.5)
(1.43099054964 0.119526 0.5)
(1.46707179072 0.119526 0.5)
(1.50434461042 0.119526 0.5)
(1.54284836047 0.119526 0.5)
(1.58262369222 0.119526 0.5)
(1.62371259949 0.119526 0.5)
(1.66615846294 0.119526 0.5)
(1.71000609591 0.119526 0.5)
(1.75530179164 0.119526 0.5)
(1.80209337225 0.119526 0.5)
(1.85043023915 0.119526 0.5)
(1.90036342523 0.119526 0.5)
(1.95194564874 0.119526 0.5)
(2.00523136894 0.119526 0.5)
(2.0602768436 0.119526 0.5)
(2.1171401884 0.119526 0.5)
(2.17588143829 0.119526 0.5)
(2.23656261085 0.119526 0.5)
(2.29924777179 0.119526 0.5)
(2.36400310258 0.119526 0.5)
(2.43089697035 0.119526 0.5)
(2.5 0.119526 0.5)
(0 0.128993529412 -0.5)
(0.00886660276215 0.12894701496 -0.5)
(0.0177332055243 0.128900500508 -0.5)
(0.0265998082865 0.128853986057 -0.5)
(0.0354664110486 0.128807471605 -0.5)
(0.0443330138108 0.128760957154 -0.5)
(0.0531996165729 0.128714442702 -0.5)
(0.0620662193351 0.12866792825 -0.5)
(0.0709328220972 0.128621413799 -0.5)
(0.0797994248594 0.128574899347 -0.5)
(0.0886660276215 0.128528384895 -0.5)
(0.0975326303837 0.128481870444 -0.5)
(0.106399233146 0.128435355992 -0.5)
(0.115265835908 0.12838884154 -0.5)
(0 0.138461058824 -0.5)
(0.00857757610355 0.138385305622 -0.5)
(0.0171551522071 0.13830955242 -0.5)
(0.0257327283107 0.138233799218 -0.5)
(0.0343103044142 0.138158046016 -0.5)
(0.0428878805178 0.138082292814 -0.5)
(0.0514654566213 0.138006539612 -0.5)
(0.0600430327249 0.13793078641 -0.5)
(0.0686206088284 0.137855033208 -0.5)
(0.077198184932 0.137779280006 -0.5)
(0.0857757610355 0.137703526804 -0.5)
(0.0943533371391 0.137627773602 -0.5)
(0.102930913243 0.1375520204 -0.5)
(0.111508489346 0.137476267198 -0.5)
(0 0.147928588235 -0.5)
(0.00832813415062 0.147838679705 -0.5)
(0.0166562683012 0.147748771175 -0.5)
(0.0249844024519 0.147658862645 -0.5)
(0.0333125366025 0.147568954114 -0.5)
(0.0416406707531 0.147479045584 -0.5)
(0.0499688049037 0.147389137054 -0.5)
(0.0582969390543 0.147299228524 -0.5)
(0.066625073205 0.147209319994 -0.5)
(0.0749532073556 0.147119411463 -0.5)
(0.0832813415062 0.147029502933 -0.5)
(0.0916094756568 0.146939594403 -0.5)
(0.0999376098074 0.146849685873 -0.5)
(0.108265743958 0.146759777343 -0.5)
(0 0.157396117647 -0.5)
(0.00811905919346 0.157304897628 -0.5)
(0.0162381183869 0.157213677608 -0.5)
(0.0243571775804 0.157122457588 -0.5)
(0.0324762367738 0.157031237569 -0.5)
(0.0405952959673 0.156940017549 -0.5)
(0.0487143551607 0.15684879753 -0.5)
(0.0568334143542 0.15675757751 -0.5)
(0.0649524735477 0.156666357491 -0.5)
(0.0730715327411 0.156575137471 -0.5)
(0.0811905919346 0.156483917452 -0.5)
(0.089309651128 0.156392697432 -0.5)
(0.0974287103215 0.156301477413 -0.5)
(0.105547769515 0.156210257393 -0.5)
(0 0.166863647059 -0.5)
(0.00795100692478 0.166781679525 -0.5)
(0.0159020138496 0.166699711992 -0.5)
(0.0238530207743 0.166617744458 -0.5)
(0.0318040276991 0.166535776925 -0.5)
(0.0397550346239 0.166453809391 -0.5)
(0.0477060415487 0.166371841858 -0.5)
(0.0556570484735 0.166289874324 -0.5)
(0.0636080553982 0.166207906791 -0.5)
(0.071559062323 0.166125939257 -0.5)
(0.0795100692478 0.166043971724 -0.5)
(0.0874610761726 0.16596200419 -0.5)
(0.0954120830974 0.165880036657 -0.5)
(0.103363090022 0.165798069123 -0.5)
(0 0.176331176471 -0.5)
(0.00782450438354 0.176266712405 -0.5)
(0.0156490087671 0.176202248339 -0.5)
(0.0234735131506 0.176137784273 -0.5)
(0.0312980175342 0.176073320207 -0.5)
(0.0391225219177 0.176008856141 -0.5)
(0.0469470263013 0.175944392075 -0.5)
(0.0547715306848 0.175879928009 -0.5)
(0.0625960350683 0.175815463943 -0.5)
(0.0704205394519 0.175750999877 -0.5)
(0.0782450438354 0.175686535811 -0.5)
(0.086069548219 0.175622071745 -0.5)
(0.0938940526025 0.175557607679 -0.5)
(0.101718556986 0.175493143613 -0.5)
(0 0.185798705882 -0.5)
(0.00773994830207 0.185757657395 -0.5)
(0.0154798966041 0.185716608908 -0.5)
(0.0232198449062 0.18567556042 -0.5)
(0.0309597932083 0.185634511933 -0.5)
(0.0386997415104 0.185593463446 -0.5)
(0.0464396898124 0.185552414959 -0.5)
(0.0541796381145 0.185511366471 -0.5)
(0.0619195864166 0.185470317984 -0.5)
(0.0696595347186 0.185429269497 -0.5)
(0.0773994830207 0.185388221009 -0.5)
(0.0851394313228 0.185347172522 -0.5)
(0.0928793796249 0.185306124035 -0.5)
(0.100619327927 0.185265075548 -0.5)
(0 0.195266235294 -0.5)
(0.00769760386185 0.195252157085 -0.5)
(0.0153952077237 0.195238078876 -0.5)
(0.0230928115855 0.195224000667 -0.5)
(0.0307904154474 0.195209922458 -0.5)
(0.0384880193092 0.195195844249 -0.5)
(0.0461856231711 0.19518176604 -0.5)
(0.0538832270329 0.195167687831 -0.5)
(0.0615808308948 0.195153609622 -0.5)
(0.0692784347566 0.195139531413 -0.5)
(0.0769760386185 0.195125453204 -0.5)
(0.0846736424803 0.195111374995 -0.5)
(0.0923712463422 0.195097296786 -0.5)
(0.100068850204 0.195083218577 -0.5)
(0 0.204733764706 -0.5)
(0.00769760386185 0.204747842915 -0.5)
(0.0153952077237 0.204761921124 -0.5)
(0.0230928115855 0.204775999333 -0.5)
(0.0307904154474 0.204790077542 -0.5)
(0.0384880193092 0.204804155751 -0.5)
(0.0461856231711 0.20481823396 -0.5)
(0.0538832270329 0.204832312169 -0.5)
(0.0615808308948 0.204846390378 -0.5)
(0.0692784347566 0.204860468587 -0.5)
(0.0769760386185 0.204874546796 -0.5)
(0.0846736424803 0.204888625005 -0.5)
(0.0923712463422 0.204902703214 -0.5)
(0.100068850204 0.204916781423 -0.5)
(0 0.214201294118 -0.5)
(0.00773994830207 0.214242342605 -0.5)
(0.0154798966041 0.214283391092 -0.5)
(0.0232198449062 0.21432443958 -0.5)
(0.0309597932083 0.214365488067 -0.5)
(0.0386997415104 0.214406536554 -0.5)
(0.0464396898124 0.214447585041 -0.5)
(0.0541796381145 0.214488633529 -0.5)
(0.0619195864166 0.214529682016 -0.5)
(0.0696595347186 0.214570730503 -0.5)
(0.0773994830207 0.214611778991 -0.5)
(0.0851394313228 0.214652827478 -0.5)
(0.0928793796249 0.214693875965 -0.5)
(0.100619327927 0.214734924452 -0.5)
(0 0.223668823529 -0.5)
(0.00782450438354 0.223733287595 -0.5)
(0.0156490087671 0.223797751661 -0.5)
(0.0234735131506 0.223862215727 -0.5)
(0.0312980175342 0.223926679793 -0.5)
(0.0391225219177 0.223991143859 -0.5)
(0.0469470263013 0.224055607925 -0.5)
(0.0547715306848 0.224120071991 -0.5)
(0.0625960350683 0.224184536057 -0.5)
(0.0704205394519 0.224249000123 -0.5)
(0.0782450438354 0.224313464189 -0.5)
(0.086069548219 0.224377928255 -0.5)
(0.0938940526025 0.224442392321 -0.5)
(0.101718556986 0.224506856387 -0.5)
(0 0.233136352941 -0.5)
(0.00795100692478 0.233218320475 -0.5)
(0.0159020138496 0.233300288008 -0.5)
(0.0238530207743 0.233382255542 -0.5)
(0.0318040276991 0.233464223075 -0.5)
(0.0397550346239 0.233546190609 -0.5)
(0.0477060415487 0.233628158142 -0.5)
(0.0556570484735 0.233710125676 -0.5)
(0.0636080553982 0.233792093209 -0.5)
(0.071559062323 0.233874060743 -0.5)
(0.0795100692478 0.233956028276 -0.5)
(0.0874610761726 0.23403799581 -0.5)
(0.0954120830974 0.234119963343 -0.5)
(0.103363090022 0.234201930877 -0.5)
(0 0.242603882353 -0.5)
(0.00811905919346 0.242695102372 -0.5)
(0.0162381183869 0.242786322392 -0.5)
(0.0243571775804 0.242877542412 -0.5)
(0.0324762367738 0.242968762431 -0.5)
(0.0405952959673 0.243059982451 -0.5)
(0.0487143551607 0.24315120247 -0.5)
(0.0568334143542 0.24324242249 -0.5)
(0.0649524735477 0.243333642509 -0.5)
(0.0730715327411 0.243424862529 -0.5)
(0.0811905919346 0.243516082548 -0.5)
(0.089309651128 0.243607302568 -0.5)
(0.0974287103215 0.243698522587 -0.5)
(0.105547769515 0.243789742607 -0.5)
(0 0.252071411765 -0.5)
(0.00832813415062 0.252161320295 -0.5)
(0.0166562683012 0.252251228825 -0.5)
(0.0249844024519 0.252341137355 -0.5)
(0.0333125366025 0.252431045886 -0.5)
(0.0416406707531 0.252520954416 -0.5)
(0.0499688049037 0.252610862946 -0.5)
(0.0582969390543 0.252700771476 -0.5)
(0.066625073205 0.252790680006 -0.5)
(0.0749532073556 0.252880588537 -0.5)
(0.0832813415062 0.252970497067 -0.5)
(0.0916094756568 0.253060405597 -0.5)
(0.0999376098074 0.253150314127 -0.5)
(0.108265743958 0.253240222657 -0.5)
(0 0.261538941176 -0.5)
(0.00857757610355 0.261614694378 -0.5)
(0.0171551522071 0.26169044758 -0.5)
(0.0257327283107 0.261766200782 -0.5)
(0.0343103044142 0.261841953984 -0.5)
(0.0428878805178 0.261917707186 -0.5)
(0.0514654566213 0.261993460388 -0.5)
(0.0600430327249 0.26206921359 -0.5)
(0.0686206088284 0.262144966792 -0.5)
(0.077198184932 0.262220719994 -0.5)
(0.0857757610355 0.262296473196 -0.5)
(0.0943533371391 0.262372226398 -0.5)
(0.102930913243 0.2624479796 -0.5)
(0.111508489346 0.262523732802 -0.5)
(0 0.271006470588 -0.5)
(0.00886660276215 0.27105298504 -0.5)
(0.0177332055243 0.271099499492 -0.5)
(0.0265998082865 0.271146013943 -0.5)
(0.0354664110486 0.271192528395 -0.5)
(0.0443330138108 0.271239042846 -0.5)
(0.0531996165729 0.271285557298 -0.5)
(0.0620662193351 0.27133207175 -0.5)
(0.0709328220972 0.271378586201 -0.5)
(0.0797994248594 0.271425100653 -0.5)
(0.0886660276215 0.271471615105 -0.5)
(0.0975326303837 0.271518129556 -0.5)
(0.106399233146 0.271564644008 -0.5)
(0.115265835908 0.27161115846 -0.5)
(0 0.280474 -0.5)
(0.00919430769231 0.280474 -0.5)
(0.0183886153846 0.280474 -0.5)
(0.0275829230769 0.280474 -0.5)
(0.0367772307692 0.280474 -0.5)
(0.0459715384615 0.280474 -0.5)
(0.0551658461538 0.280474 -0.5)
(0.0643601538462 0.280474 -0.5)
(0.0735544615385 0.280474 -0.5)
(0.0827487692308 0.280474 -0.5)
(0.0919430769231 0.280474 -0.5)
(0.101137384615 0.280474 -0.5)
(0.110331692308 0.280474 -0.5)
(0.119526 0.280474 -0.5)
(0 0.128993529412 0.5)
(0.00886660276215 0.12894701496 0.5)
(0.0177332055243 0.128900500508 0.5)
(0.0265998082865 0.128853986057 0.5)
(0.0354664110486 0.128807471605 0.5)
(0.0443330138108 0.128760957154 0.5)
(0.0531996165729 0.128714442702 0.5)
(0.0620662193351 0.12866792825 0.5)
(0.0709328220972 0.128621413799 0.5)
(0.0797994248594 0.128574899347 0.5)
(0.0886660276215 0.128528384895 0.5)
(0.0975326303837 0.128481870444 0.5)
(0.106399233146 0.128435355992 0.5)
(0.115265835908 0.12838884154 0.5)
(0 0.138461058824 0.5)
(0.00857757610355 0.138385305622 0.5)
(0.0171551522071 0.13830955242 0.5)
(0.0257327283107 0.138233799218 0.5)
(0.0343103044142 0.138158046016 0.5)
(0.0428878805178 0.138082292814 0.5)
(0.0514654566213 0.138006539612 0.5)
(0.0600430327249 0.13793078641 0.5)
(0.0686206088284 0.137855033208 0.5)
(0.077198184932 0.137779280006 0.5)
(0.0857757610355 0.137703526804 0.5)
(0.0943533371391 0.137627773602 0.5)
(0.102930913243 0.1375520204 0.5)
(0.111508489346 0.137476267198 0.5)
(0 0.147928588235 0.5)
(0.00832813415062 0.147838679705 0.5)
(0.0166562683012 0.147748771175 0.5)
(0.0249844024519 0.147658862645 0.5)
(0.0333125366025 0.147568954114 0.5)
(0.0416406707531 0.147479045584 0.5)
(0.0499688049037 0.147389137054 0.5)
(0.0582969390543 0.147299228524 0.5)
(0.066625073205 0.147209319994 0.5)
(0.0749532073556 0.147119411463 0.5)
(0.0832813415062 0.147029502933 0.5)
(0.0916094756568 0.146939594403 0.5)
(0.0999376098074 0.146849685873 0.5)
(0.108265743958 0.146759777343 0.5)
(0 0.157396117647 0.5)
(0.00811905919346 0.157304897628 0.5)
(0.0162381183869 0.157213677608 0.5)
(0.0243571775804 0.157122457588 0.5)
(0.0324762367738 0.157031237569 0.5)
(0.0405952959673 0.156940017549 0.5)
(0.0487143551607 0.15684879753 0.5)
(0.0568334143542 0.15675757751 0.5)
(0.0649524735477 0.156666357491 0.5)
(0.0730715327411 0.156575137471 0.5)
(0.0811905919346 0.156483917452 0.5)
(0.089309651128 0.156392697432 0.5)
(0.0974287103215 0.156301477413 0.5)
(0.105547769515 0.156210257393 0.5)
(0 0.166863647059 0.5)
(0.00795100692478 0.166781679525 0.5)
(0.0159020138496 0.166699711992 0.5)
(0.0238530207743 0.166617744458 0.5)
(0.0318040276991 0.166535776925 0.5)
(0.0397550346239 0.166453809391 0.5)
(0.0477060415487 0.166371841858 0.5)
(0.0556570484735 0.166289874324 0.5)
(0.0636080553982 0.166207906791 0.5)
(0.071559062323 0.166125939257 0.5)
(0.0795100692478 0.166043971724 0.5)
(0.0874610761726 0.16596200419 0.5)
(0.0954120830974 0.165880036657 0.5)
(0.103363090022 0.165798069123 0.5)
(0 0.176331176471 0.5)
(0.00782450438354 0.176266712405 0.5)
(0.0156490087671 0.176202248339 0.5)
(0.0234735131506 0.176137784273 0.5)
(0.0312980175342 0.176073320207 0.5)
(0.0391225219177 0.176008856141 0.5)
(0.0469470263013 0.175944392075 0.5)
(0.0547715306848 0.175879928009 0.5)
(0.0625960350683 0.175815463943 0.5)
(0.0704205394519 0.175750999877 0.5)
(0.0782450438354 0.175686535811 0.5)
(0.086069548219 0.175622071745 0.5)
(0.0938940526025 0.175557607679 0.5)
(0.101718556986 0.175493143613 0.5)
(0 0.185798705882 0.5)
(0.00773994830207 0.185757657395 0.5)
(0.0154798966041 0.185716608908 0.5)
(0.0232198449062 0.18567556042 0.5)
(0.0309597932083 0.185634511933 0.5)
(0.0386997415104 0.185593463446 0.5)
(0.0464396898124 0.185552414959 0.5)
(0.0541796381145 0.185511366471 0.5)
(0.0619195864166 0.185470317984 0.5)
(0.0696595347186 0.185429269497 0.5)
(0.0773994830207 0.185388221009 0.5)
(0.0851394313228 0.185347172522 0.5)
(0.0928793796249 0.185306124035 0.5)
(0.100619327927 0.185265075548 0.5)
(0 0.195266235294 0.5)
(0.00769760386185 0.195252157085 0.5)
(0.0153952077237 0.195238078876 0.5)
(0.0230928115855 0.195224000667 0.5)
(0.0307904154474 0.195209922458 0.5)
(0.0384880193092 0.195195844249 0.5)
(0.0461856231711 0.19518176604 0.5)
(0.0538832270329 0.195167687831 0.5)
(0.0615808308948 0.195153609622 0.5)
(0.0692784347566 0.195139531413 0.5)
(0.0769760386185 0.195125453204 0.5)
(0.0846736424803 0.195111374995 0.5)
(0.0923712463422 0.195097296786 0.5)
(0.100068850204 0.195083218577 0.5)
(0 0.204733764706 0.5)
(0.00769760386185 0.204747842915 0.5)
(0.0153952077237 0.204761921124 0.5)
(0.0230928115855 0.204775999333 0.5)
(0.0307904154474 0.204790077542 0.5)
(0.0384880193092 0.204804155751 0.5)
(0.0461856231711 0.20481823396 0.5)
(0.0538832270329 0.204832312169 0.5)
(0.0615808308948 0.204846390378 0.5)
(0.0692784347566 0.204860468587 0.5)
(0.0769760386185 0.204874546796 0.5)
(0.0846736424803 0.204888625005 0.5)
(0.0923712463422 0.204902703214 0.5)
(0.100068850204 0.204916781423 0.5)
(0 0.214201294118 0.5)
(0.00773994830207 0.214242342605 0.5)
(0.0154798966041 0.214283391092 0.5)
(0.0232198449062 0.21432443958 0.5)
(0.0309597932083 0.214365488067 0.5)
(0.0386997415104 0.214406536554 0.5)
(0.0464396898124 0.214447585041 0.5)
(0.0541796381145 0.214488633529 0.5)
(0.0619195864166 0.214529682016 0.5)
(0.0696595347186 0.214570730503 0.5)
(0.0773994830207 0.214611778991 0.5)
(0.0851394313228 0.214652827478 0.5)
(0.0928793796249 0.214693875965 0.5)
(0.100619327927 0.214734924452 0.5)
(0 0.223668823529 0.5)
(0.00782450438354 0.223733287595 0.5)
(0.0156490087671 0.223797751661 0.5)
(0.0234735131506 0.223862215727 0.5)
(0.0312980175342 0.223926679793 0.5)
(0.0391225219177 0.223991143859 0.5)
(0.0469470263013 0.224055607925 0.5)
(0.0547715306848 0.224120071991 0.5)
(0.0625960350683 0.224184536057 0.5)
(0.0704205394519 0.224249000123 0.5)
(0.0782450438354 0.224313464189 0.5)
(0.086069548219 0.224377928255 0.5)
(0.0938940526025 0.224442392321 0.5)
(0.101718556986 0.224506856387 0.5)
(0 0.233136352941 0.5)
(0.00795100692478 0.233218320475 0.5)
(0.0159020138496 0.233300288008 0.5)
(0.0238530207743 0.233382255542 0.5)
(0.0318040276991 0.233464223075 0.5)
(0.0397550346239 0.233546190609 0.5)
(0.0477060415487 0.233628158142 0.5)
(0.0556570484735 0.233710125676 0.5)
(0.0636080553982 0.233792093209 0.5)
(0.071559062323 0.233874060743 0.5)
(0.0795100692478 0.233956028276 0.5)
(0.0874610761726 0.23403799581 0.5)
(0.0954120830974 0.234119963343 0.5)
(0.103363090022 0.234201930877 0.5)
(0 0.242603882353 0.5)
(0.00811905919346 0.242695102372 0.5)
(0.0162381183869 0.242786322392 0.5)
(0.0243571775804 0.242877542412 0.5)
(0.0324762367738 0.242968762431 0.5)
(0.0405952959673 0.243059982451 0.5)
(0.0487143551607 0.24315120247 0.5)
(0.0568334143542 0.24324242249 0.5)
(0.0649524735477 0.243333642509 0.5)
(0.0730715327411 0.243424862529 0.5)
(0.0811905919346 0.243516082548 0.5)
(0.089309651128 0.243607302568 0.5)
(0.0974287103215 0.243698522587 0.5)
(0.105547769515 0.243789742607 0.5)
(0 0.252071411765 0.5)
(0.00832813415062 0.252161320295 0.5)
(0.0166562683012 0.252251228825 0.5)
(0.0249844024519 0.252341137355 0.5)
(0.0333125366025 0.252431045886 0.5)
(0.0416406707531 0.252520954416 0.5)
(0.0499688049037 0.252610862946 0.5)
(0.0582969390543 0.252700771476 0.5)
(0.066625073205 0.252790680006 0.5)
(0.0749532073556 0.252880588537 0.5)
(0.0832813415062 0.252970497067 0.5)
(0.0916094756568 0.253060405597 0.5)
(0.0999376098074 0.253150314127 0.5)
(0.108265743958 0.253240222657 0.5)
(0 0.261538941176 0.5)
(0.00857757610355 0.261614694378 0.5)
(0.0171551522071 0.26169044758 0.5)
(0.0257327283107 0.261766200782 0.5)
(0.0343103044142 0.261841953984 0.5)
(0.0428878805178 0.261917707186 0.5)
(0.0514654566213 0.261993460388 0.5)
(0.0600430327249 0.26206921359 0.5)
(0.0686206088284 0.262144966792 0.5)
(0.077198184932 0.262220719994 0.5)
(0.0857757610355 0.262296473196 0.5)
(0.0943533371391 0.262372226398 0.5)
(0.102930913243 0.2624479796 0.5)
(0.111508489346 0.262523732802 0.5)
(0 0.271006470588 0.5)
(0.00886660276215 0.27105298504 0.5)
(0.0177332055243 0.271099499492 0.5)
(0.0265998082865 0.271146013943 0.5)
(0.0354664110486 0.271192528395 0.5)
(0.0443330138108 0.271239042846 0.5)
(0.0531996165729 0.271285557298 0.5)
(0.0620662193351 0.27133207175 0.5)
(0.0709328220972 0.271378586201 0.5)
(0.0797994248594 0.271425100653 0.5)
(0.0886660276215 0.271471615105 0.5)
(0.0975326303837 0.271518129556 0.5)
(0.106399233146 0.271564644008 0.5)
(0.115265835908 0.27161115846 0.5)
(0 0.280474 0.5)
(0.00919430769231 0.280474 0.5)
(0.0183886153846 0.280474 0.5)
(0.0275829230769 0.280474 0.5)
(0.0367772307692 0.280474 0.5)
(0.0459715384615 0.280474 0.5)
(0.0551658461538 0.280474 0.5)
(0.0643601538462 0.280474 0.5)
(0.0735544615385 0.280474 0.5)
(0.0827487692308 0.280474 0.5)
(0.0919430769231 0.280474 0.5)
(0.101137384615 0.280474 0.5)
(0.110331692308 0.280474 0.5)
(0.119526 0.280474 0.5)
(0.164645 0.164645 -0.5)
(0.161533029249 0.168057873074 -0.5)
(0.158749358988 0.171743418413 -0.5)
(0.156317755958 0.175670169141 -0.5)
(0.154258980984 0.17980459899 -0.5)
(0.152590611711 0.184111408545 -0.5)
(0.151326892538 0.188553826628 -0.5)
(0.150478612992 0.193093924246 -0.5)
(0.150053015613 0.197692938427 -0.5)
(0.150053734116 0.202311603176 -0.5)
(0.150480762365 0.206910484718 -0.5)
(0.151330454431 0.211450318192 -0.5)
(0.152595555712 0.215892342879 -0.5)
(0.154265264881 0.220198633146 -0.5)
(0.156325326101 0.224332422248 -0.5)
(0.158758150742 0.228258416241 -0.5)
(0.161542967553 0.231943095319 -0.5)
(0.164656 0.235355 -0.5)
(0.161909858565 0.161909858565 -0.5)
(0.15872828363 0.165653112068 -0.5)
(0.155885588514 0.169666122703 -0.5)
(0.153404813538 0.17391760347 -0.5)
(0.151306077488 0.17837429554 -0.5)
(0.149606409173 0.183001242684 -0.5)
(0.14831960483 0.187762080018 -0.5)
(0.147456112571 0.192619334639 -0.5)
(0.147022944869 0.197534735611 -0.5)
(0.147023619816 0.202469530678 -0.5)
(0.147458131648 0.207384807051 -0.5)
(0.148322950799 0.21224181354 -0.5)
(0.149611053465 0.217002281326 -0.5)
(0.151311980451 0.221628740661 -0.5)
(0.153411924774 0.226084830827 -0.5)
(0.155893847308 0.230335600734 -0.5)
(0.158737619468 0.23434779762 -0.5)
(0.161920191738 0.238090141435 -0.5)
(0.158881583328 0.158881583328 -0.5)
(0.155622944507 0.16299062518 -0.5)
(0.152714898656 0.167366196608 -0.5)
(0.150179681819 0.171977209765 -0.5)
(0.148036701937 0.176790701923 -0.5)
(0.146302380163 0.181772096819 -0.5)
(0.144990016539 0.186885479407 -0.5)
(0.144109681172 0.192093881756 -0.5)
(0.143668131811 0.197359577695 -0.5)
(0.143668758534 0.202644383772 -0.5)
(0.144111555988 0.207909964016 -0.5)
(0.144993123442 0.213118135961 -0.5)
(0.146306692626 0.218231175405 -0.5)
(0.148042183141 0.223212117345 -0.5)
(0.150186284966 0.228025050605 -0.5)
(0.152722567368 0.232635403691 -0.5)
(0.15563161331 0.237010219512 -0.5)
(0.158891178208 0.241118416672 -0.5)
(0.155528758207 0.155528758207 -0.5)
(0.152184796318 0.160042791109 -0.5)
(0.149204395886 0.164819780122 -0.5)
(0.146608902481 0.169828857898 -0.5)
(0.144416937015 0.175037389545 -0.5)
(0.14264424786 0.180411219484 -0.5)
(0.141303585686 0.185914930722 -0.5)
(0.140404602081 0.191512114416 -0.5)
(0.139953772773 0.197165647548 -0.5)
(0.139954346103 0.202837976429 -0.5)
(0.140406317176 0.208491403722 -0.5)
(0.141306427902 0.214088376641 -0.5)
(0.142648192931 0.219591773968 -0.5)
(0.144421951259 0.224965189542 -0.5)
(0.146614943085 0.230173209904 -0.5)
(0.149211411277 0.235181683842 -0.5)
(0.152192726599 0.239957981621 -0.5)
(0.155537535669 0.244471241793 -0.5)
(0.151816600159 0.151816600159 -0.5)
(0.148378170859 0.15677902829 -0.5)
(0.145317661375 0.162000456087 -0.5)
(0.14265543137 0.167450260332 -0.5)
(0.140409230381 0.173096169105 -0.5)
(0.138594061889 0.1789044926 -0.5)
(0.13722206832 0.18484036525 -0.5)
(0.136302437886 0.190867997222 -0.5)
(0.135841334069 0.196950933292 -0.5)
(0.135841848284 0.203052317026 -0.5)
(0.136303976142 0.20913515817 -0.5)
(0.137224617482 0.215162601099 -0.5)
(0.138597600194 0.221098192205 -0.5)
(0.140413727617 0.226906144058 -0.5)
(0.142660849142 0.232551594264 -0.5)
(0.145323953425 0.238000856932 -0.5)
(0.148385283468 0.243221664766 -0.5)
(0.151824472599 0.248183399841 -0.5)
(0.147706598333 0.147706598333 -0.5)
(0.144163577248 0.153165477634 -0.5)
(0.14101437317 0.158878976132 -0.5)
(0.138278254192 0.164816740904 -0.5)
(0.135972005085 0.170946901899 -0.5)
(0.134109804613 0.177236285005 -0.5)
(0.132703121763 0.183650635179 -0.5)
(0.131760631715 0.19015484794 -0.5)
(0.131288152237 0.196713207426 -0.5)
(0.131288601002 0.203289629186 -0.5)
(0.131761974178 0.209847905828 -0.5)
(0.132705346463 0.216351953608 -0.5)
(0.134112892556 0.222766058073 -0.5)
(0.135975929906 0.229055116841 -0.5)
(0.138282982381 0.235184877636 -0.5)
(0.141019864358 0.241122169763 -0.5)
(0.144169784552 0.246835127209 -0.5)
(0.147713468755 0.252293401667 -0.5)
(0.143156114546 0.143156114546 -0.5)
(0.139497292243 0.149164651267 -0.5)
(0.136249887889 0.155422957248 -0.5)
(0.133431961022 0.161900978827 -0.5)
(0.13105922825 0.168567290895 -0.5)
(0.12914495523 0.175389290299 -0.5)
(0.127699865338 0.182333397955 -0.5)
(0.126732065737 0.189365268183 -0.5)
(0.126246991433 0.196450003723 -0.5)
(0.126247367733 0.203552374845 -0.5)
(0.126733191426 0.210637040918 -0.5)
(0.127701730803 0.217668772805 -0.5)
(0.129147544545 0.224612674429 -0.5)
(0.131062519307 0.231434401867 -0.5)
(0.133435925723 0.238100378358 -0.5)
(0.136254492384 0.244578003613 -0.5)
(0.139502497217 0.250835855908 -0.5)
(0.143161875561 0.256843885454 -0.5)
(0.138117940946 0.138117940946 -0.5)
(0.134330906639 0.14473504362 -0.5)
(0.130974777575 0.151596545834 -0.5)
(0.128066275207 0.158672725259 -0.5)
(0.125619933504 0.165932649415 -0.5)
(0.123648007156 0.1733443473 -0.5)
(0.122160394017 0.180874988231 -0.5)
(0.121164572359 0.188491066653 -0.5)
(0.1206655534 0.196158591642 -0.5)
(0.12066584947 0.203843279791 -0.5)
(0.12116545804 0.211510750125 -0.5)
(0.122161861747 0.219126719702 -0.5)
(0.123650044403 0.226657198529 -0.5)
(0.125622522875 0.234068682434 -0.5)
(0.128069394595 0.241328342561 -0.5)
(0.130978400346 0.248404210162 -0.5)
(0.134335001862 0.25526535542 -0.5)
(0.138122473656 0.261882059054 -0.5)
(0.132539810265 0.132539810265 -0.5)
(0.128610823068 0.139830700841 -0.5)
(0.12513431692 0.147360045744 -0.5)
(0.122125531787 0.155098489494 -0.5)
(0.119597692249 0.163015645032 -0.5)
(0.117561933682 0.171080241258 -0.5)
(0.116027239946 0.1792602761 -0.5)
(0.115000393017 0.187523174166 -0.5)
(0.114485934911 0.195835948003 -0.5)
(0.114486142151 0.204165361945 -0.5)
(0.115001012967 0.212478097525 -0.5)
(0.116028267313 0.220740919403 -0.5)
(0.117563359695 0.228920840776 -0.5)
(0.119599504733 0.236985287223 -0.5)
(0.122127715266 0.244902257948 -0.5)
(0.125136852752 0.25264048343 -0.5)
(0.128613689603 0.260169578475 -0.5)
(0.132542983029 0.267460189735 -0.5)
(0.126363853588 0.126363853588 -0.5)
(0.122277699956 0.134400744056 -0.5)
(0.118667915529 0.142669506473 -0.5)
(0.115548100009 0.15114119152 -0.5)
(0.112930028255 0.159786016017 -0.5)
(0.110823596367 0.168573483775 -0.5)
(0.109236776256 0.177472510137 -0.5)
(0.10817557898 0.186451549564 -0.5)
(0.107644027065 0.195478725619 -0.5)
(0.107644135955 0.204521962668 -0.5)
(0.108175904721 0.213549118621 -0.5)
(0.109237316066 0.222528118017 -0.5)
(0.110824345638 0.231427084759 -0.5)
(0.112930980589 0.240214473818 -0.5)
(0.115549247275 0.248859201209 -0.5)
(0.118669247933 0.257330771571 -0.5)
(0.122279206121 0.265599402706 -0.5)
(0.126365520654 0.273636146412 -0.5)
(0.164645 0.164645 0.5)
(0.161533029249 0.168057873074 0.5)
(0.158749358988 0.171743418413 0.5)
(0.156317755958 0.175670169141 0.5)
(0.154258980984 0.17980459899 0.5)
(0.152590611711 0.184111408545 0.5)
(0.151326892538 0.188553826628 0.5)
(0.150478612992 0.193093924246 0.5)
(0.150053015613 0.197692938427 0.5)
(0.150053734116 0.202311603176 0.5)
(0.150480762365 0.206910484718 0.5)
(0.151330454431 0.211450318192 0.5)
(0.152595555712 0.215892342879 0.5)
(0.154265264881 0.220198633146 0.5)
(0.156325326101 0.224332422248 0.5)
(0.158758150742 0.228258416241 0.5)
(0.161542967553 0.231943095319 0.5)
(0.164656 0.235355 0.5)
(0.161909858565 0.161909858565 0.5)
(0.15872828363 0.165653112068 0.5)
(0.155885588514 0.169666122703 0.5)
(0.153404813538 0.17391760347 0.5)
(0.151306077488 0.17837429554 0.5)
(0.149606409173 0.183001242684 0.5)
(0.14831960483 0.187762080018 0.5)
(0.147456112571 0.192619334639 0.5)
(0.147022944869 0.197534735611 0.5)
(0.147023619816 0.202469530678 0.5)
(0.147458131648 0.207384807051 0.5)
(0.148322950799 0.21224181354 0.5)
(0.149611053465 0.217002281326 0.5)
(0.151311980451 0.221628740661 0.5)
(0.153411924774 0.226084830827 0.5)
(0.155893847308 0.230335600734 0.5)
(0.158737619468 0.23434779762 0.5)
(0.161920191738 0.238090141435 0.5)
(0.158881583328 0.158881583328 0.5)
(0.155622944507 0.16299062518 0.5)
(0.152714898656 0.167366196608 0.5)
(0.150179681819 0.171977209765 0.5)
(0.148036701937 0.176790701923 0.5)
(0.146302380163 0.181772096819 0.5)
(0.144990016539 0.186885479407 0.5)
(0.144109681172 0.192093881756 0.5)
(0.143668131811 0.197359577695 0.5)
(0.143668758534 0.202644383772 0.5)
(0.144111555988 0.207909964016 0.5)
(0.144993123442 0.213118135961 0.5)
(0.146306692626 0.218231175405 0.5)
(0.148042183141 0.223212117345 0.5)
(0.150186284966 0.228025050605 0.5)
(0.152722567368 0.232635403691 0.5)
(0.15563161331 0.237010219512 0.5)
(0.158891178208 0.241118416672 0.5)
(0.155528758207 0.155528758207 0.5)
(0.152184796318 0.160042791109 0.5)
(0.149204395886 0.164819780122 0.5)
(0.146608902481 0.169828857898 0.5)
(0.144416937015 0.175037389545 0.5)
(0.14264424786 0.180411219484 0.5)
(0.141303585686 0.185914930722 0.5)
(0.140404602081 0.191512114416 0.5)
(0.139953772773 0.197165647548 0.5)
(0.139954346103 0.202837976429 0.5)
(0.140406317176 0.208491403722 0.5)
(0.141306427902 0.214088376641 0.5)
(0.142648192931 0.219591773968 0.5)
(0.144421951259 0.224965189542 0.5)
(0.146614943085 0.230173209904 0.5)
(0.149211411277 0.235181683842 0.5)
(0.152192726599 0.239957981621 0.5)
(0.155537535669 0.244471241793 0.5)
(0.151816600159 0.151816600159 0.5)
(0.148378170859 0.15677902829 0.5)
(0.145317661375 0.162000456087 0.5)
(0.14265543137 0.167450260332 0.5)
(0.140409230381 0.173096169105 0.5)
(0.138594061889 0.1789044926 0.5)
(0.13722206832 0.18484036525 0.5)
(0.136302437886 0.190867997222 0.5)
(0.135841334069 0.196950933292 0.5)
(0.135841848284 0.203052317026 0.5)
(0.136303976142 0.20913515817 0.5)
(0.137224617482 0.215162601099 0.5)
(0.138597600194 0.221098192205 0.5)
(0.140413727617 0.226906144058 0.5)
(0.142660849142 0.232551594264 0.5)
(0.145323953425 0.238000856932 0.5)
(0.148385283468 0.243221664766 0.5)
(0.151824472599 0.248183399841 0.5)
(0.147706598333 0.147706598333 0.5)
(0.144163577248 0.153165477634 0.5)
(0.14101437317 0.158878976132 0.5)
(0.138278254192 0.164816740904 0.5)
(0.135972005085 0.170946901899 0.5)
(0.134109804613 0.177236285005 0.5)
(0.132703121763 0.183650635179 0.5)
(0.131760631715 0.19015484794 0.5)
(0.131288152237 0.196713207426 0.5)
(0.131288601002 0.203289629186 0.5)
(0.131761974178 0.209847905828 0.5)
(0.132705346463 0.216351953608 0.5)
(0.134112892556 0.222766058073 0.5)
(0.135975929906 0.229055116841 0.5)
(0.138282982381 0.235184877636 0.5)
(0.141019864358 0.241122169763 0.5)
(0.144169784552 0.246835127209 0.5)
(0.147713468755 0.252293401667 0.5)
(0.143156114546 0.143156114546 0.5)
(0.139497292243 0.149164651267 0.5)
(0.136249887889 0.155422957248 0.5)
(0.133431961022 0.161900978827 0.5)
(0.13105922825 0.168567290895 0.5)
(0.12914495523 0.175389290299 0.5)
(0.127699865338 0.182333397955 0.5)
(0.126732065737 0.189365268183 0.5)
(0.126246991433 0.196450003723 0.5)
(0.126247367733 0.203552374845 0.5)
(0.126733191426 0.210637040918 0.5)
(0.127701730803 0.217668772805 0.5)
(0.129147544545 0.224612674429 0.5)
(0.131062519307 0.231434401867 0.5)
(0.133435925723 0.238100378358 0.5)
(0.136254492384 0.244578003613 0.5)
(0.139502497217 0.250835855908 0.5)
(0.143161875561 0.256843885454 0.5)
(0.138117940946 0.138117940946 0.5)
(0.134330906639 0.14473504362 0.5)
(0.130974777575 0.151596545834 0.5)
(0.128066275207 0.158672725259 0.5)
(0.125619933504 0.165932649415 0.5)
(0.123648007156 0.1733443473 0.5)
(0.122160394017 0.180874988231 0.5)
(0.121164572359 0.188491066653 0.5)
(0.1206655534 0.196158591642 0.5)
(0.12066584947 0.203843279791 0.5)
(0.12116545804 0.211510750125 0.5)
(0.122161861747 0.219126719702 0.5)
(0.123650044403 0.226657198529 0.5)
(0.125622522875 0.234068682434 0.5)
(0.128069394595 0.241328342561 0.5)
(0.130978400346 0.248404210162 0.5)
(0.134335001862 0.25526535542 0.5)
(0.138122473656 0.261882059054 0.5)
(0.132539810265 0.132539810265 0.5)
(0.128610823068 0.139830700841 0.5)
(0.12513431692 0.147360045744 0.5)
(0.122125531787 0.155098489494 0.5)
(0.119597692249 0.163015645032 0.5)
(0.117561933682 0.171080241258 0.5)
(0.116027239946 0.1792602761 0.5)
(0.115000393017 0.187523174166 0.5)
(0.114485934911 0.195835948003 0.5)
(0.114486142151 0.204165361945 0.5)
(0.115001012967 0.212478097525 0.5)
(0.116028267313 0.220740919403 0.5)
(0.117563359695 0.228920840776 0.5)
(0.119599504733 0.236985287223 0.5)
(0.122127715266 0.244902257948 0.5)
(0.125136852752 0.25264048343 0.5)
(0.128613689603 0.260169578475 0.5)
(0.132542983029 0.267460189735 0.5)
(0.126363853588 0.126363853588 0.5)
(0.122277699956 0.134400744056 0.5)
(0.118667915529 0.142669506473 0.5)
(0.115548100009 0.15114119152 0.5)
(0.112930028255 0.159786016017 0.5)
(0.110823596367 0.168573483775 0.5)
(0.109236776256 0.177472510137 0.5)
(0.10817557898 0.186451549564 0.5)
(0.107644027065 0.195478725619 0.5)
(0.107644135955 0.204521962668 0.5)
(0.108175904721 0.213549118621 0.5)
(0.109237316066 0.222528118017 0.5)
(0.110824345638 0.231427084759 0.5)
(0.112930980589 0.240214473818 0.5)
(0.115549247275 0.248859201209 0.5)
(0.118669247933 0.257330771571 0.5)
(0.122279206121 0.265599402706 0.5)
(0.126365520654 0.273636146412 0.5)
(0.231623 0.16127 -0.5)
(0.228159736752 0.158683487865 -0.5)
(0.224486017543 0.156405764325 -0.5)
(0.220629298987 0.154453852613 -0.5)
(0.216618405398 0.15284234091 -0.5)
(0.212483313361 0.151583273321 -0.5)
(0.208254927695 0.150686059855 -0.5)
(0.203964850474 0.150157406099 -0.5)
(0.199645144846 0.150001263102 -0.5)
(0.195328095392 0.150218797843 -0.5)
(0.191045966844 0.150808384514 -0.5)
(0.186830762939 0.151765616666 -0.5)
(0.182713987237 0.153083340144 -0.5)
(0.178726407663 0.154751706558 -0.5)
(0.174897826558 0.156758246883 -0.5)
(0.171256857943 0.159087964655 -0.5)
(0.16783071366 0.161723448045 -0.5)
(0.234584377563 0.158739453134 -0.5)
(0.230793788569 0.156051483191 -0.5)
(0.226791887157 0.153684063997 -0.5)
(0.222606193169 0.151653901156 -0.5)
(0.218265548514 0.149975315004 -0.5)
(0.213799909267 0.148660136254 -0.5)
(0.209240129573 0.147717619817 -0.5)
(0.20461773896 0.147154377437 -0.5)
(0.199964714687 0.146974329627 -0.5)
(0.19531325081 0.147178677279 -0.5)
(0.19069552567 0.147765893141 -0.5)
(0.186143469506 0.148731733232 -0.5)
(0.181688533912 0.150069268107 -0.5)
(0.177361464832 0.151768933736 -0.5)
(0.173192080768 0.153818601633 -0.5)
(0.169209057827 0.156203667698 -0.5)
(0.165439723197 0.158907159122 -0.5)
(0.237863135372 0.155937699515 -0.5)
(0.233710140092 0.15313739821 -0.5)
(0.229344884147 0.150670670392 -0.5)
(0.224794957384 0.148553870001 -0.5)
(0.220089221194 0.146801020817 -0.5)
(0.215257608942 0.145423717294 -0.5)
(0.210330918669 0.144431042624 -0.5)
(0.205340599581 0.143829504646 -0.5)
(0.200318533843 0.143622990069 -0.5)
(0.195296815286 0.143812737329 -0.5)
(0.190307526602 0.144397328296 -0.5)
(0.185382516651 0.145372698867 -0.5)
(0.180553179495 0.146732168387 -0.5)
(0.17585023674 0.148466487668 -0.5)
(0.171303524779 0.150563905257 -0.5)
(0.166941788462 0.153010251468 -0.5)
(0.162792482685 0.155789039562 -0.5)
(0.241493288079 0.152835673055 -0.5)
(0.236939046279 0.149911001477 -0.5)
(0.23217149394 0.147334321816 -0.5)
(0.227218298417 0.145121598652 -0.5)
(0.222108342672 0.143286527431 -0.5)
(0.216871534924 0.141840441027 -0.5)
(0.2115386111 0.140792232506 -0.5)
(0.206140931472 0.14014829467 -0.5)
(0.200710272923 0.139912476797 -0.5)
(0.195278618315 0.140086058895 -0.5)
(0.18987794444 0.140667743648 -0.5)
(0.18454001006 0.141653666111 -0.5)
(0.179296145536 0.143037421083 -0.5)
(0.174177045529 0.144810107957 -0.5)
(0.169212566241 0.146960392724 -0.5)
(0.164431528633 0.149474586669 -0.5)
(0.159861528992 0.152336741217 -0.5)
(0.245512495792 0.149401192558 -0.5)
(0.240514004606 0.14633882155 -0.5)
(0.235301040491 0.143640406157 -0.5)
(0.229901356613 0.141321479871 -0.5)
(0.224343859817 0.139395374617 -0.5)
(0.218658430484 0.137873133651 -0.5)
(0.212875735768 0.13676343954 -0.5)
(0.207027037476 0.136072557717 -0.5)
(0.201143995925 0.135804296022 -0.5)
(0.195258471116 0.135959980486 -0.5)
(0.189402322592 0.136538447557 -0.5)
(0.183607209359 0.137536052792 -0.5)
(0.177904391252 0.138946695964 -0.5)
(0.172324533097 0.140761862409 -0.5)
(0.16689751303 0.142970680297 -0.5)
(0.161652236277 0.145559993434 -0.5)
(0.156616455675 0.148514449083 -0.5)
(0.249962454772 0.145598627869 -0.5)
(0.244472102582 0.142383799745 -0.5)
(0.238765990494 0.139550601814 -0.5)
(0.232871966685 0.137114090281 -0.5)
(0.226818964442 0.135087194587 -0.5)
(0.220636833322 0.133480637332 -0.5)
(0.214356164337 0.132302868024 -0.5)
(0.208008110277 0.13156001108 -0.5)
(0.2016242024 0.131255828454 -0.5)
(0.195236164679 0.131391697139 -0.5)
(0.188875726839 0.131966601678 -0.5)
(0.182574437442 0.132977141763 -0.5)
(0.176363478237 0.134417554831 -0.5)
(0.170273481018 0.136279753517 -0.5)
(0.164334348207 0.138553377706 -0.5)
(0.158575078325 0.141225860798 -0.5)
(0.153023597535 0.144282509751 -0.5)
(0.254889330001 0.141388530233 -0.5)
(0.2488544025 0.13800490568 -0.5)
(0.242602290203 0.135022480138 -0.5)
(0.236160946482 0.132455781374 -0.5)
(0.229559333897 0.130317293207 -0.5)
(0.222827267882 0.12861738322 -0.5)
(0.215995255142 0.127364242879 -0.5)
(0.209094327769 0.126563840474 -0.5)
(0.20215587413 0.126219887158 -0.5)
(0.195211467589 0.126333816342 -0.5)
(0.188292694145 0.126904776543 -0.5)
(0.181430980075 0.127929637748 -0.5)
(0.174657420675 0.129403011245 -0.5)
(0.168002611169 0.131317282767 -0.5)
(0.161496480861 0.133662658755 -0.5)
(0.155168131573 0.13642722539 -0.5)
(0.149045681366 0.139597020028 -0.5)
(0.260344234111 0.136727223051 -0.5)
(0.253706367431 0.133156711619 -0.5)
(0.246849738347 0.130009065269 -0.5)
(0.239802416698 0.127298226693 -0.5)
(0.232593397457 0.125036186334 -0.5)
(0.225252458276 0.123232918704 -0.5)
(0.217810012519 0.121896329579 -0.5)
(0.210296958642 0.121032214382 -0.5)
(0.202744526809 0.120644228025 -0.5)
(0.195184123634 0.120733866382 -0.5)
(0.187647175984 0.121300459517 -0.5)
(0.180164974748 0.122341176682 -0.5)
(0.172768519501 0.123851043081 -0.5)
(0.165488364978 0.125822968252 -0.5)
(0.158354470251 0.128247785907 -0.5)
(0.151396051507 0.131114304971 -0.5)
(0.144641439276 0.134409371477 -0.5)
(0.266383757635 0.13156634876 -0.5)
(0.259078332868 0.127788921188 -0.5)
(0.251552399011 0.12445834679 -0.5)
(0.243834154854 0.121587920481 -0.5)
(0.235952631255 0.119189086448 -0.5)
(0.227937564034 0.11727138401 -0.5)
(0.219819263212 0.115842402628 -0.5)
(0.21162847929 0.114907746337 -0.5)
(0.203396267267 0.114471007777 -0.5)
(0.195153849141 0.114533751984 -0.5)
(0.18693247559 0.115095510019 -0.5)
(0.178763287605 0.116153782479 -0.5)
(0.170677178784 0.117704052841 -0.5)
(0.162704659031 0.119739810584 -0.5)
(0.154875720376 0.122252583923 -0.5)
(0.14721970563 0.125231981981 -0.5)
(0.139765180561 0.12866574614 -0.5)
(0.273070556094 0.125852367166 -0.5)
(0.265026028917 0.121845847593 -0.5)
(0.256759058768 0.118312740167 -0.5)
(0.248297987204 0.115265622601 -0.5)
(0.239671884817 0.112715334281 -0.5)
(0.230910441112 0.110670932691 -0.5)
(0.22204385169 0.109139657081 -0.5)
(0.213102703238 0.108126899583 -0.5)
(0.204117856822 0.107636183892 -0.5)
(0.195120330033 0.107669151615 -0.5)
(0.186141178482 0.108225556359 -0.5)
(0.177211377195 0.10930326557 -0.5)
(0.168361702434 0.110898270116 -0.5)
(0.159622614469 0.113004701571 -0.5)
(0.151024141818 0.115614857083 -0.5)
(0.142595767488 0.118719231737 -0.5)
(0.134366317699 0.122306558216 -0.5)
(0.231623 0.16127 0.5)
(0.228159736752 0.158683487865 0.5)
(0.224486017543 0.156405764325 0.5)
(0.220629298987 0.154453852613 0.5)
(0.216618405398 0.15284234091 0.5)
(0.212483313361 0.151583273321 0.5)
(0.208254927695 0.150686059855 0.5)
(0.203964850474 0.150157406099 0.5)
(0.199645144846 0.150001263102 0.5)
(0.195328095392 0.150218797843 0.5)
(0.191045966844 0.150808384514 0.5)
(0.186830762939 0.151765616666 0.5)
(0.182713987237 0.153083340144 0.5)
(0.178726407663 0.154751706558 0.5)
(0.174897826558 0.156758246883 0.5)
(0.171256857943 0.159087964655 0.5)
(0.16783071366 0.161723448045 0.5)
(0.234584377563 0.158739453134 0.5)
(0.230793788569 0.156051483191 0.5)
(0.226791887157 0.153684063997 0.5)
(0.222606193169 0.151653901156 0.5)
(0.218265548514 0.149975315004 0.5)
(0.213799909267 0.148660136254 0.5)
(0.209240129573 0.147717619817 0.5)
(0.20461773896 0.147154377437 0.5)
(0.199964714687 0.146974329627 0.5)
(0.19531325081 0.147178677279 0.5)
(0.19069552567 0.147765893141 0.5)
(0.186143469506 0.148731733232 0.5)
(0.181688533912 0.150069268107 0.5)
(0.177361464832 0.151768933736 0.5)
(0.173192080768 0.153818601633 0.5)
(0.169209057827 0.156203667698 0.5)
(0.165439723197 0.158907159122 0.5)
(0.237863135372 0.155937699515 0.5)
(0.233710140092 0.15313739821 0.5)
(0.229344884147 0.150670670392 0.5)
(0.224794957384 0.148553870001 0.5)
(0.220089221194 0.146801020817 0.5)
(0.215257608942 0.145423717294 0.5)
(0.210330918669 0.144431042624 0.5)
(0.205340599581 0.143829504646 0.5)
(0.200318533843 0.143622990069 0.5)
(0.195296815286 0.143812737329 0.5)
(0.190307526602 0.144397328296 0.5)
(0.185382516651 0.145372698867 0.5)
(0.180553179495 0.146732168387 0.5)
(0.17585023674 0.148466487668 0.5)
(0.171303524779 0.150563905257 0.5)
(0.166941788462 0.153010251468 0.5)
(0.162792482685 0.155789039562 0.5)
(0.241493288079 0.152835673055 0.5)
(0.236939046279 0.149911001477 0.5)
(0.23217149394 0.147334321816 0.5)
(0.227218298417 0.145121598652 0.5)
(0.222108342672 0.143286527431 0.5)
(0.216871534924 0.141840441027 0.5)
(0.2115386111 0.140792232506 0.5)
(0.206140931472 0.14014829467 0.5)
(0.200710272923 0.139912476797 0.5)
(0.195278618315 0.140086058895 0.5)
(0.18987794444 0.140667743648 0.5)
(0.18454001006 0.141653666111 0.5)
(0.179296145536 0.143037421083 0.5)
(0.174177045529 0.144810107957 0.5)
(0.169212566241 0.146960392724 0.5)
(0.164431528633 0.149474586669 0.5)
(0.159861528992 0.152336741217 0.5)
(0.245512495792 0.149401192558 0.5)
(0.240514004606 0.14633882155 0.5)
(0.235301040491 0.143640406157 0.5)
(0.229901356613 0.141321479871 0.5)
(0.224343859817 0.139395374617 0.5)
(0.218658430484 0.137873133651 0.5)
(0.212875735768 0.13676343954 0.5)
(0.207027037476 0.136072557717 0.5)
(0.201143995925 0.135804296022 0.5)
(0.195258471116 0.135959980486 0.5)
(0.189402322592 0.136538447557 0.5)
(0.183607209359 0.137536052792 0.5)
(0.177904391252 0.138946695964 0.5)
(0.172324533097 0.140761862409 0.5)
(0.16689751303 0.142970680297 0.5)
(0.161652236277 0.145559993434 0.5)
(0.156616455675 0.148514449083 0.5)
(0.249962454772 0.145598627869 0.5)
(0.244472102582 0.142383799745 0.5)
(0.238765990494 0.139550601814 0.5)
(0.232871966685 0.137114090281 0.5)
(0.226818964442 0.135087194587 0.5)
(0.220636833322 0.133480637332 0.5)
(0.214356164337 0.132302868024 0.5)
(0.208008110277 0.13156001108 0.5)
(0.2016242024 0.131255828454 0.5)
(0.195236164679 0.131391697139 0.5)
(0.188875726839 0.131966601678 0.5)
(0.182574437442 0.132977141763 0.5)
(0.176363478237 0.134417554831 0.5)
(0.170273481018 0.136279753517 0.5)
(0.164334348207 0.138553377706 0.5)
(0.158575078325 0.141225860798 0.5)
(0.153023597535 0.144282509751 0.5)
(0.254889330001 0.141388530233 0.5)
(0.2488544025 0.13800490568 0.5)
(0.242602290203 0.135022480138 0.5)
(0.236160946482 0.132455781374 0.5)
(0.229559333897 0.130317293207 0.5)
(0.222827267882 0.12861738322 0.5)
(0.215995255142 0.127364242879 0.5)
(0.209094327769 0.126563840474 0.5)
(0.20215587413 0.126219887158 0.5)
(0.195211467589 0.126333816342 0.5)
(0.188292694145 0.126904776543 0.5)
(0.181430980075 0.127929637748 0.5)
(0.174657420675 0.129403011245 0.5)
(0.168002611169 0.131317282767 0.5)
(0.161496480861 0.133662658755 0.5)
(0.155168131573 0.13642722539 0.5)
(0.149045681366 0.139597020028 0.5)
(0.260344234111 0.136727223051 0.5)
(0.253706367431 0.133156711619 0.5)
(0.246849738347 0.130009065269 0.5)
(0.239802416698 0.127298226693 0.5)
(0.232593397457 0.125036186334 0.5)
(0.225252458276 0.123232918704 0.5)
(0.217810012519 0.121896329579 0.5)
(0.210296958642 0.121032214382 0.5)
(0.202744526809 0.120644228025 0.5)
(0.195184123634 0.120733866382 0.5)
(0.187647175984 0.121300459517 0.5)
(0.180164974748 0.122341176682 0.5)
(0.172768519501 0.123851043081 0.5)
(0.165488364978 0.125822968252 0.5)
(0.158354470251 0.128247785907 0.5)
(0.151396051507 0.131114304971 0.5)
(0.144641439276 0.134409371477 0.5)
(0.266383757635 0.13156634876 0.5)
(0.259078332868 0.127788921188 0.5)
(0.251552399011 0.12445834679 0.5)
(0.243834154854 0.121587920481 0.5)
(0.235952631255 0.119189086448 0.5)
(0.227937564034 0.11727138401 0.5)
(0.219819263212 0.115842402628 0.5)
(0.21162847929 0.114907746337 0.5)
(0.203396267267 0.114471007777 0.5)
(0.195153849141 0.114533751984 0.5)
(0.18693247559 0.115095510019 0.5)
(0.178763287605 0.116153782479 0.5)
(0.170677178784 0.117704052841 0.5)
(0.162704659031 0.119739810584 0.5)
(0.154875720376 0.122252583923 0.5)
(0.14721970563 0.125231981981 0.5)
(0.139765180561 0.12866574614 0.5)
(0.273070556094 0.125852367166 0.5)
(0.265026028917 0.121845847593 0.5)
(0.256759058768 0.118312740167 0.5)
(0.248297987204 0.115265622601 0.5)
(0.239671884817 0.112715334281 0.5)
(0.230910441112 0.110670932691 0.5)
(0.22204385169 0.109139657081 0.5)
(0.213102703238 0.108126899583 0.5)
(0.204117856822 0.107636183892 0.5)
(0.195120330033 0.107669151615 0.5)
(0.186141178482 0.108225556359 0.5)
(0.177211377195 0.10930326557 0.5)
(0.168361702434 0.110898270116 0.5)
(0.159622614469 0.113004701571 0.5)
(0.151024141818 0.115614857083 0.5)
(0.142595767488 0.118719231737 0.5)
(0.134366317699 0.122306558216 0.5)
(0.24899 0.19 -0.5)
(0.24808826845 0.186305350069 -0.5)
(0.246908318159 0.18268992821 -0.5)
(0.245456976043 0.179174652408 -0.5)
(0.243742639225 0.175779861225 -0.5)
(0.241775226459 0.172525196125 -0.5)
(0.239566120732 0.169429487839 -0.5)
(0.237128103413 0.16651064741 -0.5)
(0.234475280298 0.163785562562 -0.5)
(0.252053644537 0.19 -0.5)
(0.251138861642 0.186040621142 -0.5)
(0.249947322673 0.182158050326 -0.5)
(0.248485523649 0.178372422833 -0.5)
(0.246761450898 0.174703326785 -0.5)
(0.244784535328 0.171169692125 -0.5)
(0.242565598399 0.16778968338 -0.5)
(0.24011679013 0.164580596851 -0.5)
(0.237451519487 0.161558762785 -0.5)
(0.255445629597 0.19 -0.5)
(0.254516396604 0.185747520376 -0.5)
(0.253312026962 0.181569169398 -0.5)
(0.251838650329 0.177484215763 -0.5)
(0.250103798214 0.173511416728 -0.5)
(0.248116361395 0.169668914451 -0.5)
(0.245886539623 0.165974135865 -0.5)
(0.243425783903 0.162443696639 -0.5)
(0.24074673169 0.159093309797 -0.5)
(0.259201144479 0.19 -0.5)
(0.258255912724 0.185423007068 -0.5)
(0.257037337305 0.180917176229 -0.5)
(0.255551142255 0.176500816719 -0.5)
(0.253804355517 0.17219176588 -0.5)
(0.251805269854 0.168007293664 -0.5)
(0.249563396675 0.163964010351 -0.5)
(0.247089413057 0.160077778037 -0.5)
(0.244395102261 0.156363626375 -0.5)
(0.26335914983 0.19 -0.5)
(0.262396204674 0.185063714637 -0.5)
(0.261161901 0.18019530688 -0.5)
(0.259661513742 0.175412023672 -0.5)
(0.25790151331 0.170730683856 -0.5)
(0.255889530358 0.166167591694 -0.5)
(0.253634314185 0.161738453295 -0.5)
(0.251145684994 0.157458296419 -0.5)
(0.248434480304 0.153341394104 -0.5)
(0.267962781831 0.19 -0.5)
(0.266980224874 0.184665915695 -0.5)
(0.265728507298 0.179396072497 -0.5)
(0.264212406808 0.174206541214 -0.5)
(0.262437776528 0.169113013028 -0.5)
(0.260411514044 0.164130723017 -0.5)
(0.258141524865 0.159274376215 -0.5)
(0.25563668049 0.154558076628 -0.5)
(0.252906771332 0.149995259592 -0.5)
(0.273059799709 0.19 -0.5)
(0.272055529092 0.184225483375 -0.5)
(0.270784531309 0.178511181625 -0.5)
(0.26925103355 0.172871863368 -0.5)
(0.267460205495 0.167321971274 -0.5)
(0.265418133097 0.161875556648 -0.5)
(0.263131787643 0.156546216162 -0.5)
(0.260608990248 0.151347031063 -0.5)
(0.257858372007 0.146290509208 -0.5)
(0.278703081196 0.19 -0.5)
(0.277674769795 0.183737848524 -0.5)
(0.276382425486 0.177531454186 -0.5)
(0.274829665938 0.171394143855 -0.5)
(0.27302090414 0.165338977881 -0.5)
(0.270961327429 0.15937869693 -0.5)
(0.268656872745 0.153525670523 -0.5)
(0.266114198251 0.147791847537 -0.5)
(0.263340651466 0.142188708948 -0.5)
(0.284951171099 0.19 -0.5)
(0.283896242389 0.183197952295 -0.5)
(0.282580263778 0.176446726242 -0.5)
(0.281006178093 0.169758052445 -0.5)
(0.279177560536 0.163143460783 -0.5)
(0.277098603519 0.15661424082 -0.5)
(0.274774098782 0.150181403406 -0.5)
(0.272209416895 0.143855643691 -0.5)
(0.269410484243 0.137647305715 -0.5)
(0.291868888659 0.19 -0.5)
(0.290784489977 0.182600193672 -0.5)
(0.289442344101 0.175245744556 -0.5)
(0.28784464669 0.167946615917 -0.5)
(0.285994045369 0.160712643139 -0.5)
(0.283893630997 0.15355350916 -0.5)
(0.281546927379 0.14647872055 -0.5)
(0.278957879497 0.139497584366 -0.5)
(0.276130840293 0.132619185861 -0.5)
(0.299528 0.19 -0.5)
(0.298410972956 0.181938371356 -0.5)
(0.297039855386 0.173916049846 -0.5)
(0.295416015705 0.165941041977 -0.5)
(0.293541074551 0.15802130704 -0.5)
(0.29141690317 0.150164749158 -0.5)
(0.289045621547 0.142379209403 -0.5)
(0.286429596289 0.13467245797 -0.5)
(0.283571438265 0.127052186418 -0.5)
(0.24899 0.19 0.5)
(0.24808826845 0.186305350069 0.5)
(0.246908318159 0.18268992821 0.5)
(0.245456976043 0.179174652408 0.5)
(0.243742639225 0.175779861225 0.5)
(0.241775226459 0.172525196125 0.5)
(0.239566120732 0.169429487839 0.5)
(0.237128103413 0.16651064741 0.5)
(0.234475280298 0.163785562562 0.5)
(0.252053644537 0.19 0.5)
(0.251138861642 0.186040621142 0.5)
(0.249947322673 0.182158050326 0.5)
(0.248485523649 0.178372422833 0.5)
(0.246761450898 0.174703326785 0.5)
(0.244784535328 0.171169692125 0.5)
(0.242565598399 0.16778968338 0.5)
(0.24011679013 0.164580596851 0.5)
(0.237451519487 0.161558762785 0.5)
(0.255445629597 0.19 0.5)
(0.254516396604 0.185747520376 0.5)
(0.253312026962 0.181569169398 0.5)
(0.251838650329 0.177484215763 0.5)
(0.250103798214 0.173511416728 0.5)
(0.248116361395 0.169668914451 0.5)
(0.245886539623 0.165974135865 0.5)
(0.243425783903 0.162443696639 0.5)
(0.24074673169 0.159093309797 0.5)
(0.259201144479 0.19 0.5)
(0.258255912724 0.185423007068 0.5)
(0.257037337305 0.180917176229 0.5)
(0.255551142255 0.176500816719 0.5)
(0.253804355517 0.17219176588 0.5)
(0.251805269854 0.168007293664 0.5)
(0.249563396675 0.163964010351 0.5)
(0.247089413057 0.160077778037 0.5)
(0.244395102261 0.156363626375 0.5)
(0.26335914983 0.19 0.5)
(0.262396204674 0.185063714637 0.5)
(0.261161901 0.18019530688 0.5)
(0.259661513742 0.175412023672 0.5)
(0.25790151331 0.170730683856 0.5)
(0.255889530358 0.166167591694 0.5)
(0.253634314185 0.161738453295 0.5)
(0.251145684994 0.157458296419 0.5)
(0.248434480304 0.153341394104 0.5)
(0.267962781831 0.19 0.5)
(0.266980224874 0.184665915695 0.5)
(0.265728507298 0.179396072497 0.5)
(0.264212406808 0.174206541214 0.5)
(0.262437776528 0.169113013028 0.5)
(0.260411514044 0.164130723017 0.5)
(0.258141524865 0.159274376215 0.5)
(0.25563668049 0.154558076628 0.5)
(0.252906771332 0.149995259592 0.5)
(0.273059799709 0.19 0.5)
(0.272055529092 0.184225483375 0.5)
(0.270784531309 0.178511181625 0.5)
(0.26925103355 0.172871863368 0.5)
(0.267460205495 0.167321971274 0.5)
(0.265418133097 0.161875556648 0.5)
(0.263131787643 0.156546216162 0.5)
(0.260608990248 0.151347031063 0.5)
(0.257858372007 0.146290509208 0.5)
(0.278703081196 0.19 0.5)
(0.277674769795 0.183737848524 0.5)
(0.276382425486 0.177531454186 0.5)
(0.274829665938 0.171394143855 0.5)
(0.27302090414 0.165338977881 0.5)
(0.270961327429 0.15937869693 0.5)
(0.268656872745 0.153525670523 0.5)
(0.266114198251 0.147791847537 0.5)
(0.263340651466 0.142188708948 0.5)
(0.284951171099 0.19 0.5)
(0.283896242389 0.183197952295 0.5)
(0.282580263778 0.176446726242 0.5)
(0.281006178093 0.169758052445 0.5)
(0.279177560536 0.163143460783 0.5)
(0.277098603519 0.15661424082 0.5)
(0.274774098782 0.150181403406 0.5)
(0.272209416895 0.143855643691 0.5)
(0.269410484243 0.137647305715 0.5)
(0.291868888659 0.19 0.5)
(0.290784489977 0.182600193672 0.5)
(0.289442344101 0.175245744556 0.5)
(0.28784464669 0.167946615917 0.5)
(0.285994045369 0.160712643139 0.5)
(0.283893630997 0.15355350916 0.5)
(0.281546927379 0.14647872055 0.5)
(0.278957879497 0.139497584366 0.5)
(0.276130840293 0.132619185861 0.5)
(0.299528 0.19 0.5)
(0.298410972956 0.181938371356 0.5)
(0.297039855386 0.173916049846 0.5)
(0.295416015705 0.165941041977 0.5)
(0.293541074551 0.15802130704 0.5)
(0.29141690317 0.150164749158 0.5)
(0.289045621547 0.142379209403 0.5)
(0.286429596289 0.13467245797 0.5)
(0.283571438265 0.127052186418 0.5)
(0.292878160669 0.127061135184 -0.5)
(0.302184883073 0.127070083949 -0.5)
(0.311491605477 0.127079032715 -0.5)
(0.320798327881 0.12708798148 -0.5)
(0.330105050285 0.127096930246 -0.5)
(0.339411772689 0.127105879011 -0.5)
(0.348718495093 0.127114827777 -0.5)
(0.358025217497 0.127123776542 -0.5)
(0.367331939901 0.127132725307 -0.5)
(0.376638662305 0.127141674073 -0.5)
(0.385945384709 0.127150622838 -0.5)
(0.395252107113 0.127159571604 -0.5)
(0.404558829517 0.127168520369 -0.5)
(0.413865551921 0.127177469135 -0.5)
(0.423172274325 0.1271864179 -0.5)
(0.432478996729 0.127195366666 -0.5)
(0.441785719133 0.127204315431 -0.5)
(0.451092441537 0.127213264197 -0.5)
(0.460399163941 0.127222212962 -0.5)
(0.469705886345 0.127231161728 -0.5)
(0.479012608748 0.127240110493 -0.5)
(0.488319331152 0.127249059259 -0.5)
(0.497626053556 0.127258008024 -0.5)
(0.50693277596 0.12726695679 -0.5)
(0.516239498364 0.127275905555 -0.5)
(0.525546220768 0.127284854321 -0.5)
(0.534852943172 0.127293803086 -0.5)
(0.544159665576 0.127302751852 -0.5)
(0.55346638798 0.127311700617 -0.5)
(0.562773110384 0.127320649383 -0.5)
(0.572079832788 0.127329598148 -0.5)
(0.581386555192 0.127338546913 -0.5)
(0.590693277596 0.127347495679 -0.5)
(0.6 0.127356444444 -0.5)
(0.295652255222 0.134687588291 -0.5)
(0.304874914154 0.134702718612 -0.5)
(0.314097573087 0.134717848933 -0.5)
(0.32332023202 0.134732979254 -0.5)
(0.332542890952 0.134748109576 -0.5)
(0.341765549885 0.134763239897 -0.5)
(0.350988208818 0.134778370218 -0.5)
(0.36021086775 0.134793500539 -0.5)
(0.369433526683 0.13480863086 -0.5)
(0.378656185616 0.134823761181 -0.5)
(0.387878844548 0.134838891502 -0.5)
(0.397101503481 0.134854021824 -0.5)
(0.406324162414 0.134869152145 -0.5)
(0.415546821347 0.134884282466 -0.5)
(0.424769480279 0.134899412787 -0.5)
(0.433992139212 0.134914543108 -0.5)
(0.443214798145 0.134929673429 -0.5)
(0.452437457077 0.13494480375 -0.5)
(0.46166011601 0.134959934072 -0.5)
(0.470882774943 0.134975064393 -0.5)
(0.480105433875 0.134990194714 -0.5)
(0.489328092808 0.135005325035 -0.5)
(0.498550751741 0.135020455356 -0.5)
(0.507773410673 0.135035585677 -0.5)
(0.516996069606 0.135050715999 -0.5)
(0.526218728539 0.13506584632 -0.5)
(0.535441387471 0.135080976641 -0.5)
(0.544664046404 0.135096106962 -0.5)
(0.553886705337 0.135111237283 -0.5)
(0.563109364269 0.135126367604 -0.5)
(0.572332023202 0.135141497925 -0.5)
(0.581554682135 0.135156628247 -0.5)
(0.590777341067 0.135171758568 -0.5)
(0.6 0.135186888889 -0.5)
(0.29819133856 0.142397977754 -0.5)
(0.307337055574 0.142416746105 -0.5)
(0.316482772587 0.142435514456 -0.5)
(0.3256284896 0.142454282807 -0.5)
(0.334774206614 0.142473051158 -0.5)
(0.343919923627 0.142491819509 -0.5)
(0.35306564064 0.142510587859 -0.5)
(0.362211357654 0.14252935621 -0.5)
(0.371357074667 0.142548124561 -0.5)
(0.38050279168 0.142566892912 -0.5)
(0.389648508694 0.142585661263 -0.5)
(0.398794225707 0.142604429614 -0.5)
(0.40793994272 0.142623197965 -0.5)
(0.417085659733 0.142641966316 -0.5)
(0.426231376747 0.142660734667 -0.5)
(0.43537709376 0.142679503017 -0.5)
(0.444522810773 0.142698271368 -0.5)
(0.453668527787 0.142717039719 -0.5)
(0.4628142448 0.14273580807 -0.5)
(0.471959961813 0.142754576421 -0.5)
(0.481105678827 0.142773344772 -0.5)
(0.49025139584 0.142792113123 -0.5)
(0.499397112853 0.142810881474 -0.5)
(0.508542829867 0.142829649825 -0.5)
(0.51768854688 0.142848418175 -0.5)
(0.526834263893 0.142867186526 -0.5)
(0.535979980907 0.142885954877 -0.5)
(0.54512569792 0.142904723228 -0.5)
(0.554271414933 0.142923491579 -0.5)
(0.563417131947 0.14294225993 -0.5)
(0.57256284896 0.142961028281 -0.5)
(0.581708565973 0.142979796632 -0.5)
(0.590854282987 0.142998564982 -0.5)
(0.6 0.143017333333 -0.5)
(0.300492876606 0.150184838235 -0.5)
(0.309568850042 0.150204927312 -0.5)
(0.318644823479 0.150225016389 -0.5)
(0.327720796915 0.150245105466 -0.5)
(0.336796770351 0.150265194543 -0.5)
(0.345872743787 0.15028528362 -0.5)
(0.354948717223 0.150305372697 -0.5)
(0.364024690659 0.150325461774 -0.5)
(0.373100664096 0.150345550852 -0.5)
(0.382176637532 0.150365639929 -0.5)
(0.391252610968 0.150385729006 -0.5)
(0.400328584404 0.150405818083 -0.5)
(0.40940455784 0.15042590716 -0.5)
(0.418480531277 0.150445996237 -0.5)
(0.427556504713 0.150466085314 -0.5)
(0.436632478149 0.150486174391 -0.5)
(0.445708451585 0.150506263468 -0.5)
(0.454784425021 0.150526352545 -0.5)
(0.463860398457 0.150546441622 -0.5)
(0.472936371894 0.150566530699 -0.5)
(0.48201234533 0.150586619776 -0.5)
(0.491088318766 0.150606708853 -0.5)
(0.500164292202 0.15062679793 -0.5)
(0.509240265638 0.150646887007 -0.5)
(0.518316239074 0.150666976084 -0.5)
(0.527392212511 0.150687065161 -0.5)
(0.536468185947 0.150707154238 -0.5)
(0.545544159383 0.150727243315 -0.5)
(0.554620132819 0.150747332393 -0.5)
(0.563696106255 0.15076742147 -0.5)
(0.572772079691 0.150787510547 -0.5)
(0.581848053128 0.150807599624 -0.5)
(0.590924026564 0.150827688701 -0.5)
(0.6 0.150847777778 -0.5)
(0.302554572358 0.158040628075 -0.5)
(0.311568070165 0.15805994911 -0.5)
(0.320581567973 0.158079270144 -0.5)
(0.32959506578 0.158098591179 -0.5)
(0.338608563587 0.158117912214 -0.5)
(0.347622061395 0.158137233249 -0.5)
(0.356635559202 0.158156554283 -0.5)
(0.365649057009 0.158175875318 -0.5)
(0.374662554817 0.158195196353 -0.5)
(0.383676052624 0.158214517388 -0.5)
(0.392689550431 0.158233838423 -0.5)
(0.401703048239 0.158253159457 -0.5)
(0.410716546046 0.158272480492 -0.5)
(0.419730043853 0.158291801527 -0.5)
(0.428743541661 0.158311122562 -0.5)
(0.437757039468 0.158330443596 -0.5)
(0.446770537275 0.158349764631 -0.5)
(0.455784035083 0.158369085666 -0.5)
(0.46479753289 0.158388406701 -0.5)
(0.473811030697 0.158407727735 -0.5)
(0.482824528505 0.15842704877 -0.5)
(0.491838026312 0.158446369805 -0.5)
(0.500851524119 0.15846569084 -0.5)
(0.509865021927 0.158485011875 -0.5)
(0.518878519734 0.158504332909 -0.5)
(0.527892017541 0.158523653944 -0.5)
(0.536905515349 0.158542974979 -0.5)
(0.545919013156 0.158562296014 -0.5)
(0.554932510963 0.158581617048 -0.5)
(0.563946008771 0.158600938083 -0.5)
(0.572959506578 0.158620259118 -0.5)
(0.581973004385 0.158639580153 -0.5)
(0.590986502193 0.158658901187 -0.5)
(0.6 0.158678222222 -0.5)
(0.304374368184 0.165957736821 -0.5)
(0.313332720663 0.165974431665 -0.5)
(0.322291073142 0.165991126509 -0.5)
(0.331249425622 0.166007821353 -0.5)
(0.340207778101 0.166024516196 -0.5)
(0.34916613058 0.16604121104 -0.5)
(0.35812448306 0.166057905884 -0.5)
(0.367082835539 0.166074600728 -0.5)
(0.376041188018 0.166091295572 -0.5)
(0.384999540497 0.166107990415 -0.5)
(0.393957892977 0.166124685259 -0.5)
(0.402916245456 0.166141380103 -0.5)
(0.411874597935 0.166158074947 -0.5)
(0.420832950414 0.166174769791 -0.5)
(0.429791302894 0.166191464634 -0.5)
(0.438749655373 0.166208159478 -0.5)
(0.447708007852 0.166224854322 -0.5)
(0.456666360332 0.166241549166 -0.5)
(0.465624712811 0.16625824401 -0.5)
(0.47458306529 0.166274938853 -0.5)
(0.483541417769 0.166291633697 -0.5)
(0.492499770249 0.166308328541 -0.5)
(0.501458122728 0.166325023385 -0.5)
(0.510416475207 0.166341718229 -0.5)
(0.519374827687 0.166358413072 -0.5)
(0.528333180166 0.166375107916 -0.5)
(0.537291532645 0.16639180276 -0.5)
(0.546249885124 0.166408497604 -0.5)
(0.555208237604 0.166425192448 -0.5)
(0.564166590083 0.166441887291 -0.5)
(0.573124942562 0.166458582135 -0.5)
(0.582083295041 0.166475276979 -0.5)
(0.591041647521 0.166491971823 -0.5)
(0.6 0.166508666667 -0.5)
(0.305950447875 0.173928492824 -0.5)
(0.314861040363 0.173940935802 -0.5)
(0.323771632852 0.173953378781 -0.5)
(0.332682225341 0.173965821759 -0.5)
(0.341592817829 0.173978264738 -0.5)
(0.350503410318 0.173990707716 -0.5)
(0.359414002807 0.174003150694 -0.5)
(0.368324595295 0.174015593673 -0.5)
(0.377235187784 0.174028036651 -0.5)
(0.386145780273 0.17404047963 -0.5)
(0.395056372761 0.174052922608 -0.5)
(0.40396696525 0.174065365586 -0.5)
(0.412877557738 0.174077808565 -0.5)
(0.421788150227 0.174090251543 -0.5)
(0.430698742716 0.174102694522 -0.5)
(0.439609335204 0.1741151375 -0.5)
(0.448519927693 0.174127580478 -0.5)
(0.457430520182 0.174140023457 -0.5)
(0.46634111267 0.174152466435 -0.5)
(0.475251705159 0.174164909414 -0.5)
(0.484162297648 0.174177352392 -0.5)
(0.493072890136 0.17418979537 -0.5)
(0.501983482625 0.174202238349 -0.5)
(0.510894075114 0.174214681327 -0.5)
(0.519804667602 0.174227124306 -0.5)
(0.528715260091 0.174239567284 -0.5)
(0.537625852579 0.174252010262 -0.5)
(0.546536445068 0.174264453241 -0.5)
(0.555447037557 0.174276896219 -0.5)
(0.564357630045 0.174289339198 -0.5)
(0.573268222534 0.174301782176 -0.5)
(0.582178815023 0.174314225154 -0.5)
(0.591089407511 0.174326668133 -0.5)
(0.6 0.174339111111 -0.5)
(0.307281238457 0.181945170891 -0.5)
(0.316151503959 0.181951970427 -0.5)
(0.32502176946 0.181958769962 -0.5)
(0.333892034961 0.181965569497 -0.5)
(0.342762300463 0.181972369032 -0.5)
(0.351632565964 0.181979168568 -0.5)
(0.360502831465 0.181985968103 -0.5)
(0.369373096967 0.181992767638 -0.5)
(0.378243362468 0.181999567174 -0.5)
(0.387113627969 0.182006366709 -0.5)
(0.39598389347 0.182013166244 -0.5)
(0.404854158972 0.182019965779 -0.5)
(0.413724424473 0.182026765315 -0.5)
(0.422594689974 0.18203356485 -0.5)
(0.431464955476 0.182040364385 -0.5)
(0.440335220977 0.182047163921 -0.5)
(0.449205486478 0.182053963456 -0.5)
(0.458075751979 0.182060762991 -0.5)
(0.466946017481 0.182067562526 -0.5)
(0.475816282982 0.182074362062 -0.5)
(0.484686548483 0.182081161597 -0.5)
(0.493556813985 0.182087961132 -0.5)
(0.502427079486 0.182094760667 -0.5)
(0.511297344987 0.182101560203 -0.5)
(0.520167610488 0.182108359738 -0.5)
(0.52903787599 0.182115159273 -0.5)
(0.537908141491 0.182121958809 -0.5)
(0.546778406992 0.182128758344 -0.5)
(0.555648672494 0.182135557879 -0.5)
(0.564518937995 0.182142357414 -0.5)
(0.573389203496 0.18214915695 -0.5)
(0.582259468997 0.182155956485 -0.5)
(0.591129734499 0.18216275602 -0.5)
(0.6 0.182169555556 -0.5)
(0.308365411765 0.19 -0.5)
(0.317202823529 0.19 -0.5)
(0.326040235294 0.19 -0.5)
(0.334877647059 0.19 -0.5)
(0.343715058824 0.19 -0.5)
(0.352552470588 0.19 -0.5)
(0.361389882353 0.19 -0.5)
(0.370227294118 0.19 -0.5)
(0.379064705882 0.19 -0.5)
(0.387902117647 0.19 -0.5)
(0.396739529412 0.19 -0.5)
(0.405576941176 0.19 -0.5)
(0.414414352941 0.19 -0.5)
(0.423251764706 0.19 -0.5)
(0.432089176471 0.19 -0.5)
(0.440926588235 0.19 -0.5)
(0.449764 0.19 -0.5)
(0.458601411765 0.19 -0.5)
(0.467438823529 0.19 -0.5)
(0.476276235294 0.19 -0.5)
(0.485113647059 0.19 -0.5)
(0.493951058824 0.19 -0.5)
(0.502788470588 0.19 -0.5)
(0.511625882353 0.19 -0.5)
(0.520463294118 0.19 -0.5)
(0.529300705882 0.19 -0.5)
(0.538138117647 0.19 -0.5)
(0.546975529412 0.19 -0.5)
(0.555812941176 0.19 -0.5)
(0.564650352941 0.19 -0.5)
(0.573487764706 0.19 -0.5)
(0.582325176471 0.19 -0.5)
(0.591162588235 0.19 -0.5)
(0.6 0.19 -0.5)
(0.292878160669 0.127061135184 0.5)
(0.302184883073 0.127070083949 0.5)
(0.311491605477 0.127079032715 0.5)
(0.320798327881 0.12708798148 0.5)
(0.330105050285 0.127096930246 0.5)
(0.339411772689 0.127105879011 0.5)
(0.348718495093 0.127114827777 0.5)
(0.358025217497 0.127123776542 0.5)
(0.367331939901 0.127132725307 0.5)
(0.376638662305 0.127141674073 0.5)
(0.385945384709 0.127150622838 0.5)
(0.395252107113 0.127159571604 0.5)
(0.404558829517 0.127168520369 0.5)
(0.413865551921 0.127177469135 0.5)
(0.423172274325 0.1271864179 0.5)
(0.432478996729 0.127195366666 0.5)
(0.441785719133 0.127204315431 0.5)
(0.451092441537 0.127213264197 0.5)
(0.460399163941 0.127222212962 0.5)
(0.469705886345 0.127231161728 0.5)
(0.479012608748 0.127240110493 0.5)
(0.488319331152 0.127249059259 0.5)
(0.497626053556 0.127258008024 0.5)
(0.50693277596 0.12726695679 0.5)
(0.516239498364 0.127275905555 0.5)
(0.525546220768 0.127284854321 0.5)
(0.534852943172 0.127293803086 0.5)
(0.544159665576 0.127302751852 0.5)
(0.55346638798 0.127311700617 0.5)
(0.562773110384 0.127320649383 0.5)
(0.572079832788 0.127329598148 0.5)
(0.581386555192 0.127338546913 0.5)
(0.590693277596 0.127347495679 0.5)
(0.6 0.127356444444 0.5)
(0.295652255222 0.134687588291 0.5)
(0.304874914154 0.134702718612 0.5)
(0.314097573087 0.134717848933 0.5)
(0.32332023202 0.134732979254 0.5)
(0.332542890952 0.134748109576 0.5)
(0.341765549885 0.134763239897 0.5)
(0.350988208818 0.134778370218 0.5)
(0.36021086775 0.134793500539 0.5)
(0.369433526683 0.13480863086 0.5)
(0.378656185616 0.134823761181 0.5)
(0.387878844548 0.134838891502 0.5)
(0.397101503481 0.134854021824 0.5)
(0.406324162414 0.134869152145 0.5)
(0.415546821347 0.134884282466 0.5)
(0.424769480279 0.134899412787 0.5)
(0.433992139212 0.134914543108 0.5)
(0.443214798145 0.134929673429 0.5)
(0.452437457077 0.13494480375 0.5)
(0.46166011601 0.134959934072 0.5)
(0.470882774943 0.134975064393 0.5)
(0.480105433875 0.134990194714 0.5)
(0.489328092808 0.135005325035 0.5)
(0.498550751741 0.135020455356 0.5)
(0.507773410673 0.135035585677 0.5)
(0.516996069606 0.135050715999 0.5)
(0.526218728539 0.13506584632 0.5)
(0.535441387471 0.135080976641 0.5)
(0.544664046404 0.135096106962 0.5)
(0.553886705337 0.135111237283 0.5)
(0.563109364269 0.135126367604 0.5)
(0.572332023202 0.135141497925 0.5)
(0.581554682135 0.135156628247 0.5)
(0.590777341067 0.135171758568 0.5)
(0.6 0.135186888889 0.5)
(0.29819133856 0.142397977754 0.5)
(0.307337055574 0.142416746105 0.5)
(0.316482772587 0.142435514456 0.5)
(0.3256284896 0.142454282807 0.5)
(0.334774206614 0.142473051158 0.5)
(0.343919923627 0.142491819509 0.5)
(0.35306564064 0.142510587859 0.5)
(0.362211357654 0.14252935621 0.5)
(0.371357074667 0.142548124561 0.5)
(0.38050279168 0.142566892912 0.5)
(0.389648508694 0.142585661263 0.5)
(0.398794225707 0.142604429614 0.5)
(0.40793994272 0.142623197965 0.5)
(0.417085659733 0.142641966316 0.5)
(0.426231376747 0.142660734667 0.5)
(0.43537709376 0.142679503017 0.5)
(0.444522810773 0.142698271368 0.5)
(0.453668527787 0.142717039719 0.5)
(0.4628142448 0.14273580807 0.5)
(0.471959961813 0.142754576421 0.5)
(0.481105678827 0.142773344772 0.5)
(0.49025139584 0.142792113123 0.5)
(0.499397112853 0.142810881474 0.5)
(0.508542829867 0.142829649825 0.5)
(0.51768854688 0.142848418175 0.5)
(0.526834263893 0.142867186526 0.5)
(0.535979980907 0.142885954877 0.5)
(0.54512569792 0.142904723228 0.5)
(0.554271414933 0.142923491579 0.5)
(0.563417131947 0.14294225993 0.5)
(0.57256284896 0.142961028281 0.5)
(0.581708565973 0.142979796632 0.5)
(0.590854282987 0.142998564982 0.5)
(0.6 0.143017333333 0.5)
(0.300492876606 0.150184838235 0.5)
(0.309568850042 0.150204927312 0.5)
(0.318644823479 0.150225016389 0.5)
(0.327720796915 0.150245105466 0.5)
(0.336796770351 0.150265194543 0.5)
(0.345872743787 0.15028528362 0.5)
(0.354948717223 0.150305372697 0.5)
(0.364024690659 0.150325461774 0.5)
(0.373100664096 0.150345550852 0.5)
(0.382176637532 0.150365639929 0.5)
(0.391252610968 0.150385729006 0.5)
(0.400328584404 0.150405818083 0.5)
(0.40940455784 0.15042590716 0.5)
(0.418480531277 0.150445996237 0.5)
(0.427556504713 0.150466085314 0.5)
(0.436632478149 0.150486174391 0.5)
(0.445708451585 0.150506263468 0.5)
(0.454784425021 0.150526352545 0.5)
(0.463860398457 0.150546441622 0.5)
(0.472936371894 0.150566530699 0.5)
(0.48201234533 0.150586619776 0.5)
(0.491088318766 0.150606708853 0.5)
(0.500164292202 0.15062679793 0.5)
(0.509240265638 0.150646887007 0.5)
(0.518316239074 0.150666976084 0.5)
(0.527392212511 0.150687065161 0.5)
(0.536468185947 0.150707154238 0.5)
(0.545544159383 0.150727243315 0.5)
(0.554620132819 0.150747332393 0.5)
(0.563696106255 0.15076742147 0.5)
(0.572772079691 0.150787510547 0.5)
(0.581848053128 0.150807599624 0.5)
(0.590924026564 0.150827688701 0.5)
(0.6 0.150847777778 0.5)
(0.302554572358 0.158040628075 0.5)
(0.311568070165 0.15805994911 0.5)
(0.320581567973 0.158079270144 0.5)
(0.32959506578 0.158098591179 0.5)
(0.338608563587 0.158117912214 0.5)
(0.347622061395 0.158137233249 0.5)
(0.356635559202 0.158156554283 0.5)
(0.365649057009 0.158175875318 0.5)
(0.374662554817 0.158195196353 0.5)
(0.383676052624 0.158214517388 0.5)
(0.392689550431 0.158233838423 0.5)
(0.401703048239 0.158253159457 0.5)
(0.410716546046 0.158272480492 0.5)
(0.419730043853 0.158291801527 0.5)
(0.428743541661 0.158311122562 0.5)
(0.437757039468 0.158330443596 0.5)
(0.446770537275 0.158349764631 0.5)
(0.455784035083 0.158369085666 0.5)
(0.46479753289 0.158388406701 0.5)
(0.473811030697 0.158407727735 0.5)
(0.482824528505 0.15842704877 0.5)
(0.491838026312 0.158446369805 0.5)
(0.500851524119 0.15846569084 0.5)
(0.509865021927 0.158485011875 0.5)
(0.518878519734 0.158504332909 0.5)
(0.527892017541 0.158523653944 0.5)
(0.536905515349 0.158542974979 0.5)
(0.545919013156 0.158562296014 0.5)
(0.554932510963 0.158581617048 0.5)
(0.563946008771 0.158600938083 0.5)
(0.572959506578 0.158620259118 0.5)
(0.581973004385 0.158639580153 0.5)
(0.590986502193 0.158658901187 0.5)
(0.6 0.158678222222 0.5)
(0.304374368184 0.165957736821 0.5)
(0.313332720663 0.165974431665 0.5)
(0.322291073142 0.165991126509 0.5)
(0.331249425622 0.166007821353 0.5)
(0.340207778101 0.166024516196 0.5)
(0.34916613058 0.16604121104 0.5)
(0.35812448306 0.166057905884 0.5)
(0.367082835539 0.166074600728 0.5)
(0.376041188018 0.166091295572 0.5)
(0.384999540497 0.166107990415 0.5)
(0.393957892977 0.166124685259 0.5)
(0.402916245456 0.166141380103 0.5)
(0.411874597935 0.166158074947 0.5)
(0.420832950414 0.166174769791 0.5)
(0.429791302894 0.166191464634 0.5)
(0.438749655373 0.166208159478 0.5)
(0.447708007852 0.166224854322 0.5)
(0.456666360332 0.166241549166 0.5)
(0.465624712811 0.16625824401 0.5)
(0.47458306529 0.166274938853 0.5)
(0.483541417769 0.166291633697 0.5)
(0.492499770249 0.166308328541 0.5)
(0.501458122728 0.166325023385 0.5)
(0.510416475207 0.166341718229 0.5)
(0.519374827687 0.166358413072 0.5)
(0.528333180166 0.166375107916 0.5)
(0.537291532645 0.16639180276 0.5)
(0.546249885124 0.166408497604 0.5)
(0.555208237604 0.166425192448 0.5)
(0.564166590083 0.166441887291 0.5)
(0.573124942562 0.166458582135 0.5)
(0.582083295041 0.166475276979 0.5)
(0.591041647521 0.166491971823 0.5)
(0.6 0.166508666667 0.5)
(0.305950447875 0.173928492824 0.5)
(0.314861040363 0.173940935802 0.5)
(0.323771632852 0.173953378781 0.5)
(0.332682225341 0.173965821759 0.5)
(0.341592817829 0.173978264738 0.5)
(0.350503410318 0.173990707716 0.5)
(0.359414002807 0.174003150694 0.5)
(0.368324595295 0.174015593673 0.5)
(0.377235187784 0.174028036651 0.5)
(0.386145780273 0.17404047963 0.5)
(0.395056372761 0.174052922608 0.5)
(0.40396696525 0.174065365586 0.5)
(0.412877557738 0.174077808565 0.5)
(0.421788150227 0.174090251543 0.5)
(0.430698742716 0.174102694522 0.5)
(0.439609335204 0.1741151375 0.5)
(0.448519927693 0.174127580478 0.5)
(0.457430520182 0.174140023457 0.5)
(0.46634111267 0.174152466435 0.5)
(0.475251705159 0.174164909414 0.5)
(0.484162297648 0.174177352392 0.5)
(0.493072890136 0.17418979537 0.5)
(0.501983482625 0.174202238349 0.5)
(0.510894075114 0.174214681327 0.5)
(0.519804667602 0.174227124306 0.5)
(0.528715260091 0.174239567284 0.5)
(0.537625852579 0.174252010262 0.5)
(0.546536445068 0.174264453241 0.5)
(0.555447037557 0.174276896219 0.5)
(0.564357630045 0.174289339198 0.5)
(0.573268222534 0.174301782176 0.5)
(0.582178815023 0.174314225154 0.5)
(0.591089407511 0.174326668133 0.5)
(0.6 0.174339111111 0.5)
(0.307281238457 0.181945170891 0.5)
(0.316151503959 0.181951970427 0.5)
(0.32502176946 0.181958769962 0.5)
(0.333892034961 0.181965569497 0.5)
(0.342762300463 0.181972369032 0.5)
(0.351632565964 0.181979168568 0.5)
(0.360502831465 0.181985968103 0.5)
(0.369373096967 0.181992767638 0.5)
(0.378243362468 0.181999567174 0.5)
(0.387113627969 0.182006366709 0.5)
(0.39598389347 0.182013166244 0.5)
(0.404854158972 0.182019965779 0.5)
(0.413724424473 0.182026765315 0.5)
(0.422594689974 0.18203356485 0.5)
(0.431464955476 0.182040364385 0.5)
(0.440335220977 0.182047163921 0.5)
(0.449205486478 0.182053963456 0.5)
(0.458075751979 0.182060762991 0.5)
(0.466946017481 0.182067562526 0.5)
(0.475816282982 0.182074362062 0.5)
(0.484686548483 0.182081161597 0.5)
(0.493556813985 0.182087961132 0.5)
(0.502427079486 0.182094760667 0.5)
(0.511297344987 0.182101560203 0.5)
(0.520167610488 0.182108359738 0.5)
(0.52903787599 0.182115159273 0.5)
(0.537908141491 0.182121958809 0.5)
(0.546778406992 0.182128758344 0.5)
(0.555648672494 0.182135557879 0.5)
(0.564518937995 0.182142357414 0.5)
(0.573389203496 0.18214915695 0.5)
(0.582259468997 0.182155956485 0.5)
(0.591129734499 0.18216275602 0.5)
(0.6 0.182169555556 0.5)
(0.308365411765 0.19 0.5)
(0.317202823529 0.19 0.5)
(0.326040235294 0.19 0.5)
(0.334877647059 0.19 0.5)
(0.343715058824 0.19 0.5)
(0.352552470588 0.19 0.5)
(0.361389882353 0.19 0.5)
(0.370227294118 0.19 0.5)
(0.379064705882 0.19 0.5)
(0.387902117647 0.19 0.5)
(0.396739529412 0.19 0.5)
(0.405576941176 0.19 0.5)
(0.414414352941 0.19 0.5)
(0.423251764706 0.19 0.5)
(0.432089176471 0.19 0.5)
(0.440926588235 0.19 0.5)
(0.449764 0.19 0.5)
(0.458601411765 0.19 0.5)
(0.467438823529 0.19 0.5)
(0.476276235294 0.19 0.5)
(0.485113647059 0.19 0.5)
(0.493951058824 0.19 0.5)
(0.502788470588 0.19 0.5)
(0.511625882353 0.19 0.5)
(0.520463294118 0.19 0.5)
(0.529300705882 0.19 0.5)
(0.538138117647 0.19 0.5)
(0.546975529412 0.19 0.5)
(0.555812941176 0.19 0.5)
(0.564650352941 0.19 0.5)
(0.573487764706 0.19 0.5)
(0.582325176471 0.19 0.5)
(0.591162588235 0.19 0.5)
(0.6 0.19 0.5)
(0.608637878707 0.127356444444 -0.5)
(0.617561022312 0.127356444444 -0.5)
(0.626778851656 0.127356444444 -0.5)
(0.636301098699 0.127356444444 -0.5)
(0.646137816799 0.127356444444 -0.5)
(0.656299391323 0.127356444444 -0.5)
(0.666796550617 0.127356444444 -0.5)
(0.677640377327 0.127356444444 -0.5)
(0.688842320102 0.127356444444 -0.5)
(0.700414205682 0.127356444444 -0.5)
(0.712368251383 0.127356444444 -0.5)
(0.724717077998 0.127356444444 -0.5)
(0.737473723117 0.127356444444 -0.5)
(0.750651654898 0.127356444444 -0.5)
(0.764264786282 0.127356444444 -0.5)
(0.778327489683 0.127356444444 -0.5)
(0.792854612162 0.127356444444 -0.5)
(0.807861491104 0.127356444444 -0.5)
(0.823363970408 0.127356444444 -0.5)
(0.839378417215 0.127356444444 -0.5)
(0.85592173919 0.127356444444 -0.5)
(0.873011402373 0.127356444444 -0.5)
(0.890665449614 0.127356444444 -0.5)
(0.90890251963 0.127356444444 -0.5)
(0.927741866676 0.127356444444 -0.5)
(0.94720338088 0.127356444444 -0.5)
(0.967307609236 0.127356444444 -0.5)
(0.988075777301 0.127356444444 -0.5)
(1.0095298116 0.127356444444 -0.5)
(1.03169236279 0.127356444444 -0.5)
(1.05458682956 0.127356444444 -0.5)
(1.07823738331 0.127356444444 -0.5)
(1.10266899375 0.127356444444 -0.5)
(1.12790745516 0.127356444444 -0.5)
(1.15397941371 0.127356444444 -0.5)
(1.18091239553 0.127356444444 -0.5)
(1.20873483582 0.127356444444 -0.5)
(1.23747610884 0.127356444444 -0.5)
(1.26716655892 0.127356444444 -0.5)
(1.29783753252 0.127356444444 -0.5)
(1.32952141132 0.127356444444 -0.5)
(1.36225164637 0.127356444444 -0.5)
(1.39606279349 0.127356444444 -0.5)
(1.43099054964 0.127356444444 -0.5)
(1.46707179072 0.127356444444 -0.5)
(1.50434461042 0.127356444444 -0.5)
(1.54284836047 0.127356444444 -0.5)
(1.58262369222 0.127356444444 -0.5)
(1.62371259949 0.127356444444 -0.5)
(1.66615846294 0.127356444444 -0.5)
(1.71000609591 0.127356444444 -0.5)
(1.75530179164 0.127356444444 -0.5)
(1.80209337225 0.127356444444 -0.5)
(1.85043023915 0.127356444444 -0.5)
(1.90036342523 0.127356444444 -0.5)
(1.95194564874 0.127356444444 -0.5)
(2.00523136894 0.127356444444 -0.5)
(2.0602768436 0.127356444444 -0.5)
(2.1171401884 0.127356444444 -0.5)
(2.17588143829 0.127356444444 -0.5)
(2.23656261085 0.127356444444 -0.5)
(2.29924777179 0.127356444444 -0.5)
(2.36400310258 0.127356444444 -0.5)
(2.43089697035 0.127356444444 -0.5)
(2.5 0.127356444444 -0.5)
(0.608637878707 0.135186888889 -0.5)
(0.617561022312 0.135186888889 -0.5)
(0.626778851656 0.135186888889 -0.5)
(0.636301098699 0.135186888889 -0.5)
(0.646137816799 0.135186888889 -0.5)
(0.656299391323 0.135186888889 -0.5)
(0.666796550617 0.135186888889 -0.5)
(0.677640377327 0.135186888889 -0.5)
(0.688842320102 0.135186888889 -0.5)
(0.700414205682 0.135186888889 -0.5)
(0.712368251383 0.135186888889 -0.5)
(0.724717077998 0.135186888889 -0.5)
(0.737473723117 0.135186888889 -0.5)
(0.750651654898 0.135186888889 -0.5)
(0.764264786282 0.135186888889 -0.5)
(0.778327489683 0.135186888889 -0.5)
(0.792854612162 0.135186888889 -0.5)
(0.807861491104 0.135186888889 -0.5)
(0.823363970408 0.135186888889 -0.5)
(0.839378417215 0.135186888889 -0.5)
(0.85592173919 0.135186888889 -0.5)
(0.873011402373 0.135186888889 -0.5)
(0.890665449614 0.135186888889 -0.5)
(0.90890251963 0.135186888889 -0.5)
(0.927741866676 0.135186888889 -0.5)
(0.94720338088 0.135186888889 -0.5)
(0.967307609236 0.135186888889 -0.5)
(0.988075777301 0.135186888889 -0.5)
(1.0095298116 0.135186888889 -0.5)
(1.03169236279 0.135186888889 -0.5)
(1.05458682956 0.135186888889 -0.5)
(1.07823738331 0.135186888889 -0.5)
(1.10266899375 0.135186888889 -0.5)
(1.12790745516 0.135186888889 -0.5)
(1.15397941371 0.135186888889 -0.5)
(1.18091239553 0.135186888889 -0.5)
(1.20873483582 0.135186888889 -0.5)
(1.23747610884 0.135186888889 -0.5)
(1.26716655892 0.135186888889 -0.5)
(1.29783753252 0.135186888889 -0.5)
(1.32952141132 0.135186888889 -0.5)
(1.36225164637 0.135186888889 -0.5)
(1.39606279349 0.135186888889 -0.5)
(1.43099054964 0.135186888889 -0.5)
(1.46707179072 0.135186888889 -0.5)
(1.50434461042 0.135186888889 -0.5)
(1.54284836047 0.135186888889 -0.5)
(1.58262369222 0.135186888889 -0.5)
(1.62371259949 0.135186888889 -0.5)
(1.66615846294 0.135186888889 -0.5)
(1.71000609591 0.135186888889 -0.5)
(1.75530179164 0.135186888889 -0.5)
(1.80209337225 0.135186888889 -0.5)
(1.85043023915 0.135186888889 -0.5)
(1.90036342523 0.135186888889 -0.5)
(1.95194564874 0.135186888889 -0.5)
(2.00523136894 0.135186888889 -0.5)
(2.0602768436 0.135186888889 -0.5)
(2.1171401884 0.135186888889 -0.5)
(2.17588143829 0.135186888889 -0.5)
(2.23656261085 0.135186888889 -0.5)
(2.29924777179 0.135186888889 -0.5)
(2.36400310258 0.135186888889 -0.5)
(2.43089697035 0.135186888889 -0.5)
(2.5 0.135186888889 -0.5)
(0.608637878707 0.143017333333 -0.5)
(0.617561022312 0.143017333333 -0.5)
(0.626778851656 0.143017333333 -0.5)
(0.636301098699 0.143017333333 -0.5)
(0.646137816799 0.143017333333 -0.5)
(0.656299391323 0.143017333333 -0.5)
(0.666796550617 0.143017333333 -0.5)
(0.677640377327 0.143017333333 -0.5)
(0.688842320102 0.143017333333 -0.5)
(0.700414205682 0.143017333333 -0.5)
(0.712368251383 0.143017333333 -0.5)
(0.724717077998 0.143017333333 -0.5)
(0.737473723117 0.143017333333 -0.5)
(0.750651654898 0.143017333333 -0.5)
(0.764264786282 0.143017333333 -0.5)
(0.778327489683 0.143017333333 -0.5)
(0.792854612162 0.143017333333 -0.5)
(0.807861491104 0.143017333333 -0.5)
(0.823363970408 0.143017333333 -0.5)
(0.839378417215 0.143017333333 -0.5)
(0.85592173919 0.143017333333 -0.5)
(0.873011402373 0.143017333333 -0.5)
(0.890665449614 0.143017333333 -0.5)
(0.90890251963 0.143017333333 -0.5)
(0.927741866676 0.143017333333 -0.5)
(0.94720338088 0.143017333333 -0.5)
(0.967307609236 0.143017333333 -0.5)
(0.988075777301 0.143017333333 -0.5)
(1.0095298116 0.143017333333 -0.5)
(1.03169236279 0.143017333333 -0.5)
(1.05458682956 0.143017333333 -0.5)
(1.07823738331 0.143017333333 -0.5)
(1.10266899375 0.143017333333 -0.5)
(1.12790745516 0.143017333333 -0.5)
(1.15397941371 0.143017333333 -0.5)
(1.18091239553 0.143017333333 -0.5)
(1.20873483582 0.143017333333 -0.5)
(1.23747610884 0.143017333333 -0.5)
(1.26716655892 0.143017333333 -0.5)
(1.29783753252 0.143017333333 -0.5)
(1.32952141132 0.143017333333 -0.5)
(1.36225164637 0.143017333333 -0.5)
(1.39606279349 0.143017333333 -0.5)
(1.43099054964 0.143017333333 -0.5)
(1.46707179072 0.143017333333 -0.5)
(1.50434461042 0.143017333333 -0.5)
(1.54284836047 0.143017333333 -0.5)
(1.58262369222 0.143017333333 -0.5)
(1.62371259949 0.143017333333 -0.5)
(1.66615846294 0.143017333333 -0.5)
(1.71000609591 0.143017333333 -0.5)
(1.75530179164 0.143017333333 -0.5)
(1.80209337225 0.143017333333 -0.5)
(1.85043023915 0.143017333333 -0.5)
(1.90036342523 0.143017333333 -0.5)
(1.95194564874 0.143017333333 -0.5)
(2.00523136894 0.143017333333 -0.5)
(2.0602768436 0.143017333333 -0.5)
(2.1171401884 0.143017333333 -0.5)
(2.17588143829 0.143017333333 -0.5)
(2.23656261085 0.143017333333 -0.5)
(2.29924777179 0.143017333333 -0.5)
(2.36400310258 0.143017333333 -0.5)
(2.43089697035 0.143017333333 -0.5)
(2.5 0.143017333333 -0.5)
(0.608637878707 0.150847777778 -0.5)
(0.617561022312 0.150847777778 -0.5)
(0.626778851656 0.150847777778 -0.5)
(0.636301098699 0.150847777778 -0.5)
(0.646137816799 0.150847777778 -0.5)
(0.656299391323 0.150847777778 -0.5)
(0.666796550617 0.150847777778 -0.5)
(0.677640377327 0.150847777778 -0.5)
(0.688842320102 0.150847777778 -0.5)
(0.700414205682 0.150847777778 -0.5)
(0.712368251383 0.150847777778 -0.5)
(0.724717077998 0.150847777778 -0.5)
(0.737473723117 0.150847777778 -0.5)
(0.750651654898 0.150847777778 -0.5)
(0.764264786282 0.150847777778 -0.5)
(0.778327489683 0.150847777778 -0.5)
(0.792854612162 0.150847777778 -0.5)
(0.807861491104 0.150847777778 -0.5)
(0.823363970408 0.150847777778 -0.5)
(0.839378417215 0.150847777778 -0.5)
(0.85592173919 0.150847777778 -0.5)
(0.873011402373 0.150847777778 -0.5)
(0.890665449614 0.150847777778 -0.5)
(0.90890251963 0.150847777778 -0.5)
(0.927741866676 0.150847777778 -0.5)
(0.94720338088 0.150847777778 -0.5)
(0.967307609236 0.150847777778 -0.5)
(0.988075777301 0.150847777778 -0.5)
(1.0095298116 0.150847777778 -0.5)
(1.03169236279 0.150847777778 -0.5)
(1.05458682956 0.150847777778 -0.5)
(1.07823738331 0.150847777778 -0.5)
(1.10266899375 0.150847777778 -0.5)
(1.12790745516 0.150847777778 -0.5)
(1.15397941371 0.150847777778 -0.5)
(1.18091239553 0.150847777778 -0.5)
(1.20873483582 0.150847777778 -0.5)
(1.23747610884 0.150847777778 -0.5)
(1.26716655892 0.150847777778 -0.5)
(1.29783753252 0.150847777778 -0.5)
(1.32952141132 0.150847777778 -0.5)
(1.36225164637 0.150847777778 -0.5)
(1.39606279349 0.150847777778 -0.5)
(1.43099054964 0.150847777778 -0.5)
(1.46707179072 0.150847777778 -0.5)
(1.50434461042 0.150847777778 -0.5)
(1.54284836047 0.150847777778 -0.5)
(1.58262369222 0.150847777778 -0.5)
(1.62371259949 0.150847777778 -0.5)
(1.66615846294 0.150847777778 -0.5)
(1.71000609591 0.150847777778 -0.5)
(1.75530179164 0.150847777778 -0.5)
(1.80209337225 0.150847777778 -0.5)
(1.85043023915 0.150847777778 -0.5)
(1.90036342523 0.150847777778 -0.5)
(1.95194564874 0.150847777778 -0.5)
(2.00523136894 0.150847777778 -0.5)
(2.0602768436 0.150847777778 -0.5)
(2.1171401884 0.150847777778 -0.5)
(2.17588143829 0.150847777778 -0.5)
(2.23656261085 0.150847777778 -0.5)
(2.29924777179 0.150847777778 -0.5)
(2.36400310258 0.150847777778 -0.5)
(2.43089697035 0.150847777778 -0.5)
(2.5 0.150847777778 -0.5)
(0.608637878707 0.158678222222 -0.5)
(0.617561022312 0.158678222222 -0.5)
(0.626778851656 0.158678222222 -0.5)
(0.636301098699 0.158678222222 -0.5)
(0.646137816799 0.158678222222 -0.5)
(0.656299391323 0.158678222222 -0.5)
(0.666796550617 0.158678222222 -0.5)
(0.677640377327 0.158678222222 -0.5)
(0.688842320102 0.158678222222 -0.5)
(0.700414205682 0.158678222222 -0.5)
(0.712368251383 0.158678222222 -0.5)
(0.724717077998 0.158678222222 -0.5)
(0.737473723117 0.158678222222 -0.5)
(0.750651654898 0.158678222222 -0.5)
(0.764264786282 0.158678222222 -0.5)
(0.778327489683 0.158678222222 -0.5)
(0.792854612162 0.158678222222 -0.5)
(0.807861491104 0.158678222222 -0.5)
(0.823363970408 0.158678222222 -0.5)
(0.839378417215 0.158678222222 -0.5)
(0.85592173919 0.158678222222 -0.5)
(0.873011402373 0.158678222222 -0.5)
(0.890665449614 0.158678222222 -0.5)
(0.90890251963 0.158678222222 -0.5)
(0.927741866676 0.158678222222 -0.5)
(0.94720338088 0.158678222222 -0.5)
(0.967307609236 0.158678222222 -0.5)
(0.988075777301 0.158678222222 -0.5)
(1.0095298116 0.158678222222 -0.5)
(1.03169236279 0.158678222222 -0.5)
(1.05458682956 0.158678222222 -0.5)
(1.07823738331 0.158678222222 -0.5)
(1.10266899375 0.158678222222 -0.5)
(1.12790745516 0.158678222222 -0.5)
(1.15397941371 0.158678222222 -0.5)
(1.18091239553 0.158678222222 -0.5)
(1.20873483582 0.158678222222 -0.5)
(1.23747610884 0.158678222222 -0.5)
(1.26716655892 0.158678222222 -0.5)
(1.29783753252 0.158678222222 -0.5)
(1.32952141132 0.158678222222 -0.5)
(1.36225164637 0.158678222222 -0.5)
(1.39606279349 0.158678222222 -0.5)
(1.43099054964 0.158678222222 -0.5)
(1.46707179072 0.158678222222 -0.5)
(1.50434461042 0.158678222222 -0.5)
(1.54284836047 0.158678222222 -0.5)
(1.58262369222 0.158678222222 -0.5)
(1.62371259949 0.158678222222 -0.5)
(1.66615846294 0.158678222222 -0.5)
(1.71000609591 0.158678222222 -0.5)
(1.75530179164 0.158678222222 -0.5)
(1.80209337225 0.158678222222 -0.5)
(1.85043023915 0.158678222222 -0.5)
(1.90036342523 0.158678222222 -0.5)
(1.95194564874 0.158678222222 -0.5)
(2.00523136894 0.158678222222 -0.5)
(2.0602768436 0.158678222222 -0.5)
(2.1171401884 0.158678222222 -0.5)
(2.17588143829 0.158678222222 -0.5)
(2.23656261085 0.158678222222 -0.5)
(2.29924777179 0.158678222222 -0.5)
(2.36400310258 0.158678222222 -0.5)
(2.43089697035 0.158678222222 -0.5)
(2.5 0.158678222222 -0.5)
(0.608637878707 0.166508666667 -0.5)
(0.617561022312 0.166508666667 -0.5)
(0.626778851656 0.166508666667 -0.5)
(0.636301098699 0.166508666667 -0.5)
(0.646137816799 0.166508666667 -0.5)
(0.656299391323 0.166508666667 -0.5)
(0.666796550617 0.166508666667 -0.5)
(0.677640377327 0.166508666667 -0.5)
(0.688842320102 0.166508666667 -0.5)
(0.700414205682 0.166508666667 -0.5)
(0.712368251383 0.166508666667 -0.5)
(0.724717077998 0.166508666667 -0.5)
(0.737473723117 0.166508666667 -0.5)
(0.750651654898 0.166508666667 -0.5)
(0.764264786282 0.166508666667 -0.5)
(0.778327489683 0.166508666667 -0.5)
(0.792854612162 0.166508666667 -0.5)
(0.807861491104 0.166508666667 -0.5)
(0.823363970408 0.166508666667 -0.5)
(0.839378417215 0.166508666667 -0.5)
(0.85592173919 0.166508666667 -0.5)
(0.873011402373 0.166508666667 -0.5)
(0.890665449614 0.166508666667 -0.5)
(0.90890251963 0.166508666667 -0.5)
(0.927741866676 0.166508666667 -0.5)
(0.94720338088 0.166508666667 -0.5)
(0.967307609236 0.166508666667 -0.5)
(0.988075777301 0.166508666667 -0.5)
(1.0095298116 0.166508666667 -0.5)
(1.03169236279 0.166508666667 -0.5)
(1.05458682956 0.166508666667 -0.5)
(1.07823738331 0.166508666667 -0.5)
(1.10266899375 0.166508666667 -0.5)
(1.12790745516 0.166508666667 -0.5)
(1.15397941371 0.166508666667 -0.5)
(1.18091239553 0.166508666667 -0.5)
(1.20873483582 0.166508666667 -0.5)
(1.23747610884 0.166508666667 -0.5)
(1.26716655892 0.166508666667 -0.5)
(1.29783753252 0.166508666667 -0.5)
(1.32952141132 0.166508666667 -0.5)
(1.36225164637 0.166508666667 -0.5)
(1.39606279349 0.166508666667 -0.5)
(1.43099054964 0.166508666667 -0.5)
(1.46707179072 0.166508666667 -0.5)
(1.50434461042 0.166508666667 -0.5)
(1.54284836047 0.166508666667 -0.5)
(1.58262369222 0.166508666667 -0.5)
(1.62371259949 0.166508666667 -0.5)
(1.66615846294 0.166508666667 -0.5)
(1.71000609591 0.166508666667 -0.5)
(1.75530179164 0.166508666667 -0.5)
(1.80209337225 0.166508666667 -0.5)
(1.85043023915 0.166508666667 -0.5)
(1.90036342523 0.166508666667 -0.5)
(1.95194564874 0.166508666667 -0.5)
(2.00523136894 0.166508666667 -0.5)
(2.0602768436 0.166508666667 -0.5)
(2.1171401884 0.166508666667 -0.5)
(2.17588143829 0.166508666667 -0.5)
(2.23656261085 0.166508666667 -0.5)
(2.29924777179 0.166508666667 -0.5)
(2.36400310258 0.166508666667 -0.5)
(2.43089697035 0.166508666667 -0.5)
(2.5 0.166508666667 -0.5)
(0.608637878707 0.174339111111 -0.5)
(0.617561022312 0.174339111111 -0.5)
(0.626778851656 0.174339111111 -0.5)
(0.636301098699 0.174339111111 -0.5)
(0.646137816799 0.174339111111 -0.5)
(0.656299391323 0.174339111111 -0.5)
(0.666796550617 0.174339111111 -0.5)
(0.677640377327 0.174339111111 -0.5)
(0.688842320102 0.174339111111 -0.5)
(0.700414205682 0.174339111111 -0.5)
(0.712368251383 0.174339111111 -0.5)
(0.724717077998 0.174339111111 -0.5)
(0.737473723117 0.174339111111 -0.5)
(0.750651654898 0.174339111111 -0.5)
(0.764264786282 0.174339111111 -0.5)
(0.778327489683 0.174339111111 -0.5)
(0.792854612162 0.174339111111 -0.5)
(0.807861491104 0.174339111111 -0.5)
(0.823363970408 0.174339111111 -0.5)
(0.839378417215 0.174339111111 -0.5)
(0.85592173919 0.174339111111 -0.5)
(0.873011402373 0.174339111111 -0.5)
(0.890665449614 0.174339111111 -0.5)
(0.90890251963 0.174339111111 -0.5)
(0.927741866676 0.174339111111 -0.5)
(0.94720338088 0.174339111111 -0.5)
(0.967307609236 0.174339111111 -0.5)
(0.988075777301 0.174339111111 -0.5)
(1.0095298116 0.174339111111 -0.5)
(1.03169236279 0.174339111111 -0.5)
(1.05458682956 0.174339111111 -0.5)
(1.07823738331 0.174339111111 -0.5)
(1.10266899375 0.174339111111 -0.5)
(1.12790745516 0.174339111111 -0.5)
(1.15397941371 0.174339111111 -0.5)
(1.18091239553 0.174339111111 -0.5)
(1.20873483582 0.174339111111 -0.5)
(1.23747610884 0.174339111111 -0.5)
(1.26716655892 0.174339111111 -0.5)
(1.29783753252 0.174339111111 -0.5)
(1.32952141132 0.174339111111 -0.5)
(1.36225164637 0.174339111111 -0.5)
(1.39606279349 0.174339111111 -0.5)
(1.43099054964 0.174339111111 -0.5)
(1.46707179072 0.174339111111 -0.5)
(1.50434461042 0.174339111111 -0.5)
(1.54284836047 0.174339111111 -0.5)
(1.58262369222 0.174339111111 -0.5)
(1.62371259949 0.174339111111 -0.5)
(1.66615846294 0.174339111111 -0.5)
(1.71000609591 0.174339111111 -0.5)
(1.75530179164 0.174339111111 -0.5)
(1.80209337225 0.174339111111 -0.5)
(1.85043023915 0.174339111111 -0.5)
(1.90036342523 0.174339111111 -0.5)
(1.95194564874 0.174339111111 -0.5)
(2.00523136894 0.174339111111 -0.5)
(2.0602768436 0.174339111111 -0.5)
(2.1171401884 0.174339111111 -0.5)
(2.17588143829 0.174339111111 -0.5)
(2.23656261085 0.174339111111 -0.5)
(2.29924777179 0.174339111111 -0.5)
(2.36400310258 0.174339111111 -0.5)
(2.43089697035 0.174339111111 -0.5)
(2.5 0.174339111111 -0.5)
(0.608637878707 0.182169555556 -0.5)
(0.617561022312 0.182169555556 -0.5)
(0.626778851656 0.182169555556 -0.5)
(0.636301098699 0.182169555556 -0.5)
(0.646137816799 0.182169555556 -0.5)
(0.656299391323 0.182169555556 -0.5)
(0.666796550617 0.182169555556 -0.5)
(0.677640377327 0.182169555556 -0.5)
(0.688842320102 0.182169555556 -0.5)
(0.700414205682 0.182169555556 -0.5)
(0.712368251383 0.182169555556 -0.5)
(0.724717077998 0.182169555556 -0.5)
(0.737473723117 0.182169555556 -0.5)
(0.750651654898 0.182169555556 -0.5)
(0.764264786282 0.182169555556 -0.5)
(0.778327489683 0.182169555556 -0.5)
(0.792854612162 0.182169555556 -0.5)
(0.807861491104 0.182169555556 -0.5)
(0.823363970408 0.182169555556 -0.5)
(0.839378417215 0.182169555556 -0.5)
(0.85592173919 0.182169555556 -0.5)
(0.873011402373 0.182169555556 -0.5)
(0.890665449614 0.182169555556 -0.5)
(0.90890251963 0.182169555556 -0.5)
(0.927741866676 0.182169555556 -0.5)
(0.94720338088 0.182169555556 -0.5)
(0.967307609236 0.182169555556 -0.5)
(0.988075777301 0.182169555556 -0.5)
(1.0095298116 0.182169555556 -0.5)
(1.03169236279 0.182169555556 -0.5)
(1.05458682956 0.182169555556 -0.5)
(1.07823738331 0.182169555556 -0.5)
(1.10266899375 0.182169555556 -0.5)
(1.12790745516 0.182169555556 -0.5)
(1.15397941371 0.182169555556 -0.5)
(1.18091239553 0.182169555556 -0.5)
(1.20873483582 0.182169555556 -0.5)
(1.23747610884 0.182169555556 -0.5)
(1.26716655892 0.182169555556 -0.5)
(1.29783753252 0.182169555556 -0.5)
(1.32952141132 0.182169555556 -0.5)
(1.36225164637 0.182169555556 -0.5)
(1.39606279349 0.182169555556 -0.5)
(1.43099054964 0.182169555556 -0.5)
(1.46707179072 0.182169555556 -0.5)
(1.50434461042 0.182169555556 -0.5)
(1.54284836047 0.182169555556 -0.5)
(1.58262369222 0.182169555556 -0.5)
(1.62371259949 0.182169555556 -0.5)
(1.66615846294 0.182169555556 -0.5)
(1.71000609591 0.182169555556 -0.5)
(1.75530179164 0.182169555556 -0.5)
(1.80209337225 0.182169555556 -0.5)
(1.85043023915 0.182169555556 -0.5)
(1.90036342523 0.182169555556 -0.5)
(1.95194564874 0.182169555556 -0.5)
(2.00523136894 0.182169555556 -0.5)
(2.0602768436 0.182169555556 -0.5)
(2.1171401884 0.182169555556 -0.5)
(2.17588143829 0.182169555556 -0.5)
(2.23656261085 0.182169555556 -0.5)
(2.29924777179 0.182169555556 -0.5)
(2.36400310258 0.182169555556 -0.5)
(2.43089697035 0.182169555556 -0.5)
(2.5 0.182169555556 -0.5)
(0.608637878707 0.19 -0.5)
(0.617561022312 0.19 -0.5)
(0.626778851656 0.19 -0.5)
(0.636301098699 0.19 -0.5)
(0.646137816799 0.19 -0.5)
(0.656299391323 0.19 -0.5)
(0.666796550617 0.19 -0.5)
(0.677640377327 0.19 -0.5)
(0.688842320102 0.19 -0.5)
(0.700414205682 0.19 -0.5)
(0.712368251383 0.19 -0.5)
(0.724717077998 0.19 -0.5)
(0.737473723117 0.19 -0.5)
(0.750651654898 0.19 -0.5)
(0.764264786282 0.19 -0.5)
(0.778327489683 0.19 -0.5)
(0.792854612162 0.19 -0.5)
(0.807861491104 0.19 -0.5)
(0.823363970408 0.19 -0.5)
(0.839378417215 0.19 -0.5)
(0.85592173919 0.19 -0.5)
(0.873011402373 0.19 -0.5)
(0.890665449614 0.19 -0.5)
(0.90890251963 0.19 -0.5)
(0.927741866676 0.19 -0.5)
(0.94720338088 0.19 -0.5)
(0.967307609236 0.19 -0.5)
(0.988075777301 0.19 -0.5)
(1.0095298116 0.19 -0.5)
(1.03169236279 0.19 -0.5)
(1.05458682956 0.19 -0.5)
(1.07823738331 0.19 -0.5)
(1.10266899375 0.19 -0.5)
(1.12790745516 0.19 -0.5)
(1.15397941371 0.19 -0.5)
(1.18091239553 0.19 -0.5)
(1.20873483582 0.19 -0.5)
(1.23747610884 0.19 -0.5)
(1.26716655892 0.19 -0.5)
(1.29783753252 0.19 -0.5)
(1.32952141132 0.19 -0.5)
(1.36225164637 0.19 -0.5)
(1.39606279349 0.19 -0.5)
(1.43099054964 0.19 -0.5)
(1.46707179072 0.19 -0.5)
(1.50434461042 0.19 -0.5)
(1.54284836047 0.19 -0.5)
(1.58262369222 0.19 -0.5)
(1.62371259949 0.19 -0.5)
(1.66615846294 0.19 -0.5)
(1.71000609591 0.19 -0.5)
(1.75530179164 0.19 -0.5)
(1.80209337225 0.19 -0.5)
(1.85043023915 0.19 -0.5)
(1.90036342523 0.19 -0.5)
(1.95194564874 0.19 -0.5)
(2.00523136894 0.19 -0.5)
(2.0602768436 0.19 -0.5)
(2.1171401884 0.19 -0.5)
(2.17588143829 0.19 -0.5)
(2.23656261085 0.19 -0.5)
(2.29924777179 0.19 -0.5)
(2.36400310258 0.19 -0.5)
(2.43089697035 0.19 -0.5)
(2.5 0.19 -0.5)
(0.608637878707 0.127356444444 0.5)
(0.617561022312 0.127356444444 0.5)
(0.626778851656 0.127356444444 0.5)
(0.636301098699 0.127356444444 0.5)
(0.646137816799 0.127356444444 0.5)
(0.656299391323 0.127356444444 0.5)
(0.666796550617 0.127356444444 0.5)
(0.677640377327 0.127356444444 0.5)
(0.688842320102 0.127356444444 0.5)
(0.700414205682 0.127356444444 0.5)
(0.712368251383 0.127356444444 0.5)
(0.724717077998 0.127356444444 0.5)
(0.737473723117 0.127356444444 0.5)
(0.750651654898 0.127356444444 0.5)
(0.764264786282 0.127356444444 0.5)
(0.778327489683 0.127356444444 0.5)
(0.792854612162 0.127356444444 0.5)
(0.807861491104 0.127356444444 0.5)
(0.823363970408 0.127356444444 0.5)
(0.839378417215 0.127356444444 0.5)
(0.85592173919 0.127356444444 0.5)
(0.873011402373 0.127356444444 0.5)
(0.890665449614 0.127356444444 0.5)
(0.90890251963 0.127356444444 0.5)
(0.927741866676 0.127356444444 0.5)
(0.94720338088 0.127356444444 0.5)
(0.967307609236 0.127356444444 0.5)
(0.988075777301 0.127356444444 0.5)
(1.0095298116 0.127356444444 0.5)
(1.03169236279 0.127356444444 0.5)
(1.05458682956 0.127356444444 0.5)
(1.07823738331 0.127356444444 0.5)
(1.10266899375 0.127356444444 0.5)
(1.12790745516 0.127356444444 0.5)
(1.15397941371 0.127356444444 0.5)
(1.18091239553 0.127356444444 0.5)
(1.20873483582 0.127356444444 0.5)
(1.23747610884 0.127356444444 0.5)
(1.26716655892 0.127356444444 0.5)
(1.29783753252 0.127356444444 0.5)
(1.32952141132 0.127356444444 0.5)
(1.36225164637 0.127356444444 0.5)
(1.39606279349 0.127356444444 0.5)
(1.43099054964 0.127356444444 0.5)
(1.46707179072 0.127356444444 0.5)
(1.50434461042 0.127356444444 0.5)
(1.54284836047 0.127356444444 0.5)
(1.58262369222 0.127356444444 0.5)
(1.62371259949 0.127356444444 0.5)
(1.66615846294 0.127356444444 0.5)
(1.71000609591 0.127356444444 0.5)
(1.75530179164 0.127356444444 0.5)
(1.80209337225 0.127356444444 0.5)
(1.85043023915 0.127356444444 0.5)
(1.90036342523 0.127356444444 0.5)
(1.95194564874 0.127356444444 0.5)
(2.00523136894 0.127356444444 0.5)
(2.0602768436 0.127356444444 0.5)
(2.1171401884 0.127356444444 0.5)
(2.17588143829 0.127356444444 0.5)
(2.23656261085 0.127356444444 0.5)
(2.29924777179 0.127356444444 0.5)
(2.36400310258 0.127356444444 0.5)
(2.43089697035 0.127356444444 0.5)
(2.5 0.127356444444 0.5)
(0.608637878707 0.135186888889 0.5)
(0.617561022312 0.135186888889 0.5)
(0.626778851656 0.135186888889 0.5)
(0.636301098699 0.135186888889 0.5)
(0.646137816799 0.135186888889 0.5)
(0.656299391323 0.135186888889 0.5)
(0.666796550617 0.135186888889 0.5)
(0.677640377327 0.135186888889 0.5)
(0.688842320102 0.135186888889 0.5)
(0.700414205682 0.135186888889 0.5)
(0.712368251383 0.135186888889 0.5)
(0.724717077998 0.135186888889 0.5)
(0.737473723117 0.135186888889 0.5)
(0.750651654898 0.135186888889 0.5)
(0.764264786282 0.135186888889 0.5)
(0.778327489683 0.135186888889 0.5)
(0.792854612162 0.135186888889 0.5)
(0.807861491104 0.135186888889 0.5)
(0.823363970408 0.135186888889 0.5)
(0.839378417215 0.135186888889 0.5)
(0.85592173919 0.135186888889 0.5)
(0.873011402373 0.135186888889 0.5)
(0.890665449614 0.135186888889 0.5)
(0.90890251963 0.135186888889 0.5)
(0.927741866676 0.135186888889 0.5)
(0.94720338088 0.135186888889 0.5)
(0.967307609236 0.135186888889 0.5)
(0.988075777301 0.135186888889 0.5)
(1.0095298116 0.135186888889 0.5)
(1.03169236279 0.135186888889 0.5)
(1.05458682956 0.135186888889 0.5)
(1.07823738331 0.135186888889 0.5)
(1.10266899375 0.135186888889 0.5)
(1.12790745516 0.135186888889 0.5)
(1.15397941371 0.135186888889 0.5)
(1.18091239553 0.135186888889 0.5)
(1.20873483582 0.135186888889 0.5)
(1.23747610884 0.135186888889 0.5)
(1.26716655892 0.135186888889 0.5)
(1.29783753252 0.135186888889 0.5)
(1.32952141132 0.135186888889 0.5)
(1.36225164637 0.135186888889 0.5)
(1.39606279349 0.135186888889 0.5)
(1.43099054964 0.135186888889 0.5)
(1.46707179072 0.135186888889 0.5)
(1.50434461042 0.135186888889 0.5)
(1.54284836047 0.135186888889 0.5)
(1.58262369222 0.135186888889 0.5)
(1.62371259949 0.135186888889 0.5)
(1.66615846294 0.135186888889 0.5)
(1.71000609591 0.135186888889 0.5)
(1.75530179164 0.135186888889 0.5)
(1.80209337225 0.135186888889 0.5)
(1.85043023915 0.135186888889 0.5)
(1.90036342523 0.135186888889 0.5)
(1.95194564874 0.135186888889 0.5)
(2.00523136894 0.135186888889 0.5)
(2.0602768436 0.135186888889 0.5)
(2.1171401884 0.135186888889 0.5)
(2.17588143829 0.135186888889 0.5)
(2.23656261085 0.135186888889 0.5)
(2.29924777179 0.135186888889 0.5)
(2.36400310258 0.135186888889 0.5)
(2.43089697035 0.135186888889 0.5)
(2.5 0.135186888889 0.5)
(0.608637878707 0.143017333333 0.5)
(0.617561022312 0.143017333333 0.5)
(0.626778851656 0.143017333333 0.5)
(0.636301098699 0.143017333333 0.5)
(0.646137816799 0.143017333333 0.5)
(0.656299391323 0.143017333333 0.5)
(0.666796550617 0.143017333333 0.5)
(0.677640377327 0.143017333333 0.5)
(0.688842320102 0.143017333333 0.5)
(0.700414205682 0.143017333333 0.5)
(0.712368251383 0.143017333333 0.5)
(0.724717077998 0.143017333333 0.5)
(0.737473723117 0.143017333333 0.5)
(0.750651654898 0.143017333333 0.5)
(0.764264786282 0.143017333333 0.5)
(0.778327489683 0.143017333333 0.5)
(0.792854612162 0.143017333333 0.5)
(0.807861491104 0.143017333333 0.5)
(0.823363970408 0.143017333333 0.5)
(0.839378417215 0.143017333333 0.5)
(0.85592173919 0.143017333333 0.5)
(0.873011402373 0.143017333333 0.5)
(0.890665449614 0.143017333333 0.5)
(0.90890251963 0.143017333333 0.5)
(0.927741866676 0.143017333333 0.5)
(0.94720338088 0.143017333333 0.5)
(0.967307609236 0.143017333333 0.5)
(0.988075777301 0.143017333333 0.5)
(1.0095298116 0.143017333333 0.5)
(1.03169236279 0.143017333333 0.5)
(1.05458682956 0.143017333333 0.5)
(1.07823738331 0.143017333333 0.5)
(1.10266899375 0.143017333333 0.5)
(1.12790745516 0.143017333333 0.5)
(1.15397941371 0.143017333333 0.5)
(1.18091239553 0.143017333333 0.5)
(1.20873483582 0.143017333333 0.5)
(1.23747610884 0.143017333333 0.5)
(1.26716655892 0.143017333333 0.5)
(1.29783753252 0.143017333333 0.5)
(1.32952141132 0.143017333333 0.5)
(1.36225164637 0.143017333333 0.5)
(1.39606279349 0.143017333333 0.5)
(1.43099054964 0.143017333333 0.5)
(1.46707179072 0.143017333333 0.5)
(1.50434461042 0.143017333333 0.5)
(1.54284836047 0.143017333333 0.5)
(1.58262369222 0.143017333333 0.5)
(1.62371259949 0.143017333333 0.5)
(1.66615846294 0.143017333333 0.5)
(1.71000609591 0.143017333333 0.5)
(1.75530179164 0.143017333333 0.5)
(1.80209337225 0.143017333333 0.5)
(1.85043023915 0.143017333333 0.5)
(1.90036342523 0.143017333333 0.5)
(1.95194564874 0.143017333333 0.5)
(2.00523136894 0.143017333333 0.5)
(2.0602768436 0.143017333333 0.5)
(2.1171401884 0.143017333333 0.5)
(2.17588143829 0.143017333333 0.5)
(2.23656261085 0.143017333333 0.5)
(2.29924777179 0.143017333333 0.5)
(2.36400310258 0.143017333333 0.5)
(2.43089697035 0.143017333333 0.5)
(2.5 0.143017333333 0.5)
(0.608637878707 0.150847777778 0.5)
(0.617561022312 0.150847777778 0.5)
(0.626778851656 0.150847777778 0.5)
(0.636301098699 0.150847777778 0.5)
(0.646137816799 0.150847777778 0.5)
(0.656299391323 0.150847777778 0.5)
(0.666796550617 0.150847777778 0.5)
(0.677640377327 0.150847777778 0.5)
(0.688842320102 0.150847777778 0.5)
(0.700414205682 0.150847777778 0.5)
(0.712368251383 0.150847777778 0.5)
(0.724717077998 0.150847777778 0.5)
(0.737473723117 0.150847777778 0.5)
(0.750651654898 0.150847777778 0.5)
(0.764264786282 0.150847777778 0.5)
(0.778327489683 0.150847777778 0.5)
(0.792854612162 0.150847777778 0.5)
(0.807861491104 0.150847777778 0.5)
(0.823363970408 0.150847777778 0.5)
(0.839378417215 0.150847777778 0.5)
(0.85592173919 0.150847777778 0.5)
(0.873011402373 0.150847777778 0.5)
(0.890665449614 0.150847777778 0.5)
(0.90890251963 0.150847777778 0.5)
(0.927741866676 0.150847777778 0.5)
(0.94720338088 0.150847777778 0.5)
(0.967307609236 0.150847777778 0.5)
(0.988075777301 0.150847777778 0.5)
(1.0095298116 0.150847777778 0.5)
(1.03169236279 0.150847777778 0.5)
(1.05458682956 0.150847777778 0.5)
(1.07823738331 0.150847777778 0.5)
(1.10266899375 0.150847777778 0.5)
(1.12790745516 0.150847777778 0.5)
(1.15397941371 0.150847777778 0.5)
(1.18091239553 0.150847777778 0.5)
(1.20873483582 0.150847777778 0.5)
(1.23747610884 0.150847777778 0.5)
(1.26716655892 0.150847777778 0.5)
(1.29783753252 0.150847777778 0.5)
(1.32952141132 0.150847777778 0.5)
(1.36225164637 0.150847777778 0.5)
(1.39606279349 0.150847777778 0.5)
(1.43099054964 0.150847777778 0.5)
(1.46707179072 0.150847777778 0.5)
(1.50434461042 0.150847777778 0.5)
(1.54284836047 0.150847777778 0.5)
(1.58262369222 0.150847777778 0.5)
(1.62371259949 0.150847777778 0.5)
(1.66615846294 0.150847777778 0.5)
(1.71000609591 0.150847777778 0.5)
(1.75530179164 0.150847777778 0.5)
(1.80209337225 0.150847777778 0.5)
(1.85043023915 0.150847777778 0.5)
(1.90036342523 0.150847777778 0.5)
(1.95194564874 0.150847777778 0.5)
(2.00523136894 0.150847777778 0.5)
(2.0602768436 0.150847777778 0.5)
(2.1171401884 0.150847777778 0.5)
(2.17588143829 0.150847777778 0.5)
(2.23656261085 0.150847777778 0.5)
(2.29924777179 0.150847777778 0.5)
(2.36400310258 0.150847777778 0.5)
(2.43089697035 0.150847777778 0.5)
(2.5 0.150847777778 0.5)
(0.608637878707 0.158678222222 0.5)
(0.617561022312 0.158678222222 0.5)
(0.626778851656 0.158678222222 0.5)
(0.636301098699 0.158678222222 0.5)
(0.646137816799 0.158678222222 0.5)
(0.656299391323 0.158678222222 0.5)
(0.666796550617 0.158678222222 0.5)
(0.677640377327 0.158678222222 0.5)
(0.688842320102 0.158678222222 0.5)
(0.700414205682 0.158678222222 0.5)
(0.712368251383 0.158678222222 0.5)
(0.724717077998 0.158678222222 0.5)
(0.737473723117 0.158678222222 0.5)
(0.750651654898 0.158678222222 0.5)
(0.764264786282 0.158678222222 0.5)
(0.778327489683 0.158678222222 0.5)
(0.792854612162 0.158678222222 0.5)
(0.807861491104 0.158678222222 0.5)
(0.823363970408 0.158678222222 0.5)
(0.839378417215 0.158678222222 0.5)
(0.85592173919 0.158678222222 0.5)
(0.873011402373 0.158678222222 0.5)
(0.890665449614 0.158678222222 0.5)
(0.90890251963 0.158678222222 0.5)
(0.927741866676 0.158678222222 0.5)
(0.94720338088 0.158678222222 0.5)
(0.967307609236 0.158678222222 0.5)
(0.988075777301 0.158678222222 0.5)
(1.0095298116 0.158678222222 0.5)
(1.03169236279 0.158678222222 0.5)
(1.05458682956 0.158678222222 0.5)
(1.07823738331 0.158678222222 0.5)
(1.10266899375 0.158678222222 0.5)
(1.12790745516 0.158678222222 0.5)
(1.15397941371 0.158678222222 0.5)
(1.18091239553 0.158678222222 0.5)
(1.20873483582 0.158678222222 0.5)
(1.23747610884 0.158678222222 0.5)
(1.26716655892 0.158678222222 0.5)
(1.29783753252 0.158678222222 0.5)
(1.32952141132 0.158678222222 0.5)
(1.36225164637 0.158678222222 0.5)
(1.39606279349 0.158678222222 0.5)
(1.43099054964 0.158678222222 0.5)
(1.46707179072 0.158678222222 0.5)
(1.50434461042 0.158678222222 0.5)
(1.54284836047 0.158678222222 0.5)
(1.58262369222 0.158678222222 0.5)
(1.62371259949 0.158678222222 0.5)
(1.66615846294 0.158678222222 0.5)
(1.71000609591 0.158678222222 0.5)
(1.75530179164 0.158678222222 0.5)
(1.80209337225 0.158678222222 0.5)
(1.85043023915 0.158678222222 0.5)
(1.90036342523 0.158678222222 0.5)
(1.95194564874 0.158678222222 0.5)
(2.00523136894 0.158678222222 0.5)
(2.0602768436 0.158678222222 0.5)
(2.1171401884 0.158678222222 0.5)
(2.17588143829 0.158678222222 0.5)
(2.23656261085 0.158678222222 0.5)
(2.29924777179 0.158678222222 0.5)
(2.36400310258 0.158678222222 0.5)
(2.43089697035 0.158678222222 0.5)
(2.5 0.158678222222 0.5)
(0.608637878707 0.166508666667 0.5)
(0.617561022312 0.166508666667 0.5)
(0.626778851656 0.166508666667 0.5)
(0.636301098699 0.166508666667 0.5)
(0.646137816799 0.166508666667 0.5)
(0.656299391323 0.166508666667 0.5)
(0.666796550617 0.166508666667 0.5)
(0.677640377327 0.166508666667 0.5)
(0.688842320102 0.166508666667 0.5)
(0.700414205682 0.166508666667 0.5)
(0.712368251383 0.166508666667 0.5)
(0.724717077998 0.166508666667 0.5)
(0.737473723117 0.166508666667 0.5)
(0.750651654898 0.166508666667 0.5)
(0.764264786282 0.166508666667 0.5)
(0.778327489683 0.166508666667 0.5)
(0.792854612162 0.166508666667 0.5)
(0.807861491104 0.166508666667 0.5)
(0.823363970408 0.166508666667 0.5)
(0.839378417215 0.166508666667 0.5)
(0.85592173919 0.166508666667 0.5)
(0.873011402373 0.166508666667 0.5)
(0.890665449614 0.166508666667 0.5)
(0.90890251963 0.166508666667 0.5)
(0.927741866676 0.166508666667 0.5)
(0.94720338088 0.166508666667 0.5)
(0.967307609236 0.166508666667 0.5)
(0.988075777301 0.166508666667 0.5)
(1.0095298116 0.166508666667 0.5)
(1.03169236279 0.166508666667 0.5)
(1.05458682956 0.166508666667 0.5)
(1.07823738331 0.166508666667 0.5)
(1.10266899375 0.166508666667 0.5)
(1.12790745516 0.166508666667 0.5)
(1.15397941371 0.166508666667 0.5)
(1.18091239553 0.166508666667 0.5)
(1.20873483582 0.166508666667 0.5)
(1.23747610884 0.166508666667 0.5)
(1.26716655892 0.166508666667 0.5)
(1.29783753252 0.166508666667 0.5)
(1.32952141132 0.166508666667 0.5)
(1.36225164637 0.166508666667 0.5)
(1.39606279349 0.166508666667 0.5)
(1.43099054964 0.166508666667 0.5)
(1.46707179072 0.166508666667 0.5)
(1.50434461042 0.166508666667 0.5)
(1.54284836047 0.166508666667 0.5)
(1.58262369222 0.166508666667 0.5)
(1.62371259949 0.166508666667 0.5)
(1.66615846294 0.166508666667 0.5)
(1.71000609591 0.166508666667 0.5)
(1.75530179164 0.166508666667 0.5)
(1.80209337225 0.166508666667 0.5)
(1.85043023915 0.166508666667 0.5)
(1.90036342523 0.166508666667 0.5)
(1.95194564874 0.166508666667 0.5)
(2.00523136894 0.166508666667 0.5)
(2.0602768436 0.166508666667 0.5)
(2.1171401884 0.166508666667 0.5)
(2.17588143829 0.166508666667 0.5)
(2.23656261085 0.166508666667 0.5)
(2.29924777179 0.166508666667 0.5)
(2.36400310258 0.166508666667 0.5)
(2.43089697035 0.166508666667 0.5)
(2.5 0.166508666667 0.5)
(0.608637878707 0.174339111111 0.5)
(0.617561022312 0.174339111111 0.5)
(0.626778851656 0.174339111111 0.5)
(0.636301098699 0.174339111111 0.5)
(0.646137816799 0.174339111111 0.5)
(0.656299391323 0.174339111111 0.5)
(0.666796550617 0.174339111111 0.5)
(0.677640377327 0.174339111111 0.5)
(0.688842320102 0.174339111111 0.5)
(0.700414205682 0.174339111111 0.5)
(0.712368251383 0.174339111111 0.5)
(0.724717077998 0.174339111111 0.5)
(0.737473723117 0.174339111111 0.5)
(0.750651654898 0.174339111111 0.5)
(0.764264786282 0.174339111111 0.5)
(0.778327489683 0.174339111111 0.5)
(0.792854612162 0.174339111111 0.5)
(0.807861491104 0.174339111111 0.5)
(0.823363970408 0.174339111111 0.5)
(0.839378417215 0.174339111111 0.5)
(0.85592173919 0.174339111111 0.5)
(0.873011402373 0.174339111111 0.5)
(0.890665449614 0.174339111111 0.5)
(0.90890251963 0.174339111111 0.5)
(0.927741866676 0.174339111111 0.5)
(0.94720338088 0.174339111111 0.5)
(0.967307609236 0.174339111111 0.5)
(0.988075777301 0.174339111111 0.5)
(1.0095298116 0.174339111111 0.5)
(1.03169236279 0.174339111111 0.5)
(1.05458682956 0.174339111111 0.5)
(1.07823738331 0.174339111111 0.5)
(1.10266899375 0.174339111111 0.5)
(1.12790745516 0.174339111111 0.5)
(1.15397941371 0.174339111111 0.5)
(1.18091239553 0.174339111111 0.5)
(1.20873483582 0.174339111111 0.5)
(1.23747610884 0.174339111111 0.5)
(1.26716655892 0.174339111111 0.5)
(1.29783753252 0.174339111111 0.5)
(1.32952141132 0.174339111111 0.5)
(1.36225164637 0.174339111111 0.5)
(1.39606279349 0.174339111111 0.5)
(1.43099054964 0.174339111111 0.5)
(1.46707179072 0.174339111111 0.5)
(1.50434461042 0.174339111111 0.5)
(1.54284836047 0.174339111111 0.5)
(1.58262369222 0.174339111111 0.5)
(1.62371259949 0.174339111111 0.5)
(1.66615846294 0.174339111111 0.5)
(1.71000609591 0.174339111111 0.5)
(1.75530179164 0.174339111111 0.5)
(1.80209337225 0.174339111111 0.5)
(1.85043023915 0.174339111111 0.5)
(1.90036342523 0.174339111111 0.5)
(1.95194564874 0.174339111111 0.5)
(2.00523136894 0.174339111111 0.5)
(2.0602768436 0.174339111111 0.5)
(2.1171401884 0.174339111111 0.5)
(2.17588143829 0.174339111111 0.5)
(2.23656261085 0.174339111111 0.5)
(2.29924777179 0.174339111111 0.5)
(2.36400310258 0.174339111111 0.5)
(2.43089697035 0.174339111111 0.5)
(2.5 0.174339111111 0.5)
(0.608637878707 0.182169555556 0.5)
(0.617561022312 0.182169555556 0.5)
(0.626778851656 0.182169555556 0.5)
(0.636301098699 0.182169555556 0.5)
(0.646137816799 0.182169555556 0.5)
(0.656299391323 0.182169555556 0.5)
(0.666796550617 0.182169555556 0.5)
(0.677640377327 0.182169555556 0.5)
(0.688842320102 0.182169555556 0.5)
(0.700414205682 0.182169555556 0.5)
(0.712368251383 0.182169555556 0.5)
(0.724717077998 0.182169555556 0.5)
(0.737473723117 0.182169555556 0.5)
(0.750651654898 0.182169555556 0.5)
(0.764264786282 0.182169555556 0.5)
(0.778327489683 0.182169555556 0.5)
(0.792854612162 0.182169555556 0.5)
(0.807861491104 0.182169555556 0.5)
(0.823363970408 0.182169555556 0.5)
(0.839378417215 0.182169555556 0.5)
(0.85592173919 0.182169555556 0.5)
(0.873011402373 0.182169555556 0.5)
(0.890665449614 0.182169555556 0.5)
(0.90890251963 0.182169555556 0.5)
(0.927741866676 0.182169555556 0.5)
(0.94720338088 0.182169555556 0.5)
(0.967307609236 0.182169555556 0.5)
(0.988075777301 0.182169555556 0.5)
(1.0095298116 0.182169555556 0.5)
(1.03169236279 0.182169555556 0.5)
(1.05458682956 0.182169555556 0.5)
(1.07823738331 0.182169555556 0.5)
(1.10266899375 0.182169555556 0.5)
(1.12790745516 0.182169555556 0.5)
(1.15397941371 0.182169555556 0.5)
(1.18091239553 0.182169555556 0.5)
(1.20873483582 0.182169555556 0.5)
(1.23747610884 0.182169555556 0.5)
(1.26716655892 0.182169555556 0.5)
(1.29783753252 0.182169555556 0.5)
(1.32952141132 0.182169555556 0.5)
(1.36225164637 0.182169555556 0.5)
(1.39606279349 0.182169555556 0.5)
(1.43099054964 0.182169555556 0.5)
(1.46707179072 0.182169555556 0.5)
(1.50434461042 0.182169555556 0.5)
(1.54284836047 0.182169555556 0.5)
(1.58262369222 0.182169555556 0.5)
(1.62371259949 0.182169555556 0.5)
(1.66615846294 0.182169555556 0.5)
(1.71000609591 0.182169555556 0.5)
(1.75530179164 0.182169555556 0.5)
(1.80209337225 0.182169555556 0.5)
(1.85043023915 0.182169555556 0.5)
(1.90036342523 0.182169555556 0.5)
(1.95194564874 0.182169555556 0.5)
(2.00523136894 0.182169555556 0.5)
(2.0602768436 0.182169555556 0.5)
(2.1171401884 0.182169555556 0.5)
(2.17588143829 0.182169555556 0.5)
(2.23656261085 0.182169555556 0.5)
(2.29924777179 0.182169555556 0.5)
(2.36400310258 0.182169555556 0.5)
(2.43089697035 0.182169555556 0.5)
(2.5 0.182169555556 0.5)
(0.608637878707 0.19 0.5)
(0.617561022312 0.19 0.5)
(0.626778851656 0.19 0.5)
(0.636301098699 0.19 0.5)
(0.646137816799 0.19 0.5)
(0.656299391323 0.19 0.5)
(0.666796550617 0.19 0.5)
(0.677640377327 0.19 0.5)
(0.688842320102 0.19 0.5)
(0.700414205682 0.19 0.5)
(0.712368251383 0.19 0.5)
(0.724717077998 0.19 0.5)
(0.737473723117 0.19 0.5)
(0.750651654898 0.19 0.5)
(0.764264786282 0.19 0.5)
(0.778327489683 0.19 0.5)
(0.792854612162 0.19 0.5)
(0.807861491104 0.19 0.5)
(0.823363970408 0.19 0.5)
(0.839378417215 0.19 0.5)
(0.85592173919 0.19 0.5)
(0.873011402373 0.19 0.5)
(0.890665449614 0.19 0.5)
(0.90890251963 0.19 0.5)
(0.927741866676 0.19 0.5)
(0.94720338088 0.19 0.5)
(0.967307609236 0.19 0.5)
(0.988075777301 0.19 0.5)
(1.0095298116 0.19 0.5)
(1.03169236279 0.19 0.5)
(1.05458682956 0.19 0.5)
(1.07823738331 0.19 0.5)
(1.10266899375 0.19 0.5)
(1.12790745516 0.19 0.5)
(1.15397941371 0.19 0.5)
(1.18091239553 0.19 0.5)
(1.20873483582 0.19 0.5)
(1.23747610884 0.19 0.5)
(1.26716655892 0.19 0.5)
(1.29783753252 0.19 0.5)
(1.32952141132 0.19 0.5)
(1.36225164637 0.19 0.5)
(1.39606279349 0.19 0.5)
(1.43099054964 0.19 0.5)
(1.46707179072 0.19 0.5)
(1.50434461042 0.19 0.5)
(1.54284836047 0.19 0.5)
(1.58262369222 0.19 0.5)
(1.62371259949 0.19 0.5)
(1.66615846294 0.19 0.5)
(1.71000609591 0.19 0.5)
(1.75530179164 0.19 0.5)
(1.80209337225 0.19 0.5)
(1.85043023915 0.19 0.5)
(1.90036342523 0.19 0.5)
(1.95194564874 0.19 0.5)
(2.00523136894 0.19 0.5)
(2.0602768436 0.19 0.5)
(2.1171401884 0.19 0.5)
(2.17588143829 0.19 0.5)
(2.23656261085 0.19 0.5)
(2.29924777179 0.19 0.5)
(2.36400310258 0.19 0.5)
(2.43089697035 0.19 0.5)
(2.5 0.19 0.5)
(0.16784095398 0.238276510982 -0.5)
(0.171266371999 0.240911974826 -0.5)
(0.174906645535 0.243241688727 -0.5)
(0.178734559798 0.245248235679 -0.5)
(0.182721497192 0.246916614678 -0.5)
(0.186837651261 0.248234352877 -0.5)
(0.191052249518 0.249191598827 -0.5)
(0.195333783506 0.24978119613 -0.5)
(0.199650244357 0.249998736939 -0.5)
(0.203969362084 0.249842594913 -0.5)
(0.208258846841 0.249313937375 -0.5)
(0.212486630318 0.248416716584 -0.5)
(0.216621105484 0.247157640187 -0.5)
(0.220631362886 0.245546121075 -0.5)
(0.224487421725 0.243594207012 -0.5)
(0.228160453994 0.241316490563 -0.5)
(0.231623 0.23873 -0.5)
(0.165449342742 0.241092802389 -0.5)
(0.169217995135 0.243796275451 -0.5)
(0.173200365133 0.24618133788 -0.5)
(0.17736912278 0.248231012003 -0.5)
(0.18169558861 0.249930689455 -0.5)
(0.186149940254 0.251268238157 -0.5)
(0.190701427484 0.25223409121 -0.5)
(0.195318594107 0.25282131706 -0.5)
(0.199969505062 0.253025670412 -0.5)
(0.204621977073 0.252845623514 -0.5)
(0.209243811139 0.252282377581 -0.5)
(0.213803025148 0.251339854263 -0.5)
(0.218268084919 0.250024667239 -0.5)
(0.222608131953 0.248346074127 -0.5)
(0.226793206216 0.246315909078 -0.5)
(0.230794462331 0.243948496544 -0.5)
(0.234584377563 0.241260546866 -0.5)
(0.162801414926 0.244210924699 -0.5)
(0.166950087211 0.246989695743 -0.5)
(0.171311217236 0.249436038578 -0.5)
(0.175857347537 0.251533461947 -0.5)
(0.180559730143 0.253267792206 -0.5)
(0.185388525072 0.254627274567 -0.5)
(0.190313006739 0.255602657173 -0.5)
(0.195301776811 0.256187257414 -0.5)
(0.200322981951 0.256377009967 -0.5)
(0.205344534886 0.256170496237 -0.5)
(0.210334337191 0.25556895496 -0.5)
(0.215260502196 0.2545762739 -0.5)
(0.220091576376 0.253198962695 -0.5)
(0.224796757644 0.251446107048 -0.5)
(0.229346108961 0.249329304606 -0.5)
(0.233710765715 0.246862582974 -0.5)
(0.237863135372 0.244062300485 -0.5)
(0.159869700267 0.247663226089 -0.5)
(0.164439120385 0.250525365039 -0.5)
(0.169219603354 0.253039555897 -0.5)
(0.174183550535 0.255189845951 -0.5)
(0.179302138114 0.256962542868 -0.5)
(0.184545506605 0.258346309586 -0.5)
(0.189882957707 0.259332243059 -0.5)
(0.195283157152 0.259913936296 -0.5)
(0.200714342083 0.260087523236 -0.5)
(0.206144531516 0.259851706139 -0.5)
(0.211541738388 0.259207765284 -0.5)
(0.216874181693 0.258159550918 -0.5)
(0.222110497209 0.256713457485 -0.5)
(0.227219945308 0.254878380353 -0.5)
(0.232172614409 0.252665655313 -0.5)
(0.236939618603 0.250088981309 -0.5)
(0.241493288079 0.247164326945 -0.5)
(0.156623784429 0.251485521594 -0.5)
(0.161659045262 0.254439963253 -0.5)
(0.166903824563 0.257029273621 -0.5)
(0.172330367387 0.259238096251 -0.5)
(0.17790976595 0.261053271703 -0.5)
(0.183612139168 0.262463925411 -0.5)
(0.189406818953 0.26346154052 -0.5)
(0.195262541965 0.2640400152 -0.5)
(0.201147645524 0.264195704007 -0.5)
(0.207030266328 0.263927443008 -0.5)
(0.212878540608 0.263236558479 -0.5)
(0.218660804352 0.262126859124 -0.5)
(0.224345792205 0.260604611854 -0.5)
(0.229902833697 0.258678501298 -0.5)
(0.23530204543 0.25635957333 -0.5)
(0.24051451792 0.253661163011 -0.5)
(0.245512495792 0.250598807442 -0.5)
(0.153029993473 0.255717464658 -0.5)
(0.15858102065 0.258774101402 -0.5)
(0.164339856397 0.261446582077 -0.5)
(0.17027857271 0.263720210404 -0.5)
(0.176368168834 0.265582416952 -0.5)
(0.182578739777 0.267022839214 -0.5)
(0.188879650896 0.268033387917 -0.5)
(0.195239717383 0.268608299097 -0.5)
(0.201627387472 0.268744171571 -0.5)
(0.208010928155 0.268439989553 -0.5)
(0.214358612172 0.267697130246 -0.5)
(0.22063890504 0.266519356362 -0.5)
(0.226820650872 0.264912793607 -0.5)
(0.232873255763 0.262885893285 -0.5)
(0.238766867523 0.260449380284 -0.5)
(0.24447255056 0.257616186781 -0.5)
(0.249962454772 0.254401372131 -0.5)
(0.149051044515 0.260402958513 -0.5)
(0.155173114357 0.263572742914 -0.5)
(0.161501099612 0.266337307522 -0.5)
(0.168006880676 0.26868268698 -0.5)
(0.174661353854 0.270596965095 -0.5)
(0.181434587687 0.272070346301 -0.5)
(0.188295984562 0.273095214732 -0.5)
(0.195214446618 0.273666180501 -0.5)
(0.20215854489 0.273780112863 -0.5)
(0.209096690628 0.273436160057 -0.5)
(0.215997307711 0.27263575567 -0.5)
(0.222829005067 0.271382611493 -0.5)
(0.229560748009 0.269682696893 -0.5)
(0.236162027405 0.267544204846 -0.5)
(0.242603025613 0.26497750485 -0.5)
(0.24885477814 0.261995083022 -0.5)
(0.254889330001 0.258611469767 -0.5)
(0.144645658949 0.26559061164 -0.5)
(0.151399971912 0.268885670091 -0.5)
(0.158358104239 0.27175218756 -0.5)
(0.165491724184 0.274177007946 -0.5)
(0.172771614088 0.276148938303 -0.5)
(0.180167813181 0.277658810767 -0.5)
(0.187649764851 0.278699533619 -0.5)
(0.195186467504 0.279266131134 -0.5)
(0.202746628137 0.279355771992 -0.5)
(0.210298817717 0.278967786036 -0.5)
(0.21781162746 0.27810366928 -0.5)
(0.225253825076 0.276767077136 -0.5)
(0.232594510067 0.274963805877 -0.5)
(0.239803267158 0.272701762465 -0.5)
(0.246850316961 0.269990922921 -0.5)
(0.253706662981 0.266843279492 -0.5)
(0.260344234111 0.263272776949 -0.5)
(0.139768134208 0.271334242043 -0.5)
(0.147222449798 0.274768000563 -0.5)
(0.15487826406 0.277747397505 -0.5)
(0.162707010377 0.280260172755 -0.5)
(0.170679344904 0.282295934128 -0.5)
(0.178765274424 0.283846208736 -0.5)
(0.18693428772 0.284904485176 -0.5)
(0.195155489781 0.285466246278 -0.5)
(0.203397738135 0.285528992235 -0.5)
(0.211629780587 0.285092253955 -0.5)
(0.219820393624 0.284157596573 -0.5)
(0.227938520754 0.282728613079 -0.5)
(0.235953410049 0.280810908099 -0.5)
(0.243834750151 0.278412071929 -0.5)
(0.251552804024 0.275541644943 -0.5)
(0.259078539744 0.27221107259 -0.5)
(0.266383757635 0.26843365124 -0.5)
(0.134367869635 0.277693435574 -0.5)
(0.142597209358 0.281280759091 -0.5)
(0.151025478348 0.284385133158 -0.5)
(0.159623849938 0.286995289675 -0.5)
(0.16836284058 0.289101723037 -0.5)
(0.177212421131 0.290696729815 -0.5)
(0.186142130631 0.291774441116 -0.5)
(0.195121192076 0.292330847471 -0.5)
(0.204118629661 0.292363816114 -0.5)
(0.213103386979 0.29187310057 -0.5)
(0.222044445643 0.2908603425 -0.5)
(0.230910943802 0.289329065779 -0.5)
(0.239672294019 0.287284662854 -0.5)
(0.248298299991 0.284734373412 -0.5)
(0.256759271574 0.281687255489 -0.5)
(0.265026137617 0.278154149138 -0.5)
(0.273070556094 0.274147632834 -0.5)
(0.12838884154 0.284734164092 -0.5)
(0.137476267198 0.288491510654 -0.5)
(0.146759777343 0.291734256042 -0.5)
(0.156210257393 0.294452230485 -0.5)
(0.165798069123 0.296636909978 -0.5)
(0.175493143613 0.298281443014 -0.5)
(0.185265075548 0.299380672073 -0.5)
(0.195083218577 0.299931149796 -0.5)
(0.204916781423 0.299931149796 -0.5)
(0.214734924452 0.299380672073 -0.5)
(0.224506856387 0.298281443014 -0.5)
(0.234201930877 0.296636909978 -0.5)
(0.243789742607 0.294452230485 -0.5)
(0.253240222657 0.291734256042 -0.5)
(0.262523732802 0.288491510654 -0.5)
(0.27161115846 0.284734164092 -0.5)
(0.280474 0.280474 -0.5)
(0.16784095398 0.238276510982 0.5)
(0.171266371999 0.240911974826 0.5)
(0.174906645535 0.243241688727 0.5)
(0.178734559798 0.245248235679 0.5)
(0.182721497192 0.246916614678 0.5)
(0.186837651261 0.248234352877 0.5)
(0.191052249518 0.249191598827 0.5)
(0.195333783506 0.24978119613 0.5)
(0.199650244357 0.249998736939 0.5)
(0.203969362084 0.249842594913 0.5)
(0.208258846841 0.249313937375 0.5)
(0.212486630318 0.248416716584 0.5)
(0.216621105484 0.247157640187 0.5)
(0.220631362886 0.245546121075 0.5)
(0.224487421725 0.243594207012 0.5)
(0.228160453994 0.241316490563 0.5)
(0.231623 0.23873 0.5)
(0.165449342742 0.241092802389 0.5)
(0.169217995135 0.243796275451 0.5)
(0.173200365133 0.24618133788 0.5)
(0.17736912278 0.248231012003 0.5)
(0.18169558861 0.249930689455 0.5)
(0.186149940254 0.251268238157 0.5)
(0.190701427484 0.25223409121 0.5)
(0.195318594107 0.25282131706 0.5)
(0.199969505062 0.253025670412 0.5)
(0.204621977073 0.252845623514 0.5)
(0.209243811139 0.252282377581 0.5)
(0.213803025148 0.251339854263 0.5)
(0.218268084919 0.250024667239 0.5)
(0.222608131953 0.248346074127 0.5)
(0.226793206216 0.246315909078 0.5)
(0.230794462331 0.243948496544 0.5)
(0.234584377563 0.241260546866 0.5)
(0.162801414926 0.244210924699 0.5)
(0.166950087211 0.246989695743 0.5)
(0.171311217236 0.249436038578 0.5)
(0.175857347537 0.251533461947 0.5)
(0.180559730143 0.253267792206 0.5)
(0.185388525072 0.254627274567 0.5)
(0.190313006739 0.255602657173 0.5)
(0.195301776811 0.256187257414 0.5)
(0.200322981951 0.256377009967 0.5)
(0.205344534886 0.256170496237 0.5)
(0.210334337191 0.25556895496 0.5)
(0.215260502196 0.2545762739 0.5)
(0.220091576376 0.253198962695 0.5)
(0.224796757644 0.251446107048 0.5)
(0.229346108961 0.249329304606 0.5)
(0.233710765715 0.246862582974 0.5)
(0.237863135372 0.244062300485 0.5)
(0.159869700267 0.247663226089 0.5)
(0.164439120385 0.250525365039 0.5)
(0.169219603354 0.253039555897 0.5)
(0.174183550535 0.255189845951 0.5)
(0.179302138114 0.256962542868 0.5)
(0.184545506605 0.258346309586 0.5)
(0.189882957707 0.259332243059 0.5)
(0.195283157152 0.259913936296 0.5)
(0.200714342083 0.260087523236 0.5)
(0.206144531516 0.259851706139 0.5)
(0.211541738388 0.259207765284 0.5)
(0.216874181693 0.258159550918 0.5)
(0.222110497209 0.256713457485 0.5)
(0.227219945308 0.254878380353 0.5)
(0.232172614409 0.252665655313 0.5)
(0.236939618603 0.250088981309 0.5)
(0.241493288079 0.247164326945 0.5)
(0.156623784429 0.251485521594 0.5)
(0.161659045262 0.254439963253 0.5)
(0.166903824563 0.257029273621 0.5)
(0.172330367387 0.259238096251 0.5)
(0.17790976595 0.261053271703 0.5)
(0.183612139168 0.262463925411 0.5)
(0.189406818953 0.26346154052 0.5)
(0.195262541965 0.2640400152 0.5)
(0.201147645524 0.264195704007 0.5)
(0.207030266328 0.263927443008 0.5)
(0.212878540608 0.263236558479 0.5)
(0.218660804352 0.262126859124 0.5)
(0.224345792205 0.260604611854 0.5)
(0.229902833697 0.258678501298 0.5)
(0.23530204543 0.25635957333 0.5)
(0.24051451792 0.253661163011 0.5)
(0.245512495792 0.250598807442 0.5)
(0.153029993473 0.255717464658 0.5)
(0.15858102065 0.258774101402 0.5)
(0.164339856397 0.261446582077 0.5)
(0.17027857271 0.263720210404 0.5)
(0.176368168834 0.265582416952 0.5)
(0.182578739777 0.267022839214 0.5)
(0.188879650896 0.268033387917 0.5)
(0.195239717383 0.268608299097 0.5)
(0.201627387472 0.268744171571 0.5)
(0.208010928155 0.268439989553 0.5)
(0.214358612172 0.267697130246 0.5)
(0.22063890504 0.266519356362 0.5)
(0.226820650872 0.264912793607 0.5)
(0.232873255763 0.262885893285 0.5)
(0.238766867523 0.260449380284 0.5)
(0.24447255056 0.257616186781 0.5)
(0.249962454772 0.254401372131 0.5)
(0.149051044515 0.260402958513 0.5)
(0.155173114357 0.263572742914 0.5)
(0.161501099612 0.266337307522 0.5)
(0.168006880676 0.26868268698 0.5)
(0.174661353854 0.270596965095 0.5)
(0.181434587687 0.272070346301 0.5)
(0.188295984562 0.273095214732 0.5)
(0.195214446618 0.273666180501 0.5)
(0.20215854489 0.273780112863 0.5)
(0.209096690628 0.273436160057 0.5)
(0.215997307711 0.27263575567 0.5)
(0.222829005067 0.271382611493 0.5)
(0.229560748009 0.269682696893 0.5)
(0.236162027405 0.267544204846 0.5)
(0.242603025613 0.26497750485 0.5)
(0.24885477814 0.261995083022 0.5)
(0.254889330001 0.258611469767 0.5)
(0.144645658949 0.26559061164 0.5)
(0.151399971912 0.268885670091 0.5)
(0.158358104239 0.27175218756 0.5)
(0.165491724184 0.274177007946 0.5)
(0.172771614088 0.276148938303 0.5)
(0.180167813181 0.277658810767 0.5)
(0.187649764851 0.278699533619 0.5)
(0.195186467504 0.279266131134 0.5)
(0.202746628137 0.279355771992 0.5)
(0.210298817717 0.278967786036 0.5)
(0.21781162746 0.27810366928 0.5)
(0.225253825076 0.276767077136 0.5)
(0.232594510067 0.274963805877 0.5)
(0.239803267158 0.272701762465 0.5)
(0.246850316961 0.269990922921 0.5)
(0.253706662981 0.266843279492 0.5)
(0.260344234111 0.263272776949 0.5)
(0.139768134208 0.271334242043 0.5)
(0.147222449798 0.274768000563 0.5)
(0.15487826406 0.277747397505 0.5)
(0.162707010377 0.280260172755 0.5)
(0.170679344904 0.282295934128 0.5)
(0.178765274424 0.283846208736 0.5)
(0.18693428772 0.284904485176 0.5)
(0.195155489781 0.285466246278 0.5)
(0.203397738135 0.285528992235 0.5)
(0.211629780587 0.285092253955 0.5)
(0.219820393624 0.284157596573 0.5)
(0.227938520754 0.282728613079 0.5)
(0.235953410049 0.280810908099 0.5)
(0.243834750151 0.278412071929 0.5)
(0.251552804024 0.275541644943 0.5)
(0.259078539744 0.27221107259 0.5)
(0.266383757635 0.26843365124 0.5)
(0.134367869635 0.277693435574 0.5)
(0.142597209358 0.281280759091 0.5)
(0.151025478348 0.284385133158 0.5)
(0.159623849938 0.286995289675 0.5)
(0.16836284058 0.289101723037 0.5)
(0.177212421131 0.290696729815 0.5)
(0.186142130631 0.291774441116 0.5)
(0.195121192076 0.292330847471 0.5)
(0.204118629661 0.292363816114 0.5)
(0.213103386979 0.29187310057 0.5)
(0.222044445643 0.2908603425 0.5)
(0.230910943802 0.289329065779 0.5)
(0.239672294019 0.287284662854 0.5)
(0.248298299991 0.284734373412 0.5)
(0.256759271574 0.281687255489 0.5)
(0.265026137617 0.278154149138 0.5)
(0.273070556094 0.274147632834 0.5)
(0.12838884154 0.284734164092 0.5)
(0.137476267198 0.288491510654 0.5)
(0.146759777343 0.291734256042 0.5)
(0.156210257393 0.294452230485 0.5)
(0.165798069123 0.296636909978 0.5)
(0.175493143613 0.298281443014 0.5)
(0.185265075548 0.299380672073 0.5)
(0.195083218577 0.299931149796 0.5)
(0.204916781423 0.299931149796 0.5)
(0.214734924452 0.299380672073 0.5)
(0.224506856387 0.298281443014 0.5)
(0.234201930877 0.296636909978 0.5)
(0.243789742607 0.294452230485 0.5)
(0.253240222657 0.291734256042 0.5)
(0.262523732802 0.288491510654 0.5)
(0.27161115846 0.284734164092 0.5)
(0.280474 0.280474 0.5)
(0.234475271893 0.236214430052 -0.5)
(0.237128088053 0.233489340415 -0.5)
(0.239566100204 0.230570497516 -0.5)
(0.241775202848 0.227474788774 -0.5)
(0.243742614881 0.224220124888 -0.5)
(0.245456953535 0.220825336222 -0.5)
(0.24690830024 0.217310063849 -0.5)
(0.248088258004 0.213694645922 -0.5)
(0.24899 0.21 -0.5)
(0.237448827755 0.238440292748 -0.5)
(0.240112045473 0.235417847774 -0.5)
(0.242559457189 0.232208443154 -0.5)
(0.244777669571 0.228828367631 -0.5)
(0.246754546273 0.22529487532 -0.5)
(0.248479277516 0.22162608797 -0.5)
(0.249942442063 0.217840892228 -0.5)
(0.251136061216 0.213958832497 -0.5)
(0.252053644537 0.21 -0.5)
(0.240741069052 0.240904708226 -0.5)
(0.243415803094 0.237553039398 -0.5)
(0.245873621757 0.234021932632 -0.5)
(0.248101920197 0.230327013837 -0.5)
(0.250089275926 0.226484810173 -0.5)
(0.251825513566 0.222512658829 -0.5)
(0.25330176251 0.218428611171 -0.5)
(0.254510507185 0.214251332787 -0.5)
(0.255445629597 0.21 -0.5)
(0.244386150314 0.243633242944 -0.5)
(0.247073634922 0.239917066296 -0.5)
(0.249542975878 0.236029779542 -0.5)
(0.25178244133 0.231986274722 -0.5)
(0.253781399158 0.227802274126 -0.5)
(0.25553037637 0.223494246304 -0.5)
(0.257021112008 0.219079317823 -0.5)
(0.258246603257 0.214575181263 -0.5)
(0.259201144479 0.21 -0.5)
(0.248421886523 0.246654203401 -0.5)
(0.251123488215 0.242534453471 -0.5)
(0.253605586344 0.238252813788 -0.5)
(0.255857415612 0.23382336387 -0.5)
(0.257869218973 0.229260934879 -0.5)
(0.259632301098 0.22458103363 -0.5)
(0.261139076016 0.219799762774 -0.5)
(0.262383108621 0.21493373761 -0.5)
(0.26335914983 0.21 -0.5)
(0.25289014541 0.249998929794 -0.5)
(0.25560737716 0.24543235435 -0.5)
(0.258103599688 0.240714097681 -0.5)
(0.260369117843 0.235857339702 -0.5)
(0.262395143432 0.230875924942 -0.5)
(0.264173842139 0.225784295409 -0.5)
(0.265698375316 0.220597420101 -0.5)
(0.266962936414 0.21533072158 -0.5)
(0.267962781831 0.21 -0.5)
(0.257837281806 0.253702121147 -0.5)
(0.260571818736 0.248640832479 -0.5)
(0.263083679421 0.243439165193 -0.5)
(0.265364353543 0.238109303189 -0.5)
(0.267406125603 0.232663998624 -0.5)
(0.26920211457 0.227116514577 -0.5)
(0.270746309217 0.2214805649 -0.5)
(0.272033598911 0.215770251584 -0.5)
(0.273059799709 0.21 -0.5)
(0.263314618536 0.257802195289 -0.5)
(0.266068315298 0.252193173408 -0.5)
(0.26859749013 0.246456286854 -0.5)
(0.270894944533 0.240602616763 -0.5)
(0.272954150662 0.234643705847 -0.5)
(0.274769282942 0.228591511909 -0.5)
(0.27633524624 0.222458359134 -0.5)
(0.277647700426 0.216256887417 -0.5)
(0.278703081196 0.21 -0.5)
(0.269378978856 0.262341687411 -0.5)
(0.272153888868 0.256126230006 -0.5)
(0.274702233461 0.249796763033 -0.5)
(0.277018266541 0.243363146678 -0.5)
(0.279096775204 0.236835584586 -0.5)
(0.280933102446 0.230224589393 -0.5)
(0.28252316741 0.223540946685 -0.5)
(0.283863483048 0.216795677558 -0.5)
(0.284951171099 0.21 -0.5)
(0.276093275948 0.267367691335 -0.5)
(0.278891672704 0.260480804784 -0.5)
(0.28146124154 0.253495248664 -0.5)
(0.283797844433 0.246419531359 -0.5)
(0.285897724344 0.239262373937 -0.5)
(0.28775751808 0.232032688983 -0.5)
(0.289374267763 0.224739558584 -0.5)
(0.290745430852 0.217392211551 -0.5)
(0.291868888659 0.21 -0.5)
(0.283527165604 0.272932348075 -0.5)
(0.286351566252 0.265302073182 -0.5)
(0.288944634002 0.257590112757 -0.5)
(0.29130401124 0.249803478502 -0.5)
(0.293427552823 0.241949250017 -0.5)
(0.295313328032 0.234034568354 -0.5)
(0.29695962232 0.226066629531 -0.5)
(0.29836493888 0.218052677989 -0.5)
(0.299528 0.21 -0.5)
(0.234475271893 0.236214430052 0.5)
(0.237128088053 0.233489340415 0.5)
(0.239566100204 0.230570497516 0.5)
(0.241775202848 0.227474788774 0.5)
(0.243742614881 0.224220124888 0.5)
(0.245456953535 0.220825336222 0.5)
(0.24690830024 0.217310063849 0.5)
(0.248088258004 0.213694645922 0.5)
(0.24899 0.21 0.5)
(0.237448827755 0.238440292748 0.5)
(0.240112045473 0.235417847774 0.5)
(0.242559457189 0.232208443154 0.5)
(0.244777669571 0.228828367631 0.5)
(0.246754546273 0.22529487532 0.5)
(0.248479277516 0.22162608797 0.5)
(0.249942442063 0.217840892228 0.5)
(0.251136061216 0.213958832497 0.5)
(0.252053644537 0.21 0.5)
(0.240741069052 0.240904708226 0.5)
(0.243415803094 0.237553039398 0.5)
(0.245873621757 0.234021932632 0.5)
(0.248101920197 0.230327013837 0.5)
(0.250089275926 0.226484810173 0.5)
(0.251825513566 0.222512658829 0.5)
(0.25330176251 0.218428611171 0.5)
(0.254510507185 0.214251332787 0.5)
(0.255445629597 0.21 0.5)
(0.244386150314 0.243633242944 0.5)
(0.247073634922 0.239917066296 0.5)
(0.249542975878 0.236029779542 0.5)
(0.25178244133 0.231986274722 0.5)
(0.253781399158 0.227802274126 0.5)
(0.25553037637 0.223494246304 0.5)
(0.257021112008 0.219079317823 0.5)
(0.258246603257 0.214575181263 0.5)
(0.259201144479 0.21 0.5)
(0.248421886523 0.246654203401 0.5)
(0.251123488215 0.242534453471 0.5)
(0.253605586344 0.238252813788 0.5)
(0.255857415612 0.23382336387 0.5)
(0.257869218973 0.229260934879 0.5)
(0.259632301098 0.22458103363 0.5)
(0.261139076016 0.219799762774 0.5)
(0.262383108621 0.21493373761 0.5)
(0.26335914983 0.21 0.5)
(0.25289014541 0.249998929794 0.5)
(0.25560737716 0.24543235435 0.5)
(0.258103599688 0.240714097681 0.5)
(0.260369117843 0.235857339702 0.5)
(0.262395143432 0.230875924942 0.5)
(0.264173842139 0.225784295409 0.5)
(0.265698375316 0.220597420101 0.5)
(0.266962936414 0.21533072158 0.5)
(0.267962781831 0.21 0.5)
(0.257837281806 0.253702121147 0.5)
(0.260571818736 0.248640832479 0.5)
(0.263083679421 0.243439165193 0.5)
(0.265364353543 0.238109303189 0.5)
(0.267406125603 0.232663998624 0.5)
(0.26920211457 0.227116514577 0.5)
(0.270746309217 0.2214805649 0.5)
(0.272033598911 0.215770251584 0.5)
(0.273059799709 0.21 0.5)
(0.263314618536 0.257802195289 0.5)
(0.266068315298 0.252193173408 0.5)
(0.26859749013 0.246456286854 0.5)
(0.270894944533 0.240602616763 0.5)
(0.272954150662 0.234643705847 0.5)
(0.274769282942 0.228591511909 0.5)
(0.27633524624 0.222458359134 0.5)
(0.277647700426 0.216256887417 0.5)
(0.278703081196 0.21 0.5)
(0.269378978856 0.262341687411 0.5)
(0.272153888868 0.256126230006 0.5)
(0.274702233461 0.249796763033 0.5)
(0.277018266541 0.243363146678 0.5)
(0.279096775204 0.236835584586 0.5)
(0.280933102446 0.230224589393 0.5)
(0.28252316741 0.223540946685 0.5)
(0.283863483048 0.216795677558 0.5)
(0.284951171099 0.21 0.5)
(0.276093275948 0.267367691335 0.5)
(0.278891672704 0.260480804784 0.5)
(0.28146124154 0.253495248664 0.5)
(0.283797844433 0.246419531359 0.5)
(0.285897724344 0.239262373937 0.5)
(0.28775751808 0.232032688983 0.5)
(0.289374267763 0.224739558584 0.5)
(0.290745430852 0.217392211551 0.5)
(0.291868888659 0.21 0.5)
(0.283527165604 0.272932348075 0.5)
(0.286351566252 0.265302073182 0.5)
(0.288944634002 0.257590112757 0.5)
(0.29130401124 0.249803478502 0.5)
(0.293427552823 0.241949250017 0.5)
(0.295313328032 0.234034568354 0.5)
(0.29695962232 0.226066629531 0.5)
(0.29836493888 0.218052677989 0.5)
(0.299528 0.21 0.5)
(0.308365411765 0.21 -0.5)
(0.317202823529 0.21 -0.5)
(0.326040235294 0.21 -0.5)
(0.334877647059 0.21 -0.5)
(0.343715058824 0.21 -0.5)
(0.352552470588 0.21 -0.5)
(0.361389882353 0.21 -0.5)
(0.370227294118 0.21 -0.5)
(0.379064705882 0.21 -0.5)
(0.387902117647 0.21 -0.5)
(0.396739529412 0.21 -0.5)
(0.405576941176 0.21 -0.5)
(0.414414352941 0.21 -0.5)
(0.423251764706 0.21 -0.5)
(0.432089176471 0.21 -0.5)
(0.440926588235 0.21 -0.5)
(0.449764 0.21 -0.5)
(0.458601411765 0.21 -0.5)
(0.467438823529 0.21 -0.5)
(0.476276235294 0.21 -0.5)
(0.485113647059 0.21 -0.5)
(0.493951058824 0.21 -0.5)
(0.502788470588 0.21 -0.5)
(0.511625882353 0.21 -0.5)
(0.520463294118 0.21 -0.5)
(0.529300705882 0.21 -0.5)
(0.538138117647 0.21 -0.5)
(0.546975529412 0.21 -0.5)
(0.555812941176 0.21 -0.5)
(0.564650352941 0.21 -0.5)
(0.573487764706 0.21 -0.5)
(0.582325176471 0.21 -0.5)
(0.591162588235 0.21 -0.5)
(0.6 0.21 -0.5)
(0.307236558325 0.218046141708 -0.5)
(0.31610817777 0.218039605427 -0.5)
(0.324979797214 0.218033069147 -0.5)
(0.333851416659 0.218026532866 -0.5)
(0.342723036104 0.218019996585 -0.5)
(0.351594655548 0.218013460305 -0.5)
(0.360466274993 0.218006924024 -0.5)
(0.369337894438 0.218000387743 -0.5)
(0.378209513882 0.217993851462 -0.5)
(0.387081133327 0.217987315182 -0.5)
(0.395952752772 0.217980778901 -0.5)
(0.404824372217 0.21797424262 -0.5)
(0.413695991661 0.21796770634 -0.5)
(0.422567611106 0.217961170059 -0.5)
(0.431439230551 0.217954633778 -0.5)
(0.440310849995 0.217948097497 -0.5)
(0.44918246944 0.217941561217 -0.5)
(0.458054088885 0.217935024936 -0.5)
(0.466925708329 0.217928488655 -0.5)
(0.475797327774 0.217921952375 -0.5)
(0.484668947219 0.217915416094 -0.5)
(0.493540566664 0.217908879813 -0.5)
(0.502412186108 0.217902343532 -0.5)
(0.511283805553 0.217895807252 -0.5)
(0.520155424998 0.217889270971 -0.5)
(0.529027044442 0.21788273469 -0.5)
(0.537898663887 0.217876198409 -0.5)
(0.546770283332 0.217869662129 -0.5)
(0.555641902776 0.217863125848 -0.5)
(0.564513522221 0.217856589567 -0.5)
(0.573385141666 0.217850053287 -0.5)
(0.582256761111 0.217843517006 -0.5)
(0.591128380555 0.217836980725 -0.5)
(0.6 0.217830444444 -0.5)
(0.305872574605 0.226054695983 -0.5)
(0.314785526889 0.226042762435 -0.5)
(0.323698479174 0.226030828887 -0.5)
(0.332611431459 0.226018895338 -0.5)
(0.341524383744 0.22600696179 -0.5)
(0.350437336028 0.225995028242 -0.5)
(0.359350288313 0.225983094693 -0.5)
(0.368263240598 0.225971161145 -0.5)
(0.377176192882 0.225959227597 -0.5)
(0.386089145167 0.225947294048 -0.5)
(0.395002097452 0.2259353605 -0.5)
(0.403915049736 0.225923426952 -0.5)
(0.412828002021 0.225911493403 -0.5)
(0.421740954306 0.225899559855 -0.5)
(0.430653906591 0.225887626307 -0.5)
(0.439566858875 0.225875692759 -0.5)
(0.44847981116 0.22586375921 -0.5)
(0.457392763445 0.225851825662 -0.5)
(0.466305715729 0.225839892114 -0.5)
(0.475218668014 0.225827958565 -0.5)
(0.484131620299 0.225816025017 -0.5)
(0.493044572584 0.225804091469 -0.5)
(0.501957524868 0.22579215792 -0.5)
(0.510870477153 0.225780224372 -0.5)
(0.519783429438 0.225768290824 -0.5)
(0.528696381722 0.225756357275 -0.5)
(0.537609334007 0.225744423727 -0.5)
(0.546522286292 0.225732490179 -0.5)
(0.555435238576 0.22572055663 -0.5)
(0.564348190861 0.225708623082 -0.5)
(0.573261143146 0.225696689534 -0.5)
(0.582174095431 0.225684755986 -0.5)
(0.591087047715 0.225672822437 -0.5)
(0.6 0.225660888889 -0.5)
(0.304274700737 0.234018590853 -0.5)
(0.313236073442 0.234002613353 -0.5)
(0.322197446146 0.233986635852 -0.5)
(0.331158818851 0.233970658351 -0.5)
(0.340120191556 0.233954680851 -0.5)
(0.349081564261 0.23393870335 -0.5)
(0.358042936966 0.23392272585 -0.5)
(0.367004309671 0.233906748349 -0.5)
(0.375965682376 0.233890770848 -0.5)
(0.384927055081 0.233874793348 -0.5)
(0.393888427786 0.233858815847 -0.5)
(0.402849800491 0.233842838347 -0.5)
(0.411811173196 0.233826860846 -0.5)
(0.420772545901 0.233810883345 -0.5)
(0.429733918606 0.233794905845 -0.5)
(0.438695291311 0.233778928344 -0.5)
(0.447656664016 0.233762950844 -0.5)
(0.456618036721 0.233746973343 -0.5)
(0.465579409426 0.233730995842 -0.5)
(0.474540782131 0.233715018342 -0.5)
(0.483502154836 0.233699040841 -0.5)
(0.492463527541 0.233683063341 -0.5)
(0.501424900246 0.23366708584 -0.5)
(0.51038627295 0.233651108339 -0.5)
(0.519347645655 0.233635130839 -0.5)
(0.52830901836 0.233619153338 -0.5)
(0.537270391065 0.233603175838 -0.5)
(0.54623176377 0.233587198337 -0.5)
(0.555193136475 0.233571220836 -0.5)
(0.56415450918 0.233555243336 -0.5)
(0.573115881885 0.233539265835 -0.5)
(0.58207725459 0.233523288335 -0.5)
(0.591038627295 0.233507310834 -0.5)
(0.6 0.233491333333 -0.5)
(0.302444389505 0.241930794951 -0.5)
(0.311461226187 0.241912339885 -0.5)
(0.320478062868 0.241893884819 -0.5)
(0.32949489955 0.241875429753 -0.5)
(0.338511736232 0.241856974688 -0.5)
(0.347528572913 0.241838519622 -0.5)
(0.356545409595 0.241820064556 -0.5)
(0.365562246277 0.24180160949 -0.5)
(0.374579082958 0.241783154424 -0.5)
(0.38359591964 0.241764699358 -0.5)
(0.392612756322 0.241746244292 -0.5)
(0.401629593003 0.241727789227 -0.5)
(0.410646429685 0.241709334161 -0.5)
(0.419663266367 0.241690879095 -0.5)
(0.428680103048 0.241672424029 -0.5)
(0.43769693973 0.241653968963 -0.5)
(0.446713776412 0.241635513897 -0.5)
(0.455730613093 0.241617058831 -0.5)
(0.464747449775 0.241598603766 -0.5)
(0.473764286457 0.2415801487 -0.5)
(0.482781123138 0.241561693634 -0.5)
(0.49179795982 0.241543238568 -0.5)
(0.500814796502 0.241524783502 -0.5)
(0.509831633183 0.241506328436 -0.5)
(0.518848469865 0.24148787337 -0.5)
(0.527865306547 0.241469418305 -0.5)
(0.536882143228 0.241450963239 -0.5)
(0.54589897991 0.241432508173 -0.5)
(0.554915816592 0.241414053107 -0.5)
(0.563932653273 0.241395598041 -0.5)
(0.572949489955 0.241377142975 -0.5)
(0.581966326637 0.241358687909 -0.5)
(0.590983163318 0.241340232844 -0.5)
(0.6 0.241321777778 -0.5)
(0.300383305027 0.249784323906 -0.5)
(0.309462598814 0.249765169309 -0.5)
(0.318541892601 0.249746014713 -0.5)
(0.327621186388 0.249726860116 -0.5)
(0.336700480175 0.24970770552 -0.5)
(0.345779773962 0.249688550924 -0.5)
(0.354859067749 0.249669396327 -0.5)
(0.363938361536 0.249650241731 -0.5)
(0.373017655323 0.249631087134 -0.5)
(0.38209694911 0.249611932538 -0.5)
(0.391176242898 0.249592777941 -0.5)
(0.400255536685 0.249573623345 -0.5)
(0.409334830472 0.249554468748 -0.5)
(0.418414124259 0.249535314152 -0.5)
(0.427493418046 0.249516159555 -0.5)
(0.436572711833 0.249497004959 -0.5)
(0.44565200562 0.249477850362 -0.5)
(0.454731299407 0.249458695766 -0.5)
(0.463810593194 0.249439541169 -0.5)
(0.472889886981 0.249420386573 -0.5)
(0.481969180768 0.249401231976 -0.5)
(0.491048474555 0.24938207738 -0.5)
(0.500127768342 0.249362922783 -0.5)
(0.509207062129 0.249343768187 -0.5)
(0.518286355916 0.249324613591 -0.5)
(0.527365649703 0.249305458994 -0.5)
(0.536444943491 0.249286304398 -0.5)
(0.545524237278 0.249267149801 -0.5)
(0.554603531065 0.249247995205 -0.5)
(0.563682824852 0.249228840608 -0.5)
(0.572762118639 0.249209686012 -0.5)
(0.581841412426 0.249190531415 -0.5)
(0.590920706213 0.249171376819 -0.5)
(0.6 0.249152222222 -0.5)
(0.298093321237 0.257572246695 -0.5)
(0.307242008472 0.257554380634 -0.5)
(0.316390695708 0.257536514572 -0.5)
(0.325539382943 0.257518648511 -0.5)
(0.334688070178 0.257500782449 -0.5)
(0.343836757413 0.257482916388 -0.5)
(0.352985444649 0.257465050326 -0.5)
(0.362134131884 0.257447184265 -0.5)
(0.371282819119 0.257429318203 -0.5)
(0.380431506354 0.257411452142 -0.5)
(0.38958019359 0.257393586081 -0.5)
(0.398728880825 0.257375720019 -0.5)
(0.40787756806 0.257357853958 -0.5)
(0.417026255295 0.257339987896 -0.5)
(0.42617494253 0.257322121835 -0.5)
(0.435323629766 0.257304255773 -0.5)
(0.444472317001 0.257286389712 -0.5)
(0.453621004236 0.25726852365 -0.5)
(0.462769691471 0.257250657589 -0.5)
(0.471918378707 0.257232791527 -0.5)
(0.481067065942 0.257214925466 -0.5)
(0.490215753177 0.257197059404 -0.5)
(0.499364440412 0.257179193343 -0.5)
(0.508513127648 0.257161327281 -0.5)
(0.517661814883 0.25714346122 -0.5)
(0.526810502118 0.257125595158 -0.5)
(0.535959189353 0.257107729097 -0.5)
(0.545107876589 0.257089863035 -0.5)
(0.554256563824 0.257071996974 -0.5)
(0.563405251059 0.257054130913 -0.5)
(0.572553938294 0.257036264851 -0.5)
(0.58170262553 0.25701839879 -0.5)
(0.590851312765 0.257000532728 -0.5)
(0.6 0.256982666667 -0.5)
(0.295576520186 0.265287691945 -0.5)
(0.30480147412 0.265273310708 -0.5)
(0.314026428053 0.26525892947 -0.5)
(0.323251381987 0.265244548233 -0.5)
(0.332476335921 0.265230166995 -0.5)
(0.341701289855 0.265215785758 -0.5)
(0.350926243789 0.265201404521 -0.5)
(0.360151197722 0.265187023283 -0.5)
(0.369376151656 0.265172642046 -0.5)
(0.37860110559 0.265158260808 -0.5)
(0.387826059524 0.265143879571 -0.5)
(0.397051013457 0.265129498334 -0.5)
(0.406275967391 0.265115117096 -0.5)
(0.415500921325 0.265100735859 -0.5)
(0.424725875259 0.265086354622 -0.5)
(0.433950829192 0.265071973384 -0.5)
(0.443175783126 0.265057592147 -0.5)
(0.45240073706 0.265043210909 -0.5)
(0.461625690994 0.265028829672 -0.5)
(0.470850644927 0.265014448435 -0.5)
(0.480075598861 0.265000067197 -0.5)
(0.489300552795 0.26498568596 -0.5)
(0.498525506729 0.264971304722 -0.5)
(0.507750460662 0.264956923485 -0.5)
(0.516975414596 0.264942542248 -0.5)
(0.52620036853 0.26492816101 -0.5)
(0.535425322464 0.264913779773 -0.5)
(0.544650276397 0.264899398535 -0.5)
(0.553875230331 0.264885017298 -0.5)
(0.563100184265 0.264870636061 -0.5)
(0.572325138199 0.264856254823 -0.5)
(0.581550092132 0.264841873586 -0.5)
(0.590775046066 0.264827492349 -0.5)
(0.6 0.264813111111 -0.5)
(0.292835190146 0.272923854178 -0.5)
(0.302143214687 0.27291536028 -0.5)
(0.311451239228 0.272906866382 -0.5)
(0.320759263769 0.272898372485 -0.5)
(0.33006728831 0.272889878587 -0.5)
(0.339375312851 0.272881384689 -0.5)
(0.348683337392 0.272872890792 -0.5)
(0.357991361933 0.272864396894 -0.5)
(0.367299386474 0.272855902997 -0.5)
(0.376607411015 0.272847409099 -0.5)
(0.385915435556 0.272838915201 -0.5)
(0.395223460097 0.272830421304 -0.5)
(0.404531484638 0.272821927406 -0.5)
(0.413839509179 0.272813433508 -0.5)
(0.42314753372 0.272804939611 -0.5)
(0.432455558261 0.272796445713 -0.5)
(0.441763582802 0.272787951815 -0.5)
(0.451071607343 0.272779457918 -0.5)
(0.460379631884 0.27277096402 -0.5)
(0.469687656425 0.272762470123 -0.5)
(0.478995680966 0.272753976225 -0.5)
(0.488303705507 0.272745482327 -0.5)
(0.497611730049 0.27273698843 -0.5)
(0.50691975459 0.272728494532 -0.5)
(0.516227779131 0.272720000634 -0.5)
(0.525535803672 0.272711506737 -0.5)
(0.534843828213 0.272703012839 -0.5)
(0.544151852754 0.272694518941 -0.5)
(0.553459877295 0.272686025044 -0.5)
(0.562767901836 0.272677531146 -0.5)
(0.572075926377 0.272669037248 -0.5)
(0.581383950918 0.272660543351 -0.5)
(0.590691975459 0.272652049453 -0.5)
(0.6 0.272643555556 -0.5)
(0.289871823529 0.280474 -0.5)
(0.299269647059 0.280474 -0.5)
(0.308667470588 0.280474 -0.5)
(0.318065294118 0.280474 -0.5)
(0.327463117647 0.280474 -0.5)
(0.336860941176 0.280474 -0.5)
(0.346258764706 0.280474 -0.5)
(0.355656588235 0.280474 -0.5)
(0.365054411765 0.280474 -0.5)
(0.374452235294 0.280474 -0.5)
(0.383850058824 0.280474 -0.5)
(0.393247882353 0.280474 -0.5)
(0.402645705882 0.280474 -0.5)
(0.412043529412 0.280474 -0.5)
(0.421441352941 0.280474 -0.5)
(0.430839176471 0.280474 -0.5)
(0.440237 0.280474 -0.5)
(0.449634823529 0.280474 -0.5)
(0.459032647059 0.280474 -0.5)
(0.468430470588 0.280474 -0.5)
(0.477828294118 0.280474 -0.5)
(0.487226117647 0.280474 -0.5)
(0.496623941176 0.280474 -0.5)
(0.506021764706 0.280474 -0.5)
(0.515419588235 0.280474 -0.5)
(0.524817411765 0.280474 -0.5)
(0.534215235294 0.280474 -0.5)
(0.543613058824 0.280474 -0.5)
(0.553010882353 0.280474 -0.5)
(0.562408705882 0.280474 -0.5)
(0.571806529412 0.280474 -0.5)
(0.581204352941 0.280474 -0.5)
(0.590602176471 0.280474 -0.5)
(0.6 0.280474 -0.5)
(0.308365411765 0.21 0.5)
(0.317202823529 0.21 0.5)
(0.326040235294 0.21 0.5)
(0.334877647059 0.21 0.5)
(0.343715058824 0.21 0.5)
(0.352552470588 0.21 0.5)
(0.361389882353 0.21 0.5)
(0.370227294118 0.21 0.5)
(0.379064705882 0.21 0.5)
(0.387902117647 0.21 0.5)
(0.396739529412 0.21 0.5)
(0.405576941176 0.21 0.5)
(0.414414352941 0.21 0.5)
(0.423251764706 0.21 0.5)
(0.432089176471 0.21 0.5)
(0.440926588235 0.21 0.5)
(0.449764 0.21 0.5)
(0.458601411765 0.21 0.5)
(0.467438823529 0.21 0.5)
(0.476276235294 0.21 0.5)
(0.485113647059 0.21 0.5)
(0.493951058824 0.21 0.5)
(0.502788470588 0.21 0.5)
(0.511625882353 0.21 0.5)
(0.520463294118 0.21 0.5)
(0.529300705882 0.21 0.5)
(0.538138117647 0.21 0.5)
(0.546975529412 0.21 0.5)
(0.555812941176 0.21 0.5)
(0.564650352941 0.21 0.5)
(0.573487764706 0.21 0.5)
(0.582325176471 0.21 0.5)
(0.591162588235 0.21 0.5)
(0.6 0.21 0.5)
(0.307236558325 0.218046141708 0.5)
(0.31610817777 0.218039605427 0.5)
(0.324979797214 0.218033069147 0.5)
(0.333851416659 0.218026532866 0.5)
(0.342723036104 0.218019996585 0.5)
(0.351594655548 0.218013460305 0.5)
(0.360466274993 0.218006924024 0.5)
(0.369337894438 0.218000387743 0.5)
(0.378209513882 0.217993851462 0.5)
(0.387081133327 0.217987315182 0.5)
(0.395952752772 0.217980778901 0.5)
(0.404824372217 0.21797424262 0.5)
(0.413695991661 0.21796770634 0.5)
(0.422567611106 0.217961170059 0.5)
(0.431439230551 0.217954633778 0.5)
(0.440310849995 0.217948097497 0.5)
(0.44918246944 0.217941561217 0.5)
(0.458054088885 0.217935024936 0.5)
(0.466925708329 0.217928488655 0.5)
(0.475797327774 0.217921952375 0.5)
(0.484668947219 0.217915416094 0.5)
(0.493540566664 0.217908879813 0.5)
(0.502412186108 0.217902343532 0.5)
(0.511283805553 0.217895807252 0.5)
(0.520155424998 0.217889270971 0.5)
(0.529027044442 0.21788273469 0.5)
(0.537898663887 0.217876198409 0.5)
(0.546770283332 0.217869662129 0.5)
(0.555641902776 0.217863125848 0.5)
(0.564513522221 0.217856589567 0.5)
(0.573385141666 0.217850053287 0.5)
(0.582256761111 0.217843517006 0.5)
(0.591128380555 0.217836980725 0.5)
(0.6 0.217830444444 0.5)
(0.305872574605 0.226054695983 0.5)
(0.314785526889 0.226042762435 0.5)
(0.323698479174 0.226030828887 0.5)
(0.332611431459 0.226018895338 0.5)
(0.341524383744 0.22600696179 0.5)
(0.350437336028 0.225995028242 0.5)
(0.359350288313 0.225983094693 0.5)
(0.368263240598 0.225971161145 0.5)
(0.377176192882 0.225959227597 0.5)
(0.386089145167 0.225947294048 0.5)
(0.395002097452 0.2259353605 0.5)
(0.403915049736 0.225923426952 0.5)
(0.412828002021 0.225911493403 0.5)
(0.421740954306 0.225899559855 0.5)
(0.430653906591 0.225887626307 0.5)
(0.439566858875 0.225875692759 0.5)
(0.44847981116 0.22586375921 0.5)
(0.457392763445 0.225851825662 0.5)
(0.466305715729 0.225839892114 0.5)
(0.475218668014 0.225827958565 0.5)
(0.484131620299 0.225816025017 0.5)
(0.493044572584 0.225804091469 0.5)
(0.501957524868 0.22579215792 0.5)
(0.510870477153 0.225780224372 0.5)
(0.519783429438 0.225768290824 0.5)
(0.528696381722 0.225756357275 0.5)
(0.537609334007 0.225744423727 0.5)
(0.546522286292 0.225732490179 0.5)
(0.555435238576 0.22572055663 0.5)
(0.564348190861 0.225708623082 0.5)
(0.573261143146 0.225696689534 0.5)
(0.582174095431 0.225684755986 0.5)
(0.591087047715 0.225672822437 0.5)
(0.6 0.225660888889 0.5)
(0.304274700737 0.234018590853 0.5)
(0.313236073442 0.234002613353 0.5)
(0.322197446146 0.233986635852 0.5)
(0.331158818851 0.233970658351 0.5)
(0.340120191556 0.233954680851 0.5)
(0.349081564261 0.23393870335 0.5)
(0.358042936966 0.23392272585 0.5)
(0.367004309671 0.233906748349 0.5)
(0.375965682376 0.233890770848 0.5)
(0.384927055081 0.233874793348 0.5)
(0.393888427786 0.233858815847 0.5)
(0.402849800491 0.233842838347 0.5)
(0.411811173196 0.233826860846 0.5)
(0.420772545901 0.233810883345 0.5)
(0.429733918606 0.233794905845 0.5)
(0.438695291311 0.233778928344 0.5)
(0.447656664016 0.233762950844 0.5)
(0.456618036721 0.233746973343 0.5)
(0.465579409426 0.233730995842 0.5)
(0.474540782131 0.233715018342 0.5)
(0.483502154836 0.233699040841 0.5)
(0.492463527541 0.233683063341 0.5)
(0.501424900246 0.23366708584 0.5)
(0.51038627295 0.233651108339 0.5)
(0.519347645655 0.233635130839 0.5)
(0.52830901836 0.233619153338 0.5)
(0.537270391065 0.233603175838 0.5)
(0.54623176377 0.233587198337 0.5)
(0.555193136475 0.233571220836 0.5)
(0.56415450918 0.233555243336 0.5)
(0.573115881885 0.233539265835 0.5)
(0.58207725459 0.233523288335 0.5)
(0.591038627295 0.233507310834 0.5)
(0.6 0.233491333333 0.5)
(0.302444389505 0.241930794951 0.5)
(0.311461226187 0.241912339885 0.5)
(0.320478062868 0.241893884819 0.5)
(0.32949489955 0.241875429753 0.5)
(0.338511736232 0.241856974688 0.5)
(0.347528572913 0.241838519622 0.5)
(0.356545409595 0.241820064556 0.5)
(0.365562246277 0.24180160949 0.5)
(0.374579082958 0.241783154424 0.5)
(0.38359591964 0.241764699358 0.5)
(0.392612756322 0.241746244292 0.5)
(0.401629593003 0.241727789227 0.5)
(0.410646429685 0.241709334161 0.5)
(0.419663266367 0.241690879095 0.5)
(0.428680103048 0.241672424029 0.5)
(0.43769693973 0.241653968963 0.5)
(0.446713776412 0.241635513897 0.5)
(0.455730613093 0.241617058831 0.5)
(0.464747449775 0.241598603766 0.5)
(0.473764286457 0.2415801487 0.5)
(0.482781123138 0.241561693634 0.5)
(0.49179795982 0.241543238568 0.5)
(0.500814796502 0.241524783502 0.5)
(0.509831633183 0.241506328436 0.5)
(0.518848469865 0.24148787337 0.5)
(0.527865306547 0.241469418305 0.5)
(0.536882143228 0.241450963239 0.5)
(0.54589897991 0.241432508173 0.5)
(0.554915816592 0.241414053107 0.5)
(0.563932653273 0.241395598041 0.5)
(0.572949489955 0.241377142975 0.5)
(0.581966326637 0.241358687909 0.5)
(0.590983163318 0.241340232844 0.5)
(0.6 0.241321777778 0.5)
(0.300383305027 0.249784323906 0.5)
(0.309462598814 0.249765169309 0.5)
(0.318541892601 0.249746014713 0.5)
(0.327621186388 0.249726860116 0.5)
(0.336700480175 0.24970770552 0.5)
(0.345779773962 0.249688550924 0.5)
(0.354859067749 0.249669396327 0.5)
(0.363938361536 0.249650241731 0.5)
(0.373017655323 0.249631087134 0.5)
(0.38209694911 0.249611932538 0.5)
(0.391176242898 0.249592777941 0.5)
(0.400255536685 0.249573623345 0.5)
(0.409334830472 0.249554468748 0.5)
(0.418414124259 0.249535314152 0.5)
(0.427493418046 0.249516159555 0.5)
(0.436572711833 0.249497004959 0.5)
(0.44565200562 0.249477850362 0.5)
(0.454731299407 0.249458695766 0.5)
(0.463810593194 0.249439541169 0.5)
(0.472889886981 0.249420386573 0.5)
(0.481969180768 0.249401231976 0.5)
(0.491048474555 0.24938207738 0.5)
(0.500127768342 0.249362922783 0.5)
(0.509207062129 0.249343768187 0.5)
(0.518286355916 0.249324613591 0.5)
(0.527365649703 0.249305458994 0.5)
(0.536444943491 0.249286304398 0.5)
(0.545524237278 0.249267149801 0.5)
(0.554603531065 0.249247995205 0.5)
(0.563682824852 0.249228840608 0.5)
(0.572762118639 0.249209686012 0.5)
(0.581841412426 0.249190531415 0.5)
(0.590920706213 0.249171376819 0.5)
(0.6 0.249152222222 0.5)
(0.298093321237 0.257572246695 0.5)
(0.307242008472 0.257554380634 0.5)
(0.316390695708 0.257536514572 0.5)
(0.325539382943 0.257518648511 0.5)
(0.334688070178 0.257500782449 0.5)
(0.343836757413 0.257482916388 0.5)
(0.352985444649 0.257465050326 0.5)
(0.362134131884 0.257447184265 0.5)
(0.371282819119 0.257429318203 0.5)
(0.380431506354 0.257411452142 0.5)
(0.38958019359 0.257393586081 0.5)
(0.398728880825 0.257375720019 0.5)
(0.40787756806 0.257357853958 0.5)
(0.417026255295 0.257339987896 0.5)
(0.42617494253 0.257322121835 0.5)
(0.435323629766 0.257304255773 0.5)
(0.444472317001 0.257286389712 0.5)
(0.453621004236 0.25726852365 0.5)
(0.462769691471 0.257250657589 0.5)
(0.471918378707 0.257232791527 0.5)
(0.481067065942 0.257214925466 0.5)
(0.490215753177 0.257197059404 0.5)
(0.499364440412 0.257179193343 0.5)
(0.508513127648 0.257161327281 0.5)
(0.517661814883 0.25714346122 0.5)
(0.526810502118 0.257125595158 0.5)
(0.535959189353 0.257107729097 0.5)
(0.545107876589 0.257089863035 0.5)
(0.554256563824 0.257071996974 0.5)
(0.563405251059 0.257054130913 0.5)
(0.572553938294 0.257036264851 0.5)
(0.58170262553 0.25701839879 0.5)
(0.590851312765 0.257000532728 0.5)
(0.6 0.256982666667 0.5)
(0.295576520186 0.265287691945 0.5)
(0.30480147412 0.265273310708 0.5)
(0.314026428053 0.26525892947 0.5)
(0.323251381987 0.265244548233 0.5)
(0.332476335921 0.265230166995 0.5)
(0.341701289855 0.265215785758 0.5)
(0.350926243789 0.265201404521 0.5)
(0.360151197722 0.265187023283 0.5)
(0.369376151656 0.265172642046 0.5)
(0.37860110559 0.265158260808 0.5)
(0.387826059524 0.265143879571 0.5)
(0.397051013457 0.265129498334 0.5)
(0.406275967391 0.265115117096 0.5)
(0.415500921325 0.265100735859 0.5)
(0.424725875259 0.265086354622 0.5)
(0.433950829192 0.265071973384 0.5)
(0.443175783126 0.265057592147 0.5)
(0.45240073706 0.265043210909 0.5)
(0.461625690994 0.265028829672 0.5)
(0.470850644927 0.265014448435 0.5)
(0.480075598861 0.265000067197 0.5)
(0.489300552795 0.26498568596 0.5)
(0.498525506729 0.264971304722 0.5)
(0.507750460662 0.264956923485 0.5)
(0.516975414596 0.264942542248 0.5)
(0.52620036853 0.26492816101 0.5)
(0.535425322464 0.264913779773 0.5)
(0.544650276397 0.264899398535 0.5)
(0.553875230331 0.264885017298 0.5)
(0.563100184265 0.264870636061 0.5)
(0.572325138199 0.264856254823 0.5)
(0.581550092132 0.264841873586 0.5)
(0.590775046066 0.264827492349 0.5)
(0.6 0.264813111111 0.5)
(0.292835190146 0.272923854178 0.5)
(0.302143214687 0.27291536028 0.5)
(0.311451239228 0.272906866382 0.5)
(0.320759263769 0.272898372485 0.5)
(0.33006728831 0.272889878587 0.5)
(0.339375312851 0.272881384689 0.5)
(0.348683337392 0.272872890792 0.5)
(0.357991361933 0.272864396894 0.5)
(0.367299386474 0.272855902997 0.5)
(0.376607411015 0.272847409099 0.5)
(0.385915435556 0.272838915201 0.5)
(0.395223460097 0.272830421304 0.5)
(0.404531484638 0.272821927406 0.5)
(0.413839509179 0.272813433508 0.5)
(0.42314753372 0.272804939611 0.5)
(0.432455558261 0.272796445713 0.5)
(0.441763582802 0.272787951815 0.5)
(0.451071607343 0.272779457918 0.5)
(0.460379631884 0.27277096402 0.5)
(0.469687656425 0.272762470123 0.5)
(0.478995680966 0.272753976225 0.5)
(0.488303705507 0.272745482327 0.5)
(0.497611730049 0.27273698843 0.5)
(0.50691975459 0.272728494532 0.5)
(0.516227779131 0.272720000634 0.5)
(0.525535803672 0.272711506737 0.5)
(0.534843828213 0.272703012839 0.5)
(0.544151852754 0.272694518941 0.5)
(0.553459877295 0.272686025044 0.5)
(0.562767901836 0.272677531146 0.5)
(0.572075926377 0.272669037248 0.5)
(0.581383950918 0.272660543351 0.5)
(0.590691975459 0.272652049453 0.5)
(0.6 0.272643555556 0.5)
(0.289871823529 0.280474 0.5)
(0.299269647059 0.280474 0.5)
(0.308667470588 0.280474 0.5)
(0.318065294118 0.280474 0.5)
(0.327463117647 0.280474 0.5)
(0.336860941176 0.280474 0.5)
(0.346258764706 0.280474 0.5)
(0.355656588235 0.280474 0.5)
(0.365054411765 0.280474 0.5)
(0.374452235294 0.280474 0.5)
(0.383850058824 0.280474 0.5)
(0.393247882353 0.280474 0.5)
(0.402645705882 0.280474 0.5)
(0.412043529412 0.280474 0.5)
(0.421441352941 0.280474 0.5)
(0.430839176471 0.280474 0.5)
(0.440237 0.280474 0.5)
(0.449634823529 0.280474 0.5)
(0.459032647059 0.280474 0.5)
(0.468430470588 0.280474 0.5)
(0.477828294118 0.280474 0.5)
(0.487226117647 0.280474 0.5)
(0.496623941176 0.280474 0.5)
(0.506021764706 0.280474 0.5)
(0.515419588235 0.280474 0.5)
(0.524817411765 0.280474 0.5)
(0.534215235294 0.280474 0.5)
(0.543613058824 0.280474 0.5)
(0.553010882353 0.280474 0.5)
(0.562408705882 0.280474 0.5)
(0.571806529412 0.280474 0.5)
(0.581204352941 0.280474 0.5)
(0.590602176471 0.280474 0.5)
(0.6 0.280474 0.5)
(0.6 0.2 -0.5)
(0.608637878707 0.2 -0.5)
(0.617561022312 0.2 -0.5)
(0.626778851656 0.2 -0.5)
(0.636301098699 0.2 -0.5)
(0.646137816799 0.2 -0.5)
(0.656299391323 0.2 -0.5)
(0.666796550617 0.2 -0.5)
(0.677640377327 0.2 -0.5)
(0.688842320102 0.2 -0.5)
(0.700414205682 0.2 -0.5)
(0.712368251383 0.2 -0.5)
(0.724717077998 0.2 -0.5)
(0.737473723117 0.2 -0.5)
(0.750651654898 0.2 -0.5)
(0.764264786282 0.2 -0.5)
(0.778327489683 0.2 -0.5)
(0.792854612162 0.2 -0.5)
(0.807861491104 0.2 -0.5)
(0.823363970408 0.2 -0.5)
(0.839378417215 0.2 -0.5)
(0.85592173919 0.2 -0.5)
(0.873011402373 0.2 -0.5)
(0.890665449614 0.2 -0.5)
(0.90890251963 0.2 -0.5)
(0.927741866676 0.2 -0.5)
(0.94720338088 0.2 -0.5)
(0.967307609236 0.2 -0.5)
(0.988075777301 0.2 -0.5)
(1.0095298116 0.2 -0.5)
(1.03169236279 0.2 -0.5)
(1.05458682956 0.2 -0.5)
(1.07823738331 0.2 -0.5)
(1.10266899375 0.2 -0.5)
(1.12790745516 0.2 -0.5)
(1.15397941371 0.2 -0.5)
(1.18091239553 0.2 -0.5)
(1.20873483582 0.2 -0.5)
(1.23747610884 0.2 -0.5)
(1.26716655892 0.2 -0.5)
(1.29783753252 0.2 -0.5)
(1.32952141132 0.2 -0.5)
(1.36225164637 0.2 -0.5)
(1.39606279349 0.2 -0.5)
(1.43099054964 0.2 -0.5)
(1.46707179072 0.2 -0.5)
(1.50434461042 0.2 -0.5)
(1.54284836047 0.2 -0.5)
(1.58262369222 0.2 -0.5)
(1.62371259949 0.2 -0.5)
(1.66615846294 0.2 -0.5)
(1.71000609591 0.2 -0.5)
(1.75530179164 0.2 -0.5)
(1.80209337225 0.2 -0.5)
(1.85043023915 0.2 -0.5)
(1.90036342523 0.2 -0.5)
(1.95194564874 0.2 -0.5)
(2.00523136894 0.2 -0.5)
(2.0602768436 0.2 -0.5)
(2.1171401884 0.2 -0.5)
(2.17588143829 0.2 -0.5)
(2.23656261085 0.2 -0.5)
(2.29924777179 0.2 -0.5)
(2.36400310258 0.2 -0.5)
(2.43089697035 0.2 -0.5)
(2.5 0.2 -0.5)
(0.608637878707 0.21 -0.5)
(0.617561022312 0.21 -0.5)
(0.626778851656 0.21 -0.5)
(0.636301098699 0.21 -0.5)
(0.646137816799 0.21 -0.5)
(0.656299391323 0.21 -0.5)
(0.666796550617 0.21 -0.5)
(0.677640377327 0.21 -0.5)
(0.688842320102 0.21 -0.5)
(0.700414205682 0.21 -0.5)
(0.712368251383 0.21 -0.5)
(0.724717077998 0.21 -0.5)
(0.737473723117 0.21 -0.5)
(0.750651654898 0.21 -0.5)
(0.764264786282 0.21 -0.5)
(0.778327489683 0.21 -0.5)
(0.792854612162 0.21 -0.5)
(0.807861491104 0.21 -0.5)
(0.823363970408 0.21 -0.5)
(0.839378417215 0.21 -0.5)
(0.85592173919 0.21 -0.5)
(0.873011402373 0.21 -0.5)
(0.890665449614 0.21 -0.5)
(0.90890251963 0.21 -0.5)
(0.927741866676 0.21 -0.5)
(0.94720338088 0.21 -0.5)
(0.967307609236 0.21 -0.5)
(0.988075777301 0.21 -0.5)
(1.0095298116 0.21 -0.5)
(1.03169236279 0.21 -0.5)
(1.05458682956 0.21 -0.5)
(1.07823738331 0.21 -0.5)
(1.10266899375 0.21 -0.5)
(1.12790745516 0.21 -0.5)
(1.15397941371 0.21 -0.5)
(1.18091239553 0.21 -0.5)
(1.20873483582 0.21 -0.5)
(1.23747610884 0.21 -0.5)
(1.26716655892 0.21 -0.5)
(1.29783753252 0.21 -0.5)
(1.32952141132 0.21 -0.5)
(1.36225164637 0.21 -0.5)
(1.39606279349 0.21 -0.5)
(1.43099054964 0.21 -0.5)
(1.46707179072 0.21 -0.5)
(1.50434461042 0.21 -0.5)
(1.54284836047 0.21 -0.5)
(1.58262369222 0.21 -0.5)
(1.62371259949 0.21 -0.5)
(1.66615846294 0.21 -0.5)
(1.71000609591 0.21 -0.5)
(1.75530179164 0.21 -0.5)
(1.80209337225 0.21 -0.5)
(1.85043023915 0.21 -0.5)
(1.90036342523 0.21 -0.5)
(1.95194564874 0.21 -0.5)
(2.00523136894 0.21 -0.5)
(2.0602768436 0.21 -0.5)
(2.1171401884 0.21 -0.5)
(2.17588143829 0.21 -0.5)
(2.23656261085 0.21 -0.5)
(2.29924777179 0.21 -0.5)
(2.36400310258 0.21 -0.5)
(2.43089697035 0.21 -0.5)
(2.5 0.21 -0.5)
(0.6 0.2 0.5)
(0.608637878707 0.2 0.5)
(0.617561022312 0.2 0.5)
(0.626778851656 0.2 0.5)
(0.636301098699 0.2 0.5)
(0.646137816799 0.2 0.5)
(0.656299391323 0.2 0.5)
(0.666796550617 0.2 0.5)
(0.677640377327 0.2 0.5)
(0.688842320102 0.2 0.5)
(0.700414205682 0.2 0.5)
(0.712368251383 0.2 0.5)
(0.724717077998 0.2 0.5)
(0.737473723117 0.2 0.5)
(0.750651654898 0.2 0.5)
(0.764264786282 0.2 0.5)
(0.778327489683 0.2 0.5)
(0.792854612162 0.2 0.5)
(0.807861491104 0.2 0.5)
(0.823363970408 0.2 0.5)
(0.839378417215 0.2 0.5)
(0.85592173919 0.2 0.5)
(0.873011402373 0.2 0.5)
(0.890665449614 0.2 0.5)
(0.90890251963 0.2 0.5)
(0.927741866676 0.2 0.5)
(0.94720338088 0.2 0.5)
(0.967307609236 0.2 0.5)
(0.988075777301 0.2 0.5)
(1.0095298116 0.2 0.5)
(1.03169236279 0.2 0.5)
(1.05458682956 0.2 0.5)
(1.07823738331 0.2 0.5)
(1.10266899375 0.2 0.5)
(1.12790745516 0.2 0.5)
(1.15397941371 0.2 0.5)
(1.18091239553 0.2 0.5)
(1.20873483582 0.2 0.5)
(1.23747610884 0.2 0.5)
(1.26716655892 0.2 0.5)
(1.29783753252 0.2 0.5)
(1.32952141132 0.2 0.5)
(1.36225164637 0.2 0.5)
(1.39606279349 0.2 0.5)
(1.43099054964 0.2 0.5)
(1.46707179072 0.2 0.5)
(1.50434461042 0.2 0.5)
(1.54284836047 0.2 0.5)
(1.58262369222 0.2 0.5)
(1.62371259949 0.2 0.5)
(1.66615846294 0.2 0.5)
(1.71000609591 0.2 0.5)
(1.75530179164 0.2 0.5)
(1.80209337225 0.2 0.5)
(1.85043023915 0.2 0.5)
(1.90036342523 0.2 0.5)
(1.95194564874 0.2 0.5)
(2.00523136894 0.2 0.5)
(2.0602768436 0.2 0.5)
(2.1171401884 0.2 0.5)
(2.17588143829 0.2 0.5)
(2.23656261085 0.2 0.5)
(2.29924777179 0.2 0.5)
(2.36400310258 0.2 0.5)
(2.43089697035 0.2 0.5)
(2.5 0.2 0.5)
(0.608637878707 0.21 0.5)
(0.617561022312 0.21 0.5)
(0.626778851656 0.21 0.5)
(0.636301098699 0.21 0.5)
(0.646137816799 0.21 0.5)
(0.656299391323 0.21 0.5)
(0.666796550617 0.21 0.5)
(0.677640377327 0.21 0.5)
(0.688842320102 0.21 0.5)
(0.700414205682 0.21 0.5)
(0.712368251383 0.21 0.5)
(0.724717077998 0.21 0.5)
(0.737473723117 0.21 0.5)
(0.750651654898 0.21 0.5)
(0.764264786282 0.21 0.5)
(0.778327489683 0.21 0.5)
(0.792854612162 0.21 0.5)
(0.807861491104 0.21 0.5)
(0.823363970408 0.21 0.5)
(0.839378417215 0.21 0.5)
(0.85592173919 0.21 0.5)
(0.873011402373 0.21 0.5)
(0.890665449614 0.21 0.5)
(0.90890251963 0.21 0.5)
(0.927741866676 0.21 0.5)
(0.94720338088 0.21 0.5)
(0.967307609236 0.21 0.5)
(0.988075777301 0.21 0.5)
(1.0095298116 0.21 0.5)
(1.03169236279 0.21 0.5)
(1.05458682956 0.21 0.5)
(1.07823738331 0.21 0.5)
(1.10266899375 0.21 0.5)
(1.12790745516 0.21 0.5)
(1.15397941371 0.21 0.5)
(1.18091239553 0.21 0.5)
(1.20873483582 0.21 0.5)
(1.23747610884 0.21 0.5)
(1.26716655892 0.21 0.5)
(1.29783753252 0.21 0.5)
(1.32952141132 0.21 0.5)
(1.36225164637 0.21 0.5)
(1.39606279349 0.21 0.5)
(1.43099054964 0.21 0.5)
(1.46707179072 0.21 0.5)
(1.50434461042 0.21 0.5)
(1.54284836047 0.21 0.5)
(1.58262369222 0.21 0.5)
(1.62371259949 0.21 0.5)
(1.66615846294 0.21 0.5)
(1.71000609591 0.21 0.5)
(1.75530179164 0.21 0.5)
(1.80209337225 0.21 0.5)
(1.85043023915 0.21 0.5)
(1.90036342523 0.21 0.5)
(1.95194564874 0.21 0.5)
(2.00523136894 0.21 0.5)
(2.0602768436 0.21 0.5)
(2.1171401884 0.21 0.5)
(2.17588143829 0.21 0.5)
(2.23656261085 0.21 0.5)
(2.29924777179 0.21 0.5)
(2.36400310258 0.21 0.5)
(2.43089697035 0.21 0.5)
(2.5 0.21 0.5)
(0.608637878707 0.217830444444 -0.5)
(0.617561022312 0.217830444444 -0.5)
(0.626778851656 0.217830444444 -0.5)
(0.636301098699 0.217830444444 -0.5)
(0.646137816799 0.217830444444 -0.5)
(0.656299391323 0.217830444444 -0.5)
(0.666796550617 0.217830444444 -0.5)
(0.677640377327 0.217830444444 -0.5)
(0.688842320102 0.217830444444 -0.5)
(0.700414205682 0.217830444444 -0.5)
(0.712368251383 0.217830444444 -0.5)
(0.724717077998 0.217830444444 -0.5)
(0.737473723117 0.217830444444 -0.5)
(0.750651654898 0.217830444444 -0.5)
(0.764264786282 0.217830444444 -0.5)
(0.778327489683 0.217830444444 -0.5)
(0.792854612162 0.217830444444 -0.5)
(0.807861491104 0.217830444444 -0.5)
(0.823363970408 0.217830444444 -0.5)
(0.839378417215 0.217830444444 -0.5)
(0.85592173919 0.217830444444 -0.5)
(0.873011402373 0.217830444444 -0.5)
(0.890665449614 0.217830444444 -0.5)
(0.90890251963 0.217830444444 -0.5)
(0.927741866676 0.217830444444 -0.5)
(0.94720338088 0.217830444444 -0.5)
(0.967307609236 0.217830444444 -0.5)
(0.988075777301 0.217830444444 -0.5)
(1.0095298116 0.217830444444 -0.5)
(1.03169236279 0.217830444444 -0.5)
(1.05458682956 0.217830444444 -0.5)
(1.07823738331 0.217830444444 -0.5)
(1.10266899375 0.217830444444 -0.5)
(1.12790745516 0.217830444444 -0.5)
(1.15397941371 0.217830444444 -0.5)
(1.18091239553 0.217830444444 -0.5)
(1.20873483582 0.217830444444 -0.5)
(1.23747610884 0.217830444444 -0.5)
(1.26716655892 0.217830444444 -0.5)
(1.29783753252 0.217830444444 -0.5)
(1.32952141132 0.217830444444 -0.5)
(1.36225164637 0.217830444444 -0.5)
(1.39606279349 0.217830444444 -0.5)
(1.43099054964 0.217830444444 -0.5)
(1.46707179072 0.217830444444 -0.5)
(1.50434461042 0.217830444444 -0.5)
(1.54284836047 0.217830444444 -0.5)
(1.58262369222 0.217830444444 -0.5)
(1.62371259949 0.217830444444 -0.5)
(1.66615846294 0.217830444444 -0.5)
(1.71000609591 0.217830444444 -0.5)
(1.75530179164 0.217830444444 -0.5)
(1.80209337225 0.217830444444 -0.5)
(1.85043023915 0.217830444444 -0.5)
(1.90036342523 0.217830444444 -0.5)
(1.95194564874 0.217830444444 -0.5)
(2.00523136894 0.217830444444 -0.5)
(2.0602768436 0.217830444444 -0.5)
(2.1171401884 0.217830444444 -0.5)
(2.17588143829 0.217830444444 -0.5)
(2.23656261085 0.217830444444 -0.5)
(2.29924777179 0.217830444444 -0.5)
(2.36400310258 0.217830444444 -0.5)
(2.43089697035 0.217830444444 -0.5)
(2.5 0.217830444444 -0.5)
(0.608637878707 0.225660888889 -0.5)
(0.617561022312 0.225660888889 -0.5)
(0.626778851656 0.225660888889 -0.5)
(0.636301098699 0.225660888889 -0.5)
(0.646137816799 0.225660888889 -0.5)
(0.656299391323 0.225660888889 -0.5)
(0.666796550617 0.225660888889 -0.5)
(0.677640377327 0.225660888889 -0.5)
(0.688842320102 0.225660888889 -0.5)
(0.700414205682 0.225660888889 -0.5)
(0.712368251383 0.225660888889 -0.5)
(0.724717077998 0.225660888889 -0.5)
(0.737473723117 0.225660888889 -0.5)
(0.750651654898 0.225660888889 -0.5)
(0.764264786282 0.225660888889 -0.5)
(0.778327489683 0.225660888889 -0.5)
(0.792854612162 0.225660888889 -0.5)
(0.807861491104 0.225660888889 -0.5)
(0.823363970408 0.225660888889 -0.5)
(0.839378417215 0.225660888889 -0.5)
(0.85592173919 0.225660888889 -0.5)
(0.873011402373 0.225660888889 -0.5)
(0.890665449614 0.225660888889 -0.5)
(0.90890251963 0.225660888889 -0.5)
(0.927741866676 0.225660888889 -0.5)
(0.94720338088 0.225660888889 -0.5)
(0.967307609236 0.225660888889 -0.5)
(0.988075777301 0.225660888889 -0.5)
(1.0095298116 0.225660888889 -0.5)
(1.03169236279 0.225660888889 -0.5)
(1.05458682956 0.225660888889 -0.5)
(1.07823738331 0.225660888889 -0.5)
(1.10266899375 0.225660888889 -0.5)
(1.12790745516 0.225660888889 -0.5)
(1.15397941371 0.225660888889 -0.5)
(1.18091239553 0.225660888889 -0.5)
(1.20873483582 0.225660888889 -0.5)
(1.23747610884 0.225660888889 -0.5)
(1.26716655892 0.225660888889 -0.5)
(1.29783753252 0.225660888889 -0.5)
(1.32952141132 0.225660888889 -0.5)
(1.36225164637 0.225660888889 -0.5)
(1.39606279349 0.225660888889 -0.5)
(1.43099054964 0.225660888889 -0.5)
(1.46707179072 0.225660888889 -0.5)
(1.50434461042 0.225660888889 -0.5)
(1.54284836047 0.225660888889 -0.5)
(1.58262369222 0.225660888889 -0.5)
(1.62371259949 0.225660888889 -0.5)
(1.66615846294 0.225660888889 -0.5)
(1.71000609591 0.225660888889 -0.5)
(1.75530179164 0.225660888889 -0.5)
(1.80209337225 0.225660888889 -0.5)
(1.85043023915 0.225660888889 -0.5)
(1.90036342523 0.225660888889 -0.5)
(1.95194564874 0.225660888889 -0.5)
(2.00523136894 0.225660888889 -0.5)
(2.0602768436 0.225660888889 -0.5)
(2.1171401884 0.225660888889 -0.5)
(2.17588143829 0.225660888889 -0.5)
(2.23656261085 0.225660888889 -0.5)
(2.29924777179 0.225660888889 -0.5)
(2.36400310258 0.225660888889 -0.5)
(2.43089697035 0.225660888889 -0.5)
(2.5 0.225660888889 -0.5)
(0.608637878707 0.233491333333 -0.5)
(0.617561022312 0.233491333333 -0.5)
(0.626778851656 0.233491333333 -0.5)
(0.636301098699 0.233491333333 -0.5)
(0.646137816799 0.233491333333 -0.5)
(0.656299391323 0.233491333333 -0.5)
(0.666796550617 0.233491333333 -0.5)
(0.677640377327 0.233491333333 -0.5)
(0.688842320102 0.233491333333 -0.5)
(0.700414205682 0.233491333333 -0.5)
(0.712368251383 0.233491333333 -0.5)
(0.724717077998 0.233491333333 -0.5)
(0.737473723117 0.233491333333 -0.5)
(0.750651654898 0.233491333333 -0.5)
(0.764264786282 0.233491333333 -0.5)
(0.778327489683 0.233491333333 -0.5)
(0.792854612162 0.233491333333 -0.5)
(0.807861491104 0.233491333333 -0.5)
(0.823363970408 0.233491333333 -0.5)
(0.839378417215 0.233491333333 -0.5)
(0.85592173919 0.233491333333 -0.5)
(0.873011402373 0.233491333333 -0.5)
(0.890665449614 0.233491333333 -0.5)
(0.90890251963 0.233491333333 -0.5)
(0.927741866676 0.233491333333 -0.5)
(0.94720338088 0.233491333333 -0.5)
(0.967307609236 0.233491333333 -0.5)
(0.988075777301 0.233491333333 -0.5)
(1.0095298116 0.233491333333 -0.5)
(1.03169236279 0.233491333333 -0.5)
(1.05458682956 0.233491333333 -0.5)
(1.07823738331 0.233491333333 -0.5)
(1.10266899375 0.233491333333 -0.5)
(1.12790745516 0.233491333333 -0.5)
(1.15397941371 0.233491333333 -0.5)
(1.18091239553 0.233491333333 -0.5)
(1.20873483582 0.233491333333 -0.5)
(1.23747610884 0.233491333333 -0.5)
(1.26716655892 0.233491333333 -0.5)
(1.29783753252 0.233491333333 -0.5)
(1.32952141132 0.233491333333 -0.5)
(1.36225164637 0.233491333333 -0.5)
(1.39606279349 0.233491333333 -0.5)
(1.43099054964 0.233491333333 -0.5)
(1.46707179072 0.233491333333 -0.5)
(1.50434461042 0.233491333333 -0.5)
(1.54284836047 0.233491333333 -0.5)
(1.58262369222 0.233491333333 -0.5)
(1.62371259949 0.233491333333 -0.5)
(1.66615846294 0.233491333333 -0.5)
(1.71000609591 0.233491333333 -0.5)
(1.75530179164 0.233491333333 -0.5)
(1.80209337225 0.233491333333 -0.5)
(1.85043023915 0.233491333333 -0.5)
(1.90036342523 0.233491333333 -0.5)
(1.95194564874 0.233491333333 -0.5)
(2.00523136894 0.233491333333 -0.5)
(2.0602768436 0.233491333333 -0.5)
(2.1171401884 0.233491333333 -0.5)
(2.17588143829 0.233491333333 -0.5)
(2.23656261085 0.233491333333 -0.5)
(2.29924777179 0.233491333333 -0.5)
(2.36400310258 0.233491333333 -0.5)
(2.43089697035 0.233491333333 -0.5)
(2.5 0.233491333333 -0.5)
(0.608637878707 0.241321777778 -0.5)
(0.617561022312 0.241321777778 -0.5)
(0.626778851656 0.241321777778 -0.5)
(0.636301098699 0.241321777778 -0.5)
(0.646137816799 0.241321777778 -0.5)
(0.656299391323 0.241321777778 -0.5)
(0.666796550617 0.241321777778 -0.5)
(0.677640377327 0.241321777778 -0.5)
(0.688842320102 0.241321777778 -0.5)
(0.700414205682 0.241321777778 -0.5)
(0.712368251383 0.241321777778 -0.5)
(0.724717077998 0.241321777778 -0.5)
(0.737473723117 0.241321777778 -0.5)
(0.750651654898 0.241321777778 -0.5)
(0.764264786282 0.241321777778 -0.5)
(0.778327489683 0.241321777778 -0.5)
(0.792854612162 0.241321777778 -0.5)
(0.807861491104 0.241321777778 -0.5)
(0.823363970408 0.241321777778 -0.5)
(0.839378417215 0.241321777778 -0.5)
(0.85592173919 0.241321777778 -0.5)
(0.873011402373 0.241321777778 -0.5)
(0.890665449614 0.241321777778 -0.5)
(0.90890251963 0.241321777778 -0.5)
(0.927741866676 0.241321777778 -0.5)
(0.94720338088 0.241321777778 -0.5)
(0.967307609236 0.241321777778 -0.5)
(0.988075777301 0.241321777778 -0.5)
(1.0095298116 0.241321777778 -0.5)
(1.03169236279 0.241321777778 -0.5)
(1.05458682956 0.241321777778 -0.5)
(1.07823738331 0.241321777778 -0.5)
(1.10266899375 0.241321777778 -0.5)
(1.12790745516 0.241321777778 -0.5)
(1.15397941371 0.241321777778 -0.5)
(1.18091239553 0.241321777778 -0.5)
(1.20873483582 0.241321777778 -0.5)
(1.23747610884 0.241321777778 -0.5)
(1.26716655892 0.241321777778 -0.5)
(1.29783753252 0.241321777778 -0.5)
(1.32952141132 0.241321777778 -0.5)
(1.36225164637 0.241321777778 -0.5)
(1.39606279349 0.241321777778 -0.5)
(1.43099054964 0.241321777778 -0.5)
(1.46707179072 0.241321777778 -0.5)
(1.50434461042 0.241321777778 -0.5)
(1.54284836047 0.241321777778 -0.5)
(1.58262369222 0.241321777778 -0.5)
(1.62371259949 0.241321777778 -0.5)
(1.66615846294 0.241321777778 -0.5)
(1.71000609591 0.241321777778 -0.5)
(1.75530179164 0.241321777778 -0.5)
(1.80209337225 0.241321777778 -0.5)
(1.85043023915 0.241321777778 -0.5)
(1.90036342523 0.241321777778 -0.5)
(1.95194564874 0.241321777778 -0.5)
(2.00523136894 0.241321777778 -0.5)
(2.0602768436 0.241321777778 -0.5)
(2.1171401884 0.241321777778 -0.5)
(2.17588143829 0.241321777778 -0.5)
(2.23656261085 0.241321777778 -0.5)
(2.29924777179 0.241321777778 -0.5)
(2.36400310258 0.241321777778 -0.5)
(2.43089697035 0.241321777778 -0.5)
(2.5 0.241321777778 -0.5)
(0.608637878707 0.249152222222 -0.5)
(0.617561022312 0.249152222222 -0.5)
(0.626778851656 0.249152222222 -0.5)
(0.636301098699 0.249152222222 -0.5)
(0.646137816799 0.249152222222 -0.5)
(0.656299391323 0.249152222222 -0.5)
(0.666796550617 0.249152222222 -0.5)
(0.677640377327 0.249152222222 -0.5)
(0.688842320102 0.249152222222 -0.5)
(0.700414205682 0.249152222222 -0.5)
(0.712368251383 0.249152222222 -0.5)
(0.724717077998 0.249152222222 -0.5)
(0.737473723117 0.249152222222 -0.5)
(0.750651654898 0.249152222222 -0.5)
(0.764264786282 0.249152222222 -0.5)
(0.778327489683 0.249152222222 -0.5)
(0.792854612162 0.249152222222 -0.5)
(0.807861491104 0.249152222222 -0.5)
(0.823363970408 0.249152222222 -0.5)
(0.839378417215 0.249152222222 -0.5)
(0.85592173919 0.249152222222 -0.5)
(0.873011402373 0.249152222222 -0.5)
(0.890665449614 0.249152222222 -0.5)
(0.90890251963 0.249152222222 -0.5)
(0.927741866676 0.249152222222 -0.5)
(0.94720338088 0.249152222222 -0.5)
(0.967307609236 0.249152222222 -0.5)
(0.988075777301 0.249152222222 -0.5)
(1.0095298116 0.249152222222 -0.5)
(1.03169236279 0.249152222222 -0.5)
(1.05458682956 0.249152222222 -0.5)
(1.07823738331 0.249152222222 -0.5)
(1.10266899375 0.249152222222 -0.5)
(1.12790745516 0.249152222222 -0.5)
(1.15397941371 0.249152222222 -0.5)
(1.18091239553 0.249152222222 -0.5)
(1.20873483582 0.249152222222 -0.5)
(1.23747610884 0.249152222222 -0.5)
(1.26716655892 0.249152222222 -0.5)
(1.29783753252 0.249152222222 -0.5)
(1.32952141132 0.249152222222 -0.5)
(1.36225164637 0.249152222222 -0.5)
(1.39606279349 0.249152222222 -0.5)
(1.43099054964 0.249152222222 -0.5)
(1.46707179072 0.249152222222 -0.5)
(1.50434461042 0.249152222222 -0.5)
(1.54284836047 0.249152222222 -0.5)
(1.58262369222 0.249152222222 -0.5)
(1.62371259949 0.249152222222 -0.5)
(1.66615846294 0.249152222222 -0.5)
(1.71000609591 0.249152222222 -0.5)
(1.75530179164 0.249152222222 -0.5)
(1.80209337225 0.249152222222 -0.5)
(1.85043023915 0.249152222222 -0.5)
(1.90036342523 0.249152222222 -0.5)
(1.95194564874 0.249152222222 -0.5)
(2.00523136894 0.249152222222 -0.5)
(2.0602768436 0.249152222222 -0.5)
(2.1171401884 0.249152222222 -0.5)
(2.17588143829 0.249152222222 -0.5)
(2.23656261085 0.249152222222 -0.5)
(2.29924777179 0.249152222222 -0.5)
(2.36400310258 0.249152222222 -0.5)
(2.43089697035 0.249152222222 -0.5)
(2.5 0.249152222222 -0.5)
(0.608637878707 0.256982666667 -0.5)
(0.617561022312 0.256982666667 -0.5)
(0.626778851656 0.256982666667 -0.5)
(0.636301098699 0.256982666667 -0.5)
(0.646137816799 0.256982666667 -0.5)
(0.656299391323 0.256982666667 -0.5)
(0.666796550617 0.256982666667 -0.5)
(0.677640377327 0.256982666667 -0.5)
(0.688842320102 0.256982666667 -0.5)
(0.700414205682 0.256982666667 -0.5)
(0.712368251383 0.256982666667 -0.5)
(0.724717077998 0.256982666667 -0.5)
(0.737473723117 0.256982666667 -0.5)
(0.750651654898 0.256982666667 -0.5)
(0.764264786282 0.256982666667 -0.5)
(0.778327489683 0.256982666667 -0.5)
(0.792854612162 0.256982666667 -0.5)
(0.807861491104 0.256982666667 -0.5)
(0.823363970408 0.256982666667 -0.5)
(0.839378417215 0.256982666667 -0.5)
(0.85592173919 0.256982666667 -0.5)
(0.873011402373 0.256982666667 -0.5)
(0.890665449614 0.256982666667 -0.5)
(0.90890251963 0.256982666667 -0.5)
(0.927741866676 0.256982666667 -0.5)
(0.94720338088 0.256982666667 -0.5)
(0.967307609236 0.256982666667 -0.5)
(0.988075777301 0.256982666667 -0.5)
(1.0095298116 0.256982666667 -0.5)
(1.03169236279 0.256982666667 -0.5)
(1.05458682956 0.256982666667 -0.5)
(1.07823738331 0.256982666667 -0.5)
(1.10266899375 0.256982666667 -0.5)
(1.12790745516 0.256982666667 -0.5)
(1.15397941371 0.256982666667 -0.5)
(1.18091239553 0.256982666667 -0.5)
(1.20873483582 0.256982666667 -0.5)
(1.23747610884 0.256982666667 -0.5)
(1.26716655892 0.256982666667 -0.5)
(1.29783753252 0.256982666667 -0.5)
(1.32952141132 0.256982666667 -0.5)
(1.36225164637 0.256982666667 -0.5)
(1.39606279349 0.256982666667 -0.5)
(1.43099054964 0.256982666667 -0.5)
(1.46707179072 0.256982666667 -0.5)
(1.50434461042 0.256982666667 -0.5)
(1.54284836047 0.256982666667 -0.5)
(1.58262369222 0.256982666667 -0.5)
(1.62371259949 0.256982666667 -0.5)
(1.66615846294 0.256982666667 -0.5)
(1.71000609591 0.256982666667 -0.5)
(1.75530179164 0.256982666667 -0.5)
(1.80209337225 0.256982666667 -0.5)
(1.85043023915 0.256982666667 -0.5)
(1.90036342523 0.256982666667 -0.5)
(1.95194564874 0.256982666667 -0.5)
(2.00523136894 0.256982666667 -0.5)
(2.0602768436 0.256982666667 -0.5)
(2.1171401884 0.256982666667 -0.5)
(2.17588143829 0.256982666667 -0.5)
(2.23656261085 0.256982666667 -0.5)
(2.29924777179 0.256982666667 -0.5)
(2.36400310258 0.256982666667 -0.5)
(2.43089697035 0.256982666667 -0.5)
(2.5 0.256982666667 -0.5)
(0.608637878707 0.264813111111 -0.5)
(0.617561022312 0.264813111111 -0.5)
(0.626778851656 0.264813111111 -0.5)
(0.636301098699 0.264813111111 -0.5)
(0.646137816799 0.264813111111 -0.5)
(0.656299391323 0.264813111111 -0.5)
(0.666796550617 0.264813111111 -0.5)
(0.677640377327 0.264813111111 -0.5)
(0.688842320102 0.264813111111 -0.5)
(0.700414205682 0.264813111111 -0.5)
(0.712368251383 0.264813111111 -0.5)
(0.724717077998 0.264813111111 -0.5)
(0.737473723117 0.264813111111 -0.5)
(0.750651654898 0.264813111111 -0.5)
(0.764264786282 0.264813111111 -0.5)
(0.778327489683 0.264813111111 -0.5)
(0.792854612162 0.264813111111 -0.5)
(0.807861491104 0.264813111111 -0.5)
(0.823363970408 0.264813111111 -0.5)
(0.839378417215 0.264813111111 -0.5)
(0.85592173919 0.264813111111 -0.5)
(0.873011402373 0.264813111111 -0.5)
(0.890665449614 0.264813111111 -0.5)
(0.90890251963 0.264813111111 -0.5)
(0.927741866676 0.264813111111 -0.5)
(0.94720338088 0.264813111111 -0.5)
(0.967307609236 0.264813111111 -0.5)
(0.988075777301 0.264813111111 -0.5)
(1.0095298116 0.264813111111 -0.5)
(1.03169236279 0.264813111111 -0.5)
(1.05458682956 0.264813111111 -0.5)
(1.07823738331 0.264813111111 -0.5)
(1.10266899375 0.264813111111 -0.5)
(1.12790745516 0.264813111111 -0.5)
(1.15397941371 0.264813111111 -0.5)
(1.18091239553 0.264813111111 -0.5)
(1.20873483582 0.264813111111 -0.5)
(1.23747610884 0.264813111111 -0.5)
(1.26716655892 0.264813111111 -0.5)
(1.29783753252 0.264813111111 -0.5)
(1.32952141132 0.264813111111 -0.5)
(1.36225164637 0.264813111111 -0.5)
(1.39606279349 0.264813111111 -0.5)
(1.43099054964 0.264813111111 -0.5)
(1.46707179072 0.264813111111 -0.5)
(1.50434461042 0.264813111111 -0.5)
(1.54284836047 0.264813111111 -0.5)
(1.58262369222 0.264813111111 -0.5)
(1.62371259949 0.264813111111 -0.5)
(1.66615846294 0.264813111111 -0.5)
(1.71000609591 0.264813111111 -0.5)
(1.75530179164 0.264813111111 -0.5)
(1.80209337225 0.264813111111 -0.5)
(1.85043023915 0.264813111111 -0.5)
(1.90036342523 0.264813111111 -0.5)
(1.95194564874 0.264813111111 -0.5)
(2.00523136894 0.264813111111 -0.5)
(2.0602768436 0.264813111111 -0.5)
(2.1171401884 0.264813111111 -0.5)
(2.17588143829 0.264813111111 -0.5)
(2.23656261085 0.264813111111 -0.5)
(2.29924777179 0.264813111111 -0.5)
(2.36400310258 0.264813111111 -0.5)
(2.43089697035 0.264813111111 -0.5)
(2.5 0.264813111111 -0.5)
(0.608637878707 0.272643555556 -0.5)
(0.617561022312 0.272643555556 -0.5)
(0.626778851656 0.272643555556 -0.5)
(0.636301098699 0.272643555556 -0.5)
(0.646137816799 0.272643555556 -0.5)
(0.656299391323 0.272643555556 -0.5)
(0.666796550617 0.272643555556 -0.5)
(0.677640377327 0.272643555556 -0.5)
(0.688842320102 0.272643555556 -0.5)
(0.700414205682 0.272643555556 -0.5)
(0.712368251383 0.272643555556 -0.5)
(0.724717077998 0.272643555556 -0.5)
(0.737473723117 0.272643555556 -0.5)
(0.750651654898 0.272643555556 -0.5)
(0.764264786282 0.272643555556 -0.5)
(0.778327489683 0.272643555556 -0.5)
(0.792854612162 0.272643555556 -0.5)
(0.807861491104 0.272643555556 -0.5)
(0.823363970408 0.272643555556 -0.5)
(0.839378417215 0.272643555556 -0.5)
(0.85592173919 0.272643555556 -0.5)
(0.873011402373 0.272643555556 -0.5)
(0.890665449614 0.272643555556 -0.5)
(0.90890251963 0.272643555556 -0.5)
(0.927741866676 0.272643555556 -0.5)
(0.94720338088 0.272643555556 -0.5)
(0.967307609236 0.272643555556 -0.5)
(0.988075777301 0.272643555556 -0.5)
(1.0095298116 0.272643555556 -0.5)
(1.03169236279 0.272643555556 -0.5)
(1.05458682956 0.272643555556 -0.5)
(1.07823738331 0.272643555556 -0.5)
(1.10266899375 0.272643555556 -0.5)
(1.12790745516 0.272643555556 -0.5)
(1.15397941371 0.272643555556 -0.5)
(1.18091239553 0.272643555556 -0.5)
(1.20873483582 0.272643555556 -0.5)
(1.23747610884 0.272643555556 -0.5)
(1.26716655892 0.272643555556 -0.5)
(1.29783753252 0.272643555556 -0.5)
(1.32952141132 0.272643555556 -0.5)
(1.36225164637 0.272643555556 -0.5)
(1.39606279349 0.272643555556 -0.5)
(1.43099054964 0.272643555556 -0.5)
(1.46707179072 0.272643555556 -0.5)
(1.50434461042 0.272643555556 -0.5)
(1.54284836047 0.272643555556 -0.5)
(1.58262369222 0.272643555556 -0.5)
(1.62371259949 0.272643555556 -0.5)
(1.66615846294 0.272643555556 -0.5)
(1.71000609591 0.272643555556 -0.5)
(1.75530179164 0.272643555556 -0.5)
(1.80209337225 0.272643555556 -0.5)
(1.85043023915 0.272643555556 -0.5)
(1.90036342523 0.272643555556 -0.5)
(1.95194564874 0.272643555556 -0.5)
(2.00523136894 0.272643555556 -0.5)
(2.0602768436 0.272643555556 -0.5)
(2.1171401884 0.272643555556 -0.5)
(2.17588143829 0.272643555556 -0.5)
(2.23656261085 0.272643555556 -0.5)
(2.29924777179 0.272643555556 -0.5)
(2.36400310258 0.272643555556 -0.5)
(2.43089697035 0.272643555556 -0.5)
(2.5 0.272643555556 -0.5)
(0.608637878707 0.280474 -0.5)
(0.617561022312 0.280474 -0.5)
(0.626778851656 0.280474 -0.5)
(0.636301098699 0.280474 -0.5)
(0.646137816799 0.280474 -0.5)
(0.656299391323 0.280474 -0.5)
(0.666796550617 0.280474 -0.5)
(0.677640377327 0.280474 -0.5)
(0.688842320102 0.280474 -0.5)
(0.700414205682 0.280474 -0.5)
(0.712368251383 0.280474 -0.5)
(0.724717077998 0.280474 -0.5)
(0.737473723117 0.280474 -0.5)
(0.750651654898 0.280474 -0.5)
(0.764264786282 0.280474 -0.5)
(0.778327489683 0.280474 -0.5)
(0.792854612162 0.280474 -0.5)
(0.807861491104 0.280474 -0.5)
(0.823363970408 0.280474 -0.5)
(0.839378417215 0.280474 -0.5)
(0.85592173919 0.280474 -0.5)
(0.873011402373 0.280474 -0.5)
(0.890665449614 0.280474 -0.5)
(0.90890251963 0.280474 -0.5)
(0.927741866676 0.280474 -0.5)
(0.94720338088 0.280474 -0.5)
(0.967307609236 0.280474 -0.5)
(0.988075777301 0.280474 -0.5)
(1.0095298116 0.280474 -0.5)
(1.03169236279 0.280474 -0.5)
(1.05458682956 0.280474 -0.5)
(1.07823738331 0.280474 -0.5)
(1.10266899375 0.280474 -0.5)
(1.12790745516 0.280474 -0.5)
(1.15397941371 0.280474 -0.5)
(1.18091239553 0.280474 -0.5)
(1.20873483582 0.280474 -0.5)
(1.23747610884 0.280474 -0.5)
(1.26716655892 0.280474 -0.5)
(1.29783753252 0.280474 -0.5)
(1.32952141132 0.280474 -0.5)
(1.36225164637 0.280474 -0.5)
(1.39606279349 0.280474 -0.5)
(1.43099054964 0.280474 -0.5)
(1.46707179072 0.280474 -0.5)
(1.50434461042 0.280474 -0.5)
(1.54284836047 0.280474 -0.5)
(1.58262369222 0.280474 -0.5)
(1.62371259949 0.280474 -0.5)
(1.66615846294 0.280474 -0.5)
(1.71000609591 0.280474 -0.5)
(1.75530179164 0.280474 -0.5)
(1.80209337225 0.280474 -0.5)
(1.85043023915 0.280474 -0.5)
(1.90036342523 0.280474 -0.5)
(1.95194564874 0.280474 -0.5)
(2.00523136894 0.280474 -0.5)
(2.0602768436 0.280474 -0.5)
(2.1171401884 0.280474 -0.5)
(2.17588143829 0.280474 -0.5)
(2.23656261085 0.280474 -0.5)
(2.29924777179 0.280474 -0.5)
(2.36400310258 0.280474 -0.5)
(2.43089697035 0.280474 -0.5)
(2.5 0.280474 -0.5)
(0.608637878707 0.217830444444 0.5)
(0.617561022312 0.217830444444 0.5)
(0.626778851656 0.217830444444 0.5)
(0.636301098699 0.217830444444 0.5)
(0.646137816799 0.217830444444 0.5)
(0.656299391323 0.217830444444 0.5)
(0.666796550617 0.217830444444 0.5)
(0.677640377327 0.217830444444 0.5)
(0.688842320102 0.217830444444 0.5)
(0.700414205682 0.217830444444 0.5)
(0.712368251383 0.217830444444 0.5)
(0.724717077998 0.217830444444 0.5)
(0.737473723117 0.217830444444 0.5)
(0.750651654898 0.217830444444 0.5)
(0.764264786282 0.217830444444 0.5)
(0.778327489683 0.217830444444 0.5)
(0.792854612162 0.217830444444 0.5)
(0.807861491104 0.217830444444 0.5)
(0.823363970408 0.217830444444 0.5)
(0.839378417215 0.217830444444 0.5)
(0.85592173919 0.217830444444 0.5)
(0.873011402373 0.217830444444 0.5)
(0.890665449614 0.217830444444 0.5)
(0.90890251963 0.217830444444 0.5)
(0.927741866676 0.217830444444 0.5)
(0.94720338088 0.217830444444 0.5)
(0.967307609236 0.217830444444 0.5)
(0.988075777301 0.217830444444 0.5)
(1.0095298116 0.217830444444 0.5)
(1.03169236279 0.217830444444 0.5)
(1.05458682956 0.217830444444 0.5)
(1.07823738331 0.217830444444 0.5)
(1.10266899375 0.217830444444 0.5)
(1.12790745516 0.217830444444 0.5)
(1.15397941371 0.217830444444 0.5)
(1.18091239553 0.217830444444 0.5)
(1.20873483582 0.217830444444 0.5)
(1.23747610884 0.217830444444 0.5)
(1.26716655892 0.217830444444 0.5)
(1.29783753252 0.217830444444 0.5)
(1.32952141132 0.217830444444 0.5)
(1.36225164637 0.217830444444 0.5)
(1.39606279349 0.217830444444 0.5)
(1.43099054964 0.217830444444 0.5)
(1.46707179072 0.217830444444 0.5)
(1.50434461042 0.217830444444 0.5)
(1.54284836047 0.217830444444 0.5)
(1.58262369222 0.217830444444 0.5)
(1.62371259949 0.217830444444 0.5)
(1.66615846294 0.217830444444 0.5)
(1.71000609591 0.217830444444 0.5)
(1.75530179164 0.217830444444 0.5)
(1.80209337225 0.217830444444 0.5)
(1.85043023915 0.217830444444 0.5)
(1.90036342523 0.217830444444 0.5)
(1.95194564874 0.217830444444 0.5)
(2.00523136894 0.217830444444 0.5)
(2.0602768436 0.217830444444 0.5)
(2.1171401884 0.217830444444 0.5)
(2.17588143829 0.217830444444 0.5)
(2.23656261085 0.217830444444 0.5)
(2.29924777179 0.217830444444 0.5)
(2.36400310258 0.217830444444 0.5)
(2.43089697035 0.217830444444 0.5)
(2.5 0.217830444444 0.5)
(0.608637878707 0.225660888889 0.5)
(0.617561022312 0.225660888889 0.5)
(0.626778851656 0.225660888889 0.5)
(0.636301098699 0.225660888889 0.5)
(0.646137816799 0.225660888889 0.5)
(0.656299391323 0.225660888889 0.5)
(0.666796550617 0.225660888889 0.5)
(0.677640377327 0.225660888889 0.5)
(0.688842320102 0.225660888889 0.5)
(0.700414205682 0.225660888889 0.5)
(0.712368251383 0.225660888889 0.5)
(0.724717077998 0.225660888889 0.5)
(0.737473723117 0.225660888889 0.5)
(0.750651654898 0.225660888889 0.5)
(0.764264786282 0.225660888889 0.5)
(0.778327489683 0.225660888889 0.5)
(0.792854612162 0.225660888889 0.5)
(0.807861491104 0.225660888889 0.5)
(0.823363970408 0.225660888889 0.5)
(0.839378417215 0.225660888889 0.5)
(0.85592173919 0.225660888889 0.5)
(0.873011402373 0.225660888889 0.5)
(0.890665449614 0.225660888889 0.5)
(0.90890251963 0.225660888889 0.5)
(0.927741866676 0.225660888889 0.5)
(0.94720338088 0.225660888889 0.5)
(0.967307609236 0.225660888889 0.5)
(0.988075777301 0.225660888889 0.5)
(1.0095298116 0.225660888889 0.5)
(1.03169236279 0.225660888889 0.5)
(1.05458682956 0.225660888889 0.5)
(1.07823738331 0.225660888889 0.5)
(1.10266899375 0.225660888889 0.5)
(1.12790745516 0.225660888889 0.5)
(1.15397941371 0.225660888889 0.5)
(1.18091239553 0.225660888889 0.5)
(1.20873483582 0.225660888889 0.5)
(1.23747610884 0.225660888889 0.5)
(1.26716655892 0.225660888889 0.5)
(1.29783753252 0.225660888889 0.5)
(1.32952141132 0.225660888889 0.5)
(1.36225164637 0.225660888889 0.5)
(1.39606279349 0.225660888889 0.5)
(1.43099054964 0.225660888889 0.5)
(1.46707179072 0.225660888889 0.5)
(1.50434461042 0.225660888889 0.5)
(1.54284836047 0.225660888889 0.5)
(1.58262369222 0.225660888889 0.5)
(1.62371259949 0.225660888889 0.5)
(1.66615846294 0.225660888889 0.5)
(1.71000609591 0.225660888889 0.5)
(1.75530179164 0.225660888889 0.5)
(1.80209337225 0.225660888889 0.5)
(1.85043023915 0.225660888889 0.5)
(1.90036342523 0.225660888889 0.5)
(1.95194564874 0.225660888889 0.5)
(2.00523136894 0.225660888889 0.5)
(2.0602768436 0.225660888889 0.5)
(2.1171401884 0.225660888889 0.5)
(2.17588143829 0.225660888889 0.5)
(2.23656261085 0.225660888889 0.5)
(2.29924777179 0.225660888889 0.5)
(2.36400310258 0.225660888889 0.5)
(2.43089697035 0.225660888889 0.5)
(2.5 0.225660888889 0.5)
(0.608637878707 0.233491333333 0.5)
(0.617561022312 0.233491333333 0.5)
(0.626778851656 0.233491333333 0.5)
(0.636301098699 0.233491333333 0.5)
(0.646137816799 0.233491333333 0.5)
(0.656299391323 0.233491333333 0.5)
(0.666796550617 0.233491333333 0.5)
(0.677640377327 0.233491333333 0.5)
(0.688842320102 0.233491333333 0.5)
(0.700414205682 0.233491333333 0.5)
(0.712368251383 0.233491333333 0.5)
(0.724717077998 0.233491333333 0.5)
(0.737473723117 0.233491333333 0.5)
(0.750651654898 0.233491333333 0.5)
(0.764264786282 0.233491333333 0.5)
(0.778327489683 0.233491333333 0.5)
(0.792854612162 0.233491333333 0.5)
(0.807861491104 0.233491333333 0.5)
(0.823363970408 0.233491333333 0.5)
(0.839378417215 0.233491333333 0.5)
(0.85592173919 0.233491333333 0.5)
(0.873011402373 0.233491333333 0.5)
(0.890665449614 0.233491333333 0.5)
(0.90890251963 0.233491333333 0.5)
(0.927741866676 0.233491333333 0.5)
(0.94720338088 0.233491333333 0.5)
(0.967307609236 0.233491333333 0.5)
(0.988075777301 0.233491333333 0.5)
(1.0095298116 0.233491333333 0.5)
(1.03169236279 0.233491333333 0.5)
(1.05458682956 0.233491333333 0.5)
(1.07823738331 0.233491333333 0.5)
(1.10266899375 0.233491333333 0.5)
(1.12790745516 0.233491333333 0.5)
(1.15397941371 0.233491333333 0.5)
(1.18091239553 0.233491333333 0.5)
(1.20873483582 0.233491333333 0.5)
(1.23747610884 0.233491333333 0.5)
(1.26716655892 0.233491333333 0.5)
(1.29783753252 0.233491333333 0.5)
(1.32952141132 0.233491333333 0.5)
(1.36225164637 0.233491333333 0.5)
(1.39606279349 0.233491333333 0.5)
(1.43099054964 0.233491333333 0.5)
(1.46707179072 0.233491333333 0.5)
(1.50434461042 0.233491333333 0.5)
(1.54284836047 0.233491333333 0.5)
(1.58262369222 0.233491333333 0.5)
(1.62371259949 0.233491333333 0.5)
(1.66615846294 0.233491333333 0.5)
(1.71000609591 0.233491333333 0.5)
(1.75530179164 0.233491333333 0.5)
(1.80209337225 0.233491333333 0.5)
(1.85043023915 0.233491333333 0.5)
(1.90036342523 0.233491333333 0.5)
(1.95194564874 0.233491333333 0.5)
(2.00523136894 0.233491333333 0.5)
(2.0602768436 0.233491333333 0.5)
(2.1171401884 0.233491333333 0.5)
(2.17588143829 0.233491333333 0.5)
(2.23656261085 0.233491333333 0.5)
(2.29924777179 0.233491333333 0.5)
(2.36400310258 0.233491333333 0.5)
(2.43089697035 0.233491333333 0.5)
(2.5 0.233491333333 0.5)
(0.608637878707 0.241321777778 0.5)
(0.617561022312 0.241321777778 0.5)
(0.626778851656 0.241321777778 0.5)
(0.636301098699 0.241321777778 0.5)
(0.646137816799 0.241321777778 0.5)
(0.656299391323 0.241321777778 0.5)
(0.666796550617 0.241321777778 0.5)
(0.677640377327 0.241321777778 0.5)
(0.688842320102 0.241321777778 0.5)
(0.700414205682 0.241321777778 0.5)
(0.712368251383 0.241321777778 0.5)
(0.724717077998 0.241321777778 0.5)
(0.737473723117 0.241321777778 0.5)
(0.750651654898 0.241321777778 0.5)
(0.764264786282 0.241321777778 0.5)
(0.778327489683 0.241321777778 0.5)
(0.792854612162 0.241321777778 0.5)
(0.807861491104 0.241321777778 0.5)
(0.823363970408 0.241321777778 0.5)
(0.839378417215 0.241321777778 0.5)
(0.85592173919 0.241321777778 0.5)
(0.873011402373 0.241321777778 0.5)
(0.890665449614 0.241321777778 0.5)
(0.90890251963 0.241321777778 0.5)
(0.927741866676 0.241321777778 0.5)
(0.94720338088 0.241321777778 0.5)
(0.967307609236 0.241321777778 0.5)
(0.988075777301 0.241321777778 0.5)
(1.0095298116 0.241321777778 0.5)
(1.03169236279 0.241321777778 0.5)
(1.05458682956 0.241321777778 0.5)
(1.07823738331 0.241321777778 0.5)
(1.10266899375 0.241321777778 0.5)
(1.12790745516 0.241321777778 0.5)
(1.15397941371 0.241321777778 0.5)
(1.18091239553 0.241321777778 0.5)
(1.20873483582 0.241321777778 0.5)
(1.23747610884 0.241321777778 0.5)
(1.26716655892 0.241321777778 0.5)
(1.29783753252 0.241321777778 0.5)
(1.32952141132 0.241321777778 0.5)
(1.36225164637 0.241321777778 0.5)
(1.39606279349 0.241321777778 0.5)
(1.43099054964 0.241321777778 0.5)
(1.46707179072 0.241321777778 0.5)
(1.50434461042 0.241321777778 0.5)
(1.54284836047 0.241321777778 0.5)
(1.58262369222 0.241321777778 0.5)
(1.62371259949 0.241321777778 0.5)
(1.66615846294 0.241321777778 0.5)
(1.71000609591 0.241321777778 0.5)
(1.75530179164 0.241321777778 0.5)
(1.80209337225 0.241321777778 0.5)
(1.85043023915 0.241321777778 0.5)
(1.90036342523 0.241321777778 0.5)
(1.95194564874 0.241321777778 0.5)
(2.00523136894 0.241321777778 0.5)
(2.0602768436 0.241321777778 0.5)
(2.1171401884 0.241321777778 0.5)
(2.17588143829 0.241321777778 0.5)
(2.23656261085 0.241321777778 0.5)
(2.29924777179 0.241321777778 0.5)
(2.36400310258 0.241321777778 0.5)
(2.43089697035 0.241321777778 0.5)
(2.5 0.241321777778 0.5)
(0.608637878707 0.249152222222 0.5)
(0.617561022312 0.249152222222 0.5)
(0.626778851656 0.249152222222 0.5)
(0.636301098699 0.249152222222 0.5)
(0.646137816799 0.249152222222 0.5)
(0.656299391323 0.249152222222 0.5)
(0.666796550617 0.249152222222 0.5)
(0.677640377327 0.249152222222 0.5)
(0.688842320102 0.249152222222 0.5)
(0.700414205682 0.249152222222 0.5)
(0.712368251383 0.249152222222 0.5)
(0.724717077998 0.249152222222 0.5)
(0.737473723117 0.249152222222 0.5)
(0.750651654898 0.249152222222 0.5)
(0.764264786282 0.249152222222 0.5)
(0.778327489683 0.249152222222 0.5)
(0.792854612162 0.249152222222 0.5)
(0.807861491104 0.249152222222 0.5)
(0.823363970408 0.249152222222 0.5)
(0.839378417215 0.249152222222 0.5)
(0.85592173919 0.249152222222 0.5)
(0.873011402373 0.249152222222 0.5)
(0.890665449614 0.249152222222 0.5)
(0.90890251963 0.249152222222 0.5)
(0.927741866676 0.249152222222 0.5)
(0.94720338088 0.249152222222 0.5)
(0.967307609236 0.249152222222 0.5)
(0.988075777301 0.249152222222 0.5)
(1.0095298116 0.249152222222 0.5)
(1.03169236279 0.249152222222 0.5)
(1.05458682956 0.249152222222 0.5)
(1.07823738331 0.249152222222 0.5)
(1.10266899375 0.249152222222 0.5)
(1.12790745516 0.249152222222 0.5)
(1.15397941371 0.249152222222 0.5)
(1.18091239553 0.249152222222 0.5)
(1.20873483582 0.249152222222 0.5)
(1.23747610884 0.249152222222 0.5)
(1.26716655892 0.249152222222 0.5)
(1.29783753252 0.249152222222 0.5)
(1.32952141132 0.249152222222 0.5)
(1.36225164637 0.249152222222 0.5)
(1.39606279349 0.249152222222 0.5)
(1.43099054964 0.249152222222 0.5)
(1.46707179072 0.249152222222 0.5)
(1.50434461042 0.249152222222 0.5)
(1.54284836047 0.249152222222 0.5)
(1.58262369222 0.249152222222 0.5)
(1.62371259949 0.249152222222 0.5)
(1.66615846294 0.249152222222 0.5)
(1.71000609591 0.249152222222 0.5)
(1.75530179164 0.249152222222 0.5)
(1.80209337225 0.249152222222 0.5)
(1.85043023915 0.249152222222 0.5)
(1.90036342523 0.249152222222 0.5)
(1.95194564874 0.249152222222 0.5)
(2.00523136894 0.249152222222 0.5)
(2.0602768436 0.249152222222 0.5)
(2.1171401884 0.249152222222 0.5)
(2.17588143829 0.249152222222 0.5)
(2.23656261085 0.249152222222 0.5)
(2.29924777179 0.249152222222 0.5)
(2.36400310258 0.249152222222 0.5)
(2.43089697035 0.249152222222 0.5)
(2.5 0.249152222222 0.5)
(0.608637878707 0.256982666667 0.5)
(0.617561022312 0.256982666667 0.5)
(0.626778851656 0.256982666667 0.5)
(0.636301098699 0.256982666667 0.5)
(0.646137816799 0.256982666667 0.5)
(0.656299391323 0.256982666667 0.5)
(0.666796550617 0.256982666667 0.5)
(0.677640377327 0.256982666667 0.5)
(0.688842320102 0.256982666667 0.5)
(0.700414205682 0.256982666667 0.5)
(0.712368251383 0.256982666667 0.5)
(0.724717077998 0.256982666667 0.5)
(0.737473723117 0.256982666667 0.5)
(0.750651654898 0.256982666667 0.5)
(0.764264786282 0.256982666667 0.5)
(0.778327489683 0.256982666667 0.5)
(0.792854612162 0.256982666667 0.5)
(0.807861491104 0.256982666667 0.5)
(0.823363970408 0.256982666667 0.5)
(0.839378417215 0.256982666667 0.5)
(0.85592173919 0.256982666667 0.5)
(0.873011402373 0.256982666667 0.5)
(0.890665449614 0.256982666667 0.5)
(0.90890251963 0.256982666667 0.5)
(0.927741866676 0.256982666667 0.5)
(0.94720338088 0.256982666667 0.5)
(0.967307609236 0.256982666667 0.5)
(0.988075777301 0.256982666667 0.5)
(1.0095298116 0.256982666667 0.5)
(1.03169236279 0.256982666667 0.5)
(1.05458682956 0.256982666667 0.5)
(1.07823738331 0.256982666667 0.5)
(1.10266899375 0.256982666667 0.5)
(1.12790745516 0.256982666667 0.5)
(1.15397941371 0.256982666667 0.5)
(1.18091239553 0.256982666667 0.5)
(1.20873483582 0.256982666667 0.5)
(1.23747610884 0.256982666667 0.5)
(1.26716655892 0.256982666667 0.5)
(1.29783753252 0.256982666667 0.5)
(1.32952141132 0.256982666667 0.5)
(1.36225164637 0.256982666667 0.5)
(1.39606279349 0.256982666667 0.5)
(1.43099054964 0.256982666667 0.5)
(1.46707179072 0.256982666667 0.5)
(1.50434461042 0.256982666667 0.5)
(1.54284836047 0.256982666667 0.5)
(1.58262369222 0.256982666667 0.5)
(1.62371259949 0.256982666667 0.5)
(1.66615846294 0.256982666667 0.5)
(1.71000609591 0.256982666667 0.5)
(1.75530179164 0.256982666667 0.5)
(1.80209337225 0.256982666667 0.5)
(1.85043023915 0.256982666667 0.5)
(1.90036342523 0.256982666667 0.5)
(1.95194564874 0.256982666667 0.5)
(2.00523136894 0.256982666667 0.5)
(2.0602768436 0.256982666667 0.5)
(2.1171401884 0.256982666667 0.5)
(2.17588143829 0.256982666667 0.5)
(2.23656261085 0.256982666667 0.5)
(2.29924777179 0.256982666667 0.5)
(2.36400310258 0.256982666667 0.5)
(2.43089697035 0.256982666667 0.5)
(2.5 0.256982666667 0.5)
(0.608637878707 0.264813111111 0.5)
(0.617561022312 0.264813111111 0.5)
(0.626778851656 0.264813111111 0.5)
(0.636301098699 0.264813111111 0.5)
(0.646137816799 0.264813111111 0.5)
(0.656299391323 0.264813111111 0.5)
(0.666796550617 0.264813111111 0.5)
(0.677640377327 0.264813111111 0.5)
(0.688842320102 0.264813111111 0.5)
(0.700414205682 0.264813111111 0.5)
(0.712368251383 0.264813111111 0.5)
(0.724717077998 0.264813111111 0.5)
(0.737473723117 0.264813111111 0.5)
(0.750651654898 0.264813111111 0.5)
(0.764264786282 0.264813111111 0.5)
(0.778327489683 0.264813111111 0.5)
(0.792854612162 0.264813111111 0.5)
(0.807861491104 0.264813111111 0.5)
(0.823363970408 0.264813111111 0.5)
(0.839378417215 0.264813111111 0.5)
(0.85592173919 0.264813111111 0.5)
(0.873011402373 0.264813111111 0.5)
(0.890665449614 0.264813111111 0.5)
(0.90890251963 0.264813111111 0.5)
(0.927741866676 0.264813111111 0.5)
(0.94720338088 0.264813111111 0.5)
(0.967307609236 0.264813111111 0.5)
(0.988075777301 0.264813111111 0.5)
(1.0095298116 0.264813111111 0.5)
(1.03169236279 0.264813111111 0.5)
(1.05458682956 0.264813111111 0.5)
(1.07823738331 0.264813111111 0.5)
(1.10266899375 0.264813111111 0.5)
(1.12790745516 0.264813111111 0.5)
(1.15397941371 0.264813111111 0.5)
(1.18091239553 0.264813111111 0.5)
(1.20873483582 0.264813111111 0.5)
(1.23747610884 0.264813111111 0.5)
(1.26716655892 0.264813111111 0.5)
(1.29783753252 0.264813111111 0.5)
(1.32952141132 0.264813111111 0.5)
(1.36225164637 0.264813111111 0.5)
(1.39606279349 0.264813111111 0.5)
(1.43099054964 0.264813111111 0.5)
(1.46707179072 0.264813111111 0.5)
(1.50434461042 0.264813111111 0.5)
(1.54284836047 0.264813111111 0.5)
(1.58262369222 0.264813111111 0.5)
(1.62371259949 0.264813111111 0.5)
(1.66615846294 0.264813111111 0.5)
(1.71000609591 0.264813111111 0.5)
(1.75530179164 0.264813111111 0.5)
(1.80209337225 0.264813111111 0.5)
(1.85043023915 0.264813111111 0.5)
(1.90036342523 0.264813111111 0.5)
(1.95194564874 0.264813111111 0.5)
(2.00523136894 0.264813111111 0.5)
(2.0602768436 0.264813111111 0.5)
(2.1171401884 0.264813111111 0.5)
(2.17588143829 0.264813111111 0.5)
(2.23656261085 0.264813111111 0.5)
(2.29924777179 0.264813111111 0.5)
(2.36400310258 0.264813111111 0.5)
(2.43089697035 0.264813111111 0.5)
(2.5 0.264813111111 0.5)
(0.608637878707 0.272643555556 0.5)
(0.617561022312 0.272643555556 0.5)
(0.626778851656 0.272643555556 0.5)
(0.636301098699 0.272643555556 0.5)
(0.646137816799 0.272643555556 0.5)
(0.656299391323 0.272643555556 0.5)
(0.666796550617 0.272643555556 0.5)
(0.677640377327 0.272643555556 0.5)
(0.688842320102 0.272643555556 0.5)
(0.700414205682 0.272643555556 0.5)
(0.712368251383 0.272643555556 0.5)
(0.724717077998 0.272643555556 0.5)
(0.737473723117 0.272643555556 0.5)
(0.750651654898 0.272643555556 0.5)
(0.764264786282 0.272643555556 0.5)
(0.778327489683 0.272643555556 0.5)
(0.792854612162 0.272643555556 0.5)
(0.807861491104 0.272643555556 0.5)
(0.823363970408 0.272643555556 0.5)
(0.839378417215 0.272643555556 0.5)
(0.85592173919 0.272643555556 0.5)
(0.873011402373 0.272643555556 0.5)
(0.890665449614 0.272643555556 0.5)
(0.90890251963 0.272643555556 0.5)
(0.927741866676 0.272643555556 0.5)
(0.94720338088 0.272643555556 0.5)
(0.967307609236 0.272643555556 0.5)
(0.988075777301 0.272643555556 0.5)
(1.0095298116 0.272643555556 0.5)
(1.03169236279 0.272643555556 0.5)
(1.05458682956 0.272643555556 0.5)
(1.07823738331 0.272643555556 0.5)
(1.10266899375 0.272643555556 0.5)
(1.12790745516 0.272643555556 0.5)
(1.15397941371 0.272643555556 0.5)
(1.18091239553 0.272643555556 0.5)
(1.20873483582 0.272643555556 0.5)
(1.23747610884 0.272643555556 0.5)
(1.26716655892 0.272643555556 0.5)
(1.29783753252 0.272643555556 0.5)
(1.32952141132 0.272643555556 0.5)
(1.36225164637 0.272643555556 0.5)
(1.39606279349 0.272643555556 0.5)
(1.43099054964 0.272643555556 0.5)
(1.46707179072 0.272643555556 0.5)
(1.50434461042 0.272643555556 0.5)
(1.54284836047 0.272643555556 0.5)
(1.58262369222 0.272643555556 0.5)
(1.62371259949 0.272643555556 0.5)
(1.66615846294 0.272643555556 0.5)
(1.71000609591 0.272643555556 0.5)
(1.75530179164 0.272643555556 0.5)
(1.80209337225 0.272643555556 0.5)
(1.85043023915 0.272643555556 0.5)
(1.90036342523 0.272643555556 0.5)
(1.95194564874 0.272643555556 0.5)
(2.00523136894 0.272643555556 0.5)
(2.0602768436 0.272643555556 0.5)
(2.1171401884 0.272643555556 0.5)
(2.17588143829 0.272643555556 0.5)
(2.23656261085 0.272643555556 0.5)
(2.29924777179 0.272643555556 0.5)
(2.36400310258 0.272643555556 0.5)
(2.43089697035 0.272643555556 0.5)
(2.5 0.272643555556 0.5)
(0.608637878707 0.280474 0.5)
(0.617561022312 0.280474 0.5)
(0.626778851656 0.280474 0.5)
(0.636301098699 0.280474 0.5)
(0.646137816799 0.280474 0.5)
(0.656299391323 0.280474 0.5)
(0.666796550617 0.280474 0.5)
(0.677640377327 0.280474 0.5)
(0.688842320102 0.280474 0.5)
(0.700414205682 0.280474 0.5)
(0.712368251383 0.280474 0.5)
(0.724717077998 0.280474 0.5)
(0.737473723117 0.280474 0.5)
(0.750651654898 0.280474 0.5)
(0.764264786282 0.280474 0.5)
(0.778327489683 0.280474 0.5)
(0.792854612162 0.280474 0.5)
(0.807861491104 0.280474 0.5)
(0.823363970408 0.280474 0.5)
(0.839378417215 0.280474 0.5)
(0.85592173919 0.280474 0.5)
(0.873011402373 0.280474 0.5)
(0.890665449614 0.280474 0.5)
(0.90890251963 0.280474 0.5)
(0.927741866676 0.280474 0.5)
(0.94720338088 0.280474 0.5)
(0.967307609236 0.280474 0.5)
(0.988075777301 0.280474 0.5)
(1.0095298116 0.280474 0.5)
(1.03169236279 0.280474 0.5)
(1.05458682956 0.280474 0.5)
(1.07823738331 0.280474 0.5)
(1.10266899375 0.280474 0.5)
(1.12790745516 0.280474 0.5)
(1.15397941371 0.280474 0.5)
(1.18091239553 0.280474 0.5)
(1.20873483582 0.280474 0.5)
(1.23747610884 0.280474 0.5)
(1.26716655892 0.280474 0.5)
(1.29783753252 0.280474 0.5)
(1.32952141132 0.280474 0.5)
(1.36225164637 0.280474 0.5)
(1.39606279349 0.280474 0.5)
(1.43099054964 0.280474 0.5)
(1.46707179072 0.280474 0.5)
(1.50434461042 0.280474 0.5)
(1.54284836047 0.280474 0.5)
(1.58262369222 0.280474 0.5)
(1.62371259949 0.280474 0.5)
(1.66615846294 0.280474 0.5)
(1.71000609591 0.280474 0.5)
(1.75530179164 0.280474 0.5)
(1.80209337225 0.280474 0.5)
(1.85043023915 0.280474 0.5)
(1.90036342523 0.280474 0.5)
(1.95194564874 0.280474 0.5)
(2.00523136894 0.280474 0.5)
(2.0602768436 0.280474 0.5)
(2.1171401884 0.280474 0.5)
(2.17588143829 0.280474 0.5)
(2.23656261085 0.280474 0.5)
(2.29924777179 0.280474 0.5)
(2.36400310258 0.280474 0.5)
(2.43089697035 0.280474 0.5)
(2.5 0.280474 0.5)
(0 0.289725857143 -0.5)
(0.00919430769231 0.289725857143 -0.5)
(0.0183886153846 0.289725857143 -0.5)
(0.0275829230769 0.289725857143 -0.5)
(0.0367772307692 0.289725857143 -0.5)
(0.0459715384615 0.289725857143 -0.5)
(0.0551658461538 0.289725857143 -0.5)
(0.0643601538462 0.289725857143 -0.5)
(0.0735544615385 0.289725857143 -0.5)
(0.0827487692308 0.289725857143 -0.5)
(0.0919430769231 0.289725857143 -0.5)
(0.101137384615 0.289725857143 -0.5)
(0.110331692308 0.289725857143 -0.5)
(0.119526 0.289725857143 -0.5)
(0 0.298977714286 -0.5)
(0.00919430769231 0.298977714286 -0.5)
(0.0183886153846 0.298977714286 -0.5)
(0.0275829230769 0.298977714286 -0.5)
(0.0367772307692 0.298977714286 -0.5)
(0.0459715384615 0.298977714286 -0.5)
(0.0551658461538 0.298977714286 -0.5)
(0.0643601538462 0.298977714286 -0.5)
(0.0735544615385 0.298977714286 -0.5)
(0.0827487692308 0.298977714286 -0.5)
(0.0919430769231 0.298977714286 -0.5)
(0.101137384615 0.298977714286 -0.5)
(0.110331692308 0.298977714286 -0.5)
(0.119526 0.298977714286 -0.5)
(0 0.308229571429 -0.5)
(0.00919430769231 0.308229571429 -0.5)
(0.0183886153846 0.308229571429 -0.5)
(0.0275829230769 0.308229571429 -0.5)
(0.0367772307692 0.308229571429 -0.5)
(0.0459715384615 0.308229571429 -0.5)
(0.0551658461538 0.308229571429 -0.5)
(0.0643601538462 0.308229571429 -0.5)
(0.0735544615385 0.308229571429 -0.5)
(0.0827487692308 0.308229571429 -0.5)
(0.0919430769231 0.308229571429 -0.5)
(0.101137384615 0.308229571429 -0.5)
(0.110331692308 0.308229571429 -0.5)
(0.119526 0.308229571429 -0.5)
(0 0.317481428571 -0.5)
(0.00919430769231 0.317481428571 -0.5)
(0.0183886153846 0.317481428571 -0.5)
(0.0275829230769 0.317481428571 -0.5)
(0.0367772307692 0.317481428571 -0.5)
(0.0459715384615 0.317481428571 -0.5)
(0.0551658461538 0.317481428571 -0.5)
(0.0643601538462 0.317481428571 -0.5)
(0.0735544615385 0.317481428571 -0.5)
(0.0827487692308 0.317481428571 -0.5)
(0.0919430769231 0.317481428571 -0.5)
(0.101137384615 0.317481428571 -0.5)
(0.110331692308 0.317481428571 -0.5)
(0.119526 0.317481428571 -0.5)
(0 0.326733285714 -0.5)
(0.00919430769231 0.326733285714 -0.5)
(0.0183886153846 0.326733285714 -0.5)
(0.0275829230769 0.326733285714 -0.5)
(0.0367772307692 0.326733285714 -0.5)
(0.0459715384615 0.326733285714 -0.5)
(0.0551658461538 0.326733285714 -0.5)
(0.0643601538462 0.326733285714 -0.5)
(0.0735544615385 0.326733285714 -0.5)
(0.0827487692308 0.326733285714 -0.5)
(0.0919430769231 0.326733285714 -0.5)
(0.101137384615 0.326733285714 -0.5)
(0.110331692308 0.326733285714 -0.5)
(0.119526 0.326733285714 -0.5)
(0 0.335985142857 -0.5)
(0.00919430769231 0.335985142857 -0.5)
(0.0183886153846 0.335985142857 -0.5)
(0.0275829230769 0.335985142857 -0.5)
(0.0367772307692 0.335985142857 -0.5)
(0.0459715384615 0.335985142857 -0.5)
(0.0551658461538 0.335985142857 -0.5)
(0.0643601538462 0.335985142857 -0.5)
(0.0735544615385 0.335985142857 -0.5)
(0.0827487692308 0.335985142857 -0.5)
(0.0919430769231 0.335985142857 -0.5)
(0.101137384615 0.335985142857 -0.5)
(0.110331692308 0.335985142857 -0.5)
(0.119526 0.335985142857 -0.5)
(0 0.345237 -0.5)
(0.00919430769231 0.345237 -0.5)
(0.0183886153846 0.345237 -0.5)
(0.0275829230769 0.345237 -0.5)
(0.0367772307692 0.345237 -0.5)
(0.0459715384615 0.345237 -0.5)
(0.0551658461538 0.345237 -0.5)
(0.0643601538462 0.345237 -0.5)
(0.0735544615385 0.345237 -0.5)
(0.0827487692308 0.345237 -0.5)
(0.0919430769231 0.345237 -0.5)
(0.101137384615 0.345237 -0.5)
(0.110331692308 0.345237 -0.5)
(0.119526 0.345237 -0.5)
(0 0.354488857143 -0.5)
(0.00919430769231 0.354488857143 -0.5)
(0.0183886153846 0.354488857143 -0.5)
(0.0275829230769 0.354488857143 -0.5)
(0.0367772307692 0.354488857143 -0.5)
(0.0459715384615 0.354488857143 -0.5)
(0.0551658461538 0.354488857143 -0.5)
(0.0643601538462 0.354488857143 -0.5)
(0.0735544615385 0.354488857143 -0.5)
(0.0827487692308 0.354488857143 -0.5)
(0.0919430769231 0.354488857143 -0.5)
(0.101137384615 0.354488857143 -0.5)
(0.110331692308 0.354488857143 -0.5)
(0.119526 0.354488857143 -0.5)
(0 0.363740714286 -0.5)
(0.00919430769231 0.363740714286 -0.5)
(0.0183886153846 0.363740714286 -0.5)
(0.0275829230769 0.363740714286 -0.5)
(0.0367772307692 0.363740714286 -0.5)
(0.0459715384615 0.363740714286 -0.5)
(0.0551658461538 0.363740714286 -0.5)
(0.0643601538462 0.363740714286 -0.5)
(0.0735544615385 0.363740714286 -0.5)
(0.0827487692308 0.363740714286 -0.5)
(0.0919430769231 0.363740714286 -0.5)
(0.101137384615 0.363740714286 -0.5)
(0.110331692308 0.363740714286 -0.5)
(0.119526 0.363740714286 -0.5)
(0 0.372992571429 -0.5)
(0.00919430769231 0.372992571429 -0.5)
(0.0183886153846 0.372992571429 -0.5)
(0.0275829230769 0.372992571429 -0.5)
(0.0367772307692 0.372992571429 -0.5)
(0.0459715384615 0.372992571429 -0.5)
(0.0551658461538 0.372992571429 -0.5)
(0.0643601538462 0.372992571429 -0.5)
(0.0735544615385 0.372992571429 -0.5)
(0.0827487692308 0.372992571429 -0.5)
(0.0919430769231 0.372992571429 -0.5)
(0.101137384615 0.372992571429 -0.5)
(0.110331692308 0.372992571429 -0.5)
(0.119526 0.372992571429 -0.5)
(0 0.382244428571 -0.5)
(0.00919430769231 0.382244428571 -0.5)
(0.0183886153846 0.382244428571 -0.5)
(0.0275829230769 0.382244428571 -0.5)
(0.0367772307692 0.382244428571 -0.5)
(0.0459715384615 0.382244428571 -0.5)
(0.0551658461538 0.382244428571 -0.5)
(0.0643601538462 0.382244428571 -0.5)
(0.0735544615385 0.382244428571 -0.5)
(0.0827487692308 0.382244428571 -0.5)
(0.0919430769231 0.382244428571 -0.5)
(0.101137384615 0.382244428571 -0.5)
(0.110331692308 0.382244428571 -0.5)
(0.119526 0.382244428571 -0.5)
(0 0.391496285714 -0.5)
(0.00919430769231 0.391496285714 -0.5)
(0.0183886153846 0.391496285714 -0.5)
(0.0275829230769 0.391496285714 -0.5)
(0.0367772307692 0.391496285714 -0.5)
(0.0459715384615 0.391496285714 -0.5)
(0.0551658461538 0.391496285714 -0.5)
(0.0643601538462 0.391496285714 -0.5)
(0.0735544615385 0.391496285714 -0.5)
(0.0827487692308 0.391496285714 -0.5)
(0.0919430769231 0.391496285714 -0.5)
(0.101137384615 0.391496285714 -0.5)
(0.110331692308 0.391496285714 -0.5)
(0.119526 0.391496285714 -0.5)
(0 0.400748142857 -0.5)
(0.00919430769231 0.400748142857 -0.5)
(0.0183886153846 0.400748142857 -0.5)
(0.0275829230769 0.400748142857 -0.5)
(0.0367772307692 0.400748142857 -0.5)
(0.0459715384615 0.400748142857 -0.5)
(0.0551658461538 0.400748142857 -0.5)
(0.0643601538462 0.400748142857 -0.5)
(0.0735544615385 0.400748142857 -0.5)
(0.0827487692308 0.400748142857 -0.5)
(0.0919430769231 0.400748142857 -0.5)
(0.101137384615 0.400748142857 -0.5)
(0.110331692308 0.400748142857 -0.5)
(0.119526 0.400748142857 -0.5)
(0 0.41 -0.5)
(0.00919430769231 0.41 -0.5)
(0.0183886153846 0.41 -0.5)
(0.0275829230769 0.41 -0.5)
(0.0367772307692 0.41 -0.5)
(0.0459715384615 0.41 -0.5)
(0.0551658461538 0.41 -0.5)
(0.0643601538462 0.41 -0.5)
(0.0735544615385 0.41 -0.5)
(0.0827487692308 0.41 -0.5)
(0.0919430769231 0.41 -0.5)
(0.101137384615 0.41 -0.5)
(0.110331692308 0.41 -0.5)
(0.119526 0.41 -0.5)
(0 0.289725857143 0.5)
(0.00919430769231 0.289725857143 0.5)
(0.0183886153846 0.289725857143 0.5)
(0.0275829230769 0.289725857143 0.5)
(0.0367772307692 0.289725857143 0.5)
(0.0459715384615 0.289725857143 0.5)
(0.0551658461538 0.289725857143 0.5)
(0.0643601538462 0.289725857143 0.5)
(0.0735544615385 0.289725857143 0.5)
(0.0827487692308 0.289725857143 0.5)
(0.0919430769231 0.289725857143 0.5)
(0.101137384615 0.289725857143 0.5)
(0.110331692308 0.289725857143 0.5)
(0.119526 0.289725857143 0.5)
(0 0.298977714286 0.5)
(0.00919430769231 0.298977714286 0.5)
(0.0183886153846 0.298977714286 0.5)
(0.0275829230769 0.298977714286 0.5)
(0.0367772307692 0.298977714286 0.5)
(0.0459715384615 0.298977714286 0.5)
(0.0551658461538 0.298977714286 0.5)
(0.0643601538462 0.298977714286 0.5)
(0.0735544615385 0.298977714286 0.5)
(0.0827487692308 0.298977714286 0.5)
(0.0919430769231 0.298977714286 0.5)
(0.101137384615 0.298977714286 0.5)
(0.110331692308 0.298977714286 0.5)
(0.119526 0.298977714286 0.5)
(0 0.308229571429 0.5)
(0.00919430769231 0.308229571429 0.5)
(0.0183886153846 0.308229571429 0.5)
(0.0275829230769 0.308229571429 0.5)
(0.0367772307692 0.308229571429 0.5)
(0.0459715384615 0.308229571429 0.5)
(0.0551658461538 0.308229571429 0.5)
(0.0643601538462 0.308229571429 0.5)
(0.0735544615385 0.308229571429 0.5)
(0.0827487692308 0.308229571429 0.5)
(0.0919430769231 0.308229571429 0.5)
(0.101137384615 0.308229571429 0.5)
(0.110331692308 0.308229571429 0.5)
(0.119526 0.308229571429 0.5)
(0 0.317481428571 0.5)
(0.00919430769231 0.317481428571 0.5)
(0.0183886153846 0.317481428571 0.5)
(0.0275829230769 0.317481428571 0.5)
(0.0367772307692 0.317481428571 0.5)
(0.0459715384615 0.317481428571 0.5)
(0.0551658461538 0.317481428571 0.5)
(0.0643601538462 0.317481428571 0.5)
(0.0735544615385 0.317481428571 0.5)
(0.0827487692308 0.317481428571 0.5)
(0.0919430769231 0.317481428571 0.5)
(0.101137384615 0.317481428571 0.5)
(0.110331692308 0.317481428571 0.5)
(0.119526 0.317481428571 0.5)
(0 0.326733285714 0.5)
(0.00919430769231 0.326733285714 0.5)
(0.0183886153846 0.326733285714 0.5)
(0.0275829230769 0.326733285714 0.5)
(0.0367772307692 0.326733285714 0.5)
(0.0459715384615 0.326733285714 0.5)
(0.0551658461538 0.326733285714 0.5)
(0.0643601538462 0.326733285714 0.5)
(0.0735544615385 0.326733285714 0.5)
(0.0827487692308 0.326733285714 0.5)
(0.0919430769231 0.326733285714 0.5)
(0.101137384615 0.326733285714 0.5)
(0.110331692308 0.326733285714 0.5)
(0.119526 0.326733285714 0.5)
(0 0.335985142857 0.5)
(0.00919430769231 0.335985142857 0.5)
(0.0183886153846 0.335985142857 0.5)
(0.0275829230769 0.335985142857 0.5)
(0.0367772307692 0.335985142857 0.5)
(0.0459715384615 0.335985142857 0.5)
(0.0551658461538 0.335985142857 0.5)
(0.0643601538462 0.335985142857 0.5)
(0.0735544615385 0.335985142857 0.5)
(0.0827487692308 0.335985142857 0.5)
(0.0919430769231 0.335985142857 0.5)
(0.101137384615 0.335985142857 0.5)
(0.110331692308 0.335985142857 0.5)
(0.119526 0.335985142857 0.5)
(0 0.345237 0.5)
(0.00919430769231 0.345237 0.5)
(0.0183886153846 0.345237 0.5)
(0.0275829230769 0.345237 0.5)
(0.0367772307692 0.345237 0.5)
(0.0459715384615 0.345237 0.5)
(0.0551658461538 0.345237 0.5)
(0.0643601538462 0.345237 0.5)
(0.0735544615385 0.345237 0.5)
(0.0827487692308 0.345237 0.5)
(0.0919430769231 0.345237 0.5)
(0.101137384615 0.345237 0.5)
(0.110331692308 0.345237 0.5)
(0.119526 0.345237 0.5)
(0 0.354488857143 0.5)
(0.00919430769231 0.354488857143 0.5)
(0.0183886153846 0.354488857143 0.5)
(0.0275829230769 0.354488857143 0.5)
(0.0367772307692 0.354488857143 0.5)
(0.0459715384615 0.354488857143 0.5)
(0.0551658461538 0.354488857143 0.5)
(0.0643601538462 0.354488857143 0.5)
(0.0735544615385 0.354488857143 0.5)
(0.0827487692308 0.354488857143 0.5)
(0.0919430769231 0.354488857143 0.5)
(0.101137384615 0.354488857143 0.5)
(0.110331692308 0.354488857143 0.5)
(0.119526 0.354488857143 0.5)
(0 0.363740714286 0.5)
(0.00919430769231 0.363740714286 0.5)
(0.0183886153846 0.363740714286 0.5)
(0.0275829230769 0.363740714286 0.5)
(0.0367772307692 0.363740714286 0.5)
(0.0459715384615 0.363740714286 0.5)
(0.0551658461538 0.363740714286 0.5)
(0.0643601538462 0.363740714286 0.5)
(0.0735544615385 0.363740714286 0.5)
(0.0827487692308 0.363740714286 0.5)
(0.0919430769231 0.363740714286 0.5)
(0.101137384615 0.363740714286 0.5)
(0.110331692308 0.363740714286 0.5)
(0.119526 0.363740714286 0.5)
(0 0.372992571429 0.5)
(0.00919430769231 0.372992571429 0.5)
(0.0183886153846 0.372992571429 0.5)
(0.0275829230769 0.372992571429 0.5)
(0.0367772307692 0.372992571429 0.5)
(0.0459715384615 0.372992571429 0.5)
(0.0551658461538 0.372992571429 0.5)
(0.0643601538462 0.372992571429 0.5)
(0.0735544615385 0.372992571429 0.5)
(0.0827487692308 0.372992571429 0.5)
(0.0919430769231 0.372992571429 0.5)
(0.101137384615 0.372992571429 0.5)
(0.110331692308 0.372992571429 0.5)
(0.119526 0.372992571429 0.5)
(0 0.382244428571 0.5)
(0.00919430769231 0.382244428571 0.5)
(0.0183886153846 0.382244428571 0.5)
(0.0275829230769 0.382244428571 0.5)
(0.0367772307692 0.382244428571 0.5)
(0.0459715384615 0.382244428571 0.5)
(0.0551658461538 0.382244428571 0.5)
(0.0643601538462 0.382244428571 0.5)
(0.0735544615385 0.382244428571 0.5)
(0.0827487692308 0.382244428571 0.5)
(0.0919430769231 0.382244428571 0.5)
(0.101137384615 0.382244428571 0.5)
(0.110331692308 0.382244428571 0.5)
(0.119526 0.382244428571 0.5)
(0 0.391496285714 0.5)
(0.00919430769231 0.391496285714 0.5)
(0.0183886153846 0.391496285714 0.5)
(0.0275829230769 0.391496285714 0.5)
(0.0367772307692 0.391496285714 0.5)
(0.0459715384615 0.391496285714 0.5)
(0.0551658461538 0.391496285714 0.5)
(0.0643601538462 0.391496285714 0.5)
(0.0735544615385 0.391496285714 0.5)
(0.0827487692308 0.391496285714 0.5)
(0.0919430769231 0.391496285714 0.5)
(0.101137384615 0.391496285714 0.5)
(0.110331692308 0.391496285714 0.5)
(0.119526 0.391496285714 0.5)
(0 0.400748142857 0.5)
(0.00919430769231 0.400748142857 0.5)
(0.0183886153846 0.400748142857 0.5)
(0.0275829230769 0.400748142857 0.5)
(0.0367772307692 0.400748142857 0.5)
(0.0459715384615 0.400748142857 0.5)
(0.0551658461538 0.400748142857 0.5)
(0.0643601538462 0.400748142857 0.5)
(0.0735544615385 0.400748142857 0.5)
(0.0827487692308 0.400748142857 0.5)
(0.0919430769231 0.400748142857 0.5)
(0.101137384615 0.400748142857 0.5)
(0.110331692308 0.400748142857 0.5)
(0.119526 0.400748142857 0.5)
(0 0.41 0.5)
(0.00919430769231 0.41 0.5)
(0.0183886153846 0.41 0.5)
(0.0275829230769 0.41 0.5)
(0.0367772307692 0.41 0.5)
(0.0459715384615 0.41 0.5)
(0.0551658461538 0.41 0.5)
(0.0643601538462 0.41 0.5)
(0.0735544615385 0.41 0.5)
(0.0827487692308 0.41 0.5)
(0.0919430769231 0.41 0.5)
(0.101137384615 0.41 0.5)
(0.110331692308 0.41 0.5)
(0.119526 0.41 0.5)
(0.128432033531 0.2936817238 -0.5)
(0.137546609457 0.297170688464 -0.5)
(0.146843263835 0.300181809182 -0.5)
(0.156294961697 0.302705642593 -0.5)
(0.165874181833 0.304734273551 -0.5)
(0.175553003103 0.306261339942 -0.5)
(0.185303192 0.307282052639 -0.5)
(0.195096291199 0.307793210525 -0.5)
(0.204903708801 0.307793210525 -0.5)
(0.214696808 0.307282052639 -0.5)
(0.224446996897 0.306261339942 -0.5)
(0.234125818167 0.304734273551 -0.5)
(0.243705038303 0.302705642593 -0.5)
(0.253156736165 0.300181809182 -0.5)
(0.262453390543 0.297170688464 -0.5)
(0.271567966469 0.2936817238 -0.5)
(0.280474 0.289725857143 -0.5)
(0.128475225522 0.302629283507 -0.5)
(0.137616951716 0.305849866275 -0.5)
(0.146926750327 0.308629362322 -0.5)
(0.156379666001 0.310959054701 -0.5)
(0.165950294543 0.312831637124 -0.5)
(0.175612862593 0.314241236869 -0.5)
(0.185341308453 0.315183433205 -0.5)
(0.195109363822 0.315655271254 -0.5)
(0.204890636178 0.315655271254 -0.5)
(0.214658691547 0.315183433205 -0.5)
(0.224387137407 0.314241236869 -0.5)
(0.234049705457 0.312831637124 -0.5)
(0.243620333999 0.310959054701 -0.5)
(0.253073249673 0.308629362322 -0.5)
(0.262383048284 0.305849866275 -0.5)
(0.271524774478 0.302629283507 -0.5)
(0.280474 0.298977714286 -0.5)
(0.128518417513 0.311576843215 -0.5)
(0.137687293975 0.314529044085 -0.5)
(0.14701023682 0.317076915462 -0.5)
(0.156464370305 0.31921246681 -0.5)
(0.166026407252 0.320929000697 -0.5)
(0.175672722082 0.322221133797 -0.5)
(0.185379424905 0.323084813772 -0.5)
(0.195122436445 0.323517331983 -0.5)
(0.204877563555 0.323517331983 -0.5)
(0.214620575095 0.323084813772 -0.5)
(0.224327277918 0.322221133797 -0.5)
(0.233973592748 0.320929000697 -0.5)
(0.243535629695 0.31921246681 -0.5)
(0.25298976318 0.317076915462 -0.5)
(0.262312706025 0.314529044085 -0.5)
(0.271481582487 0.311576843215 -0.5)
(0.280474 0.308229571429 -0.5)
(0.128561609504 0.320524402923 -0.5)
(0.137757636234 0.323208221896 -0.5)
(0.147093723312 0.325524468601 -0.5)
(0.156549074609 0.327465878918 -0.5)
(0.166102519962 0.32902636427 -0.5)
(0.175732581572 0.330201030724 -0.5)
(0.185417541358 0.330986194338 -0.5)
(0.195135509067 0.331379392711 -0.5)
(0.204864490933 0.331379392711 -0.5)
(0.214582458642 0.330986194338 -0.5)
(0.224267418428 0.330201030724 -0.5)
(0.233897480038 0.32902636427 -0.5)
(0.243450925391 0.327465878918 -0.5)
(0.252906276688 0.325524468601 -0.5)
(0.262242363766 0.323208221896 -0.5)
(0.271438390496 0.320524402923 -0.5)
(0.280474 0.317481428571 -0.5)
(0.128604801494 0.329471962631 -0.5)
(0.137827978493 0.331887399706 -0.5)
(0.147177209804 0.333972021741 -0.5)
(0.156633778912 0.335719291026 -0.5)
(0.166178632672 0.337123727843 -0.5)
(0.175792441062 0.338180927652 -0.5)
(0.18545565781 0.338887574904 -0.5)
(0.19514858169 0.33924145344 -0.5)
(0.20485141831 0.33924145344 -0.5)
(0.21454434219 0.338887574904 -0.5)
(0.224207558938 0.338180927652 -0.5)
(0.233821367328 0.337123727843 -0.5)
(0.243366221088 0.335719291026 -0.5)
(0.252822790196 0.333972021741 -0.5)
(0.262172021507 0.331887399706 -0.5)
(0.271395198506 0.329471962631 -0.5)
(0.280474 0.326733285714 -0.5)
(0.128647993485 0.338419522338 -0.5)
(0.137898320752 0.340566577516 -0.5)
(0.147260696297 0.342419574881 -0.5)
(0.156718483216 0.343972703134 -0.5)
(0.166254745381 0.345221091416 -0.5)
(0.175852300552 0.346160824579 -0.5)
(0.185493774262 0.34678895547 -0.5)
(0.195161654313 0.347103514169 -0.5)
(0.204838345687 0.347103514169 -0.5)
(0.214506225738 0.34678895547 -0.5)
(0.224147699448 0.346160824579 -0.5)
(0.233745254619 0.345221091416 -0.5)
(0.243281516784 0.343972703134 -0.5)
(0.252739303703 0.342419574881 -0.5)
(0.262101679248 0.340566577516 -0.5)
(0.271352006515 0.338419522338 -0.5)
(0.280474 0.335985142857 -0.5)
(0.128691185476 0.347367082046 -0.5)
(0.137968663011 0.349245755327 -0.5)
(0.147344182789 0.350867128021 -0.5)
(0.15680318752 0.352226115243 -0.5)
(0.166330858091 0.353318454989 -0.5)
(0.175912160042 0.354140721507 -0.5)
(0.185531890715 0.354690336037 -0.5)
(0.195174726935 0.354965574898 -0.5)
(0.204825273065 0.354965574898 -0.5)
(0.214468109285 0.354690336037 -0.5)
(0.224087839958 0.354140721507 -0.5)
(0.233669141909 0.353318454989 -0.5)
(0.24319681248 0.352226115243 -0.5)
(0.252655817211 0.350867128021 -0.5)
(0.262031336989 0.349245755327 -0.5)
(0.271308814524 0.347367082046 -0.5)
(0.280474 0.345237 -0.5)
(0.128734377467 0.356314641754 -0.5)
(0.13803900527 0.357924933137 -0.5)
(0.147427669281 0.359314681161 -0.5)
(0.156887891824 0.360479527351 -0.5)
(0.166406970801 0.361415818562 -0.5)
(0.175972019532 0.362120618435 -0.5)
(0.185570007167 0.362591716603 -0.5)
(0.195187799558 0.362827635627 -0.5)
(0.204812200442 0.362827635627 -0.5)
(0.214429992833 0.362591716603 -0.5)
(0.224027980468 0.362120618435 -0.5)
(0.233593029199 0.361415818562 -0.5)
(0.243112108176 0.360479527351 -0.5)
(0.252572330719 0.359314681161 -0.5)
(0.26196099473 0.357924933137 -0.5)
(0.271265622533 0.356314641754 -0.5)
(0.280474 0.354488857143 -0.5)
(0.128777569458 0.365262201461 -0.5)
(0.138109347529 0.366604110948 -0.5)
(0.147511155774 0.367762234301 -0.5)
(0.156972596128 0.368732939459 -0.5)
(0.16648308351 0.369513182135 -0.5)
(0.176031879021 0.370100515362 -0.5)
(0.18560812362 0.370493097169 -0.5)
(0.195200872181 0.370689696356 -0.5)
(0.204799127819 0.370689696356 -0.5)
(0.21439187638 0.370493097169 -0.5)
(0.223968120979 0.370100515362 -0.5)
(0.23351691649 0.369513182135 -0.5)
(0.243027403872 0.368732939459 -0.5)
(0.252488844226 0.367762234301 -0.5)
(0.261890652471 0.366604110948 -0.5)
(0.271222430542 0.365262201461 -0.5)
(0.280474 0.363740714286 -0.5)
(0.128820761449 0.374209761169 -0.5)
(0.138179689788 0.375283288758 -0.5)
(0.147594642266 0.376209787441 -0.5)
(0.157057300432 0.376986351567 -0.5)
(0.16655919622 0.377610545708 -0.5)
(0.176091738511 0.37808041229 -0.5)
(0.185646240072 0.378394477735 -0.5)
(0.195213944803 0.378551757085 -0.5)
(0.204786055197 0.378551757085 -0.5)
(0.214353759928 0.378394477735 -0.5)
(0.223908261489 0.37808041229 -0.5)
(0.23344080378 0.377610545708 -0.5)
(0.242942699568 0.376986351567 -0.5)
(0.252405357734 0.376209787441 -0.5)
(0.261820310212 0.375283288758 -0.5)
(0.271179238551 0.374209761169 -0.5)
(0.280474 0.372992571429 -0.5)
(0.128863953439 0.383157320877 -0.5)
(0.138250032047 0.383962466569 -0.5)
(0.147678128758 0.38465734058 -0.5)
(0.157142004736 0.385239763675 -0.5)
(0.16663530893 0.385707909281 -0.5)
(0.176151598001 0.386060309217 -0.5)
(0.185684356525 0.386295858301 -0.5)
(0.195227017426 0.386413817813 -0.5)
(0.204772982574 0.386413817813 -0.5)
(0.214315643475 0.386295858301 -0.5)
(0.223848401999 0.386060309217 -0.5)
(0.23336469107 0.385707909281 -0.5)
(0.242857995264 0.385239763675 -0.5)
(0.252321871242 0.38465734058 -0.5)
(0.261749967953 0.383962466569 -0.5)
(0.271136046561 0.383157320877 -0.5)
(0.280474 0.382244428571 -0.5)
(0.12890714543 0.392104880585 -0.5)
(0.138320374306 0.392641644379 -0.5)
(0.147761615251 0.39310489372 -0.5)
(0.157226709039 0.393493175784 -0.5)
(0.166711421639 0.393805272854 -0.5)
(0.176211457491 0.394040206145 -0.5)
(0.185722472977 0.394197238868 -0.5)
(0.195240090049 0.394275878542 -0.5)
(0.204759909951 0.394275878542 -0.5)
(0.214277527023 0.394197238868 -0.5)
(0.223788542509 0.394040206145 -0.5)
(0.233288578361 0.393805272854 -0.5)
(0.242773290961 0.393493175784 -0.5)
(0.252238384749 0.39310489372 -0.5)
(0.261679625694 0.392641644379 -0.5)
(0.27109285457 0.392104880585 -0.5)
(0.280474 0.391496285714 -0.5)
(0.128950337421 0.401052440292 -0.5)
(0.138390716565 0.40132082219 -0.5)
(0.147845101743 0.40155244686 -0.5)
(0.157311413343 0.401746587892 -0.5)
(0.166787534349 0.401902636427 -0.5)
(0.176271316981 0.402020103072 -0.5)
(0.18576058943 0.402098619434 -0.5)
(0.195253162671 0.402137939271 -0.5)
(0.204746837329 0.402137939271 -0.5)
(0.21423941057 0.402098619434 -0.5)
(0.223728683019 0.402020103072 -0.5)
(0.233212465651 0.401902636427 -0.5)
(0.242688586657 0.401746587892 -0.5)
(0.252154898257 0.40155244686 -0.5)
(0.261609283435 0.40132082219 -0.5)
(0.271049662579 0.401052440292 -0.5)
(0.280474 0.400748142857 -0.5)
(0.128993529412 0.41 -0.5)
(0.138461058824 0.41 -0.5)
(0.147928588235 0.41 -0.5)
(0.157396117647 0.41 -0.5)
(0.166863647059 0.41 -0.5)
(0.176331176471 0.41 -0.5)
(0.185798705882 0.41 -0.5)
(0.195266235294 0.41 -0.5)
(0.204733764706 0.41 -0.5)
(0.214201294118 0.41 -0.5)
(0.223668823529 0.41 -0.5)
(0.233136352941 0.41 -0.5)
(0.242603882353 0.41 -0.5)
(0.252071411765 0.41 -0.5)
(0.261538941176 0.41 -0.5)
(0.271006470588 0.41 -0.5)
(0.280474 0.41 -0.5)
(0.128432033531 0.2936817238 0.5)
(0.137546609457 0.297170688464 0.5)
(0.146843263835 0.300181809182 0.5)
(0.156294961697 0.302705642593 0.5)
(0.165874181833 0.304734273551 0.5)
(0.175553003103 0.306261339942 0.5)
(0.185303192 0.307282052639 0.5)
(0.195096291199 0.307793210525 0.5)
(0.204903708801 0.307793210525 0.5)
(0.214696808 0.307282052639 0.5)
(0.224446996897 0.306261339942 0.5)
(0.234125818167 0.304734273551 0.5)
(0.243705038303 0.302705642593 0.5)
(0.253156736165 0.300181809182 0.5)
(0.262453390543 0.297170688464 0.5)
(0.271567966469 0.2936817238 0.5)
(0.280474 0.289725857143 0.5)
(0.128475225522 0.302629283507 0.5)
(0.137616951716 0.305849866275 0.5)
(0.146926750327 0.308629362322 0.5)
(0.156379666001 0.310959054701 0.5)
(0.165950294543 0.312831637124 0.5)
(0.175612862593 0.314241236869 0.5)
(0.185341308453 0.315183433205 0.5)
(0.195109363822 0.315655271254 0.5)
(0.204890636178 0.315655271254 0.5)
(0.214658691547 0.315183433205 0.5)
(0.224387137407 0.314241236869 0.5)
(0.234049705457 0.312831637124 0.5)
(0.243620333999 0.310959054701 0.5)
(0.253073249673 0.308629362322 0.5)
(0.262383048284 0.305849866275 0.5)
(0.271524774478 0.302629283507 0.5)
(0.280474 0.298977714286 0.5)
(0.128518417513 0.311576843215 0.5)
(0.137687293975 0.314529044085 0.5)
(0.14701023682 0.317076915462 0.5)
(0.156464370305 0.31921246681 0.5)
(0.166026407252 0.320929000697 0.5)
(0.175672722082 0.322221133797 0.5)
(0.185379424905 0.323084813772 0.5)
(0.195122436445 0.323517331983 0.5)
(0.204877563555 0.323517331983 0.5)
(0.214620575095 0.323084813772 0.5)
(0.224327277918 0.322221133797 0.5)
(0.233973592748 0.320929000697 0.5)
(0.243535629695 0.31921246681 0.5)
(0.25298976318 0.317076915462 0.5)
(0.262312706025 0.314529044085 0.5)
(0.271481582487 0.311576843215 0.5)
(0.280474 0.308229571429 0.5)
(0.128561609504 0.320524402923 0.5)
(0.137757636234 0.323208221896 0.5)
(0.147093723312 0.325524468601 0.5)
(0.156549074609 0.327465878918 0.5)
(0.166102519962 0.32902636427 0.5)
(0.175732581572 0.330201030724 0.5)
(0.185417541358 0.330986194338 0.5)
(0.195135509067 0.331379392711 0.5)
(0.204864490933 0.331379392711 0.5)
(0.214582458642 0.330986194338 0.5)
(0.224267418428 0.330201030724 0.5)
(0.233897480038 0.32902636427 0.5)
(0.243450925391 0.327465878918 0.5)
(0.252906276688 0.325524468601 0.5)
(0.262242363766 0.323208221896 0.5)
(0.271438390496 0.320524402923 0.5)
(0.280474 0.317481428571 0.5)
(0.128604801494 0.329471962631 0.5)
(0.137827978493 0.331887399706 0.5)
(0.147177209804 0.333972021741 0.5)
(0.156633778912 0.335719291026 0.5)
(0.166178632672 0.337123727843 0.5)
(0.175792441062 0.338180927652 0.5)
(0.18545565781 0.338887574904 0.5)
(0.19514858169 0.33924145344 0.5)
(0.20485141831 0.33924145344 0.5)
(0.21454434219 0.338887574904 0.5)
(0.224207558938 0.338180927652 0.5)
(0.233821367328 0.337123727843 0.5)
(0.243366221088 0.335719291026 0.5)
(0.252822790196 0.333972021741 0.5)
(0.262172021507 0.331887399706 0.5)
(0.271395198506 0.329471962631 0.5)
(0.280474 0.326733285714 0.5)
(0.128647993485 0.338419522338 0.5)
(0.137898320752 0.340566577516 0.5)
(0.147260696297 0.342419574881 0.5)
(0.156718483216 0.343972703134 0.5)
(0.166254745381 0.345221091416 0.5)
(0.175852300552 0.346160824579 0.5)
(0.185493774262 0.34678895547 0.5)
(0.195161654313 0.347103514169 0.5)
(0.204838345687 0.347103514169 0.5)
(0.214506225738 0.34678895547 0.5)
(0.224147699448 0.346160824579 0.5)
(0.233745254619 0.345221091416 0.5)
(0.243281516784 0.343972703134 0.5)
(0.252739303703 0.342419574881 0.5)
(0.262101679248 0.340566577516 0.5)
(0.271352006515 0.338419522338 0.5)
(0.280474 0.335985142857 0.5)
(0.128691185476 0.347367082046 0.5)
(0.137968663011 0.349245755327 0.5)
(0.147344182789 0.350867128021 0.5)
(0.15680318752 0.352226115243 0.5)
(0.166330858091 0.353318454989 0.5)
(0.175912160042 0.354140721507 0.5)
(0.185531890715 0.354690336037 0.5)
(0.195174726935 0.354965574898 0.5)
(0.204825273065 0.354965574898 0.5)
(0.214468109285 0.354690336037 0.5)
(0.224087839958 0.354140721507 0.5)
(0.233669141909 0.353318454989 0.5)
(0.24319681248 0.352226115243 0.5)
(0.252655817211 0.350867128021 0.5)
(0.262031336989 0.349245755327 0.5)
(0.271308814524 0.347367082046 0.5)
(0.280474 0.345237 0.5)
(0.128734377467 0.356314641754 0.5)
(0.13803900527 0.357924933137 0.5)
(0.147427669281 0.359314681161 0.5)
(0.156887891824 0.360479527351 0.5)
(0.166406970801 0.361415818562 0.5)
(0.175972019532 0.362120618435 0.5)
(0.185570007167 0.362591716603 0.5)
(0.195187799558 0.362827635627 0.5)
(0.204812200442 0.362827635627 0.5)
(0.214429992833 0.362591716603 0.5)
(0.224027980468 0.362120618435 0.5)
(0.233593029199 0.361415818562 0.5)
(0.243112108176 0.360479527351 0.5)
(0.252572330719 0.359314681161 0.5)
(0.26196099473 0.357924933137 0.5)
(0.271265622533 0.356314641754 0.5)
(0.280474 0.354488857143 0.5)
(0.128777569458 0.365262201461 0.5)
(0.138109347529 0.366604110948 0.5)
(0.147511155774 0.367762234301 0.5)
(0.156972596128 0.368732939459 0.5)
(0.16648308351 0.369513182135 0.5)
(0.176031879021 0.370100515362 0.5)
(0.18560812362 0.370493097169 0.5)
(0.195200872181 0.370689696356 0.5)
(0.204799127819 0.370689696356 0.5)
(0.21439187638 0.370493097169 0.5)
(0.223968120979 0.370100515362 0.5)
(0.23351691649 0.369513182135 0.5)
(0.243027403872 0.368732939459 0.5)
(0.252488844226 0.367762234301 0.5)
(0.261890652471 0.366604110948 0.5)
(0.271222430542 0.365262201461 0.5)
(0.280474 0.363740714286 0.5)
(0.128820761449 0.374209761169 0.5)
(0.138179689788 0.375283288758 0.5)
(0.147594642266 0.376209787441 0.5)
(0.157057300432 0.376986351567 0.5)
(0.16655919622 0.377610545708 0.5)
(0.176091738511 0.37808041229 0.5)
(0.185646240072 0.378394477735 0.5)
(0.195213944803 0.378551757085 0.5)
(0.204786055197 0.378551757085 0.5)
(0.214353759928 0.378394477735 0.5)
(0.223908261489 0.37808041229 0.5)
(0.23344080378 0.377610545708 0.5)
(0.242942699568 0.376986351567 0.5)
(0.252405357734 0.376209787441 0.5)
(0.261820310212 0.375283288758 0.5)
(0.271179238551 0.374209761169 0.5)
(0.280474 0.372992571429 0.5)
(0.128863953439 0.383157320877 0.5)
(0.138250032047 0.383962466569 0.5)
(0.147678128758 0.38465734058 0.5)
(0.157142004736 0.385239763675 0.5)
(0.16663530893 0.385707909281 0.5)
(0.176151598001 0.386060309217 0.5)
(0.185684356525 0.386295858301 0.5)
(0.195227017426 0.386413817813 0.5)
(0.204772982574 0.386413817813 0.5)
(0.214315643475 0.386295858301 0.5)
(0.223848401999 0.386060309217 0.5)
(0.23336469107 0.385707909281 0.5)
(0.242857995264 0.385239763675 0.5)
(0.252321871242 0.38465734058 0.5)
(0.261749967953 0.383962466569 0.5)
(0.271136046561 0.383157320877 0.5)
(0.280474 0.382244428571 0.5)
(0.12890714543 0.392104880585 0.5)
(0.138320374306 0.392641644379 0.5)
(0.147761615251 0.39310489372 0.5)
(0.157226709039 0.393493175784 0.5)
(0.166711421639 0.393805272854 0.5)
(0.176211457491 0.394040206145 0.5)
(0.185722472977 0.394197238868 0.5)
(0.195240090049 0.394275878542 0.5)
(0.204759909951 0.394275878542 0.5)
(0.214277527023 0.394197238868 0.5)
(0.223788542509 0.394040206145 0.5)
(0.233288578361 0.393805272854 0.5)
(0.242773290961 0.393493175784 0.5)
(0.252238384749 0.39310489372 0.5)
(0.261679625694 0.392641644379 0.5)
(0.27109285457 0.392104880585 0.5)
(0.280474 0.391496285714 0.5)
(0.128950337421 0.401052440292 0.5)
(0.138390716565 0.40132082219 0.5)
(0.147845101743 0.40155244686 0.5)
(0.157311413343 0.401746587892 0.5)
(0.166787534349 0.401902636427 0.5)
(0.176271316981 0.402020103072 0.5)
(0.18576058943 0.402098619434 0.5)
(0.195253162671 0.402137939271 0.5)
(0.204746837329 0.402137939271 0.5)
(0.21423941057 0.402098619434 0.5)
(0.223728683019 0.402020103072 0.5)
(0.233212465651 0.401902636427 0.5)
(0.242688586657 0.401746587892 0.5)
(0.252154898257 0.40155244686 0.5)
(0.261609283435 0.40132082219 0.5)
(0.271049662579 0.401052440292 0.5)
(0.280474 0.400748142857 0.5)
(0.128993529412 0.41 0.5)
(0.138461058824 0.41 0.5)
(0.147928588235 0.41 0.5)
(0.157396117647 0.41 0.5)
(0.166863647059 0.41 0.5)
(0.176331176471 0.41 0.5)
(0.185798705882 0.41 0.5)
(0.195266235294 0.41 0.5)
(0.204733764706 0.41 0.5)
(0.214201294118 0.41 0.5)
(0.223668823529 0.41 0.5)
(0.233136352941 0.41 0.5)
(0.242603882353 0.41 0.5)
(0.252071411765 0.41 0.5)
(0.261538941176 0.41 0.5)
(0.271006470588 0.41 0.5)
(0.280474 0.41 0.5)
(0.289871823529 0.289725857143 -0.5)
(0.299269647059 0.289725857143 -0.5)
(0.308667470588 0.289725857143 -0.5)
(0.318065294118 0.289725857143 -0.5)
(0.327463117647 0.289725857143 -0.5)
(0.336860941176 0.289725857143 -0.5)
(0.346258764706 0.289725857143 -0.5)
(0.355656588235 0.289725857143 -0.5)
(0.365054411765 0.289725857143 -0.5)
(0.374452235294 0.289725857143 -0.5)
(0.383850058824 0.289725857143 -0.5)
(0.393247882353 0.289725857143 -0.5)
(0.402645705882 0.289725857143 -0.5)
(0.412043529412 0.289725857143 -0.5)
(0.421441352941 0.289725857143 -0.5)
(0.430839176471 0.289725857143 -0.5)
(0.440237 0.289725857143 -0.5)
(0.449634823529 0.289725857143 -0.5)
(0.459032647059 0.289725857143 -0.5)
(0.468430470588 0.289725857143 -0.5)
(0.477828294118 0.289725857143 -0.5)
(0.487226117647 0.289725857143 -0.5)
(0.496623941176 0.289725857143 -0.5)
(0.506021764706 0.289725857143 -0.5)
(0.515419588235 0.289725857143 -0.5)
(0.524817411765 0.289725857143 -0.5)
(0.534215235294 0.289725857143 -0.5)
(0.543613058824 0.289725857143 -0.5)
(0.553010882353 0.289725857143 -0.5)
(0.562408705882 0.289725857143 -0.5)
(0.571806529412 0.289725857143 -0.5)
(0.581204352941 0.289725857143 -0.5)
(0.590602176471 0.289725857143 -0.5)
(0.6 0.289725857143 -0.5)
(0.289871823529 0.298977714286 -0.5)
(0.299269647059 0.298977714286 -0.5)
(0.308667470588 0.298977714286 -0.5)
(0.318065294118 0.298977714286 -0.5)
(0.327463117647 0.298977714286 -0.5)
(0.336860941176 0.298977714286 -0.5)
(0.346258764706 0.298977714286 -0.5)
(0.355656588235 0.298977714286 -0.5)
(0.365054411765 0.298977714286 -0.5)
(0.374452235294 0.298977714286 -0.5)
(0.383850058824 0.298977714286 -0.5)
(0.393247882353 0.298977714286 -0.5)
(0.402645705882 0.298977714286 -0.5)
(0.412043529412 0.298977714286 -0.5)
(0.421441352941 0.298977714286 -0.5)
(0.430839176471 0.298977714286 -0.5)
(0.440237 0.298977714286 -0.5)
(0.449634823529 0.298977714286 -0.5)
(0.459032647059 0.298977714286 -0.5)
(0.468430470588 0.298977714286 -0.5)
(0.477828294118 0.298977714286 -0.5)
(0.487226117647 0.298977714286 -0.5)
(0.496623941176 0.298977714286 -0.5)
(0.506021764706 0.298977714286 -0.5)
(0.515419588235 0.298977714286 -0.5)
(0.524817411765 0.298977714286 -0.5)
(0.534215235294 0.298977714286 -0.5)
(0.543613058824 0.298977714286 -0.5)
(0.553010882353 0.298977714286 -0.5)
(0.562408705882 0.298977714286 -0.5)
(0.571806529412 0.298977714286 -0.5)
(0.581204352941 0.298977714286 -0.5)
(0.590602176471 0.298977714286 -0.5)
(0.6 0.298977714286 -0.5)
(0.289871823529 0.308229571429 -0.5)
(0.299269647059 0.308229571429 -0.5)
(0.308667470588 0.308229571429 -0.5)
(0.318065294118 0.308229571429 -0.5)
(0.327463117647 0.308229571429 -0.5)
(0.336860941176 0.308229571429 -0.5)
(0.346258764706 0.308229571429 -0.5)
(0.355656588235 0.308229571429 -0.5)
(0.365054411765 0.308229571429 -0.5)
(0.374452235294 0.308229571429 -0.5)
(0.383850058824 0.308229571429 -0.5)
(0.393247882353 0.308229571429 -0.5)
(0.402645705882 0.308229571429 -0.5)
(0.412043529412 0.308229571429 -0.5)
(0.421441352941 0.308229571429 -0.5)
(0.430839176471 0.308229571429 -0.5)
(0.440237 0.308229571429 -0.5)
(0.449634823529 0.308229571429 -0.5)
(0.459032647059 0.308229571429 -0.5)
(0.468430470588 0.308229571429 -0.5)
(0.477828294118 0.308229571429 -0.5)
(0.487226117647 0.308229571429 -0.5)
(0.496623941176 0.308229571429 -0.5)
(0.506021764706 0.308229571429 -0.5)
(0.515419588235 0.308229571429 -0.5)
(0.524817411765 0.308229571429 -0.5)
(0.534215235294 0.308229571429 -0.5)
(0.543613058824 0.308229571429 -0.5)
(0.553010882353 0.308229571429 -0.5)
(0.562408705882 0.308229571429 -0.5)
(0.571806529412 0.308229571429 -0.5)
(0.581204352941 0.308229571429 -0.5)
(0.590602176471 0.308229571429 -0.5)
(0.6 0.308229571429 -0.5)
(0.289871823529 0.317481428571 -0.5)
(0.299269647059 0.317481428571 -0.5)
(0.308667470588 0.317481428571 -0.5)
(0.318065294118 0.317481428571 -0.5)
(0.327463117647 0.317481428571 -0.5)
(0.336860941176 0.317481428571 -0.5)
(0.346258764706 0.317481428571 -0.5)
(0.355656588235 0.317481428571 -0.5)
(0.365054411765 0.317481428571 -0.5)
(0.374452235294 0.317481428571 -0.5)
(0.383850058824 0.317481428571 -0.5)
(0.393247882353 0.317481428571 -0.5)
(0.402645705882 0.317481428571 -0.5)
(0.412043529412 0.317481428571 -0.5)
(0.421441352941 0.317481428571 -0.5)
(0.430839176471 0.317481428571 -0.5)
(0.440237 0.317481428571 -0.5)
(0.449634823529 0.317481428571 -0.5)
(0.459032647059 0.317481428571 -0.5)
(0.468430470588 0.317481428571 -0.5)
(0.477828294118 0.317481428571 -0.5)
(0.487226117647 0.317481428571 -0.5)
(0.496623941176 0.317481428571 -0.5)
(0.506021764706 0.317481428571 -0.5)
(0.515419588235 0.317481428571 -0.5)
(0.524817411765 0.317481428571 -0.5)
(0.534215235294 0.317481428571 -0.5)
(0.543613058824 0.317481428571 -0.5)
(0.553010882353 0.317481428571 -0.5)
(0.562408705882 0.317481428571 -0.5)
(0.571806529412 0.317481428571 -0.5)
(0.581204352941 0.317481428571 -0.5)
(0.590602176471 0.317481428571 -0.5)
(0.6 0.317481428571 -0.5)
(0.289871823529 0.326733285714 -0.5)
(0.299269647059 0.326733285714 -0.5)
(0.308667470588 0.326733285714 -0.5)
(0.318065294118 0.326733285714 -0.5)
(0.327463117647 0.326733285714 -0.5)
(0.336860941176 0.326733285714 -0.5)
(0.346258764706 0.326733285714 -0.5)
(0.355656588235 0.326733285714 -0.5)
(0.365054411765 0.326733285714 -0.5)
(0.374452235294 0.326733285714 -0.5)
(0.383850058824 0.326733285714 -0.5)
(0.393247882353 0.326733285714 -0.5)
(0.402645705882 0.326733285714 -0.5)
(0.412043529412 0.326733285714 -0.5)
(0.421441352941 0.326733285714 -0.5)
(0.430839176471 0.326733285714 -0.5)
(0.440237 0.326733285714 -0.5)
(0.449634823529 0.326733285714 -0.5)
(0.459032647059 0.326733285714 -0.5)
(0.468430470588 0.326733285714 -0.5)
(0.477828294118 0.326733285714 -0.5)
(0.487226117647 0.326733285714 -0.5)
(0.496623941176 0.326733285714 -0.5)
(0.506021764706 0.326733285714 -0.5)
(0.515419588235 0.326733285714 -0.5)
(0.524817411765 0.326733285714 -0.5)
(0.534215235294 0.326733285714 -0.5)
(0.543613058824 0.326733285714 -0.5)
(0.553010882353 0.326733285714 -0.5)
(0.562408705882 0.326733285714 -0.5)
(0.571806529412 0.326733285714 -0.5)
(0.581204352941 0.326733285714 -0.5)
(0.590602176471 0.326733285714 -0.5)
(0.6 0.326733285714 -0.5)
(0.289871823529 0.335985142857 -0.5)
(0.299269647059 0.335985142857 -0.5)
(0.308667470588 0.335985142857 -0.5)
(0.318065294118 0.335985142857 -0.5)
(0.327463117647 0.335985142857 -0.5)
(0.336860941176 0.335985142857 -0.5)
(0.346258764706 0.335985142857 -0.5)
(0.355656588235 0.335985142857 -0.5)
(0.365054411765 0.335985142857 -0.5)
(0.374452235294 0.335985142857 -0.5)
(0.383850058824 0.335985142857 -0.5)
(0.393247882353 0.335985142857 -0.5)
(0.402645705882 0.335985142857 -0.5)
(0.412043529412 0.335985142857 -0.5)
(0.421441352941 0.335985142857 -0.5)
(0.430839176471 0.335985142857 -0.5)
(0.440237 0.335985142857 -0.5)
(0.449634823529 0.335985142857 -0.5)
(0.459032647059 0.335985142857 -0.5)
(0.468430470588 0.335985142857 -0.5)
(0.477828294118 0.335985142857 -0.5)
(0.487226117647 0.335985142857 -0.5)
(0.496623941176 0.335985142857 -0.5)
(0.506021764706 0.335985142857 -0.5)
(0.515419588235 0.335985142857 -0.5)
(0.524817411765 0.335985142857 -0.5)
(0.534215235294 0.335985142857 -0.5)
(0.543613058824 0.335985142857 -0.5)
(0.553010882353 0.335985142857 -0.5)
(0.562408705882 0.335985142857 -0.5)
(0.571806529412 0.335985142857 -0.5)
(0.581204352941 0.335985142857 -0.5)
(0.590602176471 0.335985142857 -0.5)
(0.6 0.335985142857 -0.5)
(0.289871823529 0.345237 -0.5)
(0.299269647059 0.345237 -0.5)
(0.308667470588 0.345237 -0.5)
(0.318065294118 0.345237 -0.5)
(0.327463117647 0.345237 -0.5)
(0.336860941176 0.345237 -0.5)
(0.346258764706 0.345237 -0.5)
(0.355656588235 0.345237 -0.5)
(0.365054411765 0.345237 -0.5)
(0.374452235294 0.345237 -0.5)
(0.383850058824 0.345237 -0.5)
(0.393247882353 0.345237 -0.5)
(0.402645705882 0.345237 -0.5)
(0.412043529412 0.345237 -0.5)
(0.421441352941 0.345237 -0.5)
(0.430839176471 0.345237 -0.5)
(0.440237 0.345237 -0.5)
(0.449634823529 0.345237 -0.5)
(0.459032647059 0.345237 -0.5)
(0.468430470588 0.345237 -0.5)
(0.477828294118 0.345237 -0.5)
(0.487226117647 0.345237 -0.5)
(0.496623941176 0.345237 -0.5)
(0.506021764706 0.345237 -0.5)
(0.515419588235 0.345237 -0.5)
(0.524817411765 0.345237 -0.5)
(0.534215235294 0.345237 -0.5)
(0.543613058824 0.345237 -0.5)
(0.553010882353 0.345237 -0.5)
(0.562408705882 0.345237 -0.5)
(0.571806529412 0.345237 -0.5)
(0.581204352941 0.345237 -0.5)
(0.590602176471 0.345237 -0.5)
(0.6 0.345237 -0.5)
(0.289871823529 0.354488857143 -0.5)
(0.299269647059 0.354488857143 -0.5)
(0.308667470588 0.354488857143 -0.5)
(0.318065294118 0.354488857143 -0.5)
(0.327463117647 0.354488857143 -0.5)
(0.336860941176 0.354488857143 -0.5)
(0.346258764706 0.354488857143 -0.5)
(0.355656588235 0.354488857143 -0.5)
(0.365054411765 0.354488857143 -0.5)
(0.374452235294 0.354488857143 -0.5)
(0.383850058824 0.354488857143 -0.5)
(0.393247882353 0.354488857143 -0.5)
(0.402645705882 0.354488857143 -0.5)
(0.412043529412 0.354488857143 -0.5)
(0.421441352941 0.354488857143 -0.5)
(0.430839176471 0.354488857143 -0.5)
(0.440237 0.354488857143 -0.5)
(0.449634823529 0.354488857143 -0.5)
(0.459032647059 0.354488857143 -0.5)
(0.468430470588 0.354488857143 -0.5)
(0.477828294118 0.354488857143 -0.5)
(0.487226117647 0.354488857143 -0.5)
(0.496623941176 0.354488857143 -0.5)
(0.506021764706 0.354488857143 -0.5)
(0.515419588235 0.354488857143 -0.5)
(0.524817411765 0.354488857143 -0.5)
(0.534215235294 0.354488857143 -0.5)
(0.543613058824 0.354488857143 -0.5)
(0.553010882353 0.354488857143 -0.5)
(0.562408705882 0.354488857143 -0.5)
(0.571806529412 0.354488857143 -0.5)
(0.581204352941 0.354488857143 -0.5)
(0.590602176471 0.354488857143 -0.5)
(0.6 0.354488857143 -0.5)
(0.289871823529 0.363740714286 -0.5)
(0.299269647059 0.363740714286 -0.5)
(0.308667470588 0.363740714286 -0.5)
(0.318065294118 0.363740714286 -0.5)
(0.327463117647 0.363740714286 -0.5)
(0.336860941176 0.363740714286 -0.5)
(0.346258764706 0.363740714286 -0.5)
(0.355656588235 0.363740714286 -0.5)
(0.365054411765 0.363740714286 -0.5)
(0.374452235294 0.363740714286 -0.5)
(0.383850058824 0.363740714286 -0.5)
(0.393247882353 0.363740714286 -0.5)
(0.402645705882 0.363740714286 -0.5)
(0.412043529412 0.363740714286 -0.5)
(0.421441352941 0.363740714286 -0.5)
(0.430839176471 0.363740714286 -0.5)
(0.440237 0.363740714286 -0.5)
(0.449634823529 0.363740714286 -0.5)
(0.459032647059 0.363740714286 -0.5)
(0.468430470588 0.363740714286 -0.5)
(0.477828294118 0.363740714286 -0.5)
(0.487226117647 0.363740714286 -0.5)
(0.496623941176 0.363740714286 -0.5)
(0.506021764706 0.363740714286 -0.5)
(0.515419588235 0.363740714286 -0.5)
(0.524817411765 0.363740714286 -0.5)
(0.534215235294 0.363740714286 -0.5)
(0.543613058824 0.363740714286 -0.5)
(0.553010882353 0.363740714286 -0.5)
(0.562408705882 0.363740714286 -0.5)
(0.571806529412 0.363740714286 -0.5)
(0.581204352941 0.363740714286 -0.5)
(0.590602176471 0.363740714286 -0.5)
(0.6 0.363740714286 -0.5)
(0.289871823529 0.372992571429 -0.5)
(0.299269647059 0.372992571429 -0.5)
(0.308667470588 0.372992571429 -0.5)
(0.318065294118 0.372992571429 -0.5)
(0.327463117647 0.372992571429 -0.5)
(0.336860941176 0.372992571429 -0.5)
(0.346258764706 0.372992571429 -0.5)
(0.355656588235 0.372992571429 -0.5)
(0.365054411765 0.372992571429 -0.5)
(0.374452235294 0.372992571429 -0.5)
(0.383850058824 0.372992571429 -0.5)
(0.393247882353 0.372992571429 -0.5)
(0.402645705882 0.372992571429 -0.5)
(0.412043529412 0.372992571429 -0.5)
(0.421441352941 0.372992571429 -0.5)
(0.430839176471 0.372992571429 -0.5)
(0.440237 0.372992571429 -0.5)
(0.449634823529 0.372992571429 -0.5)
(0.459032647059 0.372992571429 -0.5)
(0.468430470588 0.372992571429 -0.5)
(0.477828294118 0.372992571429 -0.5)
(0.487226117647 0.372992571429 -0.5)
(0.496623941176 0.372992571429 -0.5)
(0.506021764706 0.372992571429 -0.5)
(0.515419588235 0.372992571429 -0.5)
(0.524817411765 0.372992571429 -0.5)
(0.534215235294 0.372992571429 -0.5)
(0.543613058824 0.372992571429 -0.5)
(0.553010882353 0.372992571429 -0.5)
(0.562408705882 0.372992571429 -0.5)
(0.571806529412 0.372992571429 -0.5)
(0.581204352941 0.372992571429 -0.5)
(0.590602176471 0.372992571429 -0.5)
(0.6 0.372992571429 -0.5)
(0.289871823529 0.382244428571 -0.5)
(0.299269647059 0.382244428571 -0.5)
(0.308667470588 0.382244428571 -0.5)
(0.318065294118 0.382244428571 -0.5)
(0.327463117647 0.382244428571 -0.5)
(0.336860941176 0.382244428571 -0.5)
(0.346258764706 0.382244428571 -0.5)
(0.355656588235 0.382244428571 -0.5)
(0.365054411765 0.382244428571 -0.5)
(0.374452235294 0.382244428571 -0.5)
(0.383850058824 0.382244428571 -0.5)
(0.393247882353 0.382244428571 -0.5)
(0.402645705882 0.382244428571 -0.5)
(0.412043529412 0.382244428571 -0.5)
(0.421441352941 0.382244428571 -0.5)
(0.430839176471 0.382244428571 -0.5)
(0.440237 0.382244428571 -0.5)
(0.449634823529 0.382244428571 -0.5)
(0.459032647059 0.382244428571 -0.5)
(0.468430470588 0.382244428571 -0.5)
(0.477828294118 0.382244428571 -0.5)
(0.487226117647 0.382244428571 -0.5)
(0.496623941176 0.382244428571 -0.5)
(0.506021764706 0.382244428571 -0.5)
(0.515419588235 0.382244428571 -0.5)
(0.524817411765 0.382244428571 -0.5)
(0.534215235294 0.382244428571 -0.5)
(0.543613058824 0.382244428571 -0.5)
(0.553010882353 0.382244428571 -0.5)
(0.562408705882 0.382244428571 -0.5)
(0.571806529412 0.382244428571 -0.5)
(0.581204352941 0.382244428571 -0.5)
(0.590602176471 0.382244428571 -0.5)
(0.6 0.382244428571 -0.5)
(0.289871823529 0.391496285714 -0.5)
(0.299269647059 0.391496285714 -0.5)
(0.308667470588 0.391496285714 -0.5)
(0.318065294118 0.391496285714 -0.5)
(0.327463117647 0.391496285714 -0.5)
(0.336860941176 0.391496285714 -0.5)
(0.346258764706 0.391496285714 -0.5)
(0.355656588235 0.391496285714 -0.5)
(0.365054411765 0.391496285714 -0.5)
(0.374452235294 0.391496285714 -0.5)
(0.383850058824 0.391496285714 -0.5)
(0.393247882353 0.391496285714 -0.5)
(0.402645705882 0.391496285714 -0.5)
(0.412043529412 0.391496285714 -0.5)
(0.421441352941 0.391496285714 -0.5)
(0.430839176471 0.391496285714 -0.5)
(0.440237 0.391496285714 -0.5)
(0.449634823529 0.391496285714 -0.5)
(0.459032647059 0.391496285714 -0.5)
(0.468430470588 0.391496285714 -0.5)
(0.477828294118 0.391496285714 -0.5)
(0.487226117647 0.391496285714 -0.5)
(0.496623941176 0.391496285714 -0.5)
(0.506021764706 0.391496285714 -0.5)
(0.515419588235 0.391496285714 -0.5)
(0.524817411765 0.391496285714 -0.5)
(0.534215235294 0.391496285714 -0.5)
(0.543613058824 0.391496285714 -0.5)
(0.553010882353 0.391496285714 -0.5)
(0.562408705882 0.391496285714 -0.5)
(0.571806529412 0.391496285714 -0.5)
(0.581204352941 0.391496285714 -0.5)
(0.590602176471 0.391496285714 -0.5)
(0.6 0.391496285714 -0.5)
(0.289871823529 0.400748142857 -0.5)
(0.299269647059 0.400748142857 -0.5)
(0.308667470588 0.400748142857 -0.5)
(0.318065294118 0.400748142857 -0.5)
(0.327463117647 0.400748142857 -0.5)
(0.336860941176 0.400748142857 -0.5)
(0.346258764706 0.400748142857 -0.5)
(0.355656588235 0.400748142857 -0.5)
(0.365054411765 0.400748142857 -0.5)
(0.374452235294 0.400748142857 -0.5)
(0.383850058824 0.400748142857 -0.5)
(0.393247882353 0.400748142857 -0.5)
(0.402645705882 0.400748142857 -0.5)
(0.412043529412 0.400748142857 -0.5)
(0.421441352941 0.400748142857 -0.5)
(0.430839176471 0.400748142857 -0.5)
(0.440237 0.400748142857 -0.5)
(0.449634823529 0.400748142857 -0.5)
(0.459032647059 0.400748142857 -0.5)
(0.468430470588 0.400748142857 -0.5)
(0.477828294118 0.400748142857 -0.5)
(0.487226117647 0.400748142857 -0.5)
(0.496623941176 0.400748142857 -0.5)
(0.506021764706 0.400748142857 -0.5)
(0.515419588235 0.400748142857 -0.5)
(0.524817411765 0.400748142857 -0.5)
(0.534215235294 0.400748142857 -0.5)
(0.543613058824 0.400748142857 -0.5)
(0.553010882353 0.400748142857 -0.5)
(0.562408705882 0.400748142857 -0.5)
(0.571806529412 0.400748142857 -0.5)
(0.581204352941 0.400748142857 -0.5)
(0.590602176471 0.400748142857 -0.5)
(0.6 0.400748142857 -0.5)
(0.289871823529 0.41 -0.5)
(0.299269647059 0.41 -0.5)
(0.308667470588 0.41 -0.5)
(0.318065294118 0.41 -0.5)
(0.327463117647 0.41 -0.5)
(0.336860941176 0.41 -0.5)
(0.346258764706 0.41 -0.5)
(0.355656588235 0.41 -0.5)
(0.365054411765 0.41 -0.5)
(0.374452235294 0.41 -0.5)
(0.383850058824 0.41 -0.5)
(0.393247882353 0.41 -0.5)
(0.402645705882 0.41 -0.5)
(0.412043529412 0.41 -0.5)
(0.421441352941 0.41 -0.5)
(0.430839176471 0.41 -0.5)
(0.440237 0.41 -0.5)
(0.449634823529 0.41 -0.5)
(0.459032647059 0.41 -0.5)
(0.468430470588 0.41 -0.5)
(0.477828294118 0.41 -0.5)
(0.487226117647 0.41 -0.5)
(0.496623941176 0.41 -0.5)
(0.506021764706 0.41 -0.5)
(0.515419588235 0.41 -0.5)
(0.524817411765 0.41 -0.5)
(0.534215235294 0.41 -0.5)
(0.543613058824 0.41 -0.5)
(0.553010882353 0.41 -0.5)
(0.562408705882 0.41 -0.5)
(0.571806529412 0.41 -0.5)
(0.581204352941 0.41 -0.5)
(0.590602176471 0.41 -0.5)
(0.6 0.41 -0.5)
(0.289871823529 0.289725857143 0.5)
(0.299269647059 0.289725857143 0.5)
(0.308667470588 0.289725857143 0.5)
(0.318065294118 0.289725857143 0.5)
(0.327463117647 0.289725857143 0.5)
(0.336860941176 0.289725857143 0.5)
(0.346258764706 0.289725857143 0.5)
(0.355656588235 0.289725857143 0.5)
(0.365054411765 0.289725857143 0.5)
(0.374452235294 0.289725857143 0.5)
(0.383850058824 0.289725857143 0.5)
(0.393247882353 0.289725857143 0.5)
(0.402645705882 0.289725857143 0.5)
(0.412043529412 0.289725857143 0.5)
(0.421441352941 0.289725857143 0.5)
(0.430839176471 0.289725857143 0.5)
(0.440237 0.289725857143 0.5)
(0.449634823529 0.289725857143 0.5)
(0.459032647059 0.289725857143 0.5)
(0.468430470588 0.289725857143 0.5)
(0.477828294118 0.289725857143 0.5)
(0.487226117647 0.289725857143 0.5)
(0.496623941176 0.289725857143 0.5)
(0.506021764706 0.289725857143 0.5)
(0.515419588235 0.289725857143 0.5)
(0.524817411765 0.289725857143 0.5)
(0.534215235294 0.289725857143 0.5)
(0.543613058824 0.289725857143 0.5)
(0.553010882353 0.289725857143 0.5)
(0.562408705882 0.289725857143 0.5)
(0.571806529412 0.289725857143 0.5)
(0.581204352941 0.289725857143 0.5)
(0.590602176471 0.289725857143 0.5)
(0.6 0.289725857143 0.5)
(0.289871823529 0.298977714286 0.5)
(0.299269647059 0.298977714286 0.5)
(0.308667470588 0.298977714286 0.5)
(0.318065294118 0.298977714286 0.5)
(0.327463117647 0.298977714286 0.5)
(0.336860941176 0.298977714286 0.5)
(0.346258764706 0.298977714286 0.5)
(0.355656588235 0.298977714286 0.5)
(0.365054411765 0.298977714286 0.5)
(0.374452235294 0.298977714286 0.5)
(0.383850058824 0.298977714286 0.5)
(0.393247882353 0.298977714286 0.5)
(0.402645705882 0.298977714286 0.5)
(0.412043529412 0.298977714286 0.5)
(0.421441352941 0.298977714286 0.5)
(0.430839176471 0.298977714286 0.5)
(0.440237 0.298977714286 0.5)
(0.449634823529 0.298977714286 0.5)
(0.459032647059 0.298977714286 0.5)
(0.468430470588 0.298977714286 0.5)
(0.477828294118 0.298977714286 0.5)
(0.487226117647 0.298977714286 0.5)
(0.496623941176 0.298977714286 0.5)
(0.506021764706 0.298977714286 0.5)
(0.515419588235 0.298977714286 0.5)
(0.524817411765 0.298977714286 0.5)
(0.534215235294 0.298977714286 0.5)
(0.543613058824 0.298977714286 0.5)
(0.553010882353 0.298977714286 0.5)
(0.562408705882 0.298977714286 0.5)
(0.571806529412 0.298977714286 0.5)
(0.581204352941 0.298977714286 0.5)
(0.590602176471 0.298977714286 0.5)
(0.6 0.298977714286 0.5)
(0.289871823529 0.308229571429 0.5)
(0.299269647059 0.308229571429 0.5)
(0.308667470588 0.308229571429 0.5)
(0.318065294118 0.308229571429 0.5)
(0.327463117647 0.308229571429 0.5)
(0.336860941176 0.308229571429 0.5)
(0.346258764706 0.308229571429 0.5)
(0.355656588235 0.308229571429 0.5)
(0.365054411765 0.308229571429 0.5)
(0.374452235294 0.308229571429 0.5)
(0.383850058824 0.308229571429 0.5)
(0.393247882353 0.308229571429 0.5)
(0.402645705882 0.308229571429 0.5)
(0.412043529412 0.308229571429 0.5)
(0.421441352941 0.308229571429 0.5)
(0.430839176471 0.308229571429 0.5)
(0.440237 0.308229571429 0.5)
(0.449634823529 0.308229571429 0.5)
(0.459032647059 0.308229571429 0.5)
(0.468430470588 0.308229571429 0.5)
(0.477828294118 0.308229571429 0.5)
(0.487226117647 0.308229571429 0.5)
(0.496623941176 0.308229571429 0.5)
(0.506021764706 0.308229571429 0.5)
(0.515419588235 0.308229571429 0.5)
(0.524817411765 0.308229571429 0.5)
(0.534215235294 0.308229571429 0.5)
(0.543613058824 0.308229571429 0.5)
(0.553010882353 0.308229571429 0.5)
(0.562408705882 0.308229571429 0.5)
(0.571806529412 0.308229571429 0.5)
(0.581204352941 0.308229571429 0.5)
(0.590602176471 0.308229571429 0.5)
(0.6 0.308229571429 0.5)
(0.289871823529 0.317481428571 0.5)
(0.299269647059 0.317481428571 0.5)
(0.308667470588 0.317481428571 0.5)
(0.318065294118 0.317481428571 0.5)
(0.327463117647 0.317481428571 0.5)
(0.336860941176 0.317481428571 0.5)
(0.346258764706 0.317481428571 0.5)
(0.355656588235 0.317481428571 0.5)
(0.365054411765 0.317481428571 0.5)
(0.374452235294 0.317481428571 0.5)
(0.383850058824 0.317481428571 0.5)
(0.393247882353 0.317481428571 0.5)
(0.402645705882 0.317481428571 0.5)
(0.412043529412 0.317481428571 0.5)
(0.421441352941 0.317481428571 0.5)
(0.430839176471 0.317481428571 0.5)
(0.440237 0.317481428571 0.5)
(0.449634823529 0.317481428571 0.5)
(0.459032647059 0.317481428571 0.5)
(0.468430470588 0.317481428571 0.5)
(0.477828294118 0.317481428571 0.5)
(0.487226117647 0.317481428571 0.5)
(0.496623941176 0.317481428571 0.5)
(0.506021764706 0.317481428571 0.5)
(0.515419588235 0.317481428571 0.5)
(0.524817411765 0.317481428571 0.5)
(0.534215235294 0.317481428571 0.5)
(0.543613058824 0.317481428571 0.5)
(0.553010882353 0.317481428571 0.5)
(0.562408705882 0.317481428571 0.5)
(0.571806529412 0.317481428571 0.5)
(0.581204352941 0.317481428571 0.5)
(0.590602176471 0.317481428571 0.5)
(0.6 0.317481428571 0.5)
(0.289871823529 0.326733285714 0.5)
(0.299269647059 0.326733285714 0.5)
(0.308667470588 0.326733285714 0.5)
(0.318065294118 0.326733285714 0.5)
(0.327463117647 0.326733285714 0.5)
(0.336860941176 0.326733285714 0.5)
(0.346258764706 0.326733285714 0.5)
(0.355656588235 0.326733285714 0.5)
(0.365054411765 0.326733285714 0.5)
(0.374452235294 0.326733285714 0.5)
(0.383850058824 0.326733285714 0.5)
(0.393247882353 0.326733285714 0.5)
(0.402645705882 0.326733285714 0.5)
(0.412043529412 0.326733285714 0.5)
(0.421441352941 0.326733285714 0.5)
(0.430839176471 0.326733285714 0.5)
(0.440237 0.326733285714 0.5)
(0.449634823529 0.326733285714 0.5)
(0.459032647059 0.326733285714 0.5)
(0.468430470588 0.326733285714 0.5)
(0.477828294118 0.326733285714 0.5)
(0.487226117647 0.326733285714 0.5)
(0.496623941176 0.326733285714 0.5)
(0.506021764706 0.326733285714 0.5)
(0.515419588235 0.326733285714 0.5)
(0.524817411765 0.326733285714 0.5)
(0.534215235294 0.326733285714 0.5)
(0.543613058824 0.326733285714 0.5)
(0.553010882353 0.326733285714 0.5)
(0.562408705882 0.326733285714 0.5)
(0.571806529412 0.326733285714 0.5)
(0.581204352941 0.326733285714 0.5)
(0.590602176471 0.326733285714 0.5)
(0.6 0.326733285714 0.5)
(0.289871823529 0.335985142857 0.5)
(0.299269647059 0.335985142857 0.5)
(0.308667470588 0.335985142857 0.5)
(0.318065294118 0.335985142857 0.5)
(0.327463117647 0.335985142857 0.5)
(0.336860941176 0.335985142857 0.5)
(0.346258764706 0.335985142857 0.5)
(0.355656588235 0.335985142857 0.5)
(0.365054411765 0.335985142857 0.5)
(0.374452235294 0.335985142857 0.5)
(0.383850058824 0.335985142857 0.5)
(0.393247882353 0.335985142857 0.5)
(0.402645705882 0.335985142857 0.5)
(0.412043529412 0.335985142857 0.5)
(0.421441352941 0.335985142857 0.5)
(0.430839176471 0.335985142857 0.5)
(0.440237 0.335985142857 0.5)
(0.449634823529 0.335985142857 0.5)
(0.459032647059 0.335985142857 0.5)
(0.468430470588 0.335985142857 0.5)
(0.477828294118 0.335985142857 0.5)
(0.487226117647 0.335985142857 0.5)
(0.496623941176 0.335985142857 0.5)
(0.506021764706 0.335985142857 0.5)
(0.515419588235 0.335985142857 0.5)
(0.524817411765 0.335985142857 0.5)
(0.534215235294 0.335985142857 0.5)
(0.543613058824 0.335985142857 0.5)
(0.553010882353 0.335985142857 0.5)
(0.562408705882 0.335985142857 0.5)
(0.571806529412 0.335985142857 0.5)
(0.581204352941 0.335985142857 0.5)
(0.590602176471 0.335985142857 0.5)
(0.6 0.335985142857 0.5)
(0.289871823529 0.345237 0.5)
(0.299269647059 0.345237 0.5)
(0.308667470588 0.345237 0.5)
(0.318065294118 0.345237 0.5)
(0.327463117647 0.345237 0.5)
(0.336860941176 0.345237 0.5)
(0.346258764706 0.345237 0.5)
(0.355656588235 0.345237 0.5)
(0.365054411765 0.345237 0.5)
(0.374452235294 0.345237 0.5)
(0.383850058824 0.345237 0.5)
(0.393247882353 0.345237 0.5)
(0.402645705882 0.345237 0.5)
(0.412043529412 0.345237 0.5)
(0.421441352941 0.345237 0.5)
(0.430839176471 0.345237 0.5)
(0.440237 0.345237 0.5)
(0.449634823529 0.345237 0.5)
(0.459032647059 0.345237 0.5)
(0.468430470588 0.345237 0.5)
(0.477828294118 0.345237 0.5)
(0.487226117647 0.345237 0.5)
(0.496623941176 0.345237 0.5)
(0.506021764706 0.345237 0.5)
(0.515419588235 0.345237 0.5)
(0.524817411765 0.345237 0.5)
(0.534215235294 0.345237 0.5)
(0.543613058824 0.345237 0.5)
(0.553010882353 0.345237 0.5)
(0.562408705882 0.345237 0.5)
(0.571806529412 0.345237 0.5)
(0.581204352941 0.345237 0.5)
(0.590602176471 0.345237 0.5)
(0.6 0.345237 0.5)
(0.289871823529 0.354488857143 0.5)
(0.299269647059 0.354488857143 0.5)
(0.308667470588 0.354488857143 0.5)
(0.318065294118 0.354488857143 0.5)
(0.327463117647 0.354488857143 0.5)
(0.336860941176 0.354488857143 0.5)
(0.346258764706 0.354488857143 0.5)
(0.355656588235 0.354488857143 0.5)
(0.365054411765 0.354488857143 0.5)
(0.374452235294 0.354488857143 0.5)
(0.383850058824 0.354488857143 0.5)
(0.393247882353 0.354488857143 0.5)
(0.402645705882 0.354488857143 0.5)
(0.412043529412 0.354488857143 0.5)
(0.421441352941 0.354488857143 0.5)
(0.430839176471 0.354488857143 0.5)
(0.440237 0.354488857143 0.5)
(0.449634823529 0.354488857143 0.5)
(0.459032647059 0.354488857143 0.5)
(0.468430470588 0.354488857143 0.5)
(0.477828294118 0.354488857143 0.5)
(0.487226117647 0.354488857143 0.5)
(0.496623941176 0.354488857143 0.5)
(0.506021764706 0.354488857143 0.5)
(0.515419588235 0.354488857143 0.5)
(0.524817411765 0.354488857143 0.5)
(0.534215235294 0.354488857143 0.5)
(0.543613058824 0.354488857143 0.5)
(0.553010882353 0.354488857143 0.5)
(0.562408705882 0.354488857143 0.5)
(0.571806529412 0.354488857143 0.5)
(0.581204352941 0.354488857143 0.5)
(0.590602176471 0.354488857143 0.5)
(0.6 0.354488857143 0.5)
(0.289871823529 0.363740714286 0.5)
(0.299269647059 0.363740714286 0.5)
(0.308667470588 0.363740714286 0.5)
(0.318065294118 0.363740714286 0.5)
(0.327463117647 0.363740714286 0.5)
(0.336860941176 0.363740714286 0.5)
(0.346258764706 0.363740714286 0.5)
(0.355656588235 0.363740714286 0.5)
(0.365054411765 0.363740714286 0.5)
(0.374452235294 0.363740714286 0.5)
(0.383850058824 0.363740714286 0.5)
(0.393247882353 0.363740714286 0.5)
(0.402645705882 0.363740714286 0.5)
(0.412043529412 0.363740714286 0.5)
(0.421441352941 0.363740714286 0.5)
(0.430839176471 0.363740714286 0.5)
(0.440237 0.363740714286 0.5)
(0.449634823529 0.363740714286 0.5)
(0.459032647059 0.363740714286 0.5)
(0.468430470588 0.363740714286 0.5)
(0.477828294118 0.363740714286 0.5)
(0.487226117647 0.363740714286 0.5)
(0.496623941176 0.363740714286 0.5)
(0.506021764706 0.363740714286 0.5)
(0.515419588235 0.363740714286 0.5)
(0.524817411765 0.363740714286 0.5)
(0.534215235294 0.363740714286 0.5)
(0.543613058824 0.363740714286 0.5)
(0.553010882353 0.363740714286 0.5)
(0.562408705882 0.363740714286 0.5)
(0.571806529412 0.363740714286 0.5)
(0.581204352941 0.363740714286 0.5)
(0.590602176471 0.363740714286 0.5)
(0.6 0.363740714286 0.5)
(0.289871823529 0.372992571429 0.5)
(0.299269647059 0.372992571429 0.5)
(0.308667470588 0.372992571429 0.5)
(0.318065294118 0.372992571429 0.5)
(0.327463117647 0.372992571429 0.5)
(0.336860941176 0.372992571429 0.5)
(0.346258764706 0.372992571429 0.5)
(0.355656588235 0.372992571429 0.5)
(0.365054411765 0.372992571429 0.5)
(0.374452235294 0.372992571429 0.5)
(0.383850058824 0.372992571429 0.5)
(0.393247882353 0.372992571429 0.5)
(0.402645705882 0.372992571429 0.5)
(0.412043529412 0.372992571429 0.5)
(0.421441352941 0.372992571429 0.5)
(0.430839176471 0.372992571429 0.5)
(0.440237 0.372992571429 0.5)
(0.449634823529 0.372992571429 0.5)
(0.459032647059 0.372992571429 0.5)
(0.468430470588 0.372992571429 0.5)
(0.477828294118 0.372992571429 0.5)
(0.487226117647 0.372992571429 0.5)
(0.496623941176 0.372992571429 0.5)
(0.506021764706 0.372992571429 0.5)
(0.515419588235 0.372992571429 0.5)
(0.524817411765 0.372992571429 0.5)
(0.534215235294 0.372992571429 0.5)
(0.543613058824 0.372992571429 0.5)
(0.553010882353 0.372992571429 0.5)
(0.562408705882 0.372992571429 0.5)
(0.571806529412 0.372992571429 0.5)
(0.581204352941 0.372992571429 0.5)
(0.590602176471 0.372992571429 0.5)
(0.6 0.372992571429 0.5)
(0.289871823529 0.382244428571 0.5)
(0.299269647059 0.382244428571 0.5)
(0.308667470588 0.382244428571 0.5)
(0.318065294118 0.382244428571 0.5)
(0.327463117647 0.382244428571 0.5)
(0.336860941176 0.382244428571 0.5)
(0.346258764706 0.382244428571 0.5)
(0.355656588235 0.382244428571 0.5)
(0.365054411765 0.382244428571 0.5)
(0.374452235294 0.382244428571 0.5)
(0.383850058824 0.382244428571 0.5)
(0.393247882353 0.382244428571 0.5)
(0.402645705882 0.382244428571 0.5)
(0.412043529412 0.382244428571 0.5)
(0.421441352941 0.382244428571 0.5)
(0.430839176471 0.382244428571 0.5)
(0.440237 0.382244428571 0.5)
(0.449634823529 0.382244428571 0.5)
(0.459032647059 0.382244428571 0.5)
(0.468430470588 0.382244428571 0.5)
(0.477828294118 0.382244428571 0.5)
(0.487226117647 0.382244428571 0.5)
(0.496623941176 0.382244428571 0.5)
(0.506021764706 0.382244428571 0.5)
(0.515419588235 0.382244428571 0.5)
(0.524817411765 0.382244428571 0.5)
(0.534215235294 0.382244428571 0.5)
(0.543613058824 0.382244428571 0.5)
(0.553010882353 0.382244428571 0.5)
(0.562408705882 0.382244428571 0.5)
(0.571806529412 0.382244428571 0.5)
(0.581204352941 0.382244428571 0.5)
(0.590602176471 0.382244428571 0.5)
(0.6 0.382244428571 0.5)
(0.289871823529 0.391496285714 0.5)
(0.299269647059 0.391496285714 0.5)
(0.308667470588 0.391496285714 0.5)
(0.318065294118 0.391496285714 0.5)
(0.327463117647 0.391496285714 0.5)
(0.336860941176 0.391496285714 0.5)
(0.346258764706 0.391496285714 0.5)
(0.355656588235 0.391496285714 0.5)
(0.365054411765 0.391496285714 0.5)
(0.374452235294 0.391496285714 0.5)
(0.383850058824 0.391496285714 0.5)
(0.393247882353 0.391496285714 0.5)
(0.402645705882 0.391496285714 0.5)
(0.412043529412 0.391496285714 0.5)
(0.421441352941 0.391496285714 0.5)
(0.430839176471 0.391496285714 0.5)
(0.440237 0.391496285714 0.5)
(0.449634823529 0.391496285714 0.5)
(0.459032647059 0.391496285714 0.5)
(0.468430470588 0.391496285714 0.5)
(0.477828294118 0.391496285714 0.5)
(0.487226117647 0.391496285714 0.5)
(0.496623941176 0.391496285714 0.5)
(0.506021764706 0.391496285714 0.5)
(0.515419588235 0.391496285714 0.5)
(0.524817411765 0.391496285714 0.5)
(0.534215235294 0.391496285714 0.5)
(0.543613058824 0.391496285714 0.5)
(0.553010882353 0.391496285714 0.5)
(0.562408705882 0.391496285714 0.5)
(0.571806529412 0.391496285714 0.5)
(0.581204352941 0.391496285714 0.5)
(0.590602176471 0.391496285714 0.5)
(0.6 0.391496285714 0.5)
(0.289871823529 0.400748142857 0.5)
(0.299269647059 0.400748142857 0.5)
(0.308667470588 0.400748142857 0.5)
(0.318065294118 0.400748142857 0.5)
(0.327463117647 0.400748142857 0.5)
(0.336860941176 0.400748142857 0.5)
(0.346258764706 0.400748142857 0.5)
(0.355656588235 0.400748142857 0.5)
(0.365054411765 0.400748142857 0.5)
(0.374452235294 0.400748142857 0.5)
(0.383850058824 0.400748142857 0.5)
(0.393247882353 0.400748142857 0.5)
(0.402645705882 0.400748142857 0.5)
(0.412043529412 0.400748142857 0.5)
(0.421441352941 0.400748142857 0.5)
(0.430839176471 0.400748142857 0.5)
(0.440237 0.400748142857 0.5)
(0.449634823529 0.400748142857 0.5)
(0.459032647059 0.400748142857 0.5)
(0.468430470588 0.400748142857 0.5)
(0.477828294118 0.400748142857 0.5)
(0.487226117647 0.400748142857 0.5)
(0.496623941176 0.400748142857 0.5)
(0.506021764706 0.400748142857 0.5)
(0.515419588235 0.400748142857 0.5)
(0.524817411765 0.400748142857 0.5)
(0.534215235294 0.400748142857 0.5)
(0.543613058824 0.400748142857 0.5)
(0.553010882353 0.400748142857 0.5)
(0.562408705882 0.400748142857 0.5)
(0.571806529412 0.400748142857 0.5)
(0.581204352941 0.400748142857 0.5)
(0.590602176471 0.400748142857 0.5)
(0.6 0.400748142857 0.5)
(0.289871823529 0.41 0.5)
(0.299269647059 0.41 0.5)
(0.308667470588 0.41 0.5)
(0.318065294118 0.41 0.5)
(0.327463117647 0.41 0.5)
(0.336860941176 0.41 0.5)
(0.346258764706 0.41 0.5)
(0.355656588235 0.41 0.5)
(0.365054411765 0.41 0.5)
(0.374452235294 0.41 0.5)
(0.383850058824 0.41 0.5)
(0.393247882353 0.41 0.5)
(0.402645705882 0.41 0.5)
(0.412043529412 0.41 0.5)
(0.421441352941 0.41 0.5)
(0.430839176471 0.41 0.5)
(0.440237 0.41 0.5)
(0.449634823529 0.41 0.5)
(0.459032647059 0.41 0.5)
(0.468430470588 0.41 0.5)
(0.477828294118 0.41 0.5)
(0.487226117647 0.41 0.5)
(0.496623941176 0.41 0.5)
(0.506021764706 0.41 0.5)
(0.515419588235 0.41 0.5)
(0.524817411765 0.41 0.5)
(0.534215235294 0.41 0.5)
(0.543613058824 0.41 0.5)
(0.553010882353 0.41 0.5)
(0.562408705882 0.41 0.5)
(0.571806529412 0.41 0.5)
(0.581204352941 0.41 0.5)
(0.590602176471 0.41 0.5)
(0.6 0.41 0.5)
(0.608637878707 0.289725857143 -0.5)
(0.617561022312 0.289725857143 -0.5)
(0.626778851656 0.289725857143 -0.5)
(0.636301098699 0.289725857143 -0.5)
(0.646137816799 0.289725857143 -0.5)
(0.656299391323 0.289725857143 -0.5)
(0.666796550617 0.289725857143 -0.5)
(0.677640377327 0.289725857143 -0.5)
(0.688842320102 0.289725857143 -0.5)
(0.700414205682 0.289725857143 -0.5)
(0.712368251383 0.289725857143 -0.5)
(0.724717077998 0.289725857143 -0.5)
(0.737473723117 0.289725857143 -0.5)
(0.750651654898 0.289725857143 -0.5)
(0.764264786282 0.289725857143 -0.5)
(0.778327489683 0.289725857143 -0.5)
(0.792854612162 0.289725857143 -0.5)
(0.807861491104 0.289725857143 -0.5)
(0.823363970408 0.289725857143 -0.5)
(0.839378417215 0.289725857143 -0.5)
(0.85592173919 0.289725857143 -0.5)
(0.873011402373 0.289725857143 -0.5)
(0.890665449614 0.289725857143 -0.5)
(0.90890251963 0.289725857143 -0.5)
(0.927741866676 0.289725857143 -0.5)
(0.94720338088 0.289725857143 -0.5)
(0.967307609236 0.289725857143 -0.5)
(0.988075777301 0.289725857143 -0.5)
(1.0095298116 0.289725857143 -0.5)
(1.03169236279 0.289725857143 -0.5)
(1.05458682956 0.289725857143 -0.5)
(1.07823738331 0.289725857143 -0.5)
(1.10266899375 0.289725857143 -0.5)
(1.12790745516 0.289725857143 -0.5)
(1.15397941371 0.289725857143 -0.5)
(1.18091239553 0.289725857143 -0.5)
(1.20873483582 0.289725857143 -0.5)
(1.23747610884 0.289725857143 -0.5)
(1.26716655892 0.289725857143 -0.5)
(1.29783753252 0.289725857143 -0.5)
(1.32952141132 0.289725857143 -0.5)
(1.36225164637 0.289725857143 -0.5)
(1.39606279349 0.289725857143 -0.5)
(1.43099054964 0.289725857143 -0.5)
(1.46707179072 0.289725857143 -0.5)
(1.50434461042 0.289725857143 -0.5)
(1.54284836047 0.289725857143 -0.5)
(1.58262369222 0.289725857143 -0.5)
(1.62371259949 0.289725857143 -0.5)
(1.66615846294 0.289725857143 -0.5)
(1.71000609591 0.289725857143 -0.5)
(1.75530179164 0.289725857143 -0.5)
(1.80209337225 0.289725857143 -0.5)
(1.85043023915 0.289725857143 -0.5)
(1.90036342523 0.289725857143 -0.5)
(1.95194564874 0.289725857143 -0.5)
(2.00523136894 0.289725857143 -0.5)
(2.0602768436 0.289725857143 -0.5)
(2.1171401884 0.289725857143 -0.5)
(2.17588143829 0.289725857143 -0.5)
(2.23656261085 0.289725857143 -0.5)
(2.29924777179 0.289725857143 -0.5)
(2.36400310258 0.289725857143 -0.5)
(2.43089697035 0.289725857143 -0.5)
(2.5 0.289725857143 -0.5)
(0.608637878707 0.298977714286 -0.5)
(0.617561022312 0.298977714286 -0.5)
(0.626778851656 0.298977714286 -0.5)
(0.636301098699 0.298977714286 -0.5)
(0.646137816799 0.298977714286 -0.5)
(0.656299391323 0.298977714286 -0.5)
(0.666796550617 0.298977714286 -0.5)
(0.677640377327 0.298977714286 -0.5)
(0.688842320102 0.298977714286 -0.5)
(0.700414205682 0.298977714286 -0.5)
(0.712368251383 0.298977714286 -0.5)
(0.724717077998 0.298977714286 -0.5)
(0.737473723117 0.298977714286 -0.5)
(0.750651654898 0.298977714286 -0.5)
(0.764264786282 0.298977714286 -0.5)
(0.778327489683 0.298977714286 -0.5)
(0.792854612162 0.298977714286 -0.5)
(0.807861491104 0.298977714286 -0.5)
(0.823363970408 0.298977714286 -0.5)
(0.839378417215 0.298977714286 -0.5)
(0.85592173919 0.298977714286 -0.5)
(0.873011402373 0.298977714286 -0.5)
(0.890665449614 0.298977714286 -0.5)
(0.90890251963 0.298977714286 -0.5)
(0.927741866676 0.298977714286 -0.5)
(0.94720338088 0.298977714286 -0.5)
(0.967307609236 0.298977714286 -0.5)
(0.988075777301 0.298977714286 -0.5)
(1.0095298116 0.298977714286 -0.5)
(1.03169236279 0.298977714286 -0.5)
(1.05458682956 0.298977714286 -0.5)
(1.07823738331 0.298977714286 -0.5)
(1.10266899375 0.298977714286 -0.5)
(1.12790745516 0.298977714286 -0.5)
(1.15397941371 0.298977714286 -0.5)
(1.18091239553 0.298977714286 -0.5)
(1.20873483582 0.298977714286 -0.5)
(1.23747610884 0.298977714286 -0.5)
(1.26716655892 0.298977714286 -0.5)
(1.29783753252 0.298977714286 -0.5)
(1.32952141132 0.298977714286 -0.5)
(1.36225164637 0.298977714286 -0.5)
(1.39606279349 0.298977714286 -0.5)
(1.43099054964 0.298977714286 -0.5)
(1.46707179072 0.298977714286 -0.5)
(1.50434461042 0.298977714286 -0.5)
(1.54284836047 0.298977714286 -0.5)
(1.58262369222 0.298977714286 -0.5)
(1.62371259949 0.298977714286 -0.5)
(1.66615846294 0.298977714286 -0.5)
(1.71000609591 0.298977714286 -0.5)
(1.75530179164 0.298977714286 -0.5)
(1.80209337225 0.298977714286 -0.5)
(1.85043023915 0.298977714286 -0.5)
(1.90036342523 0.298977714286 -0.5)
(1.95194564874 0.298977714286 -0.5)
(2.00523136894 0.298977714286 -0.5)
(2.0602768436 0.298977714286 -0.5)
(2.1171401884 0.298977714286 -0.5)
(2.17588143829 0.298977714286 -0.5)
(2.23656261085 0.298977714286 -0.5)
(2.29924777179 0.298977714286 -0.5)
(2.36400310258 0.298977714286 -0.5)
(2.43089697035 0.298977714286 -0.5)
(2.5 0.298977714286 -0.5)
(0.608637878707 0.308229571429 -0.5)
(0.617561022312 0.308229571429 -0.5)
(0.626778851656 0.308229571429 -0.5)
(0.636301098699 0.308229571429 -0.5)
(0.646137816799 0.308229571429 -0.5)
(0.656299391323 0.308229571429 -0.5)
(0.666796550617 0.308229571429 -0.5)
(0.677640377327 0.308229571429 -0.5)
(0.688842320102 0.308229571429 -0.5)
(0.700414205682 0.308229571429 -0.5)
(0.712368251383 0.308229571429 -0.5)
(0.724717077998 0.308229571429 -0.5)
(0.737473723117 0.308229571429 -0.5)
(0.750651654898 0.308229571429 -0.5)
(0.764264786282 0.308229571429 -0.5)
(0.778327489683 0.308229571429 -0.5)
(0.792854612162 0.308229571429 -0.5)
(0.807861491104 0.308229571429 -0.5)
(0.823363970408 0.308229571429 -0.5)
(0.839378417215 0.308229571429 -0.5)
(0.85592173919 0.308229571429 -0.5)
(0.873011402373 0.308229571429 -0.5)
(0.890665449614 0.308229571429 -0.5)
(0.90890251963 0.308229571429 -0.5)
(0.927741866676 0.308229571429 -0.5)
(0.94720338088 0.308229571429 -0.5)
(0.967307609236 0.308229571429 -0.5)
(0.988075777301 0.308229571429 -0.5)
(1.0095298116 0.308229571429 -0.5)
(1.03169236279 0.308229571429 -0.5)
(1.05458682956 0.308229571429 -0.5)
(1.07823738331 0.308229571429 -0.5)
(1.10266899375 0.308229571429 -0.5)
(1.12790745516 0.308229571429 -0.5)
(1.15397941371 0.308229571429 -0.5)
(1.18091239553 0.308229571429 -0.5)
(1.20873483582 0.308229571429 -0.5)
(1.23747610884 0.308229571429 -0.5)
(1.26716655892 0.308229571429 -0.5)
(1.29783753252 0.308229571429 -0.5)
(1.32952141132 0.308229571429 -0.5)
(1.36225164637 0.308229571429 -0.5)
(1.39606279349 0.308229571429 -0.5)
(1.43099054964 0.308229571429 -0.5)
(1.46707179072 0.308229571429 -0.5)
(1.50434461042 0.308229571429 -0.5)
(1.54284836047 0.308229571429 -0.5)
(1.58262369222 0.308229571429 -0.5)
(1.62371259949 0.308229571429 -0.5)
(1.66615846294 0.308229571429 -0.5)
(1.71000609591 0.308229571429 -0.5)
(1.75530179164 0.308229571429 -0.5)
(1.80209337225 0.308229571429 -0.5)
(1.85043023915 0.308229571429 -0.5)
(1.90036342523 0.308229571429 -0.5)
(1.95194564874 0.308229571429 -0.5)
(2.00523136894 0.308229571429 -0.5)
(2.0602768436 0.308229571429 -0.5)
(2.1171401884 0.308229571429 -0.5)
(2.17588143829 0.308229571429 -0.5)
(2.23656261085 0.308229571429 -0.5)
(2.29924777179 0.308229571429 -0.5)
(2.36400310258 0.308229571429 -0.5)
(2.43089697035 0.308229571429 -0.5)
(2.5 0.308229571429 -0.5)
(0.608637878707 0.317481428571 -0.5)
(0.617561022312 0.317481428571 -0.5)
(0.626778851656 0.317481428571 -0.5)
(0.636301098699 0.317481428571 -0.5)
(0.646137816799 0.317481428571 -0.5)
(0.656299391323 0.317481428571 -0.5)
(0.666796550617 0.317481428571 -0.5)
(0.677640377327 0.317481428571 -0.5)
(0.688842320102 0.317481428571 -0.5)
(0.700414205682 0.317481428571 -0.5)
(0.712368251383 0.317481428571 -0.5)
(0.724717077998 0.317481428571 -0.5)
(0.737473723117 0.317481428571 -0.5)
(0.750651654898 0.317481428571 -0.5)
(0.764264786282 0.317481428571 -0.5)
(0.778327489683 0.317481428571 -0.5)
(0.792854612162 0.317481428571 -0.5)
(0.807861491104 0.317481428571 -0.5)
(0.823363970408 0.317481428571 -0.5)
(0.839378417215 0.317481428571 -0.5)
(0.85592173919 0.317481428571 -0.5)
(0.873011402373 0.317481428571 -0.5)
(0.890665449614 0.317481428571 -0.5)
(0.90890251963 0.317481428571 -0.5)
(0.927741866676 0.317481428571 -0.5)
(0.94720338088 0.317481428571 -0.5)
(0.967307609236 0.317481428571 -0.5)
(0.988075777301 0.317481428571 -0.5)
(1.0095298116 0.317481428571 -0.5)
(1.03169236279 0.317481428571 -0.5)
(1.05458682956 0.317481428571 -0.5)
(1.07823738331 0.317481428571 -0.5)
(1.10266899375 0.317481428571 -0.5)
(1.12790745516 0.317481428571 -0.5)
(1.15397941371 0.317481428571 -0.5)
(1.18091239553 0.317481428571 -0.5)
(1.20873483582 0.317481428571 -0.5)
(1.23747610884 0.317481428571 -0.5)
(1.26716655892 0.317481428571 -0.5)
(1.29783753252 0.317481428571 -0.5)
(1.32952141132 0.317481428571 -0.5)
(1.36225164637 0.317481428571 -0.5)
(1.39606279349 0.317481428571 -0.5)
(1.43099054964 0.317481428571 -0.5)
(1.46707179072 0.317481428571 -0.5)
(1.50434461042 0.317481428571 -0.5)
(1.54284836047 0.317481428571 -0.5)
(1.58262369222 0.317481428571 -0.5)
(1.62371259949 0.317481428571 -0.5)
(1.66615846294 0.317481428571 -0.5)
(1.71000609591 0.317481428571 -0.5)
(1.75530179164 0.317481428571 -0.5)
(1.80209337225 0.317481428571 -0.5)
(1.85043023915 0.317481428571 -0.5)
(1.90036342523 0.317481428571 -0.5)
(1.95194564874 0.317481428571 -0.5)
(2.00523136894 0.317481428571 -0.5)
(2.0602768436 0.317481428571 -0.5)
(2.1171401884 0.317481428571 -0.5)
(2.17588143829 0.317481428571 -0.5)
(2.23656261085 0.317481428571 -0.5)
(2.29924777179 0.317481428571 -0.5)
(2.36400310258 0.317481428571 -0.5)
(2.43089697035 0.317481428571 -0.5)
(2.5 0.317481428571 -0.5)
(0.608637878707 0.326733285714 -0.5)
(0.617561022312 0.326733285714 -0.5)
(0.626778851656 0.326733285714 -0.5)
(0.636301098699 0.326733285714 -0.5)
(0.646137816799 0.326733285714 -0.5)
(0.656299391323 0.326733285714 -0.5)
(0.666796550617 0.326733285714 -0.5)
(0.677640377327 0.326733285714 -0.5)
(0.688842320102 0.326733285714 -0.5)
(0.700414205682 0.326733285714 -0.5)
(0.712368251383 0.326733285714 -0.5)
(0.724717077998 0.326733285714 -0.5)
(0.737473723117 0.326733285714 -0.5)
(0.750651654898 0.326733285714 -0.5)
(0.764264786282 0.326733285714 -0.5)
(0.778327489683 0.326733285714 -0.5)
(0.792854612162 0.326733285714 -0.5)
(0.807861491104 0.326733285714 -0.5)
(0.823363970408 0.326733285714 -0.5)
(0.839378417215 0.326733285714 -0.5)
(0.85592173919 0.326733285714 -0.5)
(0.873011402373 0.326733285714 -0.5)
(0.890665449614 0.326733285714 -0.5)
(0.90890251963 0.326733285714 -0.5)
(0.927741866676 0.326733285714 -0.5)
(0.94720338088 0.326733285714 -0.5)
(0.967307609236 0.326733285714 -0.5)
(0.988075777301 0.326733285714 -0.5)
(1.0095298116 0.326733285714 -0.5)
(1.03169236279 0.326733285714 -0.5)
(1.05458682956 0.326733285714 -0.5)
(1.07823738331 0.326733285714 -0.5)
(1.10266899375 0.326733285714 -0.5)
(1.12790745516 0.326733285714 -0.5)
(1.15397941371 0.326733285714 -0.5)
(1.18091239553 0.326733285714 -0.5)
(1.20873483582 0.326733285714 -0.5)
(1.23747610884 0.326733285714 -0.5)
(1.26716655892 0.326733285714 -0.5)
(1.29783753252 0.326733285714 -0.5)
(1.32952141132 0.326733285714 -0.5)
(1.36225164637 0.326733285714 -0.5)
(1.39606279349 0.326733285714 -0.5)
(1.43099054964 0.326733285714 -0.5)
(1.46707179072 0.326733285714 -0.5)
(1.50434461042 0.326733285714 -0.5)
(1.54284836047 0.326733285714 -0.5)
(1.58262369222 0.326733285714 -0.5)
(1.62371259949 0.326733285714 -0.5)
(1.66615846294 0.326733285714 -0.5)
(1.71000609591 0.326733285714 -0.5)
(1.75530179164 0.326733285714 -0.5)
(1.80209337225 0.326733285714 -0.5)
(1.85043023915 0.326733285714 -0.5)
(1.90036342523 0.326733285714 -0.5)
(1.95194564874 0.326733285714 -0.5)
(2.00523136894 0.326733285714 -0.5)
(2.0602768436 0.326733285714 -0.5)
(2.1171401884 0.326733285714 -0.5)
(2.17588143829 0.326733285714 -0.5)
(2.23656261085 0.326733285714 -0.5)
(2.29924777179 0.326733285714 -0.5)
(2.36400310258 0.326733285714 -0.5)
(2.43089697035 0.326733285714 -0.5)
(2.5 0.326733285714 -0.5)
(0.608637878707 0.335985142857 -0.5)
(0.617561022312 0.335985142857 -0.5)
(0.626778851656 0.335985142857 -0.5)
(0.636301098699 0.335985142857 -0.5)
(0.646137816799 0.335985142857 -0.5)
(0.656299391323 0.335985142857 -0.5)
(0.666796550617 0.335985142857 -0.5)
(0.677640377327 0.335985142857 -0.5)
(0.688842320102 0.335985142857 -0.5)
(0.700414205682 0.335985142857 -0.5)
(0.712368251383 0.335985142857 -0.5)
(0.724717077998 0.335985142857 -0.5)
(0.737473723117 0.335985142857 -0.5)
(0.750651654898 0.335985142857 -0.5)
(0.764264786282 0.335985142857 -0.5)
(0.778327489683 0.335985142857 -0.5)
(0.792854612162 0.335985142857 -0.5)
(0.807861491104 0.335985142857 -0.5)
(0.823363970408 0.335985142857 -0.5)
(0.839378417215 0.335985142857 -0.5)
(0.85592173919 0.335985142857 -0.5)
(0.873011402373 0.335985142857 -0.5)
(0.890665449614 0.335985142857 -0.5)
(0.90890251963 0.335985142857 -0.5)
(0.927741866676 0.335985142857 -0.5)
(0.94720338088 0.335985142857 -0.5)
(0.967307609236 0.335985142857 -0.5)
(0.988075777301 0.335985142857 -0.5)
(1.0095298116 0.335985142857 -0.5)
(1.03169236279 0.335985142857 -0.5)
(1.05458682956 0.335985142857 -0.5)
(1.07823738331 0.335985142857 -0.5)
(1.10266899375 0.335985142857 -0.5)
(1.12790745516 0.335985142857 -0.5)
(1.15397941371 0.335985142857 -0.5)
(1.18091239553 0.335985142857 -0.5)
(1.20873483582 0.335985142857 -0.5)
(1.23747610884 0.335985142857 -0.5)
(1.26716655892 0.335985142857 -0.5)
(1.29783753252 0.335985142857 -0.5)
(1.32952141132 0.335985142857 -0.5)
(1.36225164637 0.335985142857 -0.5)
(1.39606279349 0.335985142857 -0.5)
(1.43099054964 0.335985142857 -0.5)
(1.46707179072 0.335985142857 -0.5)
(1.50434461042 0.335985142857 -0.5)
(1.54284836047 0.335985142857 -0.5)
(1.58262369222 0.335985142857 -0.5)
(1.62371259949 0.335985142857 -0.5)
(1.66615846294 0.335985142857 -0.5)
(1.71000609591 0.335985142857 -0.5)
(1.75530179164 0.335985142857 -0.5)
(1.80209337225 0.335985142857 -0.5)
(1.85043023915 0.335985142857 -0.5)
(1.90036342523 0.335985142857 -0.5)
(1.95194564874 0.335985142857 -0.5)
(2.00523136894 0.335985142857 -0.5)
(2.0602768436 0.335985142857 -0.5)
(2.1171401884 0.335985142857 -0.5)
(2.17588143829 0.335985142857 -0.5)
(2.23656261085 0.335985142857 -0.5)
(2.29924777179 0.335985142857 -0.5)
(2.36400310258 0.335985142857 -0.5)
(2.43089697035 0.335985142857 -0.5)
(2.5 0.335985142857 -0.5)
(0.608637878707 0.345237 -0.5)
(0.617561022312 0.345237 -0.5)
(0.626778851656 0.345237 -0.5)
(0.636301098699 0.345237 -0.5)
(0.646137816799 0.345237 -0.5)
(0.656299391323 0.345237 -0.5)
(0.666796550617 0.345237 -0.5)
(0.677640377327 0.345237 -0.5)
(0.688842320102 0.345237 -0.5)
(0.700414205682 0.345237 -0.5)
(0.712368251383 0.345237 -0.5)
(0.724717077998 0.345237 -0.5)
(0.737473723117 0.345237 -0.5)
(0.750651654898 0.345237 -0.5)
(0.764264786282 0.345237 -0.5)
(0.778327489683 0.345237 -0.5)
(0.792854612162 0.345237 -0.5)
(0.807861491104 0.345237 -0.5)
(0.823363970408 0.345237 -0.5)
(0.839378417215 0.345237 -0.5)
(0.85592173919 0.345237 -0.5)
(0.873011402373 0.345237 -0.5)
(0.890665449614 0.345237 -0.5)
(0.90890251963 0.345237 -0.5)
(0.927741866676 0.345237 -0.5)
(0.94720338088 0.345237 -0.5)
(0.967307609236 0.345237 -0.5)
(0.988075777301 0.345237 -0.5)
(1.0095298116 0.345237 -0.5)
(1.03169236279 0.345237 -0.5)
(1.05458682956 0.345237 -0.5)
(1.07823738331 0.345237 -0.5)
(1.10266899375 0.345237 -0.5)
(1.12790745516 0.345237 -0.5)
(1.15397941371 0.345237 -0.5)
(1.18091239553 0.345237 -0.5)
(1.20873483582 0.345237 -0.5)
(1.23747610884 0.345237 -0.5)
(1.26716655892 0.345237 -0.5)
(1.29783753252 0.345237 -0.5)
(1.32952141132 0.345237 -0.5)
(1.36225164637 0.345237 -0.5)
(1.39606279349 0.345237 -0.5)
(1.43099054964 0.345237 -0.5)
(1.46707179072 0.345237 -0.5)
(1.50434461042 0.345237 -0.5)
(1.54284836047 0.345237 -0.5)
(1.58262369222 0.345237 -0.5)
(1.62371259949 0.345237 -0.5)
(1.66615846294 0.345237 -0.5)
(1.71000609591 0.345237 -0.5)
(1.75530179164 0.345237 -0.5)
(1.80209337225 0.345237 -0.5)
(1.85043023915 0.345237 -0.5)
(1.90036342523 0.345237 -0.5)
(1.95194564874 0.345237 -0.5)
(2.00523136894 0.345237 -0.5)
(2.0602768436 0.345237 -0.5)
(2.1171401884 0.345237 -0.5)
(2.17588143829 0.345237 -0.5)
(2.23656261085 0.345237 -0.5)
(2.29924777179 0.345237 -0.5)
(2.36400310258 0.345237 -0.5)
(2.43089697035 0.345237 -0.5)
(2.5 0.345237 -0.5)
(0.608637878707 0.354488857143 -0.5)
(0.617561022312 0.354488857143 -0.5)
(0.626778851656 0.354488857143 -0.5)
(0.636301098699 0.354488857143 -0.5)
(0.646137816799 0.354488857143 -0.5)
(0.656299391323 0.354488857143 -0.5)
(0.666796550617 0.354488857143 -0.5)
(0.677640377327 0.354488857143 -0.5)
(0.688842320102 0.354488857143 -0.5)
(0.700414205682 0.354488857143 -0.5)
(0.712368251383 0.354488857143 -0.5)
(0.724717077998 0.354488857143 -0.5)
(0.737473723117 0.354488857143 -0.5)
(0.750651654898 0.354488857143 -0.5)
(0.764264786282 0.354488857143 -0.5)
(0.778327489683 0.354488857143 -0.5)
(0.792854612162 0.354488857143 -0.5)
(0.807861491104 0.354488857143 -0.5)
(0.823363970408 0.354488857143 -0.5)
(0.839378417215 0.354488857143 -0.5)
(0.85592173919 0.354488857143 -0.5)
(0.873011402373 0.354488857143 -0.5)
(0.890665449614 0.354488857143 -0.5)
(0.90890251963 0.354488857143 -0.5)
(0.927741866676 0.354488857143 -0.5)
(0.94720338088 0.354488857143 -0.5)
(0.967307609236 0.354488857143 -0.5)
(0.988075777301 0.354488857143 -0.5)
(1.0095298116 0.354488857143 -0.5)
(1.03169236279 0.354488857143 -0.5)
(1.05458682956 0.354488857143 -0.5)
(1.07823738331 0.354488857143 -0.5)
(1.10266899375 0.354488857143 -0.5)
(1.12790745516 0.354488857143 -0.5)
(1.15397941371 0.354488857143 -0.5)
(1.18091239553 0.354488857143 -0.5)
(1.20873483582 0.354488857143 -0.5)
(1.23747610884 0.354488857143 -0.5)
(1.26716655892 0.354488857143 -0.5)
(1.29783753252 0.354488857143 -0.5)
(1.32952141132 0.354488857143 -0.5)
(1.36225164637 0.354488857143 -0.5)
(1.39606279349 0.354488857143 -0.5)
(1.43099054964 0.354488857143 -0.5)
(1.46707179072 0.354488857143 -0.5)
(1.50434461042 0.354488857143 -0.5)
(1.54284836047 0.354488857143 -0.5)
(1.58262369222 0.354488857143 -0.5)
(1.62371259949 0.354488857143 -0.5)
(1.66615846294 0.354488857143 -0.5)
(1.71000609591 0.354488857143 -0.5)
(1.75530179164 0.354488857143 -0.5)
(1.80209337225 0.354488857143 -0.5)
(1.85043023915 0.354488857143 -0.5)
(1.90036342523 0.354488857143 -0.5)
(1.95194564874 0.354488857143 -0.5)
(2.00523136894 0.354488857143 -0.5)
(2.0602768436 0.354488857143 -0.5)
(2.1171401884 0.354488857143 -0.5)
(2.17588143829 0.354488857143 -0.5)
(2.23656261085 0.354488857143 -0.5)
(2.29924777179 0.354488857143 -0.5)
(2.36400310258 0.354488857143 -0.5)
(2.43089697035 0.354488857143 -0.5)
(2.5 0.354488857143 -0.5)
(0.608637878707 0.363740714286 -0.5)
(0.617561022312 0.363740714286 -0.5)
(0.626778851656 0.363740714286 -0.5)
(0.636301098699 0.363740714286 -0.5)
(0.646137816799 0.363740714286 -0.5)
(0.656299391323 0.363740714286 -0.5)
(0.666796550617 0.363740714286 -0.5)
(0.677640377327 0.363740714286 -0.5)
(0.688842320102 0.363740714286 -0.5)
(0.700414205682 0.363740714286 -0.5)
(0.712368251383 0.363740714286 -0.5)
(0.724717077998 0.363740714286 -0.5)
(0.737473723117 0.363740714286 -0.5)
(0.750651654898 0.363740714286 -0.5)
(0.764264786282 0.363740714286 -0.5)
(0.778327489683 0.363740714286 -0.5)
(0.792854612162 0.363740714286 -0.5)
(0.807861491104 0.363740714286 -0.5)
(0.823363970408 0.363740714286 -0.5)
(0.839378417215 0.363740714286 -0.5)
(0.85592173919 0.363740714286 -0.5)
(0.873011402373 0.363740714286 -0.5)
(0.890665449614 0.363740714286 -0.5)
(0.90890251963 0.363740714286 -0.5)
(0.927741866676 0.363740714286 -0.5)
(0.94720338088 0.363740714286 -0.5)
(0.967307609236 0.363740714286 -0.5)
(0.988075777301 0.363740714286 -0.5)
(1.0095298116 0.363740714286 -0.5)
(1.03169236279 0.363740714286 -0.5)
(1.05458682956 0.363740714286 -0.5)
(1.07823738331 0.363740714286 -0.5)
(1.10266899375 0.363740714286 -0.5)
(1.12790745516 0.363740714286 -0.5)
(1.15397941371 0.363740714286 -0.5)
(1.18091239553 0.363740714286 -0.5)
(1.20873483582 0.363740714286 -0.5)
(1.23747610884 0.363740714286 -0.5)
(1.26716655892 0.363740714286 -0.5)
(1.29783753252 0.363740714286 -0.5)
(1.32952141132 0.363740714286 -0.5)
(1.36225164637 0.363740714286 -0.5)
(1.39606279349 0.363740714286 -0.5)
(1.43099054964 0.363740714286 -0.5)
(1.46707179072 0.363740714286 -0.5)
(1.50434461042 0.363740714286 -0.5)
(1.54284836047 0.363740714286 -0.5)
(1.58262369222 0.363740714286 -0.5)
(1.62371259949 0.363740714286 -0.5)
(1.66615846294 0.363740714286 -0.5)
(1.71000609591 0.363740714286 -0.5)
(1.75530179164 0.363740714286 -0.5)
(1.80209337225 0.363740714286 -0.5)
(1.85043023915 0.363740714286 -0.5)
(1.90036342523 0.363740714286 -0.5)
(1.95194564874 0.363740714286 -0.5)
(2.00523136894 0.363740714286 -0.5)
(2.0602768436 0.363740714286 -0.5)
(2.1171401884 0.363740714286 -0.5)
(2.17588143829 0.363740714286 -0.5)
(2.23656261085 0.363740714286 -0.5)
(2.29924777179 0.363740714286 -0.5)
(2.36400310258 0.363740714286 -0.5)
(2.43089697035 0.363740714286 -0.5)
(2.5 0.363740714286 -0.5)
(0.608637878707 0.372992571429 -0.5)
(0.617561022312 0.372992571429 -0.5)
(0.626778851656 0.372992571429 -0.5)
(0.636301098699 0.372992571429 -0.5)
(0.646137816799 0.372992571429 -0.5)
(0.656299391323 0.372992571429 -0.5)
(0.666796550617 0.372992571429 -0.5)
(0.677640377327 0.372992571429 -0.5)
(0.688842320102 0.372992571429 -0.5)
(0.700414205682 0.372992571429 -0.5)
(0.712368251383 0.372992571429 -0.5)
(0.724717077998 0.372992571429 -0.5)
(0.737473723117 0.372992571429 -0.5)
(0.750651654898 0.372992571429 -0.5)
(0.764264786282 0.372992571429 -0.5)
(0.778327489683 0.372992571429 -0.5)
(0.792854612162 0.372992571429 -0.5)
(0.807861491104 0.372992571429 -0.5)
(0.823363970408 0.372992571429 -0.5)
(0.839378417215 0.372992571429 -0.5)
(0.85592173919 0.372992571429 -0.5)
(0.873011402373 0.372992571429 -0.5)
(0.890665449614 0.372992571429 -0.5)
(0.90890251963 0.372992571429 -0.5)
(0.927741866676 0.372992571429 -0.5)
(0.94720338088 0.372992571429 -0.5)
(0.967307609236 0.372992571429 -0.5)
(0.988075777301 0.372992571429 -0.5)
(1.0095298116 0.372992571429 -0.5)
(1.03169236279 0.372992571429 -0.5)
(1.05458682956 0.372992571429 -0.5)
(1.07823738331 0.372992571429 -0.5)
(1.10266899375 0.372992571429 -0.5)
(1.12790745516 0.372992571429 -0.5)
(1.15397941371 0.372992571429 -0.5)
(1.18091239553 0.372992571429 -0.5)
(1.20873483582 0.372992571429 -0.5)
(1.23747610884 0.372992571429 -0.5)
(1.26716655892 0.372992571429 -0.5)
(1.29783753252 0.372992571429 -0.5)
(1.32952141132 0.372992571429 -0.5)
(1.36225164637 0.372992571429 -0.5)
(1.39606279349 0.372992571429 -0.5)
(1.43099054964 0.372992571429 -0.5)
(1.46707179072 0.372992571429 -0.5)
(1.50434461042 0.372992571429 -0.5)
(1.54284836047 0.372992571429 -0.5)
(1.58262369222 0.372992571429 -0.5)
(1.62371259949 0.372992571429 -0.5)
(1.66615846294 0.372992571429 -0.5)
(1.71000609591 0.372992571429 -0.5)
(1.75530179164 0.372992571429 -0.5)
(1.80209337225 0.372992571429 -0.5)
(1.85043023915 0.372992571429 -0.5)
(1.90036342523 0.372992571429 -0.5)
(1.95194564874 0.372992571429 -0.5)
(2.00523136894 0.372992571429 -0.5)
(2.0602768436 0.372992571429 -0.5)
(2.1171401884 0.372992571429 -0.5)
(2.17588143829 0.372992571429 -0.5)
(2.23656261085 0.372992571429 -0.5)
(2.29924777179 0.372992571429 -0.5)
(2.36400310258 0.372992571429 -0.5)
(2.43089697035 0.372992571429 -0.5)
(2.5 0.372992571429 -0.5)
(0.608637878707 0.382244428571 -0.5)
(0.617561022312 0.382244428571 -0.5)
(0.626778851656 0.382244428571 -0.5)
(0.636301098699 0.382244428571 -0.5)
(0.646137816799 0.382244428571 -0.5)
(0.656299391323 0.382244428571 -0.5)
(0.666796550617 0.382244428571 -0.5)
(0.677640377327 0.382244428571 -0.5)
(0.688842320102 0.382244428571 -0.5)
(0.700414205682 0.382244428571 -0.5)
(0.712368251383 0.382244428571 -0.5)
(0.724717077998 0.382244428571 -0.5)
(0.737473723117 0.382244428571 -0.5)
(0.750651654898 0.382244428571 -0.5)
(0.764264786282 0.382244428571 -0.5)
(0.778327489683 0.382244428571 -0.5)
(0.792854612162 0.382244428571 -0.5)
(0.807861491104 0.382244428571 -0.5)
(0.823363970408 0.382244428571 -0.5)
(0.839378417215 0.382244428571 -0.5)
(0.85592173919 0.382244428571 -0.5)
(0.873011402373 0.382244428571 -0.5)
(0.890665449614 0.382244428571 -0.5)
(0.90890251963 0.382244428571 -0.5)
(0.927741866676 0.382244428571 -0.5)
(0.94720338088 0.382244428571 -0.5)
(0.967307609236 0.382244428571 -0.5)
(0.988075777301 0.382244428571 -0.5)
(1.0095298116 0.382244428571 -0.5)
(1.03169236279 0.382244428571 -0.5)
(1.05458682956 0.382244428571 -0.5)
(1.07823738331 0.382244428571 -0.5)
(1.10266899375 0.382244428571 -0.5)
(1.12790745516 0.382244428571 -0.5)
(1.15397941371 0.382244428571 -0.5)
(1.18091239553 0.382244428571 -0.5)
(1.20873483582 0.382244428571 -0.5)
(1.23747610884 0.382244428571 -0.5)
(1.26716655892 0.382244428571 -0.5)
(1.29783753252 0.382244428571 -0.5)
(1.32952141132 0.382244428571 -0.5)
(1.36225164637 0.382244428571 -0.5)
(1.39606279349 0.382244428571 -0.5)
(1.43099054964 0.382244428571 -0.5)
(1.46707179072 0.382244428571 -0.5)
(1.50434461042 0.382244428571 -0.5)
(1.54284836047 0.382244428571 -0.5)
(1.58262369222 0.382244428571 -0.5)
(1.62371259949 0.382244428571 -0.5)
(1.66615846294 0.382244428571 -0.5)
(1.71000609591 0.382244428571 -0.5)
(1.75530179164 0.382244428571 -0.5)
(1.80209337225 0.382244428571 -0.5)
(1.85043023915 0.382244428571 -0.5)
(1.90036342523 0.382244428571 -0.5)
(1.95194564874 0.382244428571 -0.5)
(2.00523136894 0.382244428571 -0.5)
(2.0602768436 0.382244428571 -0.5)
(2.1171401884 0.382244428571 -0.5)
(2.17588143829 0.382244428571 -0.5)
(2.23656261085 0.382244428571 -0.5)
(2.29924777179 0.382244428571 -0.5)
(2.36400310258 0.382244428571 -0.5)
(2.43089697035 0.382244428571 -0.5)
(2.5 0.382244428571 -0.5)
(0.608637878707 0.391496285714 -0.5)
(0.617561022312 0.391496285714 -0.5)
(0.626778851656 0.391496285714 -0.5)
(0.636301098699 0.391496285714 -0.5)
(0.646137816799 0.391496285714 -0.5)
(0.656299391323 0.391496285714 -0.5)
(0.666796550617 0.391496285714 -0.5)
(0.677640377327 0.391496285714 -0.5)
(0.688842320102 0.391496285714 -0.5)
(0.700414205682 0.391496285714 -0.5)
(0.712368251383 0.391496285714 -0.5)
(0.724717077998 0.391496285714 -0.5)
(0.737473723117 0.391496285714 -0.5)
(0.750651654898 0.391496285714 -0.5)
(0.764264786282 0.391496285714 -0.5)
(0.778327489683 0.391496285714 -0.5)
(0.792854612162 0.391496285714 -0.5)
(0.807861491104 0.391496285714 -0.5)
(0.823363970408 0.391496285714 -0.5)
(0.839378417215 0.391496285714 -0.5)
(0.85592173919 0.391496285714 -0.5)
(0.873011402373 0.391496285714 -0.5)
(0.890665449614 0.391496285714 -0.5)
(0.90890251963 0.391496285714 -0.5)
(0.927741866676 0.391496285714 -0.5)
(0.94720338088 0.391496285714 -0.5)
(0.967307609236 0.391496285714 -0.5)
(0.988075777301 0.391496285714 -0.5)
(1.0095298116 0.391496285714 -0.5)
(1.03169236279 0.391496285714 -0.5)
(1.05458682956 0.391496285714 -0.5)
(1.07823738331 0.391496285714 -0.5)
(1.10266899375 0.391496285714 -0.5)
(1.12790745516 0.391496285714 -0.5)
(1.15397941371 0.391496285714 -0.5)
(1.18091239553 0.391496285714 -0.5)
(1.20873483582 0.391496285714 -0.5)
(1.23747610884 0.391496285714 -0.5)
(1.26716655892 0.391496285714 -0.5)
(1.29783753252 0.391496285714 -0.5)
(1.32952141132 0.391496285714 -0.5)
(1.36225164637 0.391496285714 -0.5)
(1.39606279349 0.391496285714 -0.5)
(1.43099054964 0.391496285714 -0.5)
(1.46707179072 0.391496285714 -0.5)
(1.50434461042 0.391496285714 -0.5)
(1.54284836047 0.391496285714 -0.5)
(1.58262369222 0.391496285714 -0.5)
(1.62371259949 0.391496285714 -0.5)
(1.66615846294 0.391496285714 -0.5)
(1.71000609591 0.391496285714 -0.5)
(1.75530179164 0.391496285714 -0.5)
(1.80209337225 0.391496285714 -0.5)
(1.85043023915 0.391496285714 -0.5)
(1.90036342523 0.391496285714 -0.5)
(1.95194564874 0.391496285714 -0.5)
(2.00523136894 0.391496285714 -0.5)
(2.0602768436 0.391496285714 -0.5)
(2.1171401884 0.391496285714 -0.5)
(2.17588143829 0.391496285714 -0.5)
(2.23656261085 0.391496285714 -0.5)
(2.29924777179 0.391496285714 -0.5)
(2.36400310258 0.391496285714 -0.5)
(2.43089697035 0.391496285714 -0.5)
(2.5 0.391496285714 -0.5)
(0.608637878707 0.400748142857 -0.5)
(0.617561022312 0.400748142857 -0.5)
(0.626778851656 0.400748142857 -0.5)
(0.636301098699 0.400748142857 -0.5)
(0.646137816799 0.400748142857 -0.5)
(0.656299391323 0.400748142857 -0.5)
(0.666796550617 0.400748142857 -0.5)
(0.677640377327 0.400748142857 -0.5)
(0.688842320102 0.400748142857 -0.5)
(0.700414205682 0.400748142857 -0.5)
(0.712368251383 0.400748142857 -0.5)
(0.724717077998 0.400748142857 -0.5)
(0.737473723117 0.400748142857 -0.5)
(0.750651654898 0.400748142857 -0.5)
(0.764264786282 0.400748142857 -0.5)
(0.778327489683 0.400748142857 -0.5)
(0.792854612162 0.400748142857 -0.5)
(0.807861491104 0.400748142857 -0.5)
(0.823363970408 0.400748142857 -0.5)
(0.839378417215 0.400748142857 -0.5)
(0.85592173919 0.400748142857 -0.5)
(0.873011402373 0.400748142857 -0.5)
(0.890665449614 0.400748142857 -0.5)
(0.90890251963 0.400748142857 -0.5)
(0.927741866676 0.400748142857 -0.5)
(0.94720338088 0.400748142857 -0.5)
(0.967307609236 0.400748142857 -0.5)
(0.988075777301 0.400748142857 -0.5)
(1.0095298116 0.400748142857 -0.5)
(1.03169236279 0.400748142857 -0.5)
(1.05458682956 0.400748142857 -0.5)
(1.07823738331 0.400748142857 -0.5)
(1.10266899375 0.400748142857 -0.5)
(1.12790745516 0.400748142857 -0.5)
(1.15397941371 0.400748142857 -0.5)
(1.18091239553 0.400748142857 -0.5)
(1.20873483582 0.400748142857 -0.5)
(1.23747610884 0.400748142857 -0.5)
(1.26716655892 0.400748142857 -0.5)
(1.29783753252 0.400748142857 -0.5)
(1.32952141132 0.400748142857 -0.5)
(1.36225164637 0.400748142857 -0.5)
(1.39606279349 0.400748142857 -0.5)
(1.43099054964 0.400748142857 -0.5)
(1.46707179072 0.400748142857 -0.5)
(1.50434461042 0.400748142857 -0.5)
(1.54284836047 0.400748142857 -0.5)
(1.58262369222 0.400748142857 -0.5)
(1.62371259949 0.400748142857 -0.5)
(1.66615846294 0.400748142857 -0.5)
(1.71000609591 0.400748142857 -0.5)
(1.75530179164 0.400748142857 -0.5)
(1.80209337225 0.400748142857 -0.5)
(1.85043023915 0.400748142857 -0.5)
(1.90036342523 0.400748142857 -0.5)
(1.95194564874 0.400748142857 -0.5)
(2.00523136894 0.400748142857 -0.5)
(2.0602768436 0.400748142857 -0.5)
(2.1171401884 0.400748142857 -0.5)
(2.17588143829 0.400748142857 -0.5)
(2.23656261085 0.400748142857 -0.5)
(2.29924777179 0.400748142857 -0.5)
(2.36400310258 0.400748142857 -0.5)
(2.43089697035 0.400748142857 -0.5)
(2.5 0.400748142857 -0.5)
(0.608637878707 0.41 -0.5)
(0.617561022312 0.41 -0.5)
(0.626778851656 0.41 -0.5)
(0.636301098699 0.41 -0.5)
(0.646137816799 0.41 -0.5)
(0.656299391323 0.41 -0.5)
(0.666796550617 0.41 -0.5)
(0.677640377327 0.41 -0.5)
(0.688842320102 0.41 -0.5)
(0.700414205682 0.41 -0.5)
(0.712368251383 0.41 -0.5)
(0.724717077998 0.41 -0.5)
(0.737473723117 0.41 -0.5)
(0.750651654898 0.41 -0.5)
(0.764264786282 0.41 -0.5)
(0.778327489683 0.41 -0.5)
(0.792854612162 0.41 -0.5)
(0.807861491104 0.41 -0.5)
(0.823363970408 0.41 -0.5)
(0.839378417215 0.41 -0.5)
(0.85592173919 0.41 -0.5)
(0.873011402373 0.41 -0.5)
(0.890665449614 0.41 -0.5)
(0.90890251963 0.41 -0.5)
(0.927741866676 0.41 -0.5)
(0.94720338088 0.41 -0.5)
(0.967307609236 0.41 -0.5)
(0.988075777301 0.41 -0.5)
(1.0095298116 0.41 -0.5)
(1.03169236279 0.41 -0.5)
(1.05458682956 0.41 -0.5)
(1.07823738331 0.41 -0.5)
(1.10266899375 0.41 -0.5)
(1.12790745516 0.41 -0.5)
(1.15397941371 0.41 -0.5)
(1.18091239553 0.41 -0.5)
(1.20873483582 0.41 -0.5)
(1.23747610884 0.41 -0.5)
(1.26716655892 0.41 -0.5)
(1.29783753252 0.41 -0.5)
(1.32952141132 0.41 -0.5)
(1.36225164637 0.41 -0.5)
(1.39606279349 0.41 -0.5)
(1.43099054964 0.41 -0.5)
(1.46707179072 0.41 -0.5)
(1.50434461042 0.41 -0.5)
(1.54284836047 0.41 -0.5)
(1.58262369222 0.41 -0.5)
(1.62371259949 0.41 -0.5)
(1.66615846294 0.41 -0.5)
(1.71000609591 0.41 -0.5)
(1.75530179164 0.41 -0.5)
(1.80209337225 0.41 -0.5)
(1.85043023915 0.41 -0.5)
(1.90036342523 0.41 -0.5)
(1.95194564874 0.41 -0.5)
(2.00523136894 0.41 -0.5)
(2.0602768436 0.41 -0.5)
(2.1171401884 0.41 -0.5)
(2.17588143829 0.41 -0.5)
(2.23656261085 0.41 -0.5)
(2.29924777179 0.41 -0.5)
(2.36400310258 0.41 -0.5)
(2.43089697035 0.41 -0.5)
(2.5 0.41 -0.5)
(0.608637878707 0.289725857143 0.5)
(0.617561022312 0.289725857143 0.5)
(0.626778851656 0.289725857143 0.5)
(0.636301098699 0.289725857143 0.5)
(0.646137816799 0.289725857143 0.5)
(0.656299391323 0.289725857143 0.5)
(0.666796550617 0.289725857143 0.5)
(0.677640377327 0.289725857143 0.5)
(0.688842320102 0.289725857143 0.5)
(0.700414205682 0.289725857143 0.5)
(0.712368251383 0.289725857143 0.5)
(0.724717077998 0.289725857143 0.5)
(0.737473723117 0.289725857143 0.5)
(0.750651654898 0.289725857143 0.5)
(0.764264786282 0.289725857143 0.5)
(0.778327489683 0.289725857143 0.5)
(0.792854612162 0.289725857143 0.5)
(0.807861491104 0.289725857143 0.5)
(0.823363970408 0.289725857143 0.5)
(0.839378417215 0.289725857143 0.5)
(0.85592173919 0.289725857143 0.5)
(0.873011402373 0.289725857143 0.5)
(0.890665449614 0.289725857143 0.5)
(0.90890251963 0.289725857143 0.5)
(0.927741866676 0.289725857143 0.5)
(0.94720338088 0.289725857143 0.5)
(0.967307609236 0.289725857143 0.5)
(0.988075777301 0.289725857143 0.5)
(1.0095298116 0.289725857143 0.5)
(1.03169236279 0.289725857143 0.5)
(1.05458682956 0.289725857143 0.5)
(1.07823738331 0.289725857143 0.5)
(1.10266899375 0.289725857143 0.5)
(1.12790745516 0.289725857143 0.5)
(1.15397941371 0.289725857143 0.5)
(1.18091239553 0.289725857143 0.5)
(1.20873483582 0.289725857143 0.5)
(1.23747610884 0.289725857143 0.5)
(1.26716655892 0.289725857143 0.5)
(1.29783753252 0.289725857143 0.5)
(1.32952141132 0.289725857143 0.5)
(1.36225164637 0.289725857143 0.5)
(1.39606279349 0.289725857143 0.5)
(1.43099054964 0.289725857143 0.5)
(1.46707179072 0.289725857143 0.5)
(1.50434461042 0.289725857143 0.5)
(1.54284836047 0.289725857143 0.5)
(1.58262369222 0.289725857143 0.5)
(1.62371259949 0.289725857143 0.5)
(1.66615846294 0.289725857143 0.5)
(1.71000609591 0.289725857143 0.5)
(1.75530179164 0.289725857143 0.5)
(1.80209337225 0.289725857143 0.5)
(1.85043023915 0.289725857143 0.5)
(1.90036342523 0.289725857143 0.5)
(1.95194564874 0.289725857143 0.5)
(2.00523136894 0.289725857143 0.5)
(2.0602768436 0.289725857143 0.5)
(2.1171401884 0.289725857143 0.5)
(2.17588143829 0.289725857143 0.5)
(2.23656261085 0.289725857143 0.5)
(2.29924777179 0.289725857143 0.5)
(2.36400310258 0.289725857143 0.5)
(2.43089697035 0.289725857143 0.5)
(2.5 0.289725857143 0.5)
(0.608637878707 0.298977714286 0.5)
(0.617561022312 0.298977714286 0.5)
(0.626778851656 0.298977714286 0.5)
(0.636301098699 0.298977714286 0.5)
(0.646137816799 0.298977714286 0.5)
(0.656299391323 0.298977714286 0.5)
(0.666796550617 0.298977714286 0.5)
(0.677640377327 0.298977714286 0.5)
(0.688842320102 0.298977714286 0.5)
(0.700414205682 0.298977714286 0.5)
(0.712368251383 0.298977714286 0.5)
(0.724717077998 0.298977714286 0.5)
(0.737473723117 0.298977714286 0.5)
(0.750651654898 0.298977714286 0.5)
(0.764264786282 0.298977714286 0.5)
(0.778327489683 0.298977714286 0.5)
(0.792854612162 0.298977714286 0.5)
(0.807861491104 0.298977714286 0.5)
(0.823363970408 0.298977714286 0.5)
(0.839378417215 0.298977714286 0.5)
(0.85592173919 0.298977714286 0.5)
(0.873011402373 0.298977714286 0.5)
(0.890665449614 0.298977714286 0.5)
(0.90890251963 0.298977714286 0.5)
(0.927741866676 0.298977714286 0.5)
(0.94720338088 0.298977714286 0.5)
(0.967307609236 0.298977714286 0.5)
(0.988075777301 0.298977714286 0.5)
(1.0095298116 0.298977714286 0.5)
(1.03169236279 0.298977714286 0.5)
(1.05458682956 0.298977714286 0.5)
(1.07823738331 0.298977714286 0.5)
(1.10266899375 0.298977714286 0.5)
(1.12790745516 0.298977714286 0.5)
(1.15397941371 0.298977714286 0.5)
(1.18091239553 0.298977714286 0.5)
(1.20873483582 0.298977714286 0.5)
(1.23747610884 0.298977714286 0.5)
(1.26716655892 0.298977714286 0.5)
(1.29783753252 0.298977714286 0.5)
(1.32952141132 0.298977714286 0.5)
(1.36225164637 0.298977714286 0.5)
(1.39606279349 0.298977714286 0.5)
(1.43099054964 0.298977714286 0.5)
(1.46707179072 0.298977714286 0.5)
(1.50434461042 0.298977714286 0.5)
(1.54284836047 0.298977714286 0.5)
(1.58262369222 0.298977714286 0.5)
(1.62371259949 0.298977714286 0.5)
(1.66615846294 0.298977714286 0.5)
(1.71000609591 0.298977714286 0.5)
(1.75530179164 0.298977714286 0.5)
(1.80209337225 0.298977714286 0.5)
(1.85043023915 0.298977714286 0.5)
(1.90036342523 0.298977714286 0.5)
(1.95194564874 0.298977714286 0.5)
(2.00523136894 0.298977714286 0.5)
(2.0602768436 0.298977714286 0.5)
(2.1171401884 0.298977714286 0.5)
(2.17588143829 0.298977714286 0.5)
(2.23656261085 0.298977714286 0.5)
(2.29924777179 0.298977714286 0.5)
(2.36400310258 0.298977714286 0.5)
(2.43089697035 0.298977714286 0.5)
(2.5 0.298977714286 0.5)
(0.608637878707 0.308229571429 0.5)
(0.617561022312 0.308229571429 0.5)
(0.626778851656 0.308229571429 0.5)
(0.636301098699 0.308229571429 0.5)
(0.646137816799 0.308229571429 0.5)
(0.656299391323 0.308229571429 0.5)
(0.666796550617 0.308229571429 0.5)
(0.677640377327 0.308229571429 0.5)
(0.688842320102 0.308229571429 0.5)
(0.700414205682 0.308229571429 0.5)
(0.712368251383 0.308229571429 0.5)
(0.724717077998 0.308229571429 0.5)
(0.737473723117 0.308229571429 0.5)
(0.750651654898 0.308229571429 0.5)
(0.764264786282 0.308229571429 0.5)
(0.778327489683 0.308229571429 0.5)
(0.792854612162 0.308229571429 0.5)
(0.807861491104 0.308229571429 0.5)
(0.823363970408 0.308229571429 0.5)
(0.839378417215 0.308229571429 0.5)
(0.85592173919 0.308229571429 0.5)
(0.873011402373 0.308229571429 0.5)
(0.890665449614 0.308229571429 0.5)
(0.90890251963 0.308229571429 0.5)
(0.927741866676 0.308229571429 0.5)
(0.94720338088 0.308229571429 0.5)
(0.967307609236 0.308229571429 0.5)
(0.988075777301 0.308229571429 0.5)
(1.0095298116 0.308229571429 0.5)
(1.03169236279 0.308229571429 0.5)
(1.05458682956 0.308229571429 0.5)
(1.07823738331 0.308229571429 0.5)
(1.10266899375 0.308229571429 0.5)
(1.12790745516 0.308229571429 0.5)
(1.15397941371 0.308229571429 0.5)
(1.18091239553 0.308229571429 0.5)
(1.20873483582 0.308229571429 0.5)
(1.23747610884 0.308229571429 0.5)
(1.26716655892 0.308229571429 0.5)
(1.29783753252 0.308229571429 0.5)
(1.32952141132 0.308229571429 0.5)
(1.36225164637 0.308229571429 0.5)
(1.39606279349 0.308229571429 0.5)
(1.43099054964 0.308229571429 0.5)
(1.46707179072 0.308229571429 0.5)
(1.50434461042 0.308229571429 0.5)
(1.54284836047 0.308229571429 0.5)
(1.58262369222 0.308229571429 0.5)
(1.62371259949 0.308229571429 0.5)
(1.66615846294 0.308229571429 0.5)
(1.71000609591 0.308229571429 0.5)
(1.75530179164 0.308229571429 0.5)
(1.80209337225 0.308229571429 0.5)
(1.85043023915 0.308229571429 0.5)
(1.90036342523 0.308229571429 0.5)
(1.95194564874 0.308229571429 0.5)
(2.00523136894 0.308229571429 0.5)
(2.0602768436 0.308229571429 0.5)
(2.1171401884 0.308229571429 0.5)
(2.17588143829 0.308229571429 0.5)
(2.23656261085 0.308229571429 0.5)
(2.29924777179 0.308229571429 0.5)
(2.36400310258 0.308229571429 0.5)
(2.43089697035 0.308229571429 0.5)
(2.5 0.308229571429 0.5)
(0.608637878707 0.317481428571 0.5)
(0.617561022312 0.317481428571 0.5)
(0.626778851656 0.317481428571 0.5)
(0.636301098699 0.317481428571 0.5)
(0.646137816799 0.317481428571 0.5)
(0.656299391323 0.317481428571 0.5)
(0.666796550617 0.317481428571 0.5)
(0.677640377327 0.317481428571 0.5)
(0.688842320102 0.317481428571 0.5)
(0.700414205682 0.317481428571 0.5)
(0.712368251383 0.317481428571 0.5)
(0.724717077998 0.317481428571 0.5)
(0.737473723117 0.317481428571 0.5)
(0.750651654898 0.317481428571 0.5)
(0.764264786282 0.317481428571 0.5)
(0.778327489683 0.317481428571 0.5)
(0.792854612162 0.317481428571 0.5)
(0.807861491104 0.317481428571 0.5)
(0.823363970408 0.317481428571 0.5)
(0.839378417215 0.317481428571 0.5)
(0.85592173919 0.317481428571 0.5)
(0.873011402373 0.317481428571 0.5)
(0.890665449614 0.317481428571 0.5)
(0.90890251963 0.317481428571 0.5)
(0.927741866676 0.317481428571 0.5)
(0.94720338088 0.317481428571 0.5)
(0.967307609236 0.317481428571 0.5)
(0.988075777301 0.317481428571 0.5)
(1.0095298116 0.317481428571 0.5)
(1.03169236279 0.317481428571 0.5)
(1.05458682956 0.317481428571 0.5)
(1.07823738331 0.317481428571 0.5)
(1.10266899375 0.317481428571 0.5)
(1.12790745516 0.317481428571 0.5)
(1.15397941371 0.317481428571 0.5)
(1.18091239553 0.317481428571 0.5)
(1.20873483582 0.317481428571 0.5)
(1.23747610884 0.317481428571 0.5)
(1.26716655892 0.317481428571 0.5)
(1.29783753252 0.317481428571 0.5)
(1.32952141132 0.317481428571 0.5)
(1.36225164637 0.317481428571 0.5)
(1.39606279349 0.317481428571 0.5)
(1.43099054964 0.317481428571 0.5)
(1.46707179072 0.317481428571 0.5)
(1.50434461042 0.317481428571 0.5)
(1.54284836047 0.317481428571 0.5)
(1.58262369222 0.317481428571 0.5)
(1.62371259949 0.317481428571 0.5)
(1.66615846294 0.317481428571 0.5)
(1.71000609591 0.317481428571 0.5)
(1.75530179164 0.317481428571 0.5)
(1.80209337225 0.317481428571 0.5)
(1.85043023915 0.317481428571 0.5)
(1.90036342523 0.317481428571 0.5)
(1.95194564874 0.317481428571 0.5)
(2.00523136894 0.317481428571 0.5)
(2.0602768436 0.317481428571 0.5)
(2.1171401884 0.317481428571 0.5)
(2.17588143829 0.317481428571 0.5)
(2.23656261085 0.317481428571 0.5)
(2.29924777179 0.317481428571 0.5)
(2.36400310258 0.317481428571 0.5)
(2.43089697035 0.317481428571 0.5)
(2.5 0.317481428571 0.5)
(0.608637878707 0.326733285714 0.5)
(0.617561022312 0.326733285714 0.5)
(0.626778851656 0.326733285714 0.5)
(0.636301098699 0.326733285714 0.5)
(0.646137816799 0.326733285714 0.5)
(0.656299391323 0.326733285714 0.5)
(0.666796550617 0.326733285714 0.5)
(0.677640377327 0.326733285714 0.5)
(0.688842320102 0.326733285714 0.5)
(0.700414205682 0.326733285714 0.5)
(0.712368251383 0.326733285714 0.5)
(0.724717077998 0.326733285714 0.5)
(0.737473723117 0.326733285714 0.5)
(0.750651654898 0.326733285714 0.5)
(0.764264786282 0.326733285714 0.5)
(0.778327489683 0.326733285714 0.5)
(0.792854612162 0.326733285714 0.5)
(0.807861491104 0.326733285714 0.5)
(0.823363970408 0.326733285714 0.5)
(0.839378417215 0.326733285714 0.5)
(0.85592173919 0.326733285714 0.5)
(0.873011402373 0.326733285714 0.5)
(0.890665449614 0.326733285714 0.5)
(0.90890251963 0.326733285714 0.5)
(0.927741866676 0.326733285714 0.5)
(0.94720338088 0.326733285714 0.5)
(0.967307609236 0.326733285714 0.5)
(0.988075777301 0.326733285714 0.5)
(1.0095298116 0.326733285714 0.5)
(1.03169236279 0.326733285714 0.5)
(1.05458682956 0.326733285714 0.5)
(1.07823738331 0.326733285714 0.5)
(1.10266899375 0.326733285714 0.5)
(1.12790745516 0.326733285714 0.5)
(1.15397941371 0.326733285714 0.5)
(1.18091239553 0.326733285714 0.5)
(1.20873483582 0.326733285714 0.5)
(1.23747610884 0.326733285714 0.5)
(1.26716655892 0.326733285714 0.5)
(1.29783753252 0.326733285714 0.5)
(1.32952141132 0.326733285714 0.5)
(1.36225164637 0.326733285714 0.5)
(1.39606279349 0.326733285714 0.5)
(1.43099054964 0.326733285714 0.5)
(1.46707179072 0.326733285714 0.5)
(1.50434461042 0.326733285714 0.5)
(1.54284836047 0.326733285714 0.5)
(1.58262369222 0.326733285714 0.5)
(1.62371259949 0.326733285714 0.5)
(1.66615846294 0.326733285714 0.5)
(1.71000609591 0.326733285714 0.5)
(1.75530179164 0.326733285714 0.5)
(1.80209337225 0.326733285714 0.5)
(1.85043023915 0.326733285714 0.5)
(1.90036342523 0.326733285714 0.5)
(1.95194564874 0.326733285714 0.5)
(2.00523136894 0.326733285714 0.5)
(2.0602768436 0.326733285714 0.5)
(2.1171401884 0.326733285714 0.5)
(2.17588143829 0.326733285714 0.5)
(2.23656261085 0.326733285714 0.5)
(2.29924777179 0.326733285714 0.5)
(2.36400310258 0.326733285714 0.5)
(2.43089697035 0.326733285714 0.5)
(2.5 0.326733285714 0.5)
(0.608637878707 0.335985142857 0.5)
(0.617561022312 0.335985142857 0.5)
(0.626778851656 0.335985142857 0.5)
(0.636301098699 0.335985142857 0.5)
(0.646137816799 0.335985142857 0.5)
(0.656299391323 0.335985142857 0.5)
(0.666796550617 0.335985142857 0.5)
(0.677640377327 0.335985142857 0.5)
(0.688842320102 0.335985142857 0.5)
(0.700414205682 0.335985142857 0.5)
(0.712368251383 0.335985142857 0.5)
(0.724717077998 0.335985142857 0.5)
(0.737473723117 0.335985142857 0.5)
(0.750651654898 0.335985142857 0.5)
(0.764264786282 0.335985142857 0.5)
(0.778327489683 0.335985142857 0.5)
(0.792854612162 0.335985142857 0.5)
(0.807861491104 0.335985142857 0.5)
(0.823363970408 0.335985142857 0.5)
(0.839378417215 0.335985142857 0.5)
(0.85592173919 0.335985142857 0.5)
(0.873011402373 0.335985142857 0.5)
(0.890665449614 0.335985142857 0.5)
(0.90890251963 0.335985142857 0.5)
(0.927741866676 0.335985142857 0.5)
(0.94720338088 0.335985142857 0.5)
(0.967307609236 0.335985142857 0.5)
(0.988075777301 0.335985142857 0.5)
(1.0095298116 0.335985142857 0.5)
(1.03169236279 0.335985142857 0.5)
(1.05458682956 0.335985142857 0.5)
(1.07823738331 0.335985142857 0.5)
(1.10266899375 0.335985142857 0.5)
(1.12790745516 0.335985142857 0.5)
(1.15397941371 0.335985142857 0.5)
(1.18091239553 0.335985142857 0.5)
(1.20873483582 0.335985142857 0.5)
(1.23747610884 0.335985142857 0.5)
(1.26716655892 0.335985142857 0.5)
(1.29783753252 0.335985142857 0.5)
(1.32952141132 0.335985142857 0.5)
(1.36225164637 0.335985142857 0.5)
(1.39606279349 0.335985142857 0.5)
(1.43099054964 0.335985142857 0.5)
(1.46707179072 0.335985142857 0.5)
(1.50434461042 0.335985142857 0.5)
(1.54284836047 0.335985142857 0.5)
(1.58262369222 0.335985142857 0.5)
(1.62371259949 0.335985142857 0.5)
(1.66615846294 0.335985142857 0.5)
(1.71000609591 0.335985142857 0.5)
(1.75530179164 0.335985142857 0.5)
(1.80209337225 0.335985142857 0.5)
(1.85043023915 0.335985142857 0.5)
(1.90036342523 0.335985142857 0.5)
(1.95194564874 0.335985142857 0.5)
(2.00523136894 0.335985142857 0.5)
(2.0602768436 0.335985142857 0.5)
(2.1171401884 0.335985142857 0.5)
(2.17588143829 0.335985142857 0.5)
(2.23656261085 0.335985142857 0.5)
(2.29924777179 0.335985142857 0.5)
(2.36400310258 0.335985142857 0.5)
(2.43089697035 0.335985142857 0.5)
(2.5 0.335985142857 0.5)
(0.608637878707 0.345237 0.5)
(0.617561022312 0.345237 0.5)
(0.626778851656 0.345237 0.5)
(0.636301098699 0.345237 0.5)
(0.646137816799 0.345237 0.5)
(0.656299391323 0.345237 0.5)
(0.666796550617 0.345237 0.5)
(0.677640377327 0.345237 0.5)
(0.688842320102 0.345237 0.5)
(0.700414205682 0.345237 0.5)
(0.712368251383 0.345237 0.5)
(0.724717077998 0.345237 0.5)
(0.737473723117 0.345237 0.5)
(0.750651654898 0.345237 0.5)
(0.764264786282 0.345237 0.5)
(0.778327489683 0.345237 0.5)
(0.792854612162 0.345237 0.5)
(0.807861491104 0.345237 0.5)
(0.823363970408 0.345237 0.5)
(0.839378417215 0.345237 0.5)
(0.85592173919 0.345237 0.5)
(0.873011402373 0.345237 0.5)
(0.890665449614 0.345237 0.5)
(0.90890251963 0.345237 0.5)
(0.927741866676 0.345237 0.5)
(0.94720338088 0.345237 0.5)
(0.967307609236 0.345237 0.5)
(0.988075777301 0.345237 0.5)
(1.0095298116 0.345237 0.5)
(1.03169236279 0.345237 0.5)
(1.05458682956 0.345237 0.5)
(1.07823738331 0.345237 0.5)
(1.10266899375 0.345237 0.5)
(1.12790745516 0.345237 0.5)
(1.15397941371 0.345237 0.5)
(1.18091239553 0.345237 0.5)
(1.20873483582 0.345237 0.5)
(1.23747610884 0.345237 0.5)
(1.26716655892 0.345237 0.5)
(1.29783753252 0.345237 0.5)
(1.32952141132 0.345237 0.5)
(1.36225164637 0.345237 0.5)
(1.39606279349 0.345237 0.5)
(1.43099054964 0.345237 0.5)
(1.46707179072 0.345237 0.5)
(1.50434461042 0.345237 0.5)
(1.54284836047 0.345237 0.5)
(1.58262369222 0.345237 0.5)
(1.62371259949 0.345237 0.5)
(1.66615846294 0.345237 0.5)
(1.71000609591 0.345237 0.5)
(1.75530179164 0.345237 0.5)
(1.80209337225 0.345237 0.5)
(1.85043023915 0.345237 0.5)
(1.90036342523 0.345237 0.5)
(1.95194564874 0.345237 0.5)
(2.00523136894 0.345237 0.5)
(2.0602768436 0.345237 0.5)
(2.1171401884 0.345237 0.5)
(2.17588143829 0.345237 0.5)
(2.23656261085 0.345237 0.5)
(2.29924777179 0.345237 0.5)
(2.36400310258 0.345237 0.5)
(2.43089697035 0.345237 0.5)
(2.5 0.345237 0.5)
(0.608637878707 0.354488857143 0.5)
(0.617561022312 0.354488857143 0.5)
(0.626778851656 0.354488857143 0.5)
(0.636301098699 0.354488857143 0.5)
(0.646137816799 0.354488857143 0.5)
(0.656299391323 0.354488857143 0.5)
(0.666796550617 0.354488857143 0.5)
(0.677640377327 0.354488857143 0.5)
(0.688842320102 0.354488857143 0.5)
(0.700414205682 0.354488857143 0.5)
(0.712368251383 0.354488857143 0.5)
(0.724717077998 0.354488857143 0.5)
(0.737473723117 0.354488857143 0.5)
(0.750651654898 0.354488857143 0.5)
(0.764264786282 0.354488857143 0.5)
(0.778327489683 0.354488857143 0.5)
(0.792854612162 0.354488857143 0.5)
(0.807861491104 0.354488857143 0.5)
(0.823363970408 0.354488857143 0.5)
(0.839378417215 0.354488857143 0.5)
(0.85592173919 0.354488857143 0.5)
(0.873011402373 0.354488857143 0.5)
(0.890665449614 0.354488857143 0.5)
(0.90890251963 0.354488857143 0.5)
(0.927741866676 0.354488857143 0.5)
(0.94720338088 0.354488857143 0.5)
(0.967307609236 0.354488857143 0.5)
(0.988075777301 0.354488857143 0.5)
(1.0095298116 0.354488857143 0.5)
(1.03169236279 0.354488857143 0.5)
(1.05458682956 0.354488857143 0.5)
(1.07823738331 0.354488857143 0.5)
(1.10266899375 0.354488857143 0.5)
(1.12790745516 0.354488857143 0.5)
(1.15397941371 0.354488857143 0.5)
(1.18091239553 0.354488857143 0.5)
(1.20873483582 0.354488857143 0.5)
(1.23747610884 0.354488857143 0.5)
(1.26716655892 0.354488857143 0.5)
(1.29783753252 0.354488857143 0.5)
(1.32952141132 0.354488857143 0.5)
(1.36225164637 0.354488857143 0.5)
(1.39606279349 0.354488857143 0.5)
(1.43099054964 0.354488857143 0.5)
(1.46707179072 0.354488857143 0.5)
(1.50434461042 0.354488857143 0.5)
(1.54284836047 0.354488857143 0.5)
(1.58262369222 0.354488857143 0.5)
(1.62371259949 0.354488857143 0.5)
(1.66615846294 0.354488857143 0.5)
(1.71000609591 0.354488857143 0.5)
(1.75530179164 0.354488857143 0.5)
(1.80209337225 0.354488857143 0.5)
(1.85043023915 0.354488857143 0.5)
(1.90036342523 0.354488857143 0.5)
(1.95194564874 0.354488857143 0.5)
(2.00523136894 0.354488857143 0.5)
(2.0602768436 0.354488857143 0.5)
(2.1171401884 0.354488857143 0.5)
(2.17588143829 0.354488857143 0.5)
(2.23656261085 0.354488857143 0.5)
(2.29924777179 0.354488857143 0.5)
(2.36400310258 0.354488857143 0.5)
(2.43089697035 0.354488857143 0.5)
(2.5 0.354488857143 0.5)
(0.608637878707 0.363740714286 0.5)
(0.617561022312 0.363740714286 0.5)
(0.626778851656 0.363740714286 0.5)
(0.636301098699 0.363740714286 0.5)
(0.646137816799 0.363740714286 0.5)
(0.656299391323 0.363740714286 0.5)
(0.666796550617 0.363740714286 0.5)
(0.677640377327 0.363740714286 0.5)
(0.688842320102 0.363740714286 0.5)
(0.700414205682 0.363740714286 0.5)
(0.712368251383 0.363740714286 0.5)
(0.724717077998 0.363740714286 0.5)
(0.737473723117 0.363740714286 0.5)
(0.750651654898 0.363740714286 0.5)
(0.764264786282 0.363740714286 0.5)
(0.778327489683 0.363740714286 0.5)
(0.792854612162 0.363740714286 0.5)
(0.807861491104 0.363740714286 0.5)
(0.823363970408 0.363740714286 0.5)
(0.839378417215 0.363740714286 0.5)
(0.85592173919 0.363740714286 0.5)
(0.873011402373 0.363740714286 0.5)
(0.890665449614 0.363740714286 0.5)
(0.90890251963 0.363740714286 0.5)
(0.927741866676 0.363740714286 0.5)
(0.94720338088 0.363740714286 0.5)
(0.967307609236 0.363740714286 0.5)
(0.988075777301 0.363740714286 0.5)
(1.0095298116 0.363740714286 0.5)
(1.03169236279 0.363740714286 0.5)
(1.05458682956 0.363740714286 0.5)
(1.07823738331 0.363740714286 0.5)
(1.10266899375 0.363740714286 0.5)
(1.12790745516 0.363740714286 0.5)
(1.15397941371 0.363740714286 0.5)
(1.18091239553 0.363740714286 0.5)
(1.20873483582 0.363740714286 0.5)
(1.23747610884 0.363740714286 0.5)
(1.26716655892 0.363740714286 0.5)
(1.29783753252 0.363740714286 0.5)
(1.32952141132 0.363740714286 0.5)
(1.36225164637 0.363740714286 0.5)
(1.39606279349 0.363740714286 0.5)
(1.43099054964 0.363740714286 0.5)
(1.46707179072 0.363740714286 0.5)
(1.50434461042 0.363740714286 0.5)
(1.54284836047 0.363740714286 0.5)
(1.58262369222 0.363740714286 0.5)
(1.62371259949 0.363740714286 0.5)
(1.66615846294 0.363740714286 0.5)
(1.71000609591 0.363740714286 0.5)
(1.75530179164 0.363740714286 0.5)
(1.80209337225 0.363740714286 0.5)
(1.85043023915 0.363740714286 0.5)
(1.90036342523 0.363740714286 0.5)
(1.95194564874 0.363740714286 0.5)
(2.00523136894 0.363740714286 0.5)
(2.0602768436 0.363740714286 0.5)
(2.1171401884 0.363740714286 0.5)
(2.17588143829 0.363740714286 0.5)
(2.23656261085 0.363740714286 0.5)
(2.29924777179 0.363740714286 0.5)
(2.36400310258 0.363740714286 0.5)
(2.43089697035 0.363740714286 0.5)
(2.5 0.363740714286 0.5)
(0.608637878707 0.372992571429 0.5)
(0.617561022312 0.372992571429 0.5)
(0.626778851656 0.372992571429 0.5)
(0.636301098699 0.372992571429 0.5)
(0.646137816799 0.372992571429 0.5)
(0.656299391323 0.372992571429 0.5)
(0.666796550617 0.372992571429 0.5)
(0.677640377327 0.372992571429 0.5)
(0.688842320102 0.372992571429 0.5)
(0.700414205682 0.372992571429 0.5)
(0.712368251383 0.372992571429 0.5)
(0.724717077998 0.372992571429 0.5)
(0.737473723117 0.372992571429 0.5)
(0.750651654898 0.372992571429 0.5)
(0.764264786282 0.372992571429 0.5)
(0.778327489683 0.372992571429 0.5)
(0.792854612162 0.372992571429 0.5)
(0.807861491104 0.372992571429 0.5)
(0.823363970408 0.372992571429 0.5)
(0.839378417215 0.372992571429 0.5)
(0.85592173919 0.372992571429 0.5)
(0.873011402373 0.372992571429 0.5)
(0.890665449614 0.372992571429 0.5)
(0.90890251963 0.372992571429 0.5)
(0.927741866676 0.372992571429 0.5)
(0.94720338088 0.372992571429 0.5)
(0.967307609236 0.372992571429 0.5)
(0.988075777301 0.372992571429 0.5)
(1.0095298116 0.372992571429 0.5)
(1.03169236279 0.372992571429 0.5)
(1.05458682956 0.372992571429 0.5)
(1.07823738331 0.372992571429 0.5)
(1.10266899375 0.372992571429 0.5)
(1.12790745516 0.372992571429 0.5)
(1.15397941371 0.372992571429 0.5)
(1.18091239553 0.372992571429 0.5)
(1.20873483582 0.372992571429 0.5)
(1.23747610884 0.372992571429 0.5)
(1.26716655892 0.372992571429 0.5)
(1.29783753252 0.372992571429 0.5)
(1.32952141132 0.372992571429 0.5)
(1.36225164637 0.372992571429 0.5)
(1.39606279349 0.372992571429 0.5)
(1.43099054964 0.372992571429 0.5)
(1.46707179072 0.372992571429 0.5)
(1.50434461042 0.372992571429 0.5)
(1.54284836047 0.372992571429 0.5)
(1.58262369222 0.372992571429 0.5)
(1.62371259949 0.372992571429 0.5)
(1.66615846294 0.372992571429 0.5)
(1.71000609591 0.372992571429 0.5)
(1.75530179164 0.372992571429 0.5)
(1.80209337225 0.372992571429 0.5)
(1.85043023915 0.372992571429 0.5)
(1.90036342523 0.372992571429 0.5)
(1.95194564874 0.372992571429 0.5)
(2.00523136894 0.372992571429 0.5)
(2.0602768436 0.372992571429 0.5)
(2.1171401884 0.372992571429 0.5)
(2.17588143829 0.372992571429 0.5)
(2.23656261085 0.372992571429 0.5)
(2.29924777179 0.372992571429 0.5)
(2.36400310258 0.372992571429 0.5)
(2.43089697035 0.372992571429 0.5)
(2.5 0.372992571429 0.5)
(0.608637878707 0.382244428571 0.5)
(0.617561022312 0.382244428571 0.5)
(0.626778851656 0.382244428571 0.5)
(0.636301098699 0.382244428571 0.5)
(0.646137816799 0.382244428571 0.5)
(0.656299391323 0.382244428571 0.5)
(0.666796550617 0.382244428571 0.5)
(0.677640377327 0.382244428571 0.5)
(0.688842320102 0.382244428571 0.5)
(0.700414205682 0.382244428571 0.5)
(0.712368251383 0.382244428571 0.5)
(0.724717077998 0.382244428571 0.5)
(0.737473723117 0.382244428571 0.5)
(0.750651654898 0.382244428571 0.5)
(0.764264786282 0.382244428571 0.5)
(0.778327489683 0.382244428571 0.5)
(0.792854612162 0.382244428571 0.5)
(0.807861491104 0.382244428571 0.5)
(0.823363970408 0.382244428571 0.5)
(0.839378417215 0.382244428571 0.5)
(0.85592173919 0.382244428571 0.5)
(0.873011402373 0.382244428571 0.5)
(0.890665449614 0.382244428571 0.5)
(0.90890251963 0.382244428571 0.5)
(0.927741866676 0.382244428571 0.5)
(0.94720338088 0.382244428571 0.5)
(0.967307609236 0.382244428571 0.5)
(0.988075777301 0.382244428571 0.5)
(1.0095298116 0.382244428571 0.5)
(1.03169236279 0.382244428571 0.5)
(1.05458682956 0.382244428571 0.5)
(1.07823738331 0.382244428571 0.5)
(1.10266899375 0.382244428571 0.5)
(1.12790745516 0.382244428571 0.5)
(1.15397941371 0.382244428571 0.5)
(1.18091239553 0.382244428571 0.5)
(1.20873483582 0.382244428571 0.5)
(1.23747610884 0.382244428571 0.5)
(1.26716655892 0.382244428571 0.5)
(1.29783753252 0.382244428571 0.5)
(1.32952141132 0.382244428571 0.5)
(1.36225164637 0.382244428571 0.5)
(1.39606279349 0.382244428571 0.5)
(1.43099054964 0.382244428571 0.5)
(1.46707179072 0.382244428571 0.5)
(1.50434461042 0.382244428571 0.5)
(1.54284836047 0.382244428571 0.5)
(1.58262369222 0.382244428571 0.5)
(1.62371259949 0.382244428571 0.5)
(1.66615846294 0.382244428571 0.5)
(1.71000609591 0.382244428571 0.5)
(1.75530179164 0.382244428571 0.5)
(1.80209337225 0.382244428571 0.5)
(1.85043023915 0.382244428571 0.5)
(1.90036342523 0.382244428571 0.5)
(1.95194564874 0.382244428571 0.5)
(2.00523136894 0.382244428571 0.5)
(2.0602768436 0.382244428571 0.5)
(2.1171401884 0.382244428571 0.5)
(2.17588143829 0.382244428571 0.5)
(2.23656261085 0.382244428571 0.5)
(2.29924777179 0.382244428571 0.5)
(2.36400310258 0.382244428571 0.5)
(2.43089697035 0.382244428571 0.5)
(2.5 0.382244428571 0.5)
(0.608637878707 0.391496285714 0.5)
(0.617561022312 0.391496285714 0.5)
(0.626778851656 0.391496285714 0.5)
(0.636301098699 0.391496285714 0.5)
(0.646137816799 0.391496285714 0.5)
(0.656299391323 0.391496285714 0.5)
(0.666796550617 0.391496285714 0.5)
(0.677640377327 0.391496285714 0.5)
(0.688842320102 0.391496285714 0.5)
(0.700414205682 0.391496285714 0.5)
(0.712368251383 0.391496285714 0.5)
(0.724717077998 0.391496285714 0.5)
(0.737473723117 0.391496285714 0.5)
(0.750651654898 0.391496285714 0.5)
(0.764264786282 0.391496285714 0.5)
(0.778327489683 0.391496285714 0.5)
(0.792854612162 0.391496285714 0.5)
(0.807861491104 0.391496285714 0.5)
(0.823363970408 0.391496285714 0.5)
(0.839378417215 0.391496285714 0.5)
(0.85592173919 0.391496285714 0.5)
(0.873011402373 0.391496285714 0.5)
(0.890665449614 0.391496285714 0.5)
(0.90890251963 0.391496285714 0.5)
(0.927741866676 0.391496285714 0.5)
(0.94720338088 0.391496285714 0.5)
(0.967307609236 0.391496285714 0.5)
(0.988075777301 0.391496285714 0.5)
(1.0095298116 0.391496285714 0.5)
(1.03169236279 0.391496285714 0.5)
(1.05458682956 0.391496285714 0.5)
(1.07823738331 0.391496285714 0.5)
(1.10266899375 0.391496285714 0.5)
(1.12790745516 0.391496285714 0.5)
(1.15397941371 0.391496285714 0.5)
(1.18091239553 0.391496285714 0.5)
(1.20873483582 0.391496285714 0.5)
(1.23747610884 0.391496285714 0.5)
(1.26716655892 0.391496285714 0.5)
(1.29783753252 0.391496285714 0.5)
(1.32952141132 0.391496285714 0.5)
(1.36225164637 0.391496285714 0.5)
(1.39606279349 0.391496285714 0.5)
(1.43099054964 0.391496285714 0.5)
(1.46707179072 0.391496285714 0.5)
(1.50434461042 0.391496285714 0.5)
(1.54284836047 0.391496285714 0.5)
(1.58262369222 0.391496285714 0.5)
(1.62371259949 0.391496285714 0.5)
(1.66615846294 0.391496285714 0.5)
(1.71000609591 0.391496285714 0.5)
(1.75530179164 0.391496285714 0.5)
(1.80209337225 0.391496285714 0.5)
(1.85043023915 0.391496285714 0.5)
(1.90036342523 0.391496285714 0.5)
(1.95194564874 0.391496285714 0.5)
(2.00523136894 0.391496285714 0.5)
(2.0602768436 0.391496285714 0.5)
(2.1171401884 0.391496285714 0.5)
(2.17588143829 0.391496285714 0.5)
(2.23656261085 0.391496285714 0.5)
(2.29924777179 0.391496285714 0.5)
(2.36400310258 0.391496285714 0.5)
(2.43089697035 0.391496285714 0.5)
(2.5 0.391496285714 0.5)
(0.608637878707 0.400748142857 0.5)
(0.617561022312 0.400748142857 0.5)
(0.626778851656 0.400748142857 0.5)
(0.636301098699 0.400748142857 0.5)
(0.646137816799 0.400748142857 0.5)
(0.656299391323 0.400748142857 0.5)
(0.666796550617 0.400748142857 0.5)
(0.677640377327 0.400748142857 0.5)
(0.688842320102 0.400748142857 0.5)
(0.700414205682 0.400748142857 0.5)
(0.712368251383 0.400748142857 0.5)
(0.724717077998 0.400748142857 0.5)
(0.737473723117 0.400748142857 0.5)
(0.750651654898 0.400748142857 0.5)
(0.764264786282 0.400748142857 0.5)
(0.778327489683 0.400748142857 0.5)
(0.792854612162 0.400748142857 0.5)
(0.807861491104 0.400748142857 0.5)
(0.823363970408 0.400748142857 0.5)
(0.839378417215 0.400748142857 0.5)
(0.85592173919 0.400748142857 0.5)
(0.873011402373 0.400748142857 0.5)
(0.890665449614 0.400748142857 0.5)
(0.90890251963 0.400748142857 0.5)
(0.927741866676 0.400748142857 0.5)
(0.94720338088 0.400748142857 0.5)
(0.967307609236 0.400748142857 0.5)
(0.988075777301 0.400748142857 0.5)
(1.0095298116 0.400748142857 0.5)
(1.03169236279 0.400748142857 0.5)
(1.05458682956 0.400748142857 0.5)
(1.07823738331 0.400748142857 0.5)
(1.10266899375 0.400748142857 0.5)
(1.12790745516 0.400748142857 0.5)
(1.15397941371 0.400748142857 0.5)
(1.18091239553 0.400748142857 0.5)
(1.20873483582 0.400748142857 0.5)
(1.23747610884 0.400748142857 0.5)
(1.26716655892 0.400748142857 0.5)
(1.29783753252 0.400748142857 0.5)
(1.32952141132 0.400748142857 0.5)
(1.36225164637 0.400748142857 0.5)
(1.39606279349 0.400748142857 0.5)
(1.43099054964 0.400748142857 0.5)
(1.46707179072 0.400748142857 0.5)
(1.50434461042 0.400748142857 0.5)
(1.54284836047 0.400748142857 0.5)
(1.58262369222 0.400748142857 0.5)
(1.62371259949 0.400748142857 0.5)
(1.66615846294 0.400748142857 0.5)
(1.71000609591 0.400748142857 0.5)
(1.75530179164 0.400748142857 0.5)
(1.80209337225 0.400748142857 0.5)
(1.85043023915 0.400748142857 0.5)
(1.90036342523 0.400748142857 0.5)
(1.95194564874 0.400748142857 0.5)
(2.00523136894 0.400748142857 0.5)
(2.0602768436 0.400748142857 0.5)
(2.1171401884 0.400748142857 0.5)
(2.17588143829 0.400748142857 0.5)
(2.23656261085 0.400748142857 0.5)
(2.29924777179 0.400748142857 0.5)
(2.36400310258 0.400748142857 0.5)
(2.43089697035 0.400748142857 0.5)
(2.5 0.400748142857 0.5)
(0.608637878707 0.41 0.5)
(0.617561022312 0.41 0.5)
(0.626778851656 0.41 0.5)
(0.636301098699 0.41 0.5)
(0.646137816799 0.41 0.5)
(0.656299391323 0.41 0.5)
(0.666796550617 0.41 0.5)
(0.677640377327 0.41 0.5)
(0.688842320102 0.41 0.5)
(0.700414205682 0.41 0.5)
(0.712368251383 0.41 0.5)
(0.724717077998 0.41 0.5)
(0.737473723117 0.41 0.5)
(0.750651654898 0.41 0.5)
(0.764264786282 0.41 0.5)
(0.778327489683 0.41 0.5)
(0.792854612162 0.41 0.5)
(0.807861491104 0.41 0.5)
(0.823363970408 0.41 0.5)
(0.839378417215 0.41 0.5)
(0.85592173919 0.41 0.5)
(0.873011402373 0.41 0.5)
(0.890665449614 0.41 0.5)
(0.90890251963 0.41 0.5)
(0.927741866676 0.41 0.5)
(0.94720338088 0.41 0.5)
(0.967307609236 0.41 0.5)
(0.988075777301 0.41 0.5)
(1.0095298116 0.41 0.5)
(1.03169236279 0.41 0.5)
(1.05458682956 0.41 0.5)
(1.07823738331 0.41 0.5)
(1.10266899375 0.41 0.5)
(1.12790745516 0.41 0.5)
(1.15397941371 0.41 0.5)
(1.18091239553 0.41 0.5)
(1.20873483582 0.41 0.5)
(1.23747610884 0.41 0.5)
(1.26716655892 0.41 0.5)
(1.29783753252 0.41 0.5)
(1.32952141132 0.41 0.5)
(1.36225164637 0.41 0.5)
(1.39606279349 0.41 0.5)
(1.43099054964 0.41 0.5)
(1.46707179072 0.41 0.5)
(1.50434461042 0.41 0.5)
(1.54284836047 0.41 0.5)
(1.58262369222 0.41 0.5)
(1.62371259949 0.41 0.5)
(1.66615846294 0.41 0.5)
(1.71000609591 0.41 0.5)
(1.75530179164 0.41 0.5)
(1.80209337225 0.41 0.5)
(1.85043023915 0.41 0.5)
(1.90036342523 0.41 0.5)
(1.95194564874 0.41 0.5)
(2.00523136894 0.41 0.5)
(2.0602768436 0.41 0.5)
(2.1171401884 0.41 0.5)
(2.17588143829 0.41 0.5)
(2.23656261085 0.41 0.5)
(2.29924777179 0.41 0.5)
(2.36400310258 0.41 0.5)
(2.43089697035 0.41 0.5)
(2.5 0.41 0.5)
)


// ************************************************************************* //
