/*--------------------------------*- C++ -*----------------------------------*\
| =========                 |                                                 |
| \\      /  F ield         | OpenFOAM: The Open Source CFD Toolbox           |
|  \\    /   O peration     | Version:  2512                                  |
|   \\  /    A nd           | Website:  www.openfoam.com                      |
|    \\/     M anipulation  |                                                 |
\*---------------------------------------------------------------------------*/
FoamFile
{
    version     2.0;
    format      ascii;
    arch        "LSB;label=32;scalar=64";
    note        "nPoints:25704  nCells:12510  nFaces:50381  nInternalFaces:24679";
    class       labelList;
    location    "constant/polyMesh";
    object      neighbour;
}
// * * * * * * * * * * * * * * * * * * * * * * * * * * * * * * * * * * * * * //


24679
(
1
80
2
81
3
82
4
83
5
84
6
85
7
86
8
87
9
88
10
89
11
90
12
91
13
92
14
93
15
94
16
95
17
96
18
97
19
98
20
99
21
100
22
101
23
102
24
103
25
104
26
105
27
106
28
107
29
108
30
109
31
110
32
111
33
112
34
113
35
114
36
115
37
116
38
117
39
118
40
119
41
120
42
121
43
122
44
123
45
124
46
125
47
126
48
127
49
128
50
129
51
130
52
131
53
132
54
133
55
134
56
135
57
136
58
137
59
138
60
139
61
140
62
141
63
142
64
143
65
144
66
145
67
146
68
147
69
148
70
149
71
150
72
151
73
152
74
153
75
154
76
155
77
156
78
157
79
158
159
81
160
82
161
83
162
84
163
85
164
86
165
87
166
88
167
89
168
90
169
91
170
92
171
93
172
94
173
95
174
96
175
97
176
98
177
99
178
100
179
101
180
102
181
103
182
104
183
105
184
106
185
107
186
108
187
109
188
110
189
111
190
112
191
113
192
114
193
115
194
116
195
117
196
118
197
119
198
120
199
121
200
122
201
123
202
124
203
125
204
126
205
127
206
128
207
129
208
130
209
131
210
132
211
133
212
134
213
135
214
136
215
137
216
138
217
139
218
140
219
141
220
142
221
143
222
144
223
145
224
146
225
147
226
148
227
149
228
150
229
151
230
152
231
153
232
154
233
155
234
156
235
157
236
158
237
159
238
239
161
240
162
241
163
242
164
243
165
244
166
245
167
246
168
247
169
248
170
249
171
250
172
251
173
252
174
253
175
254
176
255
177
256
178
257
179
258
180
259
181
260
182
261
183
262
184
263
185
264
186
265
187
266
188
267
189
268
190
269
191
270
192
271
193
272
194
273
195
274
196
275
197
276
198
277
199
278
200
279
201
280
202
281
203
282
204
283
205
284
206
285
207
286
208
287
209
288
210
289
211
290
212
291
213
292
214
293
215
294
216
295
217
296
218
297
219
298
220
299
221
300
222
301
223
302
224
303
225
304
226
305
227
306
228
307
229
308
230
309
231
310
232
311
233
312
234
313
235
314
236
315
237
316
238
317
239
318
319
241
320
242
321
243
322
244
323
245
324
246
325
247
326
248
327
249
328
250
329
251
330
252
331
253
332
254
333
255
334
256
335
257
336
258
337
259
338
260
339
261
340
262
341
263
342
264
343
265
344
266
345
267
346
268
347
269
348
270
349
271
350
272
351
273
352
274
353
275
354
276
355
277
356
278
357
279
358
280
359
281
360
282
361
283
362
284
363
285
364
286
365
287
366
288
367
289
368
290
369
291
370
292
371
293
372
294
373
295
374
296
375
297
376
298
377
299
378
300
379
301
380
302
381
303
382
304
383
305
384
306
385
307
386
308
387
309
388
310
389
311
390
312
391
313
392
314
393
315
394
316
395
317
396
318
397
319
398
399
321
400
322
401
323
402
324
403
325
404
326
405
327
406
328
407
329
408
330
409
331
410
332
411
333
412
334
413
335
414
336
415
337
416
338
417
339
418
340
419
341
420
342
421
343
422
344
423
345
424
346
425
347
426
348
427
349
428
350
429
351
430
352
431
353
432
354
433
355
434
356
435
357
436
358
437
359
438
360
439
361
440
362
441
363
442
364
443
365
444
366
445
367
446
368
447
369
448
370
449
371
450
372
451
373
452
374
453
375
454
376
455
377
456
378
457
379
458
380
459
381
460
382
461
383
462
384
463
385
464
386
465
387
466
388
467
389
468
390
469
391
470
392
471
393
472
394
473
395
474
396
475
397
476
398
477
399
478
479
401
480
402
481
403
482
404
483
405
484
406
485
407
486
408
487
409
488
410
489
411
490
412
491
413
492
414
493
415
494
416
495
417
496
418
497
419
498
420
499
421
500
422
501
423
502
424
503
425
504
426
505
427
506
428
507
429
508
430
509
431
510
432
511
433
512
434
513
435
514
436
515
437
516
438
517
439
518
440
519
441
520
442
521
443
522
444
523
445
524
446
525
447
526
448
527
449
528
450
529
451
530
452
531
453
532
454
533
455
534
456
535
457
536
458
537
459
538
460
539
461
540
462
541
463
542
464
543
465
544
466
545
467
546
468
547
469
548
470
549
471
550
472
551
473
552
474
553
475
554
476
555
477
556
478
557
479
558
559
481
560
482
561
483
562
484
563
485
564
486
565
487
566
488
567
489
568
490
569
491
570
492
571
493
572
494
573
495
574
496
575
497
576
498
577
499
578
500
579
501
580
502
581
503
582
504
583
505
584
506
585
507
586
508
587
509
588
510
589
511
590
512
591
513
592
514
593
515
594
516
595
517
596
518
597
519
598
520
599
521
600
522
601
523
602
524
603
525
604
526
605
527
606
528
607
529
608
530
609
531
610
532
611
533
612
534
613
535
614
536
615
537
616
538
617
539
618
540
619
541
620
542
621
543
622
544
623
545
624
546
625
547
626
548
627
549
628
550
629
551
630
552
631
553
632
554
633
555
634
556
635
557
636
558
637
559
638
639
561
640
562
641
563
642
564
643
565
644
566
645
567
646
568
647
569
648
570
649
571
650
572
651
573
652
574
653
575
654
576
655
577
656
578
657
579
658
580
659
581
660
582
661
583
662
584
663
585
664
586
665
587
666
588
667
589
668
590
669
591
670
592
671
593
672
594
673
595
674
596
675
597
676
598
677
599
678
600
679
601
680
602
681
603
682
604
683
605
684
606
685
607
686
608
687
609
688
610
689
611
690
612
691
613
692
614
693
615
694
616
695
617
696
618
697
619
698
620
699
621
700
622
701
623
702
624
703
625
704
626
705
627
706
628
707
629
708
630
709
631
710
632
711
633
712
634
713
635
714
636
715
637
716
638
717
639
718
719
641
720
642
721
643
722
644
723
645
724
646
725
647
726
648
727
649
728
650
729
651
730
652
731
653
732
654
733
655
734
656
735
657
736
658
737
659
738
660
739
661
740
662
741
663
742
664
743
665
744
666
745
667
746
668
747
669
748
670
749
671
750
672
751
673
752
674
753
675
754
676
755
677
756
678
757
679
758
680
759
681
760
682
761
683
762
684
763
685
764
686
765
687
766
688
767
689
768
690
769
691
770
692
771
693
772
694
773
695
774
696
775
697
776
698
777
699
778
700
779
701
780
702
781
703
782
704
783
705
784
706
785
707
786
708
787
709
788
710
789
711
790
712
791
713
792
714
793
715
794
716
795
717
796
718
797
719
798
799
721
800
722
801
723
802
724
803
725
804
726
805
727
806
728
807
729
808
730
809
731
810
732
811
733
812
734
813
735
814
736
815
737
816
738
817
739
818
740
819
741
820
742
821
743
822
744
823
745
824
746
825
747
826
748
827
749
828
750
829
751
830
752
831
753
832
754
833
755
834
756
835
757
836
758
837
759
838
760
839
761
840
762
841
763
842
764
843
765
844
766
845
767
846
768
847
769
848
770
849
771
850
772
851
773
852
774
853
775
854
776
855
777
856
778
857
779
858
780
859
781
860
782
861
783
862
784
863
785
864
786
865
787
866
788
867
789
868
790
869
791
870
792
871
793
872
794
873
795
874
796
875
797
876
798
877
799
878
879
801
880
802
881
803
882
804
883
805
884
806
885
807
886
808
887
809
888
810
889
811
890
812
891
813
892
814
893
815
894
816
895
817
896
818
897
819
898
820
899
821
900
822
901
823
902
824
903
825
904
826
905
827
906
828
907
829
908
830
909
831
910
832
911
833
912
834
913
835
914
836
915
837
916
838
917
839
918
840
919
841
920
842
921
843
922
844
923
845
924
846
925
847
926
848
927
849
928
850
929
851
930
852
931
853
932
854
933
855
934
856
935
857
936
858
937
859
938
860
939
861
940
862
941
863
942
864
943
865
944
866
945
867
946
868
947
869
948
870
949
871
950
872
951
873
952
874
953
875
954
876
955
877
956
878
957
879
958
959
881
960
882
961
883
962
884
963
885
964
886
965
887
966
888
967
889
968
890
969
891
970
892
971
893
972
894
973
895
974
896
975
897
976
898
977
899
978
900
979
901
980
902
981
903
982
904
983
905
984
906
985
907
986
908
987
909
988
910
989
911
990
912
991
913
992
914
993
915
994
916
995
917
996
918
997
919
998
920
999
921
1000
922
1001
923
1002
924
1003
925
1004
926
1005
927
1006
928
1007
929
1008
930
1009
931
1010
932
1011
933
1012
934
1013
935
1014
936
1015
937
1016
938
1017
939
1018
940
1019
941
1020
942
1021
943
1022
944
1023
945
1024
946
1025
947
1026
948
1027
949
1028
950
1029
951
1030
952
1031
953
1032
954
1033
955
1034
956
1035
957
1036
958
1037
959
1038
1039
961
1040
962
1041
963
1042
964
1043
965
1044
966
1045
967
1046
968
1047
969
1048
970
1049
971
1050
972
1051
973
1052
974
1053
975
1054
976
1055
977
1056
978
1057
979
1058
980
1059
981
1060
982
1061
983
1062
984
1063
985
1064
986
1065
987
1066
988
1067
989
1068
990
1069
991
1070
992
1071
993
1072
994
1073
995
1074
996
1075
997
1076
998
1077
999
1078
1000
1079
1001
1080
1002
1081
1003
1082
1004
1083
1005
1084
1006
1085
1007
1086
1008
1087
1009
1088
1010
1089
1011
1090
1012
1091
1013
1092
1014
1093
1015
1094
1016
1095
1017
1096
1018
1097
1019
1098
1020
1099
1021
1100
1022
1101
1023
1102
1024
1103
1025
1104
1026
1105
1027
1106
1028
1107
1029
1108
1030
1109
1031
1110
1032
1111
1033
1112
1034
1113
1035
1114
1036
1115
1037
1116
1038
1117
1039
1118
1119
1041
1120
1042
1121
1043
1122
1044
1123
1045
1124
1046
1125
1047
1126
1048
1127
1049
1128
1050
1129
1051
1130
1052
1131
1053
1132
1054
1133
1055
1134
1056
1135
1057
1136
1058
1137
1059
1138
1060
1139
1061
1140
1062
1141
1063
1142
1064
1143
1065
1144
1066
1145
1067
1146
1068
1147
1069
1148
1070
1149
1071
1150
1072
1151
1073
1152
1074
1153
1075
1154
1076
1155
1077
1156
1078
1157
1079
1158
1080
1159
1081
1160
1082
1161
1083
1162
1084
1163
1085
1164
1086
1165
1087
1166
1088
1167
1089
1168
1090
1169
1091
1170
1092
1171
1093
1172
1094
1173
1095
1174
1096
1175
1097
1176
1098
1177
1099
1178
1100
1179
1101
1180
1102
1181
1103
1182
1104
1183
1105
1184
1106
1185
1107
1186
1108
1187
1109
1188
1110
1189
1111
1190
1112
1191
1113
1192
1114
1193
1115
1194
1116
1195
1117
1196
1118
1197
1119
1198
1199
1121
1200
1122
1201
1123
1202
1124
1203
1125
1204
1126
1205
1127
1206
1128
1207
1129
1208
1130
1209
1131
1210
1132
1211
1133
1212
1134
1213
1135
1214
1136
1215
1137
1216
1138
1217
1139
1218
1140
1219
1141
1220
1142
1221
1143
1222
1144
1223
1145
1224
1146
1225
1147
1226
1148
1227
1149
1228
1150
1229
1151
1230
1152
1231
1153
1232
1154
1233
1155
1234
1156
1235
1157
1236
1158
1237
1159
1238
1160
1239
1161
1240
1162
1241
1163
1242
1164
1243
1165
1244
1166
1245
1167
1246
1168
1247
1169
1248
1170
1249
1171
1250
1172
1251
1173
1252
1174
1253
1175
1254
1176
1255
1177
1256
1178
1257
1179
1258
1180
1259
1181
1260
1182
1261
1183
1262
1184
1263
1185
1264
1186
1265
1187
1266
1188
1267
1189
1268
1190
1269
1191
1270
1192
1271
1193
1272
1194
1273
1195
1274
1196
1275
1197
1276
1198
1277
1199
1278
1279
1201
1280
1202
1281
1203
1282
1204
1283
1205
1284
1206
1285
1207
1286
1208
1287
1209
1288
1210
1289
1211
1290
1212
1291
1213
1292
1214
1293
1215
1294
1216
1295
1217
1296
1218
1297
1219
1298
1220
1299
1221
1300
1222
1301
1223
1302
1224
1303
1225
1304
1226
1305
1227
1306
1228
1307
1229
1308
1230
1309
1231
1310
1232
1311
1233
1312
1234
1313
1235
1314
1236
1315
1237
1316
1238
1317
1239
1318
1240
1319
1241
1320
1242
1321
1243
1322
1244
1323
1245
1324
1246
1325
1247
1326
1248
1327
1249
1328
1250
1329
1251
1330
1252
1331
1253
1332
1254
1333
1255
1334
1256
1335
1257
1336
1258
1337
1259
1338
1260
1339
1261
1340
1262
1341
1263
1342
1264
1343
1265
1344
1266
1345
1267
1346
1268
1347
1269
1348
1270
1349
1271
1350
1272
1351
1273
1352
1274
1353
1275
1354
1276
1355
1277
1356
1278
1357
1279
1358
1359
1281
1360
1282
1361
1283
1362
1284
1363
1285
1364
1286
1365
1287
1366
1288
1367
1289
1368
1290
1369
1291
1370
1292
1371
1293
1372
1294
1373
1295
1374
1296
1375
1297
1376
1298
1377
1299
1378
1300
1379
1301
1380
1302
1381
1303
1382
1304
1383
1305
1384
1306
1385
1307
1386
1308
1387
1309
1388
1310
1389
1311
1390
1312
1391
1313
1392
1314
1393
1315
1394
1316
1395
1317
1396
1318
1397
1319
1398
1320
1399
1321
1400
1322
1401
1323
1402
1324
1403
1325
1404
1326
1405
1327
1406
1328
1407
1329
1408
1330
1409
1331
1410
1332
1411
1333
1412
1334
1413
1335
1414
1336
1415
1337
1416
1338
1417
1339
1418
1340
1419
1341
1420
1342
1421
1343
1422
1344
1423
1345
1424
1346
1425
1347
1426
1348
1427
1349
1428
1350
1429
1351
1430
1352
1431
1353
1432
1354
1433
1355
1434
1356
1435
1357
1436
1358
1437
1359
1438
1439
1361
1440
1362
1441
1363
1442
1364
1443
1365
1444
1366
1445
1367
1446
1368
1447
1369
1448
1370
1449
1371
1450
1372
1451
1373
1452
1374
1453
1375
1454
1376
1455
1377
1456
1378
1457
1379
1458
1380
1459
1381
1460
1382
1461
1383
1462
1384
1463
1385
1464
1386
1465
1387
1466
1388
1467
1389
1468
1390
1469
1391
1470
1392
1471
1393
1472
1394
1473
1395
1474
1396
1475
1397
1476
1398
1477
1399
1478
1400
1479
1401
1480
1402
1481
1403
1482
1404
1483
1405
1484
1406
1485
1407
1486
1408
1487
1409
1488
1410
1489
1411
1490
1412
1491
1413
1492
1414
1493
1415
1494
1416
1495
1417
1496
1418
1497
1419
1498
1420
1499
1421
1500
1422
1501
1423
1502
1424
1503
1425
1504
1426
1505
1427
1506
1428
1507
1429
1508
1430
1509
1431
1510
1432
1511
1433
1512
1434
1513
1435
1514
1436
1515
1437
1516
1438
1517
1439
1518
1519
1441
1520
1442
1521
1443
1522
1444
1523
1445
1524
1446
1525
1447
1526
1448
1527
1449
1528
1450
1529
1451
1530
1452
1531
1453
1532
1454
1533
1455
1534
1456
1535
1457
1536
1458
1537
1459
1538
1460
1539
1461
1540
1462
1541
1463
1542
1464
1543
1465
1544
1466
1545
1467
1546
1468
1547
1469
1548
1470
1549
1471
1550
1472
1551
1473
1552
1474
1553
1475
1554
1476
1555
1477
1556
1478
1557
1479
1558
1480
1559
1481
1560
1482
1561
1483
1562
1484
1563
1485
1564
1486
1565
1487
1566
1488
1567
1489
1568
1490
1569
1491
1570
1492
1571
1493
1572
1494
1573
1495
1574
1496
1575
1497
1576
1498
1577
1499
1578
1500
1579
1501
1580
1502
1581
1503
1582
1504
1583
1505
1584
1506
1585
1507
1586
1508
1587
1509
1588
1510
1589
1511
1590
1512
1591
1513
1592
1514
1593
1515
1594
1516
1595
1517
1596
1518
1597
1519
1598
1599
1521
1600
1522
1601
1523
1602
1524
1603
1525
1604
1526
1605
1527
1606
1528
1607
1529
1608
1530
1609
1531
1610
1532
1611
1533
1612
1534
1613
1535
1614
1536
1615
1537
1616
1538
1617
1539
1618
1540
1619
1541
1620
1542
1621
1543
1622
1544
1623
1545
1624
1546
1625
1547
1626
1548
1627
1549
1628
1550
1629
1551
1630
1552
1631
1553
1632
1554
1633
1555
1634
1556
1635
1557
1636
1558
1637
1559
1638
1560
1639
1561
1640
1562
1641
1563
1642
1564
1643
1565
1644
1566
1645
1567
1646
1568
1647
1569
1648
1570
1649
1571
1650
1572
1651
1573
1652
1574
1653
1575
1654
1576
1655
1577
1656
1578
1657
1579
1658
1580
1659
1581
1660
1582
1661
1583
1662
1584
1663
1585
1664
1586
1665
1587
1666
1588
1667
1589
1668
1590
1669
1591
1670
1592
1671
1593
1672
1594
1673
1595
1674
1596
1675
1597
1676
1598
1677
1599
1678
1679
1601
1680
1602
1681
1603
1682
1604
1683
1605
1684
1606
1685
1607
1686
1608
1687
1609
1688
1610
1689
1611
1690
1612
1691
1613
1692
1614
1693
1615
1694
1616
1695
1617
1696
1618
1697
1619
1698
1620
1699
1621
1700
1622
1701
1623
1702
1624
1703
1625
1704
1626
1705
1627
1706
1628
1707
1629
1708
1630
1709
1631
1710
1632
1711
1633
1712
1634
1713
1635
1714
1636
1715
1637
1716
1638
1717
1639
1718
1640
1719
1641
1720
1642
1721
1643
1722
1644
1723
1645
1724
1646
1725
1647
1726
1648
1727
1649
1728
1650
1729
1651
1730
1652
1731
1653
1732
1654
1733
1655
1734
1656
1735
1657
1736
1658
1737
1659
1738
1660
1739
1661
1740
1662
1741
1663
1742
1664
1743
1665
1744
1666
1745
1667
1746
1668
1747
1669
1748
1670
1749
1671
1750
1672
1751
1673
1752
1674
1753
1675
1754
1676
1755
1677
1756
1678
1757
1679
1758
1759
1681
1760
1682
1761
1683
1762
1684
1763
1685
1764
1686
1765
1687
1766
1688
1767
1689
1768
1690
1769
1691
1770
1692
1771
1693
1772
1694
1773
1695
1774
1696
1775
1697
1776
1698
1777
1699
1778
1700
1779
1701
1780
1702
1781
1703
1782
1704
1783
1705
1784
1706
1785
1707
1786
1708
1787
1709
1788
1710
1789
1711
1790
1712
1791
1713
1792
1714
1793
1715
1794
1716
1795
1717
1796
1718
1797
1719
1798
1720
1799
1721
1800
1722
1801
1723
1802
1724
1803
1725
1804
1726
1805
1727
1806
1728
1807
1729
1808
1730
1809
1731
1810
1732
1811
1733
1812
1734
1813
1735
1814
1736
1815
1737
1816
1738
1817
1739
1818
1740
1819
1741
1820
1742
1821
1743
1822
1744
1823
1745
1824
1746
1825
1747
1826
1748
1827
1749
1828
1750
1829
1751
1830
1752
1831
1753
1832
1754
1833
1755
1834
1756
1835
1757
1836
1758
1837
1759
1838
1839
1761
1840
1762
1841
1763
1842
1764
1843
1765
1844
1766
1845
1767
1846
1768
1847
1769
1848
1770
1849
1771
1850
1772
1851
1773
1852
1774
1853
1775
1854
1776
1855
1777
1856
1778
1857
1779
1858
1780
1859
1781
1860
1782
1861
1783
1862
1784
1863
1785
1864
1786
1865
1787
1866
1788
1867
1789
1868
1790
1869
1791
1870
1792
1871
1793
1872
1794
1873
1795
1874
1796
1875
1797
1876
1798
1877
1799
1878
1800
1879
1801
1880
1802
1881
1803
1882
1804
1883
1805
1884
1806
1885
1807
1886
1808
1887
1809
1888
1810
1889
1811
1890
1812
1891
1813
1892
1814
1893
1815
1894
1816
1895
1817
1896
1818
1897
1819
1898
1820
1899
1821
1900
1822
1901
1823
1902
1824
1903
1825
1904
1826
1905
1827
1906
1828
1907
1829
1908
1830
1909
1831
1910
1832
1911
1833
1912
1834
1913
1835
1914
1836
1915
1837
1916
1838
1917
1839
1918
1919
1841
1920
1842
1921
1843
1922
1844
1923
1845
1924
1846
1925
1847
1926
1848
1927
1849
1928
1850
1929
1851
1930
1852
1931
1853
1932
1854
1933
1855
1934
1856
1935
1857
1936
1858
1937
1859
1938
1860
1939
1861
1940
1862
1941
1863
1942
1864
1943
1865
1944
1866
1945
1867
1946
1868
1947
1869
1948
1870
1949
1871
1950
1872
1951
1873
1952
1874
1953
1875
1954
1876
1955
1877
1956
1878
1957
1879
1958
1880
1959
1881
1960
1882
1961
1883
1962
1884
1963
1885
1964
1886
1965
1887
1966
1888
1967
1889
1968
1890
1969
1891
1970
1892
1971
1893
1972
1894
1973
1895
1974
1896
1975
1897
1976
1898
1977
1899
1978
1900
1979
1901
1980
1902
1981
1903
1982
1904
1983
1905
1984
1906
1985
1907
1986
1908
1987
1909
1988
1910
1989
1911
1990
1912
1991
1913
1992
1914
1993
1915
1994
1916
1995
1917
1996
1918
1997
1919
1998
1999
1921
2000
1922
2001
1923
2002
1924
2003
1925
2004
1926
2005
1927
2006
1928
2007
1929
2008
1930
2009
1931
2010
1932
2011
1933
2012
1934
2013
1935
2014
1936
2015
1937
2016
1938
2017
1939
2018
1940
2019
1941
2020
1942
2021
1943
2022
1944
2023
1945
2024
1946
2025
1947
2026
1948
2027
1949
2028
1950
2029
1951
2030
1952
2031
1953
2032
1954
2033
1955
2034
1956
2035
1957
2036
1958
2037
1959
2038
1960
2039
1961
2040
1962
2041
1963
2042
1964
2043
1965
2044
1966
2045
1967
2046
1968
2047
1969
2048
1970
2049
1971
2050
1972
2051
1973
2052
1974
2053
1975
2054
1976
2055
1977
2056
1978
2057
1979
2058
1980
2059
1981
2060
1982
2061
1983
2062
1984
2063
1985
2064
1986
2065
1987
2066
1988
2067
1989
2068
1990
2069
1991
2070
1992
2071
1993
2072
1994
2073
1995
2074
1996
2075
1997
2076
1998
2077
1999
2078
2079
2001
2080
2002
2081
2003
2082
2004
2083
2005
2084
2006
2085
2007
2086
2008
2087
2009
2088
2010
2089
2011
2090
2012
2091
2013
2092
2014
2093
2015
2094
2016
2095
2017
2096
2018
2097
2019
2098
2020
2099
2021
2100
2022
2101
2023
2102
2024
2103
2025
2104
2026
2105
2027
2106
2028
2107
2029
2108
2030
2109
2031
2110
2032
2111
2033
2112
2034
2113
2035
2114
2036
2115
2037
2116
2038
2117
2039
2118
2040
2119
2041
2120
2042
2121
2043
2122
2044
2123
2045
2124
2046
2125
2047
2126
2048
2127
2049
2128
2050
2129
2051
2130
2052
2131
2053
2132
2054
2133
2055
2134
2056
2135
2057
2136
2058
2137
2059
2138
2060
2139
2061
2140
2062
2141
2063
2142
2064
2143
2065
2144
2066
2145
2067
2146
2068
2147
2069
2148
2070
2149
2071
2150
2072
2151
2073
2152
2074
2153
2075
2154
2076
2155
2077
2156
2078
2157
2079
2158
2159
2081
2160
2082
2161
2083
2162
2084
2163
2085
2164
2086
2165
2087
2166
2088
2167
2089
2168
2090
2169
2091
2170
2092
2171
2093
2172
2094
2173
2095
2174
2096
2175
2097
2176
2098
2177
2099
2178
2100
2179
2101
2180
2102
2181
2103
2182
2104
2183
2105
2184
2106
2185
2107
2186
2108
2187
2109
2188
2110
2189
2111
2190
2112
2191
2113
2192
2114
2193
2115
2194
2116
2195
2117
2196
2118
2197
2119
2198
2120
2199
2121
2200
2122
2201
2123
2202
2124
2203
2125
2204
2126
2205
2127
2206
2128
2207
2129
2208
2130
2209
2131
2210
2132
2211
2133
2212
2134
2213
2135
2214
2136
2215
2137
2216
2138
2217
2139
2218
2140
2219
2141
2220
2142
2221
2143
2222
2144
2223
2145
2224
2146
2225
2147
2226
2148
2227
2149
2228
2150
2229
2151
2230
2152
2231
2153
2232
2154
2233
2155
2234
2156
2235
2157
2236
2158
2237
2159
2238
2239
2161
2240
2162
2241
2163
2242
2164
2243
2165
2244
2166
2245
2167
2246
2168
2247
2169
2248
2170
2249
2171
2250
2172
2251
2173
2252
2174
2253
2175
2254
2176
2255
2177
2256
2178
2257
2179
2258
2180
2259
2181
2260
2182
2261
2183
2262
2184
2263
2185
2264
2186
2265
2187
2266
2188
2267
2189
2268
2190
2269
2191
2270
2192
2271
2193
2272
2194
2273
2195
2274
2196
2275
2197
2276
2198
2277
2199
2278
2200
2279
2201
2280
2202
2281
2203
2282
2204
2283
2205
2284
2206
2285
2207
2286
2208
2287
2209
2288
2210
2289
2211
2290
2212
2291
2213
2292
2214
2293
2215
2294
2216
2295
2217
2296
2218
2297
2219
2298
2220
2299
2221
2300
2222
2301
2223
2302
2224
2303
2225
2304
2226
2305
2227
2306
2228
2307
2229
2308
2230
2309
2231
2310
2232
2311
2233
2312
2234
2313
2235
2314
2236
2315
2237
2316
2238
2317
2239
2318
2319
2241
2320
2242
2321
2243
2322
2244
2323
2245
2324
2246
2325
2247
2326
2248
2327
2249
2328
2250
2329
2251
2330
2252
2331
2253
2332
2254
2333
2255
2334
2256
2335
2257
2336
2258
2337
2259
2338
2260
2339
2261
2340
2262
2341
2263
2342
2264
2343
2265
2344
2266
2345
2267
2346
2268
2347
2269
2348
2270
2349
2271
2350
2272
2351
2273
2352
2274
2353
2275
2354
2276
2355
2277
2356
2278
2357
2279
2358
2280
2359
2281
2360
2282
2361
2283
2362
2284
2363
2285
2364
2286
2365
2287
2366
2288
2367
2289
2368
2290
2369
2291
2370
2292
2371
2293
2372
2294
2373
2295
2374
2296
2375
2297
2376
2298
2377
2299
2378
2300
2379
2301
2380
2302
2381
2303
2382
2304
2383
2305
2384
2306
2385
2307
2386
2308
2387
2309
2388
2310
2389
2311
2390
2312
2391
2313
2392
2314
2393
2315
2394
2316
2395
2317
2396
2318
2397
2319
2398
2399
2321
2400
2322
2401
2323
2402
2324
2403
2325
2404
2326
2405
2327
2406
2328
2407
2329
2408
2330
2409
2331
2410
2332
2411
2333
2412
2334
2413
2335
2414
2336
2415
2337
2416
2338
2417
2339
2418
2340
2419
2341
2420
2342
2421
2343
2422
2344
2423
2345
2424
2346
2425
2347
2426
2348
2427
2349
2428
2350
2429
2351
2430
2352
2431
2353
2432
2354
2433
2355
2434
2356
2435
2357
2436
2358
2437
2359
2438
2360
2439
2361
2440
2362
2441
2363
2442
2364
2443
2365
2444
2366
2445
2367
2446
2368
2447
2369
2448
2370
2449
2371
2450
2372
2451
2373
2452
2374
2453
2375
2454
2376
2455
2377
2456
2378
2457
2379
2458
2380
2459
2381
2460
2382
2461
2383
2462
2384
2463
2385
2464
2386
2465
2387
2466
2388
2467
2389
2468
2390
2469
2391
2470
2392
2471
2393
2472
2394
2473
2395
2474
2396
2475
2397
2476
2398
2477
2399
2478
2479
2401
2480
2402
2481
2403
2482
2404
2483
2405
2484
2406
2485
2407
2486
2408
2487
2409
2488
2410
2489
2411
2490
2412
2491
2413
2492
2414
2493
2415
2494
2416
2495
2417
2496
2418
2497
2419
2498
2420
2499
2421
2500
2422
2501
2423
2502
2424
2503
2425
2504
2426
2505
2427
2506
2428
2507
2429
2508
2430
2509
2431
2510
2432
2511
2433
2512
2434
2513
2435
2514
2436
2515
2437
2516
2438
2517
2439
2518
2440
2519
2441
2520
2442
2521
2443
2522
2444
2523
2445
2524
2446
2525
2447
2526
2448
2527
2449
2528
2450
2529
2451
2530
2452
2531
2453
2532
2454
2533
2455
2534
2456
2535
2457
2536
2458
2537
2459
2538
2460
2539
2461
2540
2462
2541
2463
2542
2464
2543
2465
2544
2466
2545
2467
2546
2468
2547
2469
2548
2470
2549
2471
2550
2472
2551
2473
2552
2474
2553
2475
2554
2476
2555
2477
2556
2478
2557
2479
2558
2559
2481
2560
2482
2561
2483
2562
2484
2563
2485
2564
2486
2565
2487
2566
2488
2567
2489
2568
2490
2569
2491
2570
2492
2571
2493
2572
2494
2573
2495
2574
2496
2575
2497
2576
2498
2577
2499
2578
2500
2579
2501
2580
2502
2581
2503
2582
2504
2583
2505
2584
2506
2585
2507
2586
2508
2587
2509
2588
2510
2589
2511
2590
2512
2591
2513
2592
2514
2593
2515
2594
2516
2595
2517
2596
2518
2597
2519
2598
2520
2599
2521
2600
2522
2601
2523
2602
2524
2603
2525
2604
2526
2605
2527
2606
2528
2607
2529
2608
2530
2609
2531
2610
2532
2611
2533
2612
2534
2613
2535
2614
2536
2615
2537
2616
2538
2617
2539
2618
2540
2619
2541
2620
2542
2621
2543
2622
2544
2623
2545
2624
2546
2625
2547
2626
2548
2627
2549
2628
2550
2629
2551
2630
2552
2631
2553
2632
2554
2633
2555
2634
2556
2635
2557
2636
2558
2637
2559
2638
2639
2561
2640
2562
2641
2563
2642
2564
2643
2565
2644
2566
2645
2567
2646
2568
2647
2569
2648
2570
2649
2571
2650
2572
2651
2573
2652
2574
2653
2575
2654
2576
2655
2577
2656
2578
2657
2579
2658
2580
2659
2581
2660
2582
2661
2583
2662
2584
2663
2585
2664
2586
2665
2587
2666
2588
2667
2589
2668
2590
2669
2591
2670
2592
2671
2593
2672
2594
2673
2595
2674
2596
2675
2597
2676
2598
2677
2599
2678
2600
2679
2601
2680
2602
2681
2603
2682
2604
2683
2605
2684
2606
2685
2607
2686
2608
2687
2609
2688
2610
2689
2611
2690
2612
2691
2613
2692
2614
2693
2615
2694
2616
2695
2617
2696
2618
2697
2619
2698
2620
2699
2621
2700
2622
2701
2623
2702
2624
2703
2625
2704
2626
2705
2627
2706
2628
2707
2629
2708
2630
2709
2631
2710
2632
2711
2633
2712
2634
2713
2635
2714
2636
2715
2637
2716
2638
2717
2639
2718
2719
2641
2720
2642
2721
2643
2722
2644
2723
2645
2724
2646
2725
2647
2726
2648
2727
2649
2728
2650
2729
2651
2730
2652
2731
2653
2732
2654
2733
2655
2734
2656
2735
2657
2736
2658
2737
2659
2738
2660
2739
2661
2740
2662
2741
2663
2742
2664
2743
2665
2744
2666
2745
2667
2746
2668
2747
2669
2748
2670
2749
2671
2750
2672
2751
2673
2752
2674
2753
2675
2754
2676
2755
2677
2756
2678
2757
2679
2758
2680
2759
2681
2760
2682
2761
2683
2762
2684
2763
2685
2764
2686
2765
2687
2766
2688
2767
2689
2768
2690
2769
2691
2770
2692
2771
2693
2772
2694
2773
2695
2774
2696
2775
2697
2776
2698
2777
2699
2778
2700
2779
2701
2780
2702
2781
2703
2782
2704
2783
2705
2784
2706
2785
2707
2786
2708
2787
2709
2788
2710
2789
2711
2790
2712
2791
2713
2792
2714
2793
2715
2794
2716
2795
2717
2796
2718
2797
2719
2798
2799
2721
2800
2722
2801
2723
2802
2724
2803
2725
2804
2726
2805
2727
2806
2728
2807
2729
2808
2730
2809
2731
2810
2732
2811
2733
2812
2734
2813
2735
2814
2736
2815
2737
2816
2738
2817
2739
2818
2740
2819
2741
2820
2742
2821
2743
2822
2744
2823
2745
2824
2746
2825
2747
2826
2748
2827
2749
2828
2750
2829
2751
2830
2752
2831
2753
2832
2754
2833
2755
2834
2756
2835
2757
2836
2758
2837
2759
2838
2760
2839
2761
2840
2762
2841
2763
2842
2764
2843
2765
2844
2766
2845
2767
2846
2768
2847
2769
2848
2770
2849
2771
2850
2772
2851
2773
2852
2774
2853
2775
2854
2776
2855
2777
2856
2778
2857
2779
2858
2780
2859
2781
2860
2782
2861
2783
2862
2784
2863
2785
2864
2786
2865
2787
2866
2788
2867
2789
2868
2790
2869
2791
2870
2792
2871
2793
2872
2794
2873
2795
2874
2796
2875
2797
2876
2798
2877
2799
2878
2879
2801
2880
2802
2881
2803
2882
2804
2883
2805
2884
2806
2885
2807
2886
2808
2887
2809
2888
2810
2889
2811
2890
2812
2891
2813
2892
2814
2893
2815
2894
2816
2895
2817
2896
2818
2897
2819
2898
2820
2899
2821
2900
2822
2901
2823
2902
2824
2903
2825
2904
2826
2905
2827
2906
2828
2907
2829
2908
2830
2909
2831
2910
2832
2911
2833
2912
2834
2913
2835
2914
2836
2915
2837
2916
2838
2917
2839
2918
2840
2919
2841
2920
2842
2921
2843
2922
2844
2923
2845
2924
2846
2925
2847
2926
2848
2927
2849
2928
2850
2929
2851
2930
2852
2931
2853
2932
2854
2933
2855
2934
2856
2935
2857
2936
2858
2937
2859
2938
2860
2939
2861
2940
2862
2941
2863
2942
2864
2943
2865
2944
2866
2945
2867
2946
2868
2947
2869
2948
2870
2949
2871
2950
2872
2951
2873
2952
2874
2953
2875
2954
2876
2955
2877
2956
2878
2957
2879
2958
2959
2881
2960
2882
2961
2883
2962
2884
2963
2885
2964
2886
2965
2887
2966
2888
2967
2889
2968
2890
2969
2891
2970
2892
2971
2893
2972
2894
2973
2895
2974
2896
2975
2897
2976
2898
2977
2899
2978
2900
2979
2901
2980
2902
2981
2903
2982
2904
2983
2905
2984
2906
2985
2907
2986
2908
2987
2909
2988
2910
2989
2911
2990
2912
2991
2913
2992
2914
2993
2915
2994
2916
2995
2917
2996
2918
2997
2919
2998
2920
2999
2921
3000
2922
3001
2923
3002
2924
3003
2925
3004
2926
3005
2927
3006
2928
3007
2929
3008
2930
3009
2931
3010
2932
3011
2933
3012
2934
3013
2935
3014
2936
3015
2937
3016
2938
3017
2939
3018
2940
3019
2941
3020
2942
3021
2943
3022
2944
3023
2945
3024
2946
3025
2947
3026
2948
3027
2949
3028
2950
3029
2951
3030
2952
3031
2953
3032
2954
3033
2955
3034
2956
3035
2957
3036
2958
3037
2959
3038
3039
2961
3040
2962
3041
2963
3042
2964
3043
2965
3044
2966
3045
2967
3046
2968
3047
2969
3048
2970
3049
2971
3050
2972
3051
2973
3052
2974
3053
2975
3054
2976
3055
2977
3056
2978
3057
2979
3058
2980
3059
2981
3060
2982
3061
2983
3062
2984
3063
2985
3064
2986
3065
2987
3066
2988
3067
2989
3068
2990
3069
2991
3070
2992
3071
2993
3072
2994
3073
2995
3074
2996
3075
2997
3076
2998
3077
2999
3078
3000
3079
3001
3080
3002
3081
3003
3082
3004
3083
3005
3084
3006
3085
3007
3086
3008
3087
3009
3088
3010
3089
3011
3090
3012
3091
3013
3092
3014
3093
3015
3094
3016
3095
3017
3096
3018
3097
3019
3098
3020
3099
3021
3100
3022
3101
3023
3102
3024
3103
3025
3104
3026
3105
3027
3106
3028
3107
3029
3108
3030
3109
3031
3110
3032
3111
3033
3112
3034
3113
3035
3114
3036
3115
3037
3116
3038
3117
3039
3118
3119
3041
3120
3042
3121
3043
3122
3044
3123
3045
3124
3046
3125
3047
3126
3048
3127
3049
3128
3050
3129
3051
3130
3052
3131
3053
3132
3054
3133
3055
3134
3056
3135
3057
3136
3058
3137
3059
3138
3060
3139
3061
3140
3062
3141
3063
3142
3064
3143
3065
3144
3066
3145
3067
3146
3068
3147
3069
3148
3070
3149
3071
3150
3072
3151
3073
3152
3074
3153
3075
3154
3076
3155
3077
3156
3078
3157
3079
3158
3080
3159
3081
3160
3082
3161
3083
3162
3084
3163
3085
3164
3086
3165
3087
3166
3088
3167
3089
3168
3090
3169
3091
3170
3092
3171
3093
3172
3094
3173
3095
3174
3096
3175
3097
3176
3098
3177
3099
3178
3100
3179
3101
3180
3102
3181
3103
3182
3104
3183
3105
3184
3106
3185
3107
3186
3108
3187
3109
3188
3110
3189
3111
3190
3112
3191
3113
3192
3114
3193
3115
3194
3116
3195
3117
3196
3118
3197
3119
3198
3199
3121
3200
3122
3201
3123
3202
3124
3203
3125
3204
3126
3205
3127
3206
3128
3207
3129
3208
3130
3209
3131
3210
3132
3211
3133
3212
3134
3213
3135
3214
3136
3215
3137
3216
3138
3217
3139
3218
3140
3219
3141
3220
3142
3221
3143
3222
3144
3223
3145
3224
3146
3225
3147
3226
3148
3227
3149
3228
3150
3229
3151
3230
3152
3231
3153
3232
3154
3233
3155
3234
3156
3235
3157
3236
3158
3237
3159
3238
3160
3239
3161
3240
3162
3241
3163
3242
3164
3243
3165
3244
3166
3245
3167
3246
3168
3247
3169
3248
3170
3249
3171
3250
3172
3251
3173
3252
3174
3253
3175
3254
3176
3255
3177
3256
3178
3257
3179
3258
3180
3259
3181
3260
3182
3261
3183
3262
3184
3263
3185
3264
3186
3265
3187
3266
3188
3267
3189
3268
3190
3269
3191
3270
3192
3271
3193
3272
3194
3273
3195
3274
3196
3275
3197
3276
3198
3277
3199
3278
3279
3201
3280
3202
3281
3203
3282
3204
3283
3205
3284
3206
3285
3207
3286
3208
3287
3209
3288
3210
3289
3211
3290
3212
3291
3213
3292
3214
3293
3215
3294
3216
3295
3217
3296
3218
3297
3219
3298
3220
3299
3221
3300
3222
3301
3223
3302
3224
3303
3225
3304
3226
3305
3227
3306
3228
3307
3229
3308
3230
3309
3231
3310
3232
3311
3233
3312
3234
3313
3235
3314
3236
3315
3237
3316
3238
3317
3239
3318
3240
3319
3241
3320
3242
3321
3243
3322
3244
3323
3245
3324
3246
3325
3247
3326
3248
3327
3249
3328
3250
3329
3251
3330
3252
3331
3253
3332
3254
3333
3255
3334
3256
3335
3257
3336
3258
3337
3259
3338
3260
3339
3261
3340
3262
3341
3263
3342
3264
3343
3265
3344
3266
3345
3267
3346
3268
3347
3269
3348
3270
3349
3271
3350
3272
3351
3273
3352
3274
3353
3275
3354
3276
3355
3277
3356
3278
3357
3279
3358
3359
4000
3281
3360
3282
3361
3283
3362
3284
3363
3285
3364
3286
3365
3287
3366
3288
3367
3289
3368
3290
3369
3291
3370
3292
3371
3293
3372
3294
3373
3295
3374
3296
3375
3297
3376
3298
3377
3299
3378
3300
3379
3301
3380
3302
3381
3303
3382
3304
3383
3305
3384
3306
3385
3307
3386
3308
3387
3309
3388
3310
3389
3311
3390
3312
3391
3313
3392
3314
3393
3315
3394
3316
3395
3317
3396
3318
3397
3319
3398
3320
3399
3321
3400
3322
3401
3323
3402
3324
3403
3325
3404
3326
3405
3327
3406
3328
3407
3329
3408
3330
3409
3331
3410
3332
3411
3333
3412
3334
3413
3335
3414
3336
3415
3337
3416
3338
3417
3339
3418
3340
3419
3341
3420
3342
3421
3343
3422
3344
3423
3345
3424
3346
3425
3347
3426
3348
3427
3349
3428
3350
3429
3351
3430
3352
3431
3353
3432
3354
3433
3355
3434
3356
3435
3357
3436
3358
3437
3359
3438
3439
4001
3361
3440
3362
3441
3363
3442
3364
3443
3365
3444
3366
3445
3367
3446
3368
3447
3369
3448
3370
3449
3371
3450
3372
3451
3373
3452
3374
3453
3375
3454
3376
3455
3377
3456
3378
3457
3379
3458
3380
3459
3381
3460
3382
3461
3383
3462
3384
3463
3385
3464
3386
3465
3387
3466
3388
3467
3389
3468
3390
3469
3391
3470
3392
3471
3393
3472
3394
3473
3395
3474
3396
3475
3397
3476
3398
3477
3399
3478
3400
3479
3401
3480
3402
3481
3403
3482
3404
3483
3405
3484
3406
3485
3407
3486
3408
3487
3409
3488
3410
3489
3411
3490
3412
3491
3413
3492
3414
3493
3415
3494
3416
3495
3417
3496
3418
3497
3419
3498
3420
3499
3421
3500
3422
3501
3423
3502
3424
3503
3425
3504
3426
3505
3427
3506
3428
3507
3429
3508
3430
3509
3431
3510
3432
3511
3433
3512
3434
3513
3435
3514
3436
3515
3437
3516
3438
3517
3439
3518
3519
4002
3441
3520
3442
3521
3443
3522
3444
3523
3445
3524
3446
3525
3447
3526
3448
3527
3449
3528
3450
3529
3451
3530
3452
3531
3453
3532
3454
3533
3455
3534
3456
3535
3457
3536
3458
3537
3459
3538
3460
3539
3461
3540
3462
3541
3463
3542
3464
3543
3465
3544
3466
3545
3467
3546
3468
3547
3469
3548
3470
3549
3471
3550
3472
3551
3473
3552
3474
3553
3475
3554
3476
3555
3477
3556
3478
3557
3479
3558
3480
3559
3481
3560
3482
3561
3483
3562
3484
3563
3485
3564
3486
3565
3487
3566
3488
3567
3489
3568
3490
3569
3491
3570
3492
3571
3493
3572
3494
3573
3495
3574
3496
3575
3497
3576
3498
3577
3499
3578
3500
3579
3501
3580
3502
3581
3503
3582
3504
3583
3505
3584
3506
3585
3507
3586
3508
3587
3509
3588
3510
3589
3511
3590
3512
3591
3513
3592
3514
3593
3515
3594
3516
3595
3517
3596
3518
3597
3519
3598
3599
4003
3521
3600
3522
3601
3523
3602
3524
3603
3525
3604
3526
3605
3527
3606
3528
3607
3529
3608
3530
3609
3531
3610
3532
3611
3533
3612
3534
3613
3535
3614
3536
3615
3537
3616
3538
3617
3539
3618
3540
3619
3541
3620
3542
3621
3543
3622
3544
3623
3545
3624
3546
3625
3547
3626
3548
3627
3549
3628
3550
3629
3551
3630
3552
3631
3553
3632
3554
3633
3555
3634
3556
3635
3557
3636
3558
3637
3559
3638
3560
3639
3561
3640
3562
3641
3563
3642
3564
3643
3565
3644
3566
3645
3567
3646
3568
3647
3569
3648
3570
3649
3571
3650
3572
3651
3573
3652
3574
3653
3575
3654
3576
3655
3577
3656
3578
3657
3579
3658
3580
3659
3581
3660
3582
3661
3583
3662
3584
3663
3585
3664
3586
3665
3587
3666
3588
3667
3589
3668
3590
3669
3591
3670
3592
3671
3593
3672
3594
3673
3595
3674
3596
3675
3597
3676
3598
3677
3599
3678
3679
4004
3601
3680
3602
3681
3603
3682
3604
3683
3605
3684
3606
3685
3607
3686
3608
3687
3609
3688
3610
3689
3611
3690
3612
3691
3613
3692
3614
3693
3615
3694
3616
3695
3617
3696
3618
3697
3619
3698
3620
3699
3621
3700
3622
3701
3623
3702
3624
3703
3625
3704
3626
3705
3627
3706
3628
3707
3629
3708
3630
3709
3631
3710
3632
3711
3633
3712
3634
3713
3635
3714
3636
3715
3637
3716
3638
3717
3639
3718
3640
3719
3641
3720
3642
3721
3643
3722
3644
3723
3645
3724
3646
3725
3647
3726
3648
3727
3649
3728
3650
3729
3651
3730
3652
3731
3653
3732
3654
3733
3655
3734
3656
3735
3657
3736
3658
3737
3659
3738
3660
3739
3661
3740
3662
3741
3663
3742
3664
3743
3665
3744
3666
3745
3667
3746
3668
3747
3669
3748
3670
3749
3671
3750
3672
3751
3673
3752
3674
3753
3675
3754
3676
3755
3677
3756
3678
3757
3679
3758
3759
4005
3681
3760
3682
3761
3683
3762
3684
3763
3685
3764
3686
3765
3687
3766
3688
3767
3689
3768
3690
3769
3691
3770
3692
3771
3693
3772
3694
3773
3695
3774
3696
3775
3697
3776
3698
3777
3699
3778
3700
3779
3701
3780
3702
3781
3703
3782
3704
3783
3705
3784
3706
3785
3707
3786
3708
3787
3709
3788
3710
3789
3711
3790
3712
3791
3713
3792
3714
3793
3715
3794
3716
3795
3717
3796
3718
3797
3719
3798
3720
3799
3721
3800
3722
3801
3723
3802
3724
3803
3725
3804
3726
3805
3727
3806
3728
3807
3729
3808
3730
3809
3731
3810
3732
3811
3733
3812
3734
3813
3735
3814
3736
3815
3737
3816
3738
3817
3739
3818
3740
3819
3741
3820
3742
3821
3743
3822
3744
3823
3745
3824
3746
3825
3747
3826
3748
3827
3749
3828
3750
3829
3751
3830
3752
3831
3753
3832
3754
3833
3755
3834
3756
3835
3757
3836
3758
3837
3759
3838
3839
4006
3761
3840
3762
3841
3763
3842
3764
3843
3765
3844
3766
3845
3767
3846
3768
3847
3769
3848
3770
3849
3771
3850
3772
3851
3773
3852
3774
3853
3775
3854
3776
3855
3777
3856
3778
3857
3779
3858
3780
3859
3781
3860
3782
3861
3783
3862
3784
3863
3785
3864
3786
3865
3787
3866
3788
3867
3789
3868
3790
3869
3791
3870
3792
3871
3793
3872
3794
3873
3795
3874
3796
3875
3797
3876
3798
3877
3799
3878
3800
3879
3801
3880
3802
3881
3803
3882
3804
3883
3805
3884
3806
3885
3807
3886
3808
3887
3809
3888
3810
3889
3811
3890
3812
3891
3813
3892
3814
3893
3815
3894
3816
3895
3817
3896
3818
3897
3819
3898
3820
3899
3821
3900
3822
3901
3823
3902
3824
3903
3825
3904
3826
3905
3827
3906
3828
3907
3829
3908
3830
3909
3831
3910
3832
3911
3833
3912
3834
3913
3835
3914
3836
3915
3837
3916
3838
3917
3839
3918
3919
4007
3841
3920
3842
3921
3843
3922
3844
3923
3845
3924
3846
3925
3847
3926
3848
3927
3849
3928
3850
3929
3851
3930
3852
3931
3853
3932
3854
3933
3855
3934
3856
3935
3857
3936
3858
3937
3859
3938
3860
3939
3861
3940
3862
3941
3863
3942
3864
3943
3865
3944
3866
3945
3867
3946
3868
3947
3869
3948
3870
3949
3871
3950
3872
3951
3873
3952
3874
3953
3875
3954
3876
3955
3877
3956
3878
3957
3879
3958
3880
3959
3881
3960
3882
3961
3883
3962
3884
3963
3885
3964
3886
3965
3887
3966
3888
3967
3889
3968
3890
3969
3891
3970
3892
3971
3893
3972
3894
3973
3895
3974
3896
3975
3897
3976
3898
3977
3899
3978
3900
3979
3901
3980
3902
3981
3903
3982
3904
3983
3905
3984
3906
3985
3907
3986
3908
3987
3909
3988
3910
3989
3911
3990
3912
3991
3913
3992
3914
3993
3915
3994
3916
3995
3917
3996
3918
3997
3919
3998
3999
4008
3921
3922
3923
3924
3925
3926
3927
3928
3929
3930
3931
3932
3933
3934
3935
3936
3937
3938
3939
3940
3941
3942
3943
3944
3945
3946
3947
3948
3949
3950
3951
3952
3953
3954
3955
3956
3957
3958
3959
3960
3961
3962
3963
3964
3965
3966
3967
3968
3969
3970
3971
3972
3973
3974
3975
3976
3977
3978
3979
3980
3981
3982
3983
3984
3985
3986
3987
3988
3989
3990
3991
3992
3993
3994
3995
3996
3997
3998
3999
4009
4001
8010
4002
8110
4003
8210
4004
8310
4005
8410
4006
8510
4007
8610
4008
8710
4009
8810
8910
4011
4110
4012
4111
4013
4112
4014
4113
4015
4114
4016
4115
4017
4116
4018
4117
4019
4118
4020
4119
4021
4120
4022
4121
4023
4122
4024
4123
4025
4124
4026
4125
4027
4126
4028
4127
4029
4128
4030
4129
4031
4130
4032
4131
4033
4132
4034
4133
4035
4134
4036
4135
4037
4136
4038
4137
4039
4138
4040
4139
4041
4140
4042
4141
4043
4142
4044
4143
4045
4144
4046
4145
4047
4146
4048
4147
4049
4148
4050
4149
4051
4150
4052
4151
4053
4152
4054
4153
4055
4154
4056
4155
4057
4156
4058
4157
4059
4158
4060
4159
4061
4160
4062
4161
4063
4162
4064
4163
4065
4164
4066
4165
4067
4166
4068
4167
4069
4168
4070
4169
4071
4170
4072
4171
4073
4172
4074
4173
4075
4174
4076
4175
4077
4176
4078
4177
4079
4178
4080
4179
4081
4180
4082
4181
4083
4182
4084
4183
4085
4184
4086
4185
4087
4186
4088
4187
4089
4188
4090
4189
4091
4190
4092
4191
4093
4192
4094
4193
4095
4194
4096
4195
4097
4196
4098
4197
4099
4198
4100
4199
4101
4200
4102
4201
4103
4202
4104
4203
4105
4204
4106
4205
4107
4206
4108
4207
4109
4208
4209
9010
4111
4210
4112
4211
4113
4212
4114
4213
4115
4214
4116
4215
4117
4216
4118
4217
4119
4218
4120
4219
4121
4220
4122
4221
4123
4222
4124
4223
4125
4224
4126
4225
4127
4226
4128
4227
4129
4228
4130
4229
4131
4230
4132
4231
4133
4232
4134
4233
4135
4234
4136
4235
4137
4236
4138
4237
4139
4238
4140
4239
4141
4240
4142
4241
4143
4242
4144
4243
4145
4244
4146
4245
4147
4246
4148
4247
4149
4248
4150
4249
4151
4250
4152
4251
4153
4252
4154
4253
4155
4254
4156
4255
4157
4256
4158
4257
4159
4258
4160
4259
4161
4260
4162
4261
4163
4262
4164
4263
4165
4264
4166
4265
4167
4266
4168
4267
4169
4268
4170
4269
4171
4270
4172
4271
4173
4272
4174
4273
4175
4274
4176
4275
4177
4276
4178
4277
4179
4278
4180
4279
4181
4280
4182
4281
4183
4282
4184
4283
4185
4284
4186
4285
4187
4286
4188
4287
4189
4288
4190
4289
4191
4290
4192
4291
4193
4292
4194
4293
4195
4294
4196
4295
4197
4296
4198
4297
4199
4298
4200
4299
4201
4300
4202
4301
4203
4302
4204
4303
4205
4304
4206
4305
4207
4306
4208
4307
4209
4308
4309
9050
4211
4310
4212
4311
4213
4312
4214
4313
4215
4314
4216
4315
4217
4316
4218
4317
4219
4318
4220
4319
4221
4320
4222
4321
4223
4322
4224
4323
4225
4324
4226
4325
4227
4326
4228
4327
4229
4328
4230
4329
4231
4330
4232
4331
4233
4332
4234
4333
4235
4334
4236
4335
4237
4336
4238
4337
4239
4338
4240
4339
4241
4340
4242
4341
4243
4342
4244
4343
4245
4344
4246
4345
4247
4346
4248
4347
4249
4348
4250
4349
4251
4350
4252
4351
4253
4352
4254
4353
4255
4354
4256
4355
4257
4356
4258
4357
4259
4358
4260
4359
4261
4360
4262
4361
4263
4362
4264
4363
4265
4364
4266
4365
4267
4366
4268
4367
4269
4368
4270
4369
4271
4370
4272
4371
4273
4372
4274
4373
4275
4374
4276
4375
4277
4376
4278
4377
4279
4378
4280
4379
4281
4380
4282
4381
4283
4382
4284
4383
4285
4384
4286
4385
4287
4386
4288
4387
4289
4388
4290
4389
4291
4390
4292
4391
4293
4392
4294
4393
4295
4394
4296
4395
4297
4396
4298
4397
4299
4398
4300
4399
4301
4400
4302
4401
4303
4402
4304
4403
4305
4404
4306
4405
4307
4406
4308
4407
4309
4408
4409
9090
4311
4410
4312
4411
4313
4412
4314
4413
4315
4414
4316
4415
4317
4416
4318
4417
4319
4418
4320
4419
4321
4420
4322
4421
4323
4422
4324
4423
4325
4424
4326
4425
4327
4426
4328
4427
4329
4428
4330
4429
4331
4430
4332
4431
4333
4432
4334
4433
4335
4434
4336
4435
4337
4436
4338
4437
4339
4438
4340
4439
4341
4440
4342
4441
4343
4442
4344
4443
4345
4444
4346
4445
4347
4446
4348
4447
4349
4448
4350
4449
4351
4450
4352
4451
4353
4452
4354
4453
4355
4454
4356
4455
4357
4456
4358
4457
4359
4458
4360
4459
4361
4460
4362
4461
4363
4462
4364
4463
4365
4464
4366
4465
4367
4466
4368
4467
4369
4468
4370
4469
4371
4470
4372
4471
4373
4472
4374
4473
4375
4474
4376
4475
4377
4476
4378
4477
4379
4478
4380
4479
4381
4480
4382
4481
4383
4482
4384
4483
4385
4484
4386
4485
4387
4486
4388
4487
4389
4488
4390
4489
4391
4490
4392
4491
4393
4492
4394
4493
4395
4494
4396
4495
4397
4496
4398
4497
4399
4498
4400
4499
4401
4500
4402
4501
4403
4502
4404
4503
4405
4504
4406
4505
4407
4506
4408
4507
4409
4508
4509
9130
4411
4510
4412
4511
4413
4512
4414
4513
4415
4514
4416
4515
4417
4516
4418
4517
4419
4518
4420
4519
4421
4520
4422
4521
4423
4522
4424
4523
4425
4524
4426
4525
4427
4526
4428
4527
4429
4528
4430
4529
4431
4530
4432
4531
4433
4532
4434
4533
4435
4534
4436
4535
4437
4536
4438
4537
4439
4538
4440
4539
4441
4540
4442
4541
4443
4542
4444
4543
4445
4544
4446
4545
4447
4546
4448
4547
4449
4548
4450
4549
4451
4550
4452
4551
4453
4552
4454
4553
4455
4554
4456
4555
4457
4556
4458
4557
4459
4558
4460
4559
4461
4560
4462
4561
4463
4562
4464
4563
4465
4564
4466
4565
4467
4566
4468
4567
4469
4568
4470
4569
4471
4570
4472
4571
4473
4572
4474
4573
4475
4574
4476
4575
4477
4576
4478
4577
4479
4578
4480
4579
4481
4580
4482
4581
4483
4582
4484
4583
4485
4584
4486
4585
4487
4586
4488
4587
4489
4588
4490
4589
4491
4590
4492
4591
4493
4592
4494
4593
4495
4594
4496
4595
4497
4596
4498
4597
4499
4598
4500
4599
4501
4600
4502
4601
4503
4602
4504
4603
4505
4604
4506
4605
4507
4606
4508
4607
4509
4608
4609
9170
4511
4610
4512
4611
4513
4612
4514
4613
4515
4614
4516
4615
4517
4616
4518
4617
4519
4618
4520
4619
4521
4620
4522
4621
4523
4622
4524
4623
4525
4624
4526
4625
4527
4626
4528
4627
4529
4628
4530
4629
4531
4630
4532
4631
4533
4632
4534
4633
4535
4634
4536
4635
4537
4636
4538
4637
4539
4638
4540
4639
4541
4640
4542
4641
4543
4642
4544
4643
4545
4644
4546
4645
4547
4646
4548
4647
4549
4648
4550
4649
4551
4650
4552
4651
4553
4652
4554
4653
4555
4654
4556
4655
4557
4656
4558
4657
4559
4658
4560
4659
4561
4660
4562
4661
4563
4662
4564
4663
4565
4664
4566
4665
4567
4666
4568
4667
4569
4668
4570
4669
4571
4670
4572
4671
4573
4672
4574
4673
4575
4674
4576
4675
4577
4676
4578
4677
4579
4678
4580
4679
4581
4680
4582
4681
4583
4682
4584
4683
4585
4684
4586
4685
4587
4686
4588
4687
4589
4688
4590
4689
4591
4690
4592
4691
4593
4692
4594
4693
4595
4694
4596
4695
4597
4696
4598
4697
4599
4698
4600
4699
4601
4700
4602
4701
4603
4702
4604
4703
4605
4704
4606
4705
4607
4706
4608
4707
4609
4708
4709
9210
4611
4710
4612
4711
4613
4712
4614
4713
4615
4714
4616
4715
4617
4716
4618
4717
4619
4718
4620
4719
4621
4720
4622
4721
4623
4722
4624
4723
4625
4724
4626
4725
4627
4726
4628
4727
4629
4728
4630
4729
4631
4730
4632
4731
4633
4732
4634
4733
4635
4734
4636
4735
4637
4736
4638
4737
4639
4738
4640
4739
4641
4740
4642
4741
4643
4742
4644
4743
4645
4744
4646
4745
4647
4746
4648
4747
4649
4748
4650
4749
4651
4750
4652
4751
4653
4752
4654
4753
4655
4754
4656
4755
4657
4756
4658
4757
4659
4758
4660
4759
4661
4760
4662
4761
4663
4762
4664
4763
4665
4764
4666
4765
4667
4766
4668
4767
4669
4768
4670
4769
4671
4770
4672
4771
4673
4772
4674
4773
4675
4774
4676
4775
4677
4776
4678
4777
4679
4778
4680
4779
4681
4780
4682
4781
4683
4782
4684
4783
4685
4784
4686
4785
4687
4786
4688
4787
4689
4788
4690
4789
4691
4790
4692
4791
4693
4792
4694
4793
4695
4794
4696
4795
4697
4796
4698
4797
4699
4798
4700
4799
4701
4800
4702
4801
4703
4802
4704
4803
4705
4804
4706
4805
4707
4806
4708
4807
4709
4808
4809
9250
4711
4810
4712
4811
4713
4812
4714
4813
4715
4814
4716
4815
4717
4816
4718
4817
4719
4818
4720
4819
4721
4820
4722
4821
4723
4822
4724
4823
4725
4824
4726
4825
4727
4826
4728
4827
4729
4828
4730
4829
4731
4830
4732
4831
4733
4832
4734
4833
4735
4834
4736
4835
4737
4836
4738
4837
4739
4838
4740
4839
4741
4840
4742
4841
4743
4842
4744
4843
4745
4844
4746
4845
4747
4846
4748
4847
4749
4848
4750
4849
4751
4850
4752
4851
4753
4852
4754
4853
4755
4854
4756
4855
4757
4856
4758
4857
4759
4858
4760
4859
4761
4860
4762
4861
4763
4862
4764
4863
4765
4864
4766
4865
4767
4866
4768
4867
4769
4868
4770
4869
4771
4870
4772
4871
4773
4872
4774
4873
4775
4874
4776
4875
4777
4876
4778
4877
4779
4878
4780
4879
4781
4880
4782
4881
4783
4882
4784
4883
4785
4884
4786
4885
4787
4886
4788
4887
4789
4888
4790
4889
4791
4890
4792
4891
4793
4892
4794
4893
4795
4894
4796
4895
4797
4896
4798
4897
4799
4898
4800
4899
4801
4900
4802
4901
4803
4902
4804
4903
4805
4904
4806
4905
4807
4906
4808
4907
4809
4908
4909
9290
4811
4910
4812
4911
4813
4912
4814
4913
4815
4914
4816
4915
4817
4916
4818
4917
4819
4918
4820
4919
4821
4920
4822
4921
4823
4922
4824
4923
4825
4924
4826
4925
4827
4926
4828
4927
4829
4928
4830
4929
4831
4930
4832
4931
4833
4932
4834
4933
4835
4934
4836
4935
4837
4936
4838
4937
4839
4938
4840
4939
4841
4940
4842
4941
4843
4942
4844
4943
4845
4944
4846
4945
4847
4946
4848
4947
4849
4948
4850
4949
4851
4950
4852
4951
4853
4952
4854
4953
4855
4954
4856
4955
4857
4956
4858
4957
4859
4958
4860
4959
4861
4960
4862
4961
4863
4962
4864
4963
4865
4964
4866
4965
4867
4966
4868
4967
4869
4968
4870
4969
4871
4970
4872
4971
4873
4972
4874
4973
4875
4974
4876
4975
4877
4976
4878
4977
4879
4978
4880
4979
4881
4980
4882
4981
4883
4982
4884
4983
4885
4984
4886
4985
4887
4986
4888
4987
4889
4988
4890
4989
4891
4990
4892
4991
4893
4992
4894
4993
4895
4994
4896
4995
4897
4996
4898
4997
4899
4998
4900
4999
4901
5000
4902
5001
4903
5002
4904
5003
4905
5004
4906
5005
4907
5006
4908
5007
4909
5008
5009
9330
4911
5010
4912
5011
4913
5012
4914
5013
4915
5014
4916
5015
4917
5016
4918
5017
4919
5018
4920
5019
4921
5020
4922
5021
4923
5022
4924
5023
4925
5024
4926
5025
4927
5026
4928
5027
4929
5028
4930
5029
4931
5030
4932
5031
4933
5032
4934
5033
4935
5034
4936
5035
4937
5036
4938
5037
4939
5038
4940
5039
4941
5040
4942
5041
4943
5042
4944
5043
4945
5044
4946
5045
4947
5046
4948
5047
4949
5048
4950
5049
4951
5050
4952
5051
4953
5052
4954
5053
4955
5054
4956
5055
4957
5056
4958
5057
4959
5058
4960
5059
4961
5060
4962
5061
4963
5062
4964
5063
4965
5064
4966
5065
4967
5066
4968
5067
4969
5068
4970
5069
4971
5070
4972
5071
4973
5072
4974
5073
4975
5074
4976
5075
4977
5076
4978
5077
4979
5078
4980
5079
4981
5080
4982
5081
4983
5082
4984
5083
4985
5084
4986
5085
4987
5086
4988
5087
4989
5088
4990
5089
4991
5090
4992
5091
4993
5092
4994
5093
4995
5094
4996
5095
4997
5096
4998
5097
4999
5098
5000
5099
5001
5100
5002
5101
5003
5102
5004
5103
5005
5104
5006
5105
5007
5106
5008
5107
5009
5108
5109
9370
5011
5110
5012
5111
5013
5112
5014
5113
5015
5114
5016
5115
5017
5116
5018
5117
5019
5118
5020
5119
5021
5120
5022
5121
5023
5122
5024
5123
5025
5124
5026
5125
5027
5126
5028
5127
5029
5128
5030
5129
5031
5130
5032
5131
5033
5132
5034
5133
5035
5134
5036
5135
5037
5136
5038
5137
5039
5138
5040
5139
5041
5140
5042
5141
5043
5142
5044
5143
5045
5144
5046
5145
5047
5146
5048
5147
5049
5148
5050
5149
5051
5150
5052
5151
5053
5152
5054
5153
5055
5154
5056
5155
5057
5156
5058
5157
5059
5158
5060
5159
5061
5160
5062
5161
5063
5162
5064
5163
5065
5164
5066
5165
5067
5166
5068
5167
5069
5168
5070
5169
5071
5170
5072
5171
5073
5172
5074
5173
5075
5174
5076
5175
5077
5176
5078
5177
5079
5178
5080
5179
5081
5180
5082
5181
5083
5182
5084
5183
5085
5184
5086
5185
5087
5186
5088
5187
5089
5188
5090
5189
5091
5190
5092
5191
5093
5192
5094
5193
5095
5194
5096
5195
5097
5196
5098
5197
5099
5198
5100
5199
5101
5200
5102
5201
5103
5202
5104
5203
5105
5204
5106
5205
5107
5206
5108
5207
5109
5208
5209
9410
5111
5210
5112
5211
5113
5212
5114
5213
5115
5214
5116
5215
5117
5216
5118
5217
5119
5218
5120
5219
5121
5220
5122
5221
5123
5222
5124
5223
5125
5224
5126
5225
5127
5226
5128
5227
5129
5228
5130
5229
5131
5230
5132
5231
5133
5232
5134
5233
5135
5234
5136
5235
5137
5236
5138
5237
5139
5238
5140
5239
5141
5240
5142
5241
5143
5242
5144
5243
5145
5244
5146
5245
5147
5246
5148
5247
5149
5248
5150
5249
5151
5250
5152
5251
5153
5252
5154
5253
5155
5254
5156
5255
5157
5256
5158
5257
5159
5258
5160
5259
5161
5260
5162
5261
5163
5262
5164
5263
5165
5264
5166
5265
5167
5266
5168
5267
5169
5268
5170
5269
5171
5270
5172
5271
5173
5272
5174
5273
5175
5274
5176
5275
5177
5276
5178
5277
5179
5278
5180
5279
5181
5280
5182
5281
5183
5282
5184
5283
5185
5284
5186
5285
5187
5286
5188
5287
5189
5288
5190
5289
5191
5290
5192
5291
5193
5292
5194
5293
5195
5294
5196
5295
5197
5296
5198
5297
5199
5298
5200
5299
5201
5300
5202
5301
5203
5302
5204
5303
5205
5304
5206
5305
5207
5306
5208
5307
5209
5308
5309
9450
5211
5310
5212
5311
5213
5312
5214
5313
5215
5314
5216
5315
5217
5316
5218
5317
5219
5318
5220
5319
5221
5320
5222
5321
5223
5322
5224
5323
5225
5324
5226
5325
5227
5326
5228
5327
5229
5328
5230
5329
5231
5330
5232
5331
5233
5332
5234
5333
5235
5334
5236
5335
5237
5336
5238
5337
5239
5338
5240
5339
5241
5340
5242
5341
5243
5342
5244
5343
5245
5344
5246
5345
5247
5346
5248
5347
5249
5348
5250
5349
5251
5350
5252
5351
5253
5352
5254
5353
5255
5354
5256
5355
5257
5356
5258
5357
5259
5358
5260
5359
5261
5360
5262
5361
5263
5362
5264
5363
5265
5364
5266
5365
5267
5366
5268
5367
5269
5368
5270
5369
5271
5370
5272
5371
5273
5372
5274
5373
5275
5374
5276
5375
5277
5376
5278
5377
5279
5378
5280
5379
5281
5380
5282
5381
5283
5382
5284
5383
5285
5384
5286
5385
5287
5386
5288
5387
5289
5388
5290
5389
5291
5390
5292
5391
5293
5392
5294
5393
5295
5394
5296
5395
5297
5396
5298
5397
5299
5398
5300
5399
5301
5400
5302
5401
5303
5402
5304
5403
5305
5404
5306
5405
5307
5406
5308
5407
5309
5408
5409
9490
5311
5410
5312
5411
5313
5412
5314
5413
5315
5414
5316
5415
5317
5416
5318
5417
5319
5418
5320
5419
5321
5420
5322
5421
5323
5422
5324
5423
5325
5424
5326
5425
5327
5426
5328
5427
5329
5428
5330
5429
5331
5430
5332
5431
5333
5432
5334
5433
5335
5434
5336
5435
5337
5436
5338
5437
5339
5438
5340
5439
5341
5440
5342
5441
5343
5442
5344
5443
5345
5444
5346
5445
5347
5446
5348
5447
5349
5448
5350
5449
5351
5450
5352
5451
5353
5452
5354
5453
5355
5454
5356
5455
5357
5456
5358
5457
5359
5458
5360
5459
5361
5460
5362
5461
5363
5462
5364
5463
5365
5464
5366
5465
5367
5466
5368
5467
5369
5468
5370
5469
5371
5470
5372
5471
5373
5472
5374
5473
5375
5474
5376
5475
5377
5476
5378
5477
5379
5478
5380
5479
5381
5480
5382
5481
5383
5482
5384
5483
5385
5484
5386
5485
5387
5486
5388
5487
5389
5488
5390
5489
5391
5490
5392
5491
5393
5492
5394
5493
5395
5494
5396
5495
5397
5496
5398
5497
5399
5498
5400
5499
5401
5500
5402
5501
5403
5502
5404
5503
5405
5504
5406
5505
5407
5506
5408
5507
5409
5508
5509
9530
5411
5510
5412
5511
5413
5512
5414
5513
5415
5514
5416
5515
5417
5516
5418
5517
5419
5518
5420
5519
5421
5520
5422
5521
5423
5522
5424
5523
5425
5524
5426
5525
5427
5526
5428
5527
5429
5528
5430
5529
5431
5530
5432
5531
5433
5532
5434
5533
5435
5534
5436
5535
5437
5536
5438
5537
5439
5538
5440
5539
5441
5540
5442
5541
5443
5542
5444
5543
5445
5544
5446
5545
5447
5546
5448
5547
5449
5548
5450
5549
5451
5550
5452
5551
5453
5552
5454
5553
5455
5554
5456
5555
5457
5556
5458
5557
5459
5558
5460
5559
5461
5560
5462
5561
5463
5562
5464
5563
5465
5564
5466
5565
5467
5566
5468
5567
5469
5568
5470
5569
5471
5570
5472
5571
5473
5572
5474
5573
5475
5574
5476
5575
5477
5576
5478
5577
5479
5578
5480
5579
5481
5580
5482
5581
5483
5582
5484
5583
5485
5584
5486
5585
5487
5586
5488
5587
5489
5588
5490
5589
5491
5590
5492
5591
5493
5592
5494
5593
5495
5594
5496
5595
5497
5596
5498
5597
5499
5598
5500
5599
5501
5600
5502
5601
5503
5602
5504
5603
5505
5604
5506
5605
5507
5606
5508
5607
5509
5608
5609
9570
5511
5610
5512
5611
5513
5612
5514
5613
5515
5614
5516
5615
5517
5616
5518
5617
5519
5618
5520
5619
5521
5620
5522
5621
5523
5622
5524
5623
5525
5624
5526
5625
5527
5626
5528
5627
5529
5628
5530
5629
5531
5630
5532
5631
5533
5632
5534
5633
5535
5634
5536
5635
5537
5636
5538
5637
5539
5638
5540
5639
5541
5640
5542
5641
5543
5642
5544
5643
5545
5644
5546
5645
5547
5646
5548
5647
5549
5648
5550
5649
5551
5650
5552
5651
5553
5652
5554
5653
5555
5654
5556
5655
5557
5656
5558
5657
5559
5658
5560
5659
5561
5660
5562
5661
5563
5662
5564
5663
5565
5664
5566
5665
5567
5666
5568
5667
5569
5668
5570
5669
5571
5670
5572
5671
5573
5672
5574
5673
5575
5674
5576
5675
5577
5676
5578
5677
5579
5678
5580
5679
5581
5680
5582
5681
5583
5682
5584
5683
5585
5684
5586
5685
5587
5686
5588
5687
5589
5688
5590
5689
5591
5690
5592
5691
5593
5692
5594
5693
5595
5694
5596
5695
5597
5696
5598
5697
5599
5698
5600
5699
5601
5700
5602
5701
5603
5702
5604
5703
5605
5704
5606
5705
5607
5706
5608
5707
5609
5708
5709
9610
5611
5710
5612
5711
5613
5712
5614
5713
5615
5714
5616
5715
5617
5716
5618
5717
5619
5718
5620
5719
5621
5720
5622
5721
5623
5722
5624
5723
5625
5724
5626
5725
5627
5726
5628
5727
5629
5728
5630
5729
5631
5730
5632
5731
5633
5732
5634
5733
5635
5734
5636
5735
5637
5736
5638
5737
5639
5738
5640
5739
5641
5740
5642
5741
5643
5742
5644
5743
5645
5744
5646
5745
5647
5746
5648
5747
5649
5748
5650
5749
5651
5750
5652
5751
5653
5752
5654
5753
5655
5754
5656
5755
5657
5756
5658
5757
5659
5758
5660
5759
5661
5760
5662
5761
5663
5762
5664
5763
5665
5764
5666
5765
5667
5766
5668
5767
5669
5768
5670
5769
5671
5770
5672
5771
5673
5772
5674
5773
5675
5774
5676
5775
5677
5776
5678
5777
5679
5778
5680
5779
5681
5780
5682
5781
5683
5782
5684
5783
5685
5784
5686
5785
5687
5786
5688
5787
5689
5788
5690
5789
5691
5790
5692
5791
5693
5792
5694
5793
5695
5794
5696
5795
5697
5796
5698
5797
5699
5798
5700
5799
5701
5800
5702
5801
5703
5802
5704
5803
5705
5804
5706
5805
5707
5806
5708
5807
5709
5808
5809
9650
5711
5810
5712
5811
5713
5812
5714
5813
5715
5814
5716
5815
5717
5816
5718
5817
5719
5818
5720
5819
5721
5820
5722
5821
5723
5822
5724
5823
5725
5824
5726
5825
5727
5826
5728
5827
5729
5828
5730
5829
5731
5830
5732
5831
5733
5832
5734
5833
5735
5834
5736
5835
5737
5836
5738
5837
5739
5838
5740
5839
5741
5840
5742
5841
5743
5842
5744
5843
5745
5844
5746
5845
5747
5846
5748
5847
5749
5848
5750
5849
5751
5850
5752
5851
5753
5852
5754
5853
5755
5854
5756
5855
5757
5856
5758
5857
5759
5858
5760
5859
5761
5860
5762
5861
5763
5862
5764
5863
5765
5864
5766
5865
5767
5866
5768
5867
5769
5868
5770
5869
5771
5870
5772
5871
5773
5872
5774
5873
5775
5874
5776
5875
5777
5876
5778
5877
5779
5878
5780
5879
5781
5880
5782
5881
5783
5882
5784
5883
5785
5884
5786
5885
5787
5886
5788
5887
5789
5888
5790
5889
5791
5890
5792
5891
5793
5892
5794
5893
5795
5894
5796
5895
5797
5896
5798
5897
5799
5898
5800
5899
5801
5900
5802
5901
5803
5902
5804
5903
5805
5904
5806
5905
5807
5906
5808
5907
5809
5908
5909
9690
5811
5910
5812
5911
5813
5912
5814
5913
5815
5914
5816
5915
5817
5916
5818
5917
5819
5918
5820
5919
5821
5920
5822
5921
5823
5922
5824
5923
5825
5924
5826
5925
5827
5926
5828
5927
5829
5928
5830
5929
5831
5930
5832
5931
5833
5932
5834
5933
5835
5934
5836
5935
5837
5936
5838
5937
5839
5938
5840
5939
5841
5940
5842
5941
5843
5942
5844
5943
5845
5944
5846
5945
5847
5946
5848
5947
5849
5948
5850
5949
5851
5950
5852
5951
5853
5952
5854
5953
5855
5954
5856
5955
5857
5956
5858
5957
5859
5958
5860
5959
5861
5960
5862
5961
5863
5962
5864
5963
5865
5964
5866
5965
5867
5966
5868
5967
5869
5968
5870
5969
5871
5970
5872
5971
5873
5972
5874
5973
5875
5974
5876
5975
5877
5976
5878
5977
5879
5978
5880
5979
5881
5980
5882
5981
5883
5982
5884
5983
5885
5984
5886
5985
5887
5986
5888
5987
5889
5988
5890
5989
5891
5990
5892
5991
5893
5992
5894
5993
5895
5994
5896
5995
5897
5996
5898
5997
5899
5998
5900
5999
5901
6000
5902
6001
5903
6002
5904
6003
5905
6004
5906
6005
5907
6006
5908
6007
5909
6008
6009
9730
5911
6010
5912
6011
5913
6012
5914
6013
5915
6014
5916
6015
5917
6016
5918
6017
5919
6018
5920
6019
5921
6020
5922
6021
5923
6022
5924
6023
5925
6024
5926
6025
5927
6026
5928
6027
5929
6028
5930
6029
5931
6030
5932
6031
5933
6032
5934
6033
5935
6034
5936
6035
5937
6036
5938
6037
5939
6038
5940
6039
5941
6040
5942
6041
5943
6042
5944
6043
5945
6044
5946
6045
5947
6046
5948
6047
5949
6048
5950
6049
5951
6050
5952
6051
5953
6052
5954
6053
5955
6054
5956
6055
5957
6056
5958
6057
5959
6058
5960
6059
5961
6060
5962
6061
5963
6062
5964
6063
5965
6064
5966
6065
5967
6066
5968
6067
5969
6068
5970
6069
5971
6070
5972
6071
5973
6072
5974
6073
5975
6074
5976
6075
5977
6076
5978
6077
5979
6078
5980
6079
5981
6080
5982
6081
5983
6082
5984
6083
5985
6084
5986
6085
5987
6086
5988
6087
5989
6088
5990
6089
5991
6090
5992
6091
5993
6092
5994
6093
5995
6094
5996
6095
5997
6096
5998
6097
5999
6098
6000
6099
6001
6100
6002
6101
6003
6102
6004
6103
6005
6104
6006
6105
6007
6106
6008
6107
6009
6108
6109
9770
6011
6110
6012
6111
6013
6112
6014
6113
6015
6114
6016
6115
6017
6116
6018
6117
6019
6118
6020
6119
6021
6120
6022
6121
6023
6122
6024
6123
6025
6124
6026
6125
6027
6126
6028
6127
6029
6128
6030
6129
6031
6130
6032
6131
6033
6132
6034
6133
6035
6134
6036
6135
6037
6136
6038
6137
6039
6138
6040
6139
6041
6140
6042
6141
6043
6142
6044
6143
6045
6144
6046
6145
6047
6146
6048
6147
6049
6148
6050
6149
6051
6150
6052
6151
6053
6152
6054
6153
6055
6154
6056
6155
6057
6156
6058
6157
6059
6158
6060
6159
6061
6160
6062
6161
6063
6162
6064
6163
6065
6164
6066
6165
6067
6166
6068
6167
6069
6168
6070
6169
6071
6170
6072
6171
6073
6172
6074
6173
6075
6174
6076
6175
6077
6176
6078
6177
6079
6178
6080
6179
6081
6180
6082
6181
6083
6182
6084
6183
6085
6184
6086
6185
6087
6186
6088
6187
6089
6188
6090
6189
6091
6190
6092
6191
6093
6192
6094
6193
6095
6194
6096
6195
6097
6196
6098
6197
6099
6198
6100
6199
6101
6200
6102
6201
6103
6202
6104
6203
6105
6204
6106
6205
6107
6206
6108
6207
6109
6208
6209
9810
6111
6210
6112
6211
6113
6212
6114
6213
6115
6214
6116
6215
6117
6216
6118
6217
6119
6218
6120
6219
6121
6220
6122
6221
6123
6222
6124
6223
6125
6224
6126
6225
6127
6226
6128
6227
6129
6228
6130
6229
6131
6230
6132
6231
6133
6232
6134
6233
6135
6234
6136
6235
6137
6236
6138
6237
6139
6238
6140
6239
6141
6240
6142
6241
6143
6242
6144
6243
6145
6244
6146
6245
6147
6246
6148
6247
6149
6248
6150
6249
6151
6250
6152
6251
6153
6252
6154
6253
6155
6254
6156
6255
6157
6256
6158
6257
6159
6258
6160
6259
6161
6260
6162
6261
6163
6262
6164
6263
6165
6264
6166
6265
6167
6266
6168
6267
6169
6268
6170
6269
6171
6270
6172
6271
6173
6272
6174
6273
6175
6274
6176
6275
6177
6276
6178
6277
6179
6278
6180
6279
6181
6280
6182
6281
6183
6282
6184
6283
6185
6284
6186
6285
6187
6286
6188
6287
6189
6288
6190
6289
6191
6290
6192
6291
6193
6292
6194
6293
6195
6294
6196
6295
6197
6296
6198
6297
6199
6298
6200
6299
6201
6300
6202
6301
6203
6302
6204
6303
6205
6304
6206
6305
6207
6306
6208
6307
6209
6308
6309
9850
6211
6310
6212
6311
6213
6312
6214
6313
6215
6314
6216
6315
6217
6316
6218
6317
6219
6318
6220
6319
6221
6320
6222
6321
6223
6322
6224
6323
6225
6324
6226
6325
6227
6326
6228
6327
6229
6328
6230
6329
6231
6330
6232
6331
6233
6332
6234
6333
6235
6334
6236
6335
6237
6336
6238
6337
6239
6338
6240
6339
6241
6340
6242
6341
6243
6342
6244
6343
6245
6344
6246
6345
6247
6346
6248
6347
6249
6348
6250
6349
6251
6350
6252
6351
6253
6352
6254
6353
6255
6354
6256
6355
6257
6356
6258
6357
6259
6358
6260
6359
6261
6360
6262
6361
6263
6362
6264
6363
6265
6364
6266
6365
6267
6366
6268
6367
6269
6368
6270
6369
6271
6370
6272
6371
6273
6372
6274
6373
6275
6374
6276
6375
6277
6376
6278
6377
6279
6378
6280
6379
6281
6380
6282
6381
6283
6382
6284
6383
6285
6384
6286
6385
6287
6386
6288
6387
6289
6388
6290
6389
6291
6390
6292
6391
6293
6392
6294
6393
6295
6394
6296
6395
6297
6396
6298
6397
6299
6398
6300
6399
6301
6400
6302
6401
6303
6402
6304
6403
6305
6404
6306
6405
6307
6406
6308
6407
6309
6408
6409
9890
6311
6410
6312
6411
6313
6412
6314
6413
6315
6414
6316
6415
6317
6416
6318
6417
6319
6418
6320
6419
6321
6420
6322
6421
6323
6422
6324
6423
6325
6424
6326
6425
6327
6426
6328
6427
6329
6428
6330
6429
6331
6430
6332
6431
6333
6432
6334
6433
6335
6434
6336
6435
6337
6436
6338
6437
6339
6438
6340
6439
6341
6440
6342
6441
6343
6442
6344
6443
6345
6444
6346
6445
6347
6446
6348
6447
6349
6448
6350
6449
6351
6450
6352
6451
6353
6452
6354
6453
6355
6454
6356
6455
6357
6456
6358
6457
6359
6458
6360
6459
6361
6460
6362
6461
6363
6462
6364
6463
6365
6464
6366
6465
6367
6466
6368
6467
6369
6468
6370
6469
6371
6470
6372
6471
6373
6472
6374
6473
6375
6474
6376
6475
6377
6476
6378
6477
6379
6478
6380
6479
6381
6480
6382
6481
6383
6482
6384
6483
6385
6484
6386
6485
6387
6486
6388
6487
6389
6488
6390
6489
6391
6490
6392
6491
6393
6492
6394
6493
6395
6494
6396
6495
6397
6496
6398
6497
6399
6498
6400
6499
6401
6500
6402
6501
6403
6502
6404
6503
6405
6504
6406
6505
6407
6506
6408
6507
6409
6508
6509
9930
6411
6510
6412
6511
6413
6512
6414
6513
6415
6514
6416
6515
6417
6516
6418
6517
6419
6518
6420
6519
6421
6520
6422
6521
6423
6522
6424
6523
6425
6524
6426
6525
6427
6526
6428
6527
6429
6528
6430
6529
6431
6530
6432
6531
6433
6532
6434
6533
6435
6534
6436
6535
6437
6536
6438
6537
6439
6538
6440
6539
6441
6540
6442
6541
6443
6542
6444
6543
6445
6544
6446
6545
6447
6546
6448
6547
6449
6548
6450
6549
6451
6550
6452
6551
6453
6552
6454
6553
6455
6554
6456
6555
6457
6556
6458
6557
6459
6558
6460
6559
6461
6560
6462
6561
6463
6562
6464
6563
6465
6564
6466
6565
6467
6566
6468
6567
6469
6568
6470
6569
6471
6570
6472
6571
6473
6572
6474
6573
6475
6574
6476
6575
6477
6576
6478
6577
6479
6578
6480
6579
6481
6580
6482
6581
6483
6582
6484
6583
6485
6584
6486
6585
6487
6586
6488
6587
6489
6588
6490
6589
6491
6590
6492
6591
6493
6592
6494
6593
6495
6594
6496
6595
6497
6596
6498
6597
6499
6598
6500
6599
6501
6600
6502
6601
6503
6602
6504
6603
6505
6604
6506
6605
6507
6606
6508
6607
6509
6608
6609
9970
6511
6610
6512
6611
6513
6612
6514
6613
6515
6614
6516
6615
6517
6616
6518
6617
6519
6618
6520
6619
6521
6620
6522
6621
6523
6622
6524
6623
6525
6624
6526
6625
6527
6626
6528
6627
6529
6628
6530
6629
6531
6630
6532
6631
6533
6632
6534
6633
6535
6634
6536
6635
6537
6636
6538
6637
6539
6638
6540
6639
6541
6640
6542
6641
6543
6642
6544
6643
6545
6644
6546
6645
6547
6646
6548
6647
6549
6648
6550
6649
6551
6650
6552
6651
6553
6652
6554
6653
6555
6654
6556
6655
6557
6656
6558
6657
6559
6658
6560
6659
6561
6660
6562
6661
6563
6662
6564
6663
6565
6664
6566
6665
6567
6666
6568
6667
6569
6668
6570
6669
6571
6670
6572
6671
6573
6672
6574
6673
6575
6674
6576
6675
6577
6676
6578
6677
6579
6678
6580
6679
6581
6680
6582
6681
6583
6682
6584
6683
6585
6684
6586
6685
6587
6686
6588
6687
6589
6688
6590
6689
6591
6690
6592
6691
6593
6692
6594
6693
6595
6694
6596
6695
6597
6696
6598
6697
6599
6698
6600
6699
6601
6700
6602
6701
6603
6702
6604
6703
6605
6704
6606
6705
6607
6706
6608
6707
6609
6708
6709
10010
6611
6710
6612
6711
6613
6712
6614
6713
6615
6714
6616
6715
6617
6716
6618
6717
6619
6718
6620
6719
6621
6720
6622
6721
6623
6722
6624
6723
6625
6724
6626
6725
6627
6726
6628
6727
6629
6728
6630
6729
6631
6730
6632
6731
6633
6732
6634
6733
6635
6734
6636
6735
6637
6736
6638
6737
6639
6738
6640
6739
6641
6740
6642
6741
6643
6742
6644
6743
6645
6744
6646
6745
6647
6746
6648
6747
6649
6748
6650
6749
6651
6750
6652
6751
6653
6752
6654
6753
6655
6754
6656
6755
6657
6756
6658
6757
6659
6758
6660
6759
6661
6760
6662
6761
6663
6762
6664
6763
6665
6764
6666
6765
6667
6766
6668
6767
6669
6768
6670
6769
6671
6770
6672
6771
6673
6772
6674
6773
6675
6774
6676
6775
6677
6776
6678
6777
6679
6778
6680
6779
6681
6780
6682
6781
6683
6782
6684
6783
6685
6784
6686
6785
6687
6786
6688
6787
6689
6788
6690
6789
6691
6790
6692
6791
6693
6792
6694
6793
6695
6794
6696
6795
6697
6796
6698
6797
6699
6798
6700
6799
6701
6800
6702
6801
6703
6802
6704
6803
6705
6804
6706
6805
6707
6806
6708
6807
6709
6808
6809
10050
6711
6810
6712
6811
6713
6812
6714
6813
6715
6814
6716
6815
6717
6816
6718
6817
6719
6818
6720
6819
6721
6820
6722
6821
6723
6822
6724
6823
6725
6824
6726
6825
6727
6826
6728
6827
6729
6828
6730
6829
6731
6830
6732
6831
6733
6832
6734
6833
6735
6834
6736
6835
6737
6836
6738
6837
6739
6838
6740
6839
6741
6840
6742
6841
6743
6842
6744
6843
6745
6844
6746
6845
6747
6846
6748
6847
6749
6848
6750
6849
6751
6850
6752
6851
6753
6852
6754
6853
6755
6854
6756
6855
6757
6856
6758
6857
6759
6858
6760
6859
6761
6860
6762
6861
6763
6862
6764
6863
6765
6864
6766
6865
6767
6866
6768
6867
6769
6868
6770
6869
6771
6870
6772
6871
6773
6872
6774
6873
6775
6874
6776
6875
6777
6876
6778
6877
6779
6878
6780
6879
6781
6880
6782
6881
6783
6882
6784
6883
6785
6884
6786
6885
6787
6886
6788
6887
6789
6888
6790
6889
6791
6890
6792
6891
6793
6892
6794
6893
6795
6894
6796
6895
6797
6896
6798
6897
6799
6898
6800
6899
6801
6900
6802
6901
6803
6902
6804
6903
6805
6904
6806
6905
6807
6906
6808
6907
6809
6908
6909
10090
6811
6910
6812
6911
6813
6912
6814
6913
6815
6914
6816
6915
6817
6916
6818
6917
6819
6918
6820
6919
6821
6920
6822
6921
6823
6922
6824
6923
6825
6924
6826
6925
6827
6926
6828
6927
6829
6928
6830
6929
6831
6930
6832
6931
6833
6932
6834
6933
6835
6934
6836
6935
6837
6936
6838
6937
6839
6938
6840
6939
6841
6940
6842
6941
6843
6942
6844
6943
6845
6944
6846
6945
6847
6946
6848
6947
6849
6948
6850
6949
6851
6950
6852
6951
6853
6952
6854
6953
6855
6954
6856
6955
6857
6956
6858
6957
6859
6958
6860
6959
6861
6960
6862
6961
6863
6962
6864
6963
6865
6964
6866
6965
6867
6966
6868
6967
6869
6968
6870
6969
6871
6970
6872
6971
6873
6972
6874
6973
6875
6974
6876
6975
6877
6976
6878
6977
6879
6978
6880
6979
6881
6980
6882
6981
6883
6982
6884
6983
6885
6984
6886
6985
6887
6986
6888
6987
6889
6988
6890
6989
6891
6990
6892
6991
6893
6992
6894
6993
6895
6994
6896
6995
6897
6996
6898
6997
6899
6998
6900
6999
6901
7000
6902
7001
6903
7002
6904
7003
6905
7004
6906
7005
6907
7006
6908
7007
6909
7008
7009
10130
6911
7010
6912
7011
6913
7012
6914
7013
6915
7014
6916
7015
6917
7016
6918
7017
6919
7018
6920
7019
6921
7020
6922
7021
6923
7022
6924
7023
6925
7024
6926
7025
6927
7026
6928
7027
6929
7028
6930
7029
6931
7030
6932
7031
6933
7032
6934
7033
6935
7034
6936
7035
6937
7036
6938
7037
6939
7038
6940
7039
6941
7040
6942
7041
6943
7042
6944
7043
6945
7044
6946
7045
6947
7046
6948
7047
6949
7048
6950
7049
6951
7050
6952
7051
6953
7052
6954
7053
6955
7054
6956
7055
6957
7056
6958
7057
6959
7058
6960
7059
6961
7060
6962
7061
6963
7062
6964
7063
6965
7064
6966
7065
6967
7066
6968
7067
6969
7068
6970
7069
6971
7070
6972
7071
6973
7072
6974
7073
6975
7074
6976
7075
6977
7076
6978
7077
6979
7078
6980
7079
6981
7080
6982
7081
6983
7082
6984
7083
6985
7084
6986
7085
6987
7086
6988
7087
6989
7088
6990
7089
6991
7090
6992
7091
6993
7092
6994
7093
6995
7094
6996
7095
6997
7096
6998
7097
6999
7098
7000
7099
7001
7100
7002
7101
7003
7102
7004
7103
7005
7104
7006
7105
7007
7106
7008
7107
7009
7108
7109
10170
7011
7110
7012
7111
7013
7112
7014
7113
7015
7114
7016
7115
7017
7116
7018
7117
7019
7118
7020
7119
7021
7120
7022
7121
7023
7122
7024
7123
7025
7124
7026
7125
7027
7126
7028
7127
7029
7128
7030
7129
7031
7130
7032
7131
7033
7132
7034
7133
7035
7134
7036
7135
7037
7136
7038
7137
7039
7138
7040
7139
7041
7140
7042
7141
7043
7142
7044
7143
7045
7144
7046
7145
7047
7146
7048
7147
7049
7148
7050
7149
7051
7150
7052
7151
7053
7152
7054
7153
7055
7154
7056
7155
7057
7156
7058
7157
7059
7158
7060
7159
7061
7160
7062
7161
7063
7162
7064
7163
7065
7164
7066
7165
7067
7166
7068
7167
7069
7168
7070
7169
7071
7170
7072
7171
7073
7172
7074
7173
7075
7174
7076
7175
7077
7176
7078
7177
7079
7178
7080
7179
7081
7180
7082
7181
7083
7182
7084
7183
7085
7184
7086
7185
7087
7186
7088
7187
7089
7188
7090
7189
7091
7190
7092
7191
7093
7192
7094
7193
7095
7194
7096
7195
7097
7196
7098
7197
7099
7198
7100
7199
7101
7200
7102
7201
7103
7202
7104
7203
7105
7204
7106
7205
7107
7206
7108
7207
7109
7208
7209
10210
7111
7210
7112
7211
7113
7212
7114
7213
7115
7214
7116
7215
7117
7216
7118
7217
7119
7218
7120
7219
7121
7220
7122
7221
7123
7222
7124
7223
7125
7224
7126
7225
7127
7226
7128
7227
7129
7228
7130
7229
7131
7230
7132
7231
7133
7232
7134
7233
7135
7234
7136
7235
7137
7236
7138
7237
7139
7238
7140
7239
7141
7240
7142
7241
7143
7242
7144
7243
7145
7244
7146
7245
7147
7246
7148
7247
7149
7248
7150
7249
7151
7250
7152
7251
7153
7252
7154
7253
7155
7254
7156
7255
7157
7256
7158
7257
7159
7258
7160
7259
7161
7260
7162
7261
7163
7262
7164
7263
7165
7264
7166
7265
7167
7266
7168
7267
7169
7268
7170
7269
7171
7270
7172
7271
7173
7272
7174
7273
7175
7274
7176
7275
7177
7276
7178
7277
7179
7278
7180
7279
7181
7280
7182
7281
7183
7282
7184
7283
7185
7284
7186
7285
7187
7286
7188
7287
7189
7288
7190
7289
7191
7290
7192
7291
7193
7292
7194
7293
7195
7294
7196
7295
7197
7296
7198
7297
7199
7298
7200
7299
7201
7300
7202
7301
7203
7302
7204
7303
7205
7304
7206
7305
7207
7306
7208
7307
7209
7308
7309
10250
7211
7310
7212
7311
7213
7312
7214
7313
7215
7314
7216
7315
7217
7316
7218
7317
7219
7318
7220
7319
7221
7320
7222
7321
7223
7322
7224
7323
7225
7324
7226
7325
7227
7326
7228
7327
7229
7328
7230
7329
7231
7330
7232
7331
7233
7332
7234
7333
7235
7334
7236
7335
7237
7336
7238
7337
7239
7338
7240
7339
7241
7340
7242
7341
7243
7342
7244
7343
7245
7344
7246
7345
7247
7346
7248
7347
7249
7348
7250
7349
7251
7350
7252
7351
7253
7352
7254
7353
7255
7354
7256
7355
7257
7356
7258
7357
7259
7358
7260
7359
7261
7360
7262
7361
7263
7362
7264
7363
7265
7364
7266
7365
7267
7366
7268
7367
7269
7368
7270
7369
7271
7370
7272
7371
7273
7372
7274
7373
7275
7374
7276
7375
7277
7376
7278
7377
7279
7378
7280
7379
7281
7380
7282
7381
7283
7382
7284
7383
7285
7384
7286
7385
7287
7386
7288
7387
7289
7388
7290
7389
7291
7390
7292
7391
7293
7392
7294
7393
7295
7394
7296
7395
7297
7396
7298
7397
7299
7398
7300
7399
7301
7400
7302
7401
7303
7402
7304
7403
7305
7404
7306
7405
7307
7406
7308
7407
7309
7408
7409
10290
7311
7410
7312
7411
7313
7412
7314
7413
7315
7414
7316
7415
7317
7416
7318
7417
7319
7418
7320
7419
7321
7420
7322
7421
7323
7422
7324
7423
7325
7424
7326
7425
7327
7426
7328
7427
7329
7428
7330
7429
7331
7430
7332
7431
7333
7432
7334
7433
7335
7434
7336
7435
7337
7436
7338
7437
7339
7438
7340
7439
7341
7440
7342
7441
7343
7442
7344
7443
7345
7444
7346
7445
7347
7446
7348
7447
7349
7448
7350
7449
7351
7450
7352
7451
7353
7452
7354
7453
7355
7454
7356
7455
7357
7456
7358
7457
7359
7458
7360
7459
7361
7460
7362
7461
7363
7462
7364
7463
7365
7464
7366
7465
7367
7466
7368
7467
7369
7468
7370
7469
7371
7470
7372
7471
7373
7472
7374
7473
7375
7474
7376
7475
7377
7476
7378
7477
7379
7478
7380
7479
7381
7480
7382
7481
7383
7482
7384
7483
7385
7484
7386
7485
7387
7486
7388
7487
7389
7488
7390
7489
7391
7490
7392
7491
7393
7492
7394
7493
7395
7494
7396
7495
7397
7496
7398
7497
7399
7498
7400
7499
7401
7500
7402
7501
7403
7502
7404
7503
7405
7504
7406
7505
7407
7506
7408
7507
7409
7508
7509
10330
7411
7510
7412
7511
7413
7512
7414
7513
7415
7514
7416
7515
7417
7516
7418
7517
7419
7518
7420
7519
7421
7520
7422
7521
7423
7522
7424
7523
7425
7524
7426
7525
7427
7526
7428
7527
7429
7528
7430
7529
7431
7530
7432
7531
7433
7532
7434
7533
7435
7534
7436
7535
7437
7536
7438
7537
7439
7538
7440
7539
7441
7540
7442
7541
7443
7542
7444
7543
7445
7544
7446
7545
7447
7546
7448
7547
7449
7548
7450
7549
7451
7550
7452
7551
7453
7552
7454
7553
7455
7554
7456
7555
7457
7556
7458
7557
7459
7558
7460
7559
7461
7560
7462
7561
7463
7562
7464
7563
7465
7564
7466
7565
7467
7566
7468
7567
7469
7568
7470
7569
7471
7570
7472
7571
7473
7572
7474
7573
7475
7574
7476
7575
7477
7576
7478
7577
7479
7578
7480
7579
7481
7580
7482
7581
7483
7582
7484
7583
7485
7584
7486
7585
7487
7586
7488
7587
7489
7588
7490
7589
7491
7590
7492
7591
7493
7592
7494
7593
7495
7594
7496
7595
7497
7596
7498
7597
7499
7598
7500
7599
7501
7600
7502
7601
7503
7602
7504
7603
7505
7604
7506
7605
7507
7606
7508
7607
7509
7608
7609
10370
7511
7610
7512
7611
7513
7612
7514
7613
7515
7614
7516
7615
7517
7616
7518
7617
7519
7618
7520
7619
7521
7620
7522
7621
7523
7622
7524
7623
7525
7624
7526
7625
7527
7626
7528
7627
7529
7628
7530
7629
7531
7630
7532
7631
7533
7632
7534
7633
7535
7634
7536
7635
7537
7636
7538
7637
7539
7638
7540
7639
7541
7640
7542
7641
7543
7642
7544
7643
7545
7644
7546
7645
7547
7646
7548
7647
7549
7648
7550
7649
7551
7650
7552
7651
7553
7652
7554
7653
7555
7654
7556
7655
7557
7656
7558
7657
7559
7658
7560
7659
7561
7660
7562
7661
7563
7662
7564
7663
7565
7664
7566
7665
7567
7666
7568
7667
7569
7668
7570
7669
7571
7670
7572
7671
7573
7672
7574
7673
7575
7674
7576
7675
7577
7676
7578
7677
7579
7678
7580
7679
7581
7680
7582
7681
7583
7682
7584
7683
7585
7684
7586
7685
7587
7686
7588
7687
7589
7688
7590
7689
7591
7690
7592
7691
7593
7692
7594
7693
7595
7694
7596
7695
7597
7696
7598
7697
7599
7698
7600
7699
7601
7700
7602
7701
7603
7702
7604
7703
7605
7704
7606
7705
7607
7706
7608
7707
7609
7708
7709
10410
7611
7710
7612
7711
7613
7712
7614
7713
7615
7714
7616
7715
7617
7716
7618
7717
7619
7718
7620
7719
7621
7720
7622
7721
7623
7722
7624
7723
7625
7724
7626
7725
7627
7726
7628
7727
7629
7728
7630
7729
7631
7730
7632
7731
7633
7732
7634
7733
7635
7734
7636
7735
7637
7736
7638
7737
7639
7738
7640
7739
7641
7740
7642
7741
7643
7742
7644
7743
7645
7744
7646
7745
7647
7746
7648
7747
7649
7748
7650
7749
7651
7750
7652
7751
7653
7752
7654
7753
7655
7754
7656
7755
7657
7756
7658
7757
7659
7758
7660
7759
7661
7760
7662
7761
7663
7762
7664
7763
7665
7764
7666
7765
7667
7766
7668
7767
7669
7768
7670
7769
7671
7770
7672
7771
7673
7772
7674
7773
7675
7774
7676
7775
7677
7776
7678
7777
7679
7778
7680
7779
7681
7780
7682
7781
7683
7782
7684
7783
7685
7784
7686
7785
7687
7786
7688
7787
7689
7788
7690
7789
7691
7790
7692
7791
7693
7792
7694
7793
7695
7794
7696
7795
7697
7796
7698
7797
7699
7798
7700
7799
7701
7800
7702
7801
7703
7802
7704
7803
7705
7804
7706
7805
7707
7806
7708
7807
7709
7808
7809
10450
7711
7810
7712
7811
7713
7812
7714
7813
7715
7814
7716
7815
7717
7816
7718
7817
7719
7818
7720
7819
7721
7820
7722
7821
7723
7822
7724
7823
7725
7824
7726
7825
7727
7826
7728
7827
7729
7828
7730
7829
7731
7830
7732
7831
7733
7832
7734
7833
7735
7834
7736
7835
7737
7836
7738
7837
7739
7838
7740
7839
7741
7840
7742
7841
7743
7842
7744
7843
7745
7844
7746
7845
7747
7846
7748
7847
7749
7848
7750
7849
7751
7850
7752
7851
7753
7852
7754
7853
7755
7854
7756
7855
7757
7856
7758
7857
7759
7858
7760
7859
7761
7860
7762
7861
7763
7862
7764
7863
7765
7864
7766
7865
7767
7866
7768
7867
7769
7868
7770
7869
7771
7870
7772
7871
7773
7872
7774
7873
7775
7874
7776
7875
7777
7876
7778
7877
7779
7878
7780
7879
7781
7880
7782
7881
7783
7882
7784
7883
7785
7884
7786
7885
7787
7886
7788
7887
7789
7888
7790
7889
7791
7890
7792
7891
7793
7892
7794
7893
7795
7894
7796
7895
7797
7896
7798
7897
7799
7898
7800
7899
7801
7900
7802
7901
7803
7902
7804
7903
7805
7904
7806
7905
7807
7906
7808
7907
7809
7908
7909
10490
7811
7910
7812
7911
7813
7912
7814
7913
7815
7914
7816
7915
7817
7916
7818
7917
7819
7918
7820
7919
7821
7920
7822
7921
7823
7922
7824
7923
7825
7924
7826
7925
7827
7926
7828
7927
7829
7928
7830
7929
7831
7930
7832
7931
7833
7932
7834
7933
7835
7934
7836
7935
7837
7936
7838
7937
7839
7938
7840
7939
7841
7940
7842
7941
7843
7942
7844
7943
7845
7944
7846
7945
7847
7946
7848
7947
7849
7948
7850
7949
7851
7950
7852
7951
7853
7952
7854
7953
7855
7954
7856
7955
7857
7956
7858
7957
7859
7958
7860
7959
7861
7960
7862
7961
7863
7962
7864
7963
7865
7964
7866
7965
7867
7966
7868
7967
7869
7968
7870
7969
7871
7970
7872
7971
7873
7972
7874
7973
7875
7974
7876
7975
7877
7976
7878
7977
7879
7978
7880
7979
7881
7980
7882
7981
7883
7982
7884
7983
7885
7984
7886
7985
7887
7986
7888
7987
7889
7988
7890
7989
7891
7990
7892
7991
7893
7992
7894
7993
7895
7994
7896
7995
7897
7996
7898
7997
7899
7998
7900
7999
7901
8000
7902
8001
7903
8002
7904
8003
7905
8004
7906
8005
7907
8006
7908
8007
7909
8008
8009
10530
7911
8010
7912
8011
7913
8012
7914
8013
7915
8014
7916
8015
7917
8016
7918
8017
7919
8018
7920
8019
7921
8020
7922
8021
7923
8022
7924
8023
7925
8024
7926
8025
7927
8026
7928
8027
7929
8028
7930
8029
7931
8030
7932
8031
7933
8032
7934
8033
7935
8034
7936
8035
7937
8036
7938
8037
7939
8038
7940
8039
7941
8040
7942
8041
7943
8042
7944
8043
7945
8044
7946
8045
7947
8046
7948
8047
7949
8048
7950
8049
7951
8050
7952
8051
7953
8052
7954
8053
7955
8054
7956
8055
7957
8056
7958
8057
7959
8058
7960
8059
7961
8060
7962
8061
7963
8062
7964
8063
7965
8064
7966
8065
7967
8066
7968
8067
7969
8068
7970
8069
7971
8070
7972
8071
7973
8072
7974
8073
7975
8074
7976
8075
7977
8076
7978
8077
7979
8078
7980
8079
7981
8080
7982
8081
7983
8082
7984
8083
7985
8084
7986
8085
7987
8086
7988
8087
7989
8088
7990
8089
7991
8090
7992
8091
7993
8092
7994
8093
7995
8094
7996
8095
7997
8096
7998
8097
7999
8098
8000
8099
8001
8100
8002
8101
8003
8102
8004
8103
8005
8104
8006
8105
8007
8106
8008
8107
8009
8108
8109
10570
8011
8110
8012
8111
8013
8112
8014
8113
8015
8114
8016
8115
8017
8116
8018
8117
8019
8118
8020
8119
8021
8120
8022
8121
8023
8122
8024
8123
8025
8124
8026
8125
8027
8126
8028
8127
8029
8128
8030
8129
8031
8130
8032
8131
8033
8132
8034
8133
8035
8134
8036
8135
8037
8136
8038
8137
8039
8138
8040
8139
8041
8140
8042
8141
8043
8142
8044
8143
8045
8144
8046
8145
8047
8146
8048
8147
8049
8148
8050
8149
8051
8150
8052
8151
8053
8152
8054
8153
8055
8154
8056
8155
8057
8156
8058
8157
8059
8158
8060
8159
8061
8160
8062
8161
8063
8162
8064
8163
8065
8164
8066
8165
8067
8166
8068
8167
8069
8168
8070
8169
8071
8170
8072
8171
8073
8172
8074
8173
8075
8174
8076
8175
8077
8176
8078
8177
8079
8178
8080
8179
8081
8180
8082
8181
8083
8182
8084
8183
8085
8184
8086
8185
8087
8186
8088
8187
8089
8188
8090
8189
8091
8190
8092
8191
8093
8192
8094
8193
8095
8194
8096
8195
8097
8196
8098
8197
8099
8198
8100
8199
8101
8200
8102
8201
8103
8202
8104
8203
8105
8204
8106
8205
8107
8206
8108
8207
8109
8208
8209
10610
8111
8210
8112
8211
8113
8212
8114
8213
8115
8214
8116
8215
8117
8216
8118
8217
8119
8218
8120
8219
8121
8220
8122
8221
8123
8222
8124
8223
8125
8224
8126
8225
8127
8226
8128
8227
8129
8228
8130
8229
8131
8230
8132
8231
8133
8232
8134
8233
8135
8234
8136
8235
8137
8236
8138
8237
8139
8238
8140
8239
8141
8240
8142
8241
8143
8242
8144
8243
8145
8244
8146
8245
8147
8246
8148
8247
8149
8248
8150
8249
8151
8250
8152
8251
8153
8252
8154
8253
8155
8254
8156
8255
8157
8256
8158
8257
8159
8258
8160
8259
8161
8260
8162
8261
8163
8262
8164
8263
8165
8264
8166
8265
8167
8266
8168
8267
8169
8268
8170
8269
8171
8270
8172
8271
8173
8272
8174
8273
8175
8274
8176
8275
8177
8276
8178
8277
8179
8278
8180
8279
8181
8280
8182
8281
8183
8282
8184
8283
8185
8284
8186
8285
8187
8286
8188
8287
8189
8288
8190
8289
8191
8290
8192
8291
8193
8292
8194
8293
8195
8294
8196
8295
8197
8296
8198
8297
8199
8298
8200
8299
8201
8300
8202
8301
8203
8302
8204
8303
8205
8304
8206
8305
8207
8306
8208
8307
8209
8308
8309
10650
8211
8310
8212
8311
8213
8312
8214
8313
8215
8314
8216
8315
8217
8316
8218
8317
8219
8318
8220
8319
8221
8320
8222
8321
8223
8322
8224
8323
8225
8324
8226
8325
8227
8326
8228
8327
8229
8328
8230
8329
8231
8330
8232
8331
8233
8332
8234
8333
8235
8334
8236
8335
8237
8336
8238
8337
8239
8338
8240
8339
8241
8340
8242
8341
8243
8342
8244
8343
8245
8344
8246
8345
8247
8346
8248
8347
8249
8348
8250
8349
8251
8350
8252
8351
8253
8352
8254
8353
8255
8354
8256
8355
8257
8356
8258
8357
8259
8358
8260
8359
8261
8360
8262
8361
8263
8362
8264
8363
8265
8364
8266
8365
8267
8366
8268
8367
8269
8368
8270
8369
8271
8370
8272
8371
8273
8372
8274
8373
8275
8374
8276
8375
8277
8376
8278
8377
8279
8378
8280
8379
8281
8380
8282
8381
8283
8382
8284
8383
8285
8384
8286
8385
8287
8386
8288
8387
8289
8388
8290
8389
8291
8390
8292
8391
8293
8392
8294
8393
8295
8394
8296
8395
8297
8396
8298
8397
8299
8398
8300
8399
8301
8400
8302
8401
8303
8402
8304
8403
8305
8404
8306
8405
8307
8406
8308
8407
8309
8408
8409
10690
8311
8410
8312
8411
8313
8412
8314
8413
8315
8414
8316
8415
8317
8416
8318
8417
8319
8418
8320
8419
8321
8420
8322
8421
8323
8422
8324
8423
8325
8424
8326
8425
8327
8426
8328
8427
8329
8428
8330
8429
8331
8430
8332
8431
8333
8432
8334
8433
8335
8434
8336
8435
8337
8436
8338
8437
8339
8438
8340
8439
8341
8440
8342
8441
8343
8442
8344
8443
8345
8444
8346
8445
8347
8446
8348
8447
8349
8448
8350
8449
8351
8450
8352
8451
8353
8452
8354
8453
8355
8454
8356
8455
8357
8456
8358
8457
8359
8458
8360
8459
8361
8460
8362
8461
8363
8462
8364
8463
8365
8464
8366
8465
8367
8466
8368
8467
8369
8468
8370
8469
8371
8470
8372
8471
8373
8472
8374
8473
8375
8474
8376
8475
8377
8476
8378
8477
8379
8478
8380
8479
8381
8480
8382
8481
8383
8482
8384
8483
8385
8484
8386
8485
8387
8486
8388
8487
8389
8488
8390
8489
8391
8490
8392
8491
8393
8492
8394
8493
8395
8494
8396
8495
8397
8496
8398
8497
8399
8498
8400
8499
8401
8500
8402
8501
8403
8502
8404
8503
8405
8504
8406
8505
8407
8506
8408
8507
8409
8508
8509
10730
8411
8510
8412
8511
8413
8512
8414
8513
8415
8514
8416
8515
8417
8516
8418
8517
8419
8518
8420
8519
8421
8520
8422
8521
8423
8522
8424
8523
8425
8524
8426
8525
8427
8526
8428
8527
8429
8528
8430
8529
8431
8530
8432
8531
8433
8532
8434
8533
8435
8534
8436
8535
8437
8536
8438
8537
8439
8538
8440
8539
8441
8540
8442
8541
8443
8542
8444
8543
8445
8544
8446
8545
8447
8546
8448
8547
8449
8548
8450
8549
8451
8550
8452
8551
8453
8552
8454
8553
8455
8554
8456
8555
8457
8556
8458
8557
8459
8558
8460
8559
8461
8560
8462
8561
8463
8562
8464
8563
8465
8564
8466
8565
8467
8566
8468
8567
8469
8568
8470
8569
8471
8570
8472
8571
8473
8572
8474
8573
8475
8574
8476
8575
8477
8576
8478
8577
8479
8578
8480
8579
8481
8580
8482
8581
8483
8582
8484
8583
8485
8584
8486
8585
8487
8586
8488
8587
8489
8588
8490
8589
8491
8590
8492
8591
8493
8592
8494
8593
8495
8594
8496
8595
8497
8596
8498
8597
8499
8598
8500
8599
8501
8600
8502
8601
8503
8602
8504
8603
8505
8604
8506
8605
8507
8606
8508
8607
8509
8608
8609
10770
8511
8610
8512
8611
8513
8612
8514
8613
8515
8614
8516
8615
8517
8616
8518
8617
8519
8618
8520
8619
8521
8620
8522
8621
8523
8622
8524
8623
8525
8624
8526
8625
8527
8626
8528
8627
8529
8628
8530
8629
8531
8630
8532
8631
8533
8632
8534
8633
8535
8634
8536
8635
8537
8636
8538
8637
8539
8638
8540
8639
8541
8640
8542
8641
8543
8642
8544
8643
8545
8644
8546
8645
8547
8646
8548
8647
8549
8648
8550
8649
8551
8650
8552
8651
8553
8652
8554
8653
8555
8654
8556
8655
8557
8656
8558
8657
8559
8658
8560
8659
8561
8660
8562
8661
8563
8662
8564
8663
8565
8664
8566
8665
8567
8666
8568
8667
8569
8668
8570
8669
8571
8670
8572
8671
8573
8672
8574
8673
8575
8674
8576
8675
8577
8676
8578
8677
8579
8678
8580
8679
8581
8680
8582
8681
8583
8682
8584
8683
8585
8684
8586
8685
8587
8686
8588
8687
8589
8688
8590
8689
8591
8690
8592
8691
8593
8692
8594
8693
8595
8694
8596
8695
8597
8696
8598
8697
8599
8698
8600
8699
8601
8700
8602
8701
8603
8702
8604
8703
8605
8704
8606
8705
8607
8706
8608
8707
8609
8708
8709
10810
8611
8710
8612
8711
8613
8712
8614
8713
8615
8714
8616
8715
8617
8716
8618
8717
8619
8718
8620
8719
8621
8720
8622
8721
8623
8722
8624
8723
8625
8724
8626
8725
8627
8726
8628
8727
8629
8728
8630
8729
8631
8730
8632
8731
8633
8732
8634
8733
8635
8734
8636
8735
8637
8736
8638
8737
8639
8738
8640
8739
8641
8740
8642
8741
8643
8742
8644
8743
8645
8744
8646
8745
8647
8746
8648
8747
8649
8748
8650
8749
8651
8750
8652
8751
8653
8752
8654
8753
8655
8754
8656
8755
8657
8756
8658
8757
8659
8758
8660
8759
8661
8760
8662
8761
8663
8762
8664
8763
8665
8764
8666
8765
8667
8766
8668
8767
8669
8768
8670
8769
8671
8770
8672
8771
8673
8772
8674
8773
8675
8774
8676
8775
8677
8776
8678
8777
8679
8778
8680
8779
8681
8780
8682
8781
8683
8782
8684
8783
8685
8784
8686
8785
8687
8786
8688
8787
8689
8788
8690
8789
8691
8790
8692
8791
8693
8792
8694
8793
8695
8794
8696
8795
8697
8796
8698
8797
8699
8798
8700
8799
8701
8800
8702
8801
8703
8802
8704
8803
8705
8804
8706
8805
8707
8806
8708
8807
8709
8808
8809
10850
8711
8810
8712
8811
8713
8812
8714
8813
8715
8814
8716
8815
8717
8816
8718
8817
8719
8818
8720
8819
8721
8820
8722
8821
8723
8822
8724
8823
8725
8824
8726
8825
8727
8826
8728
8827
8729
8828
8730
8829
8731
8830
8732
8831
8733
8832
8734
8833
8735
8834
8736
8835
8737
8836
8738
8837
8739
8838
8740
8839
8741
8840
8742
8841
8743
8842
8744
8843
8745
8844
8746
8845
8747
8846
8748
8847
8749
8848
8750
8849
8751
8850
8752
8851
8753
8852
8754
8853
8755
8854
8756
8855
8757
8856
8758
8857
8759
8858
8760
8859
8761
8860
8762
8861
8763
8862
8764
8863
8765
8864
8766
8865
8767
8866
8768
8867
8769
8868
8770
8869
8771
8870
8772
8871
8773
8872
8774
8873
8775
8874
8776
8875
8777
8876
8778
8877
8779
8878
8780
8879
8781
8880
8782
8881
8783
8882
8784
8883
8785
8884
8786
8885
8787
8886
8788
8887
8789
8888
8790
8889
8791
8890
8792
8891
8793
8892
8794
8893
8795
8894
8796
8895
8797
8896
8798
8897
8799
8898
8800
8899
8801
8900
8802
8901
8803
8902
8804
8903
8805
8904
8806
8905
8807
8906
8808
8907
8809
8908
8909
10890
8811
8910
8812
8911
8813
8912
8814
8913
8815
8914
8816
8915
8817
8916
8818
8917
8819
8918
8820
8919
8821
8920
8822
8921
8823
8922
8824
8923
8825
8924
8826
8925
8827
8926
8828
8927
8829
8928
8830
8929
8831
8930
8832
8931
8833
8932
8834
8933
8835
8934
8836
8935
8837
8936
8838
8937
8839
8938
8840
8939
8841
8940
8842
8941
8843
8942
8844
8943
8845
8944
8846
8945
8847
8946
8848
8947
8849
8948
8850
8949
8851
8950
8852
8951
8853
8952
8854
8953
8855
8954
8856
8955
8857
8956
8858
8957
8859
8958
8860
8959
8861
8960
8862
8961
8863
8962
8864
8963
8865
8964
8866
8965
8867
8966
8868
8967
8869
8968
8870
8969
8871
8970
8872
8971
8873
8972
8874
8973
8875
8974
8876
8975
8877
8976
8878
8977
8879
8978
8880
8979
8881
8980
8882
8981
8883
8982
8884
8983
8885
8984
8886
8985
8887
8986
8888
8987
8889
8988
8890
8989
8891
8990
8892
8991
8893
8992
8894
8993
8895
8994
8896
8995
8897
8996
8898
8997
8899
8998
8900
8999
8901
9000
8902
9001
8903
9002
8904
9003
8905
9004
8906
9005
8907
9006
8908
9007
8909
9008
9009
10930
8911
8912
8913
8914
8915
8916
8917
8918
8919
8920
8921
8922
8923
8924
8925
8926
8927
8928
8929
8930
8931
8932
8933
8934
8935
8936
8937
8938
8939
8940
8941
8942
8943
8944
8945
8946
8947
8948
8949
8950
8951
8952
8953
8954
8955
8956
8957
8958
8959
8960
8961
8962
8963
8964
8965
8966
8967
8968
8969
8970
8971
8972
8973
8974
8975
8976
8977
8978
8979
8980
8981
8982
8983
8984
8985
8986
8987
8988
8989
8990
8991
8992
8993
8994
8995
8996
8997
8998
8999
9000
9001
9002
9003
9004
9005
9006
9007
9008
9009
10970
9011
9050
9012
9051
9013
9052
9014
9053
9015
9054
9016
9055
9017
9056
9018
9057
9019
9058
9020
9059
9021
9060
9022
9061
9023
9062
9024
9063
9025
9064
9026
9065
9027
9066
9028
9067
9029
9068
9030
9069
9031
9070
9032
9071
9033
9072
9034
9073
9035
9074
9036
9075
9037
9076
9038
9077
9039
9078
9040
9079
9041
9080
9042
9081
9043
9082
9044
9083
9045
9084
9046
9085
9047
9086
9048
9087
9049
9088
9089
11310
9051
9090
9052
9091
9053
9092
9054
9093
9055
9094
9056
9095
9057
9096
9058
9097
9059
9098
9060
9099
9061
9100
9062
9101
9063
9102
9064
9103
9065
9104
9066
9105
9067
9106
9068
9107
9069
9108
9070
9109
9071
9110
9072
9111
9073
9112
9074
9113
9075
9114
9076
9115
9077
9116
9078
9117
9079
9118
9080
9119
9081
9120
9082
9121
9083
9122
9084
9123
9085
9124
9086
9125
9087
9126
9088
9127
9089
9128
9129
11340
9091
9130
9092
9131
9093
9132
9094
9133
9095
9134
9096
9135
9097
9136
9098
9137
9099
9138
9100
9139
9101
9140
9102
9141
9103
9142
9104
9143
9105
9144
9106
9145
9107
9146
9108
9147
9109
9148
9110
9149
9111
9150
9112
9151
9113
9152
9114
9153
9115
9154
9116
9155
9117
9156
9118
9157
9119
9158
9120
9159
9121
9160
9122
9161
9123
9162
9124
9163
9125
9164
9126
9165
9127
9166
9128
9167
9129
9168
9169
11370
9131
9170
9132
9171
9133
9172
9134
9173
9135
9174
9136
9175
9137
9176
9138
9177
9139
9178
9140
9179
9141
9180
9142
9181
9143
9182
9144
9183
9145
9184
9146
9185
9147
9186
9148
9187
9149
9188
9150
9189
9151
9190
9152
9191
9153
9192
9154
9193
9155
9194
9156
9195
9157
9196
9158
9197
9159
9198
9160
9199
9161
9200
9162
9201
9163
9202
9164
9203
9165
9204
9166
9205
9167
9206
9168
9207
9169
9208
9209
11400
9171
9210
9172
9211
9173
9212
9174
9213
9175
9214
9176
9215
9177
9216
9178
9217
9179
9218
9180
9219
9181
9220
9182
9221
9183
9222
9184
9223
9185
9224
9186
9225
9187
9226
9188
9227
9189
9228
9190
9229
9191
9230
9192
9231
9193
9232
9194
9233
9195
9234
9196
9235
9197
9236
9198
9237
9199
9238
9200
9239
9201
9240
9202
9241
9203
9242
9204
9243
9205
9244
9206
9245
9207
9246
9208
9247
9209
9248
9249
11430
9211
9250
9212
9251
9213
9252
9214
9253
9215
9254
9216
9255
9217
9256
9218
9257
9219
9258
9220
9259
9221
9260
9222
9261
9223
9262
9224
9263
9225
9264
9226
9265
9227
9266
9228
9267
9229
9268
9230
9269
9231
9270
9232
9271
9233
9272
9234
9273
9235
9274
9236
9275
9237
9276
9238
9277
9239
9278
9240
9279
9241
9280
9242
9281
9243
9282
9244
9283
9245
9284
9246
9285
9247
9286
9248
9287
9249
9288
9289
11460
9251
9290
9252
9291
9253
9292
9254
9293
9255
9294
9256
9295
9257
9296
9258
9297
9259
9298
9260
9299
9261
9300
9262
9301
9263
9302
9264
9303
9265
9304
9266
9305
9267
9306
9268
9307
9269
9308
9270
9309
9271
9310
9272
9311
9273
9312
9274
9313
9275
9314
9276
9315
9277
9316
9278
9317
9279
9318
9280
9319
9281
9320
9282
9321
9283
9322
9284
9323
9285
9324
9286
9325
9287
9326
9288
9327
9289
9328
9329
11490
9291
9330
9292
9331
9293
9332
9294
9333
9295
9334
9296
9335
9297
9336
9298
9337
9299
9338
9300
9339
9301
9340
9302
9341
9303
9342
9304
9343
9305
9344
9306
9345
9307
9346
9308
9347
9309
9348
9310
9349
9311
9350
9312
9351
9313
9352
9314
9353
9315
9354
9316
9355
9317
9356
9318
9357
9319
9358
9320
9359
9321
9360
9322
9361
9323
9362
9324
9363
9325
9364
9326
9365
9327
9366
9328
9367
9329
9368
9369
11520
9331
9370
9332
9371
9333
9372
9334
9373
9335
9374
9336
9375
9337
9376
9338
9377
9339
9378
9340
9379
9341
9380
9342
9381
9343
9382
9344
9383
9345
9384
9346
9385
9347
9386
9348
9387
9349
9388
9350
9389
9351
9390
9352
9391
9353
9392
9354
9393
9355
9394
9356
9395
9357
9396
9358
9397
9359
9398
9360
9399
9361
9400
9362
9401
9363
9402
9364
9403
9365
9404
9366
9405
9367
9406
9368
9407
9369
9408
9409
11550
9371
9410
9372
9411
9373
9412
9374
9413
9375
9414
9376
9415
9377
9416
9378
9417
9379
9418
9380
9419
9381
9420
9382
9421
9383
9422
9384
9423
9385
9424
9386
9425
9387
9426
9388
9427
9389
9428
9390
9429
9391
9430
9392
9431
9393
9432
9394
9433
9395
9434
9396
9435
9397
9436
9398
9437
9399
9438
9400
9439
9401
9440
9402
9441
9403
9442
9404
9443
9405
9444
9406
9445
9407
9446
9408
9447
9409
9448
9449
11580
9411
9450
9412
9451
9413
9452
9414
9453
9415
9454
9416
9455
9417
9456
9418
9457
9419
9458
9420
9459
9421
9460
9422
9461
9423
9462
9424
9463
9425
9464
9426
9465
9427
9466
9428
9467
9429
9468
9430
9469
9431
9470
9432
9471
9433
9472
9434
9473
9435
9474
9436
9475
9437
9476
9438
9477
9439
9478
9440
9479
9441
9480
9442
9481
9443
9482
9444
9483
9445
9484
9446
9485
9447
9486
9448
9487
9449
9488
9489
11610
9451
9490
9452
9491
9453
9492
9454
9493
9455
9494
9456
9495
9457
9496
9458
9497
9459
9498
9460
9499
9461
9500
9462
9501
9463
9502
9464
9503
9465
9504
9466
9505
9467
9506
9468
9507
9469
9508
9470
9509
9471
9510
9472
9511
9473
9512
9474
9513
9475
9514
9476
9515
9477
9516
9478
9517
9479
9518
9480
9519
9481
9520
9482
9521
9483
9522
9484
9523
9485
9524
9486
9525
9487
9526
9488
9527
9489
9528
9529
11640
9491
9530
9492
9531
9493
9532
9494
9533
9495
9534
9496
9535
9497
9536
9498
9537
9499
9538
9500
9539
9501
9540
9502
9541
9503
9542
9504
9543
9505
9544
9506
9545
9507
9546
9508
9547
9509
9548
9510
9549
9511
9550
9512
9551
9513
9552
9514
9553
9515
9554
9516
9555
9517
9556
9518
9557
9519
9558
9520
9559
9521
9560
9522
9561
9523
9562
9524
9563
9525
9564
9526
9565
9527
9566
9528
9567
9529
9568
9569
11670
9531
9570
9532
9571
9533
9572
9534
9573
9535
9574
9536
9575
9537
9576
9538
9577
9539
9578
9540
9579
9541
9580
9542
9581
9543
9582
9544
9583
9545
9584
9546
9585
9547
9586
9548
9587
9549
9588
9550
9589
9551
9590
9552
9591
9553
9592
9554
9593
9555
9594
9556
9595
9557
9596
9558
9597
9559
9598
9560
9599
9561
9600
9562
9601
9563
9602
9564
9603
9565
9604
9566
9605
9567
9606
9568
9607
9569
9608
9609
11700
9571
9610
9572
9611
9573
9612
9574
9613
9575
9614
9576
9615
9577
9616
9578
9617
9579
9618
9580
9619
9581
9620
9582
9621
9583
9622
9584
9623
9585
9624
9586
9625
9587
9626
9588
9627
9589
9628
9590
9629
9591
9630
9592
9631
9593
9632
9594
9633
9595
9634
9596
9635
9597
9636
9598
9637
9599
9638
9600
9639
9601
9640
9602
9641
9603
9642
9604
9643
9605
9644
9606
9645
9607
9646
9608
9647
9609
9648
9649
11730
9611
9650
9612
9651
9613
9652
9614
9653
9615
9654
9616
9655
9617
9656
9618
9657
9619
9658
9620
9659
9621
9660
9622
9661
9623
9662
9624
9663
9625
9664
9626
9665
9627
9666
9628
9667
9629
9668
9630
9669
9631
9670
9632
9671
9633
9672
9634
9673
9635
9674
9636
9675
9637
9676
9638
9677
9639
9678
9640
9679
9641
9680
9642
9681
9643
9682
9644
9683
9645
9684
9646
9685
9647
9686
9648
9687
9649
9688
9689
11760
9651
9690
9652
9691
9653
9692
9654
9693
9655
9694
9656
9695
9657
9696
9658
9697
9659
9698
9660
9699
9661
9700
9662
9701
9663
9702
9664
9703
9665
9704
9666
9705
9667
9706
9668
9707
9669
9708
9670
9709
9671
9710
9672
9711
9673
9712
9674
9713
9675
9714
9676
9715
9677
9716
9678
9717
9679
9718
9680
9719
9681
9720
9682
9721
9683
9722
9684
9723
9685
9724
9686
9725
9687
9726
9688
9727
9689
9728
9729
11790
9691
9730
9692
9731
9693
9732
9694
9733
9695
9734
9696
9735
9697
9736
9698
9737
9699
9738
9700
9739
9701
9740
9702
9741
9703
9742
9704
9743
9705
9744
9706
9745
9707
9746
9708
9747
9709
9748
9710
9749
9711
9750
9712
9751
9713
9752
9714
9753
9715
9754
9716
9755
9717
9756
9718
9757
9719
9758
9720
9759
9721
9760
9722
9761
9723
9762
9724
9763
9725
9764
9726
9765
9727
9766
9728
9767
9729
9768
9769
11820
9731
9770
9732
9771
9733
9772
9734
9773
9735
9774
9736
9775
9737
9776
9738
9777
9739
9778
9740
9779
9741
9780
9742
9781
9743
9782
9744
9783
9745
9784
9746
9785
9747
9786
9748
9787
9749
9788
9750
9789
9751
9790
9752
9791
9753
9792
9754
9793
9755
9794
9756
9795
9757
9796
9758
9797
9759
9798
9760
9799
9761
9800
9762
9801
9763
9802
9764
9803
9765
9804
9766
9805
9767
9806
9768
9807
9769
9808
9809
11850
9771
9810
9772
9811
9773
9812
9774
9813
9775
9814
9776
9815
9777
9816
9778
9817
9779
9818
9780
9819
9781
9820
9782
9821
9783
9822
9784
9823
9785
9824
9786
9825
9787
9826
9788
9827
9789
9828
9790
9829
9791
9830
9792
9831
9793
9832
9794
9833
9795
9834
9796
9835
9797
9836
9798
9837
9799
9838
9800
9839
9801
9840
9802
9841
9803
9842
9804
9843
9805
9844
9806
9845
9807
9846
9808
9847
9809
9848
9849
11880
9811
9850
9812
9851
9813
9852
9814
9853
9815
9854
9816
9855
9817
9856
9818
9857
9819
9858
9820
9859
9821
9860
9822
9861
9823
9862
9824
9863
9825
9864
9826
9865
9827
9866
9828
9867
9829
9868
9830
9869
9831
9870
9832
9871
9833
9872
9834
9873
9835
9874
9836
9875
9837
9876
9838
9877
9839
9878
9840
9879
9841
9880
9842
9881
9843
9882
9844
9883
9845
9884
9846
9885
9847
9886
9848
9887
9849
9888
9889
11910
9851
9890
9852
9891
9853
9892
9854
9893
9855
9894
9856
9895
9857
9896
9858
9897
9859
9898
9860
9899
9861
9900
9862
9901
9863
9902
9864
9903
9865
9904
9866
9905
9867
9906
9868
9907
9869
9908
9870
9909
9871
9910
9872
9911
9873
9912
9874
9913
9875
9914
9876
9915
9877
9916
9878
9917
9879
9918
9880
9919
9881
9920
9882
9921
9883
9922
9884
9923
9885
9924
9886
9925
9887
9926
9888
9927
9889
9928
9929
11940
9891
9930
9892
9931
9893
9932
9894
9933
9895
9934
9896
9935
9897
9936
9898
9937
9899
9938
9900
9939
9901
9940
9902
9941
9903
9942
9904
9943
9905
9944
9906
9945
9907
9946
9908
9947
9909
9948
9910
9949
9911
9950
9912
9951
9913
9952
9914
9953
9915
9954
9916
9955
9917
9956
9918
9957
9919
9958
9920
9959
9921
9960
9922
9961
9923
9962
9924
9963
9925
9964
9926
9965
9927
9966
9928
9967
9929
9968
9969
11970
9931
9970
9932
9971
9933
9972
9934
9973
9935
9974
9936
9975
9937
9976
9938
9977
9939
9978
9940
9979
9941
9980
9942
9981
9943
9982
9944
9983
9945
9984
9946
9985
9947
9986
9948
9987
9949
9988
9950
9989
9951
9990
9952
9991
9953
9992
9954
9993
9955
9994
9956
9995
9957
9996
9958
9997
9959
9998
9960
9999
9961
10000
9962
10001
9963
10002
9964
10003
9965
10004
9966
10005
9967
10006
9968
10007
9969
10008
10009
12000
9971
10010
9972
10011
9973
10012
9974
10013
9975
10014
9976
10015
9977
10016
9978
10017
9979
10018
9980
10019
9981
10020
9982
10021
9983
10022
9984
10023
9985
10024
9986
10025
9987
10026
9988
10027
9989
10028
9990
10029
9991
10030
9992
10031
9993
10032
9994
10033
9995
10034
9996
10035
9997
10036
9998
10037
9999
10038
10000
10039
10001
10040
10002
10041
10003
10042
10004
10043
10005
10044
10006
10045
10007
10046
10008
10047
10009
10048
10049
12030
10011
10050
10012
10051
10013
10052
10014
10053
10015
10054
10016
10055
10017
10056
10018
10057
10019
10058
10020
10059
10021
10060
10022
10061
10023
10062
10024
10063
10025
10064
10026
10065
10027
10066
10028
10067
10029
10068
10030
10069
10031
10070
10032
10071
10033
10072
10034
10073
10035
10074
10036
10075
10037
10076
10038
10077
10039
10078
10040
10079
10041
10080
10042
10081
10043
10082
10044
10083
10045
10084
10046
10085
10047
10086
10048
10087
10049
10088
10089
12060
10051
10090
10052
10091
10053
10092
10054
10093
10055
10094
10056
10095
10057
10096
10058
10097
10059
10098
10060
10099
10061
10100
10062
10101
10063
10102
10064
10103
10065
10104
10066
10105
10067
10106
10068
10107
10069
10108
10070
10109
10071
10110
10072
10111
10073
10112
10074
10113
10075
10114
10076
10115
10077
10116
10078
10117
10079
10118
10080
10119
10081
10120
10082
10121
10083
10122
10084
10123
10085
10124
10086
10125
10087
10126
10088
10127
10089
10128
10129
12090
10091
10130
10092
10131
10093
10132
10094
10133
10095
10134
10096
10135
10097
10136
10098
10137
10099
10138
10100
10139
10101
10140
10102
10141
10103
10142
10104
10143
10105
10144
10106
10145
10107
10146
10108
10147
10109
10148
10110
10149
10111
10150
10112
10151
10113
10152
10114
10153
10115
10154
10116
10155
10117
10156
10118
10157
10119
10158
10120
10159
10121
10160
10122
10161
10123
10162
10124
10163
10125
10164
10126
10165
10127
10166
10128
10167
10129
10168
10169
12120
10131
10170
10132
10171
10133
10172
10134
10173
10135
10174
10136
10175
10137
10176
10138
10177
10139
10178
10140
10179
10141
10180
10142
10181
10143
10182
10144
10183
10145
10184
10146
10185
10147
10186
10148
10187
10149
10188
10150
10189
10151
10190
10152
10191
10153
10192
10154
10193
10155
10194
10156
10195
10157
10196
10158
10197
10159
10198
10160
10199
10161
10200
10162
10201
10163
10202
10164
10203
10165
10204
10166
10205
10167
10206
10168
10207
10169
10208
10209
12150
10171
10210
10172
10211
10173
10212
10174
10213
10175
10214
10176
10215
10177
10216
10178
10217
10179
10218
10180
10219
10181
10220
10182
10221
10183
10222
10184
10223
10185
10224
10186
10225
10187
10226
10188
10227
10189
10228
10190
10229
10191
10230
10192
10231
10193
10232
10194
10233
10195
10234
10196
10235
10197
10236
10198
10237
10199
10238
10200
10239
10201
10240
10202
10241
10203
10242
10204
10243
10205
10244
10206
10245
10207
10246
10208
10247
10209
10248
10249
12180
10211
10250
10212
10251
10213
10252
10214
10253
10215
10254
10216
10255
10217
10256
10218
10257
10219
10258
10220
10259
10221
10260
10222
10261
10223
10262
10224
10263
10225
10264
10226
10265
10227
10266
10228
10267
10229
10268
10230
10269
10231
10270
10232
10271
10233
10272
10234
10273
10235
10274
10236
10275
10237
10276
10238
10277
10239
10278
10240
10279
10241
10280
10242
10281
10243
10282
10244
10283
10245
10284
10246
10285
10247
10286
10248
10287
10249
10288
10289
12210
10251
10290
10252
10291
10253
10292
10254
10293
10255
10294
10256
10295
10257
10296
10258
10297
10259
10298
10260
10299
10261
10300
10262
10301
10263
10302
10264
10303
10265
10304
10266
10305
10267
10306
10268
10307
10269
10308
10270
10309
10271
10310
10272
10311
10273
10312
10274
10313
10275
10314
10276
10315
10277
10316
10278
10317
10279
10318
10280
10319
10281
10320
10282
10321
10283
10322
10284
10323
10285
10324
10286
10325
10287
10326
10288
10327
10289
10328
10329
12240
10291
10330
10292
10331
10293
10332
10294
10333
10295
10334
10296
10335
10297
10336
10298
10337
10299
10338
10300
10339
10301
10340
10302
10341
10303
10342
10304
10343
10305
10344
10306
10345
10307
10346
10308
10347
10309
10348
10310
10349
10311
10350
10312
10351
10313
10352
10314
10353
10315
10354
10316
10355
10317
10356
10318
10357
10319
10358
10320
10359
10321
10360
10322
10361
10323
10362
10324
10363
10325
10364
10326
10365
10327
10366
10328
10367
10329
10368
10369
12270
10331
10370
10332
10371
10333
10372
10334
10373
10335
10374
10336
10375
10337
10376
10338
10377
10339
10378
10340
10379
10341
10380
10342
10381
10343
10382
10344
10383
10345
10384
10346
10385
10347
10386
10348
10387
10349
10388
10350
10389
10351
10390
10352
10391
10353
10392
10354
10393
10355
10394
10356
10395
10357
10396
10358
10397
10359
10398
10360
10399
10361
10400
10362
10401
10363
10402
10364
10403
10365
10404
10366
10405
10367
10406
10368
10407
10369
10408
10409
12300
10371
10410
10372
10411
10373
10412
10374
10413
10375
10414
10376
10415
10377
10416
10378
10417
10379
10418
10380
10419
10381
10420
10382
10421
10383
10422
10384
10423
10385
10424
10386
10425
10387
10426
10388
10427
10389
10428
10390
10429
10391
10430
10392
10431
10393
10432
10394
10433
10395
10434
10396
10435
10397
10436
10398
10437
10399
10438
10400
10439
10401
10440
10402
10441
10403
10442
10404
10443
10405
10444
10406
10445
10407
10446
10408
10447
10409
10448
10449
12330
10411
10450
10412
10451
10413
10452
10414
10453
10415
10454
10416
10455
10417
10456
10418
10457
10419
10458
10420
10459
10421
10460
10422
10461
10423
10462
10424
10463
10425
10464
10426
10465
10427
10466
10428
10467
10429
10468
10430
10469
10431
10470
10432
10471
10433
10472
10434
10473
10435
10474
10436
10475
10437
10476
10438
10477
10439
10478
10440
10479
10441
10480
10442
10481
10443
10482
10444
10483
10445
10484
10446
10485
10447
10486
10448
10487
10449
10488
10489
12360
10451
10490
10452
10491
10453
10492
10454
10493
10455
10494
10456
10495
10457
10496
10458
10497
10459
10498
10460
10499
10461
10500
10462
10501
10463
10502
10464
10503
10465
10504
10466
10505
10467
10506
10468
10507
10469
10508
10470
10509
10471
10510
10472
10511
10473
10512
10474
10513
10475
10514
10476
10515
10477
10516
10478
10517
10479
10518
10480
10519
10481
10520
10482
10521
10483
10522
10484
10523
10485
10524
10486
10525
10487
10526
10488
10527
10489
10528
10529
12390
10491
10530
10492
10531
10493
10532
10494
10533
10495
10534
10496
10535
10497
10536
10498
10537
10499
10538
10500
10539
10501
10540
10502
10541
10503
10542
10504
10543
10505
10544
10506
10545
10507
10546
10508
10547
10509
10548
10510
10549
10511
10550
10512
10551
10513
10552
10514
10553
10515
10554
10516
10555
10517
10556
10518
10557
10519
10558
10520
10559
10521
10560
10522
10561
10523
10562
10524
10563
10525
10564
10526
10565
10527
10566
10528
10567
10529
10568
10569
12420
10531
10570
10532
10571
10533
10572
10534
10573
10535
10574
10536
10575
10537
10576
10538
10577
10539
10578
10540
10579
10541
10580
10542
10581
10543
10582
10544
10583
10545
10584
10546
10585
10547
10586
10548
10587
10549
10588
10550
10589
10551
10590
10552
10591
10553
10592
10554
10593
10555
10594
10556
10595
10557
10596
10558
10597
10559
10598
10560
10599
10561
10600
10562
10601
10563
10602
10564
10603
10565
10604
10566
10605
10567
10606
10568
10607
10569
10608
10609
12450
10571
10610
10572
10611
10573
10612
10574
10613
10575
10614
10576
10615
10577
10616
10578
10617
10579
10618
10580
10619
10581
10620
10582
10621
10583
10622
10584
10623
10585
10624
10586
10625
10587
10626
10588
10627
10589
10628
10590
10629
10591
10630
10592
10631
10593
10632
10594
10633
10595
10634
10596
10635
10597
10636
10598
10637
10599
10638
10600
10639
10601
10640
10602
10641
10603
10642
10604
10643
10605
10644
10606
10645
10607
10646
10608
10647
10609
10648
10649
12480
10611
10650
10612
10651
10613
10652
10614
10653
10615
10654
10616
10655
10617
10656
10618
10657
10619
10658
10620
10659
10621
10660
10622
10661
10623
10662
10624
10663
10625
10664
10626
10665
10627
10666
10628
10667
10629
10668
10630
10669
10631
10670
10632
10671
10633
10672
10634
10673
10635
10674
10636
10675
10637
10676
10638
10677
10639
10678
10640
10679
10641
10680
10642
10681
10643
10682
10644
10683
10645
10684
10646
10685
10647
10686
10648
10687
10649
10688
10689
11010
10651
10690
10652
10691
10653
10692
10654
10693
10655
10694
10656
10695
10657
10696
10658
10697
10659
10698
10660
10699
10661
10700
10662
10701
10663
10702
10664
10703
10665
10704
10666
10705
10667
10706
10668
10707
10669
10708
10670
10709
10671
10710
10672
10711
10673
10712
10674
10713
10675
10714
10676
10715
10677
10716
10678
10717
10679
10718
10680
10719
10681
10720
10682
10721
10683
10722
10684
10723
10685
10724
10686
10725
10687
10726
10688
10727
10689
10728
10729
11040
10691
10730
10692
10731
10693
10732
10694
10733
10695
10734
10696
10735
10697
10736
10698
10737
10699
10738
10700
10739
10701
10740
10702
10741
10703
10742
10704
10743
10705
10744
10706
10745
10707
10746
10708
10747
10709
10748
10710
10749
10711
10750
10712
10751
10713
10752
10714
10753
10715
10754
10716
10755
10717
10756
10718
10757
10719
10758
10720
10759
10721
10760
10722
10761
10723
10762
10724
10763
10725
10764
10726
10765
10727
10766
10728
10767
10729
10768
10769
11070
10731
10770
10732
10771
10733
10772
10734
10773
10735
10774
10736
10775
10737
10776
10738
10777
10739
10778
10740
10779
10741
10780
10742
10781
10743
10782
10744
10783
10745
10784
10746
10785
10747
10786
10748
10787
10749
10788
10750
10789
10751
10790
10752
10791
10753
10792
10754
10793
10755
10794
10756
10795
10757
10796
10758
10797
10759
10798
10760
10799
10761
10800
10762
10801
10763
10802
10764
10803
10765
10804
10766
10805
10767
10806
10768
10807
10769
10808
10809
11100
10771
10810
10772
10811
10773
10812
10774
10813
10775
10814
10776
10815
10777
10816
10778
10817
10779
10818
10780
10819
10781
10820
10782
10821
10783
10822
10784
10823
10785
10824
10786
10825
10787
10826
10788
10827
10789
10828
10790
10829
10791
10830
10792
10831
10793
10832
10794
10833
10795
10834
10796
10835
10797
10836
10798
10837
10799
10838
10800
10839
10801
10840
10802
10841
10803
10842
10804
10843
10805
10844
10806
10845
10807
10846
10808
10847
10809
10848
10849
11130
10811
10850
10812
10851
10813
10852
10814
10853
10815
10854
10816
10855
10817
10856
10818
10857
10819
10858
10820
10859
10821
10860
10822
10861
10823
10862
10824
10863
10825
10864
10826
10865
10827
10866
10828
10867
10829
10868
10830
10869
10831
10870
10832
10871
10833
10872
10834
10873
10835
10874
10836
10875
10837
10876
10838
10877
10839
10878
10840
10879
10841
10880
10842
10881
10843
10882
10844
10883
10845
10884
10846
10885
10847
10886
10848
10887
10849
10888
10889
11160
10851
10890
10852
10891
10853
10892
10854
10893
10855
10894
10856
10895
10857
10896
10858
10897
10859
10898
10860
10899
10861
10900
10862
10901
10863
10902
10864
10903
10865
10904
10866
10905
10867
10906
10868
10907
10869
10908
10870
10909
10871
10910
10872
10911
10873
10912
10874
10913
10875
10914
10876
10915
10877
10916
10878
10917
10879
10918
10880
10919
10881
10920
10882
10921
10883
10922
10884
10923
10885
10924
10886
10925
10887
10926
10888
10927
10889
10928
10929
11190
10891
10930
10892
10931
10893
10932
10894
10933
10895
10934
10896
10935
10897
10936
10898
10937
10899
10938
10900
10939
10901
10940
10902
10941
10903
10942
10904
10943
10905
10944
10906
10945
10907
10946
10908
10947
10909
10948
10910
10949
10911
10950
10912
10951
10913
10952
10914
10953
10915
10954
10916
10955
10917
10956
10918
10957
10919
10958
10920
10959
10921
10960
10922
10961
10923
10962
10924
10963
10925
10964
10926
10965
10927
10966
10928
10967
10929
10968
10969
11220
10931
10970
10932
10971
10933
10972
10934
10973
10935
10974
10936
10975
10937
10976
10938
10977
10939
10978
10940
10979
10941
10980
10942
10981
10943
10982
10944
10983
10945
10984
10946
10985
10947
10986
10948
10987
10949
10988
10950
10989
10951
10990
10952
10991
10953
10992
10954
10993
10955
10994
10956
10995
10957
10996
10958
10997
10959
10998
10960
10999
10961
11000
10962
11001
10963
11002
10964
11003
10965
11004
10966
11005
10967
11006
10968
11007
10969
11008
11009
11250
10971
10972
10973
10974
10975
10976
10977
10978
10979
10980
10981
10982
10983
10984
10985
10986
10987
10988
10989
10990
10991
10992
10993
10994
10995
10996
10997
10998
10999
11000
11001
11002
11003
11004
11005
11006
11007
11008
11009
11280
11011
11040
12480
11012
11041
12481
11013
11042
12482
11014
11043
12483
11015
11044
12484
11016
11045
12485
11017
11046
12486
11018
11047
12487
11019
11048
12488
11020
11049
12489
11021
11050
12490
11022
11051
12491
11023
11052
12492
11024
11053
12493
11025
11054
12494
11026
11055
12495
11027
11056
12496
11028
11057
12497
11029
11058
12498
11030
11059
12499
11031
11060
12500
11032
11061
12501
11033
11062
12502
11034
11063
12503
11035
11064
12504
11036
11065
12505
11037
11066
12506
11038
11067
12507
11039
11068
12508
11069
12509
11041
11070
11042
11071
11043
11072
11044
11073
11045
11074
11046
11075
11047
11076
11048
11077
11049
11078
11050
11079
11051
11080
11052
11081
11053
11082
11054
11083
11055
11084
11056
11085
11057
11086
11058
11087
11059
11088
11060
11089
11061
11090
11062
11091
11063
11092
11064
11093
11065
11094
11066
11095
11067
11096
11068
11097
11069
11098
11099
11071
11100
11072
11101
11073
11102
11074
11103
11075
11104
11076
11105
11077
11106
11078
11107
11079
11108
11080
11109
11081
11110
11082
11111
11083
11112
11084
11113
11085
11114
11086
11115
11087
11116
11088
11117
11089
11118
11090
11119
11091
11120
11092
11121
11093
11122
11094
11123
11095
11124
11096
11125
11097
11126
11098
11127
11099
11128
11129
11101
11130
11102
11131
11103
11132
11104
11133
11105
11134
11106
11135
11107
11136
11108
11137
11109
11138
11110
11139
11111
11140
11112
11141
11113
11142
11114
11143
11115
11144
11116
11145
11117
11146
11118
11147
11119
11148
11120
11149
11121
11150
11122
11151
11123
11152
11124
11153
11125
11154
11126
11155
11127
11156
11128
11157
11129
11158
11159
11131
11160
11132
11161
11133
11162
11134
11163
11135
11164
11136
11165
11137
11166
11138
11167
11139
11168
11140
11169
11141
11170
11142
11171
11143
11172
11144
11173
11145
11174
11146
11175
11147
11176
11148
11177
11149
11178
11150
11179
11151
11180
11152
11181
11153
11182
11154
11183
11155
11184
11156
11185
11157
11186
11158
11187
11159
11188
11189
11161
11190
11162
11191
11163
11192
11164
11193
11165
11194
11166
11195
11167
11196
11168
11197
11169
11198
11170
11199
11171
11200
11172
11201
11173
11202
11174
11203
11175
11204
11176
11205
11177
11206
11178
11207
11179
11208
11180
11209
11181
11210
11182
11211
11183
11212
11184
11213
11185
11214
11186
11215
11187
11216
11188
11217
11189
11218
11219
11191
11220
11192
11221
11193
11222
11194
11223
11195
11224
11196
11225
11197
11226
11198
11227
11199
11228
11200
11229
11201
11230
11202
11231
11203
11232
11204
11233
11205
11234
11206
11235
11207
11236
11208
11237
11209
11238
11210
11239
11211
11240
11212
11241
11213
11242
11214
11243
11215
11244
11216
11245
11217
11246
11218
11247
11219
11248
11249
11221
11250
11222
11251
11223
11252
11224
11253
11225
11254
11226
11255
11227
11256
11228
11257
11229
11258
11230
11259
11231
11260
11232
11261
11233
11262
11234
11263
11235
11264
11236
11265
11237
11266
11238
11267
11239
11268
11240
11269
11241
11270
11242
11271
11243
11272
11244
11273
11245
11274
11246
11275
11247
11276
11248
11277
11249
11278
11279
11251
11280
11252
11281
11253
11282
11254
11283
11255
11284
11256
11285
11257
11286
11258
11287
11259
11288
11260
11289
11261
11290
11262
11291
11263
11292
11264
11293
11265
11294
11266
11295
11267
11296
11268
11297
11269
11298
11270
11299
11271
11300
11272
11301
11273
11302
11274
11303
11275
11304
11276
11305
11277
11306
11278
11307
11279
11308
11309
11281
11282
11283
11284
11285
11286
11287
11288
11289
11290
11291
11292
11293
11294
11295
11296
11297
11298
11299
11300
11301
11302
11303
11304
11305
11306
11307
11308
11309
11311
11340
11312
11341
11313
11342
11314
11343
11315
11344
11316
11345
11317
11346
11318
11347
11319
11348
11320
11349
11321
11350
11322
11351
11323
11352
11324
11353
11325
11354
11326
11355
11327
11356
11328
11357
11329
11358
11330
11359
11331
11360
11332
11361
11333
11362
11334
11363
11335
11364
11336
11365
11337
11366
11338
11367
11339
11368
11369
11341
11370
11342
11371
11343
11372
11344
11373
11345
11374
11346
11375
11347
11376
11348
11377
11349
11378
11350
11379
11351
11380
11352
11381
11353
11382
11354
11383
11355
11384
11356
11385
11357
11386
11358
11387
11359
11388
11360
11389
11361
11390
11362
11391
11363
11392
11364
11393
11365
11394
11366
11395
11367
11396
11368
11397
11369
11398
11399
11371
11400
11372
11401
11373
11402
11374
11403
11375
11404
11376
11405
11377
11406
11378
11407
11379
11408
11380
11409
11381
11410
11382
11411
11383
11412
11384
11413
11385
11414
11386
11415
11387
11416
11388
11417
11389
11418
11390
11419
11391
11420
11392
11421
11393
11422
11394
11423
11395
11424
11396
11425
11397
11426
11398
11427
11399
11428
11429
11401
11430
11402
11431
11403
11432
11404
11433
11405
11434
11406
11435
11407
11436
11408
11437
11409
11438
11410
11439
11411
11440
11412
11441
11413
11442
11414
11443
11415
11444
11416
11445
11417
11446
11418
11447
11419
11448
11420
11449
11421
11450
11422
11451
11423
11452
11424
11453
11425
11454
11426
11455
11427
11456
11428
11457
11429
11458
11459
11431
11460
11432
11461
11433
11462
11434
11463
11435
11464
11436
11465
11437
11466
11438
11467
11439
11468
11440
11469
11441
11470
11442
11471
11443
11472
11444
11473
11445
11474
11446
11475
11447
11476
11448
11477
11449
11478
11450
11479
11451
11480
11452
11481
11453
11482
11454
11483
11455
11484
11456
11485
11457
11486
11458
11487
11459
11488
11489
11461
11490
11462
11491
11463
11492
11464
11493
11465
11494
11466
11495
11467
11496
11468
11497
11469
11498
11470
11499
11471
11500
11472
11501
11473
11502
11474
11503
11475
11504
11476
11505
11477
11506
11478
11507
11479
11508
11480
11509
11481
11510
11482
11511
11483
11512
11484
11513
11485
11514
11486
11515
11487
11516
11488
11517
11489
11518
11519
11491
11520
11492
11521
11493
11522
11494
11523
11495
11524
11496
11525
11497
11526
11498
11527
11499
11528
11500
11529
11501
11530
11502
11531
11503
11532
11504
11533
11505
11534
11506
11535
11507
11536
11508
11537
11509
11538
11510
11539
11511
11540
11512
11541
11513
11542
11514
11543
11515
11544
11516
11545
11517
11546
11518
11547
11519
11548
11549
11521
11550
11522
11551
11523
11552
11524
11553
11525
11554
11526
11555
11527
11556
11528
11557
11529
11558
11530
11559
11531
11560
11532
11561
11533
11562
11534
11563
11535
11564
11536
11565
11537
11566
11538
11567
11539
11568
11540
11569
11541
11570
11542
11571
11543
11572
11544
11573
11545
11574
11546
11575
11547
11576
11548
11577
11549
11578
11579
11551
11580
11552
11581
11553
11582
11554
11583
11555
11584
11556
11585
11557
11586
11558
11587
11559
11588
11560
11589
11561
11590
11562
11591
11563
11592
11564
11593
11565
11594
11566
11595
11567
11596
11568
11597
11569
11598
11570
11599
11571
11600
11572
11601
11573
11602
11574
11603
11575
11604
11576
11605
11577
11606
11578
11607
11579
11608
11609
11581
11610
11582
11611
11583
11612
11584
11613
11585
11614
11586
11615
11587
11616
11588
11617
11589
11618
11590
11619
11591
11620
11592
11621
11593
11622
11594
11623
11595
11624
11596
11625
11597
11626
11598
11627
11599
11628
11600
11629
11601
11630
11602
11631
11603
11632
11604
11633
11605
11634
11606
11635
11607
11636
11608
11637
11609
11638
11639
11611
11640
11612
11641
11613
11642
11614
11643
11615
11644
11616
11645
11617
11646
11618
11647
11619
11648
11620
11649
11621
11650
11622
11651
11623
11652
11624
11653
11625
11654
11626
11655
11627
11656
11628
11657
11629
11658
11630
11659
11631
11660
11632
11661
11633
11662
11634
11663
11635
11664
11636
11665
11637
11666
11638
11667
11639
11668
11669
11641
11670
11642
11671
11643
11672
11644
11673
11645
11674
11646
11675
11647
11676
11648
11677
11649
11678
11650
11679
11651
11680
11652
11681
11653
11682
11654
11683
11655
11684
11656
11685
11657
11686
11658
11687
11659
11688
11660
11689
11661
11690
11662
11691
11663
11692
11664
11693
11665
11694
11666
11695
11667
11696
11668
11697
11669
11698
11699
11671
11700
11672
11701
11673
11702
11674
11703
11675
11704
11676
11705
11677
11706
11678
11707
11679
11708
11680
11709
11681
11710
11682
11711
11683
11712
11684
11713
11685
11714
11686
11715
11687
11716
11688
11717
11689
11718
11690
11719
11691
11720
11692
11721
11693
11722
11694
11723
11695
11724
11696
11725
11697
11726
11698
11727
11699
11728
11729
11701
11730
11702
11731
11703
11732
11704
11733
11705
11734
11706
11735
11707
11736
11708
11737
11709
11738
11710
11739
11711
11740
11712
11741
11713
11742
11714
11743
11715
11744
11716
11745
11717
11746
11718
11747
11719
11748
11720
11749
11721
11750
11722
11751
11723
11752
11724
11753
11725
11754
11726
11755
11727
11756
11728
11757
11729
11758
11759
11731
11760
11732
11761
11733
11762
11734
11763
11735
11764
11736
11765
11737
11766
11738
11767
11739
11768
11740
11769
11741
11770
11742
11771
11743
11772
11744
11773
11745
11774
11746
11775
11747
11776
11748
11777
11749
11778
11750
11779
11751
11780
11752
11781
11753
11782
11754
11783
11755
11784
11756
11785
11757
11786
11758
11787
11759
11788
11789
11761
11790
11762
11791
11763
11792
11764
11793
11765
11794
11766
11795
11767
11796
11768
11797
11769
11798
11770
11799
11771
11800
11772
11801
11773
11802
11774
11803
11775
11804
11776
11805
11777
11806
11778
11807
11779
11808
11780
11809
11781
11810
11782
11811
11783
11812
11784
11813
11785
11814
11786
11815
11787
11816
11788
11817
11789
11818
11819
11791
11820
11792
11821
11793
11822
11794
11823
11795
11824
11796
11825
11797
11826
11798
11827
11799
11828
11800
11829
11801
11830
11802
11831
11803
11832
11804
11833
11805
11834
11806
11835
11807
11836
11808
11837
11809
11838
11810
11839
11811
11840
11812
11841
11813
11842
11814
11843
11815
11844
11816
11845
11817
11846
11818
11847
11819
11848
11849
11821
11850
11822
11851
11823
11852
11824
11853
11825
11854
11826
11855
11827
11856
11828
11857
11829
11858
11830
11859
11831
11860
11832
11861
11833
11862
11834
11863
11835
11864
11836
11865
11837
11866
11838
11867
11839
11868
11840
11869
11841
11870
11842
11871
11843
11872
11844
11873
11845
11874
11846
11875
11847
11876
11848
11877
11849
11878
11879
11851
11880
11852
11881
11853
11882
11854
11883
11855
11884
11856
11885
11857
11886
11858
11887
11859
11888
11860
11889
11861
11890
11862
11891
11863
11892
11864
11893
11865
11894
11866
11895
11867
11896
11868
11897
11869
11898
11870
11899
11871
11900
11872
11901
11873
11902
11874
11903
11875
11904
11876
11905
11877
11906
11878
11907
11879
11908
11909
11881
11910
11882
11911
11883
11912
11884
11913
11885
11914
11886
11915
11887
11916
11888
11917
11889
11918
11890
11919
11891
11920
11892
11921
11893
11922
11894
11923
11895
11924
11896
11925
11897
11926
11898
11927
11899
11928
11900
11929
11901
11930
11902
11931
11903
11932
11904
11933
11905
11934
11906
11935
11907
11936
11908
11937
11909
11938
11939
11911
11940
11912
11941
11913
11942
11914
11943
11915
11944
11916
11945
11917
11946
11918
11947
11919
11948
11920
11949
11921
11950
11922
11951
11923
11952
11924
11953
11925
11954
11926
11955
11927
11956
11928
11957
11929
11958
11930
11959
11931
11960
11932
11961
11933
11962
11934
11963
11935
11964
11936
11965
11937
11966
11938
11967
11939
11968
11969
11941
11970
11942
11971
11943
11972
11944
11973
11945
11974
11946
11975
11947
11976
11948
11977
11949
11978
11950
11979
11951
11980
11952
11981
11953
11982
11954
11983
11955
11984
11956
11985
11957
11986
11958
11987
11959
11988
11960
11989
11961
11990
11962
11991
11963
11992
11964
11993
11965
11994
11966
11995
11967
11996
11968
11997
11969
11998
11999
11971
12000
11972
12001
11973
12002
11974
12003
11975
12004
11976
12005
11977
12006
11978
12007
11979
12008
11980
12009
11981
12010
11982
12011
11983
12012
11984
12013
11985
12014
11986
12015
11987
12016
11988
12017
11989
12018
11990
12019
11991
12020
11992
12021
11993
12022
11994
12023
11995
12024
11996
12025
11997
12026
11998
12027
11999
12028
12029
12001
12030
12002
12031
12003
12032
12004
12033
12005
12034
12006
12035
12007
12036
12008
12037
12009
12038
12010
12039
12011
12040
12012
12041
12013
12042
12014
12043
12015
12044
12016
12045
12017
12046
12018
12047
12019
12048
12020
12049
12021
12050
12022
12051
12023
12052
12024
12053
12025
12054
12026
12055
12027
12056
12028
12057
12029
12058
12059
12031
12060
12032
12061
12033
12062
12034
12063
12035
12064
12036
12065
12037
12066
12038
12067
12039
12068
12040
12069
12041
12070
12042
12071
12043
12072
12044
12073
12045
12074
12046
12075
12047
12076
12048
12077
12049
12078
12050
12079
12051
12080
12052
12081
12053
12082
12054
12083
12055
12084
12056
12085
12057
12086
12058
12087
12059
12088
12089
12061
12090
12062
12091
12063
12092
12064
12093
12065
12094
12066
12095
12067
12096
12068
12097
12069
12098
12070
12099
12071
12100
12072
12101
12073
12102
12074
12103
12075
12104
12076
12105
12077
12106
12078
12107
12079
12108
12080
12109
12081
12110
12082
12111
12083
12112
12084
12113
12085
12114
12086
12115
12087
12116
12088
12117
12089
12118
12119
12091
12120
12092
12121
12093
12122
12094
12123
12095
12124
12096
12125
12097
12126
12098
12127
12099
12128
12100
12129
12101
12130
12102
12131
12103
12132
12104
12133
12105
12134
12106
12135
12107
12136
12108
12137
12109
12138
12110
12139
12111
12140
12112
12141
12113
12142
12114
12143
12115
12144
12116
12145
12117
12146
12118
12147
12119
12148
12149
12121
12150
12122
12151
12123
12152
12124
12153
12125
12154
12126
12155
12127
12156
12128
12157
12129
12158
12130
12159
12131
12160
12132
12161
12133
12162
12134
12163
12135
12164
12136
12165
12137
12166
12138
12167
12139
12168
12140
12169
12141
12170
12142
12171
12143
12172
12144
12173
12145
12174
12146
12175
12147
12176
12148
12177
12149
12178
12179
12151
12180
12152
12181
12153
12182
12154
12183
12155
12184
12156
12185
12157
12186
12158
12187
12159
12188
12160
12189
12161
12190
12162
12191
12163
12192
12164
12193
12165
12194
12166
12195
12167
12196
12168
12197
12169
12198
12170
12199
12171
12200
12172
12201
12173
12202
12174
12203
12175
12204
12176
12205
12177
12206
12178
12207
12179
12208
12209
12181
12210
12182
12211
12183
12212
12184
12213
12185
12214
12186
12215
12187
12216
12188
12217
12189
12218
12190
12219
12191
12220
12192
12221
12193
12222
12194
12223
12195
12224
12196
12225
12197
12226
12198
12227
12199
12228
12200
12229
12201
12230
12202
12231
12203
12232
12204
12233
12205
12234
12206
12235
12207
12236
12208
12237
12209
12238
12239
12211
12240
12212
12241
12213
12242
12214
12243
12215
12244
12216
12245
12217
12246
12218
12247
12219
12248
12220
12249
12221
12250
12222
12251
12223
12252
12224
12253
12225
12254
12226
12255
12227
12256
12228
12257
12229
12258
12230
12259
12231
12260
12232
12261
12233
12262
12234
12263
12235
12264
12236
12265
12237
12266
12238
12267
12239
12268
12269
12241
12270
12242
12271
12243
12272
12244
12273
12245
12274
12246
12275
12247
12276
12248
12277
12249
12278
12250
12279
12251
12280
12252
12281
12253
12282
12254
12283
12255
12284
12256
12285
12257
12286
12258
12287
12259
12288
12260
12289
12261
12290
12262
12291
12263
12292
12264
12293
12265
12294
12266
12295
12267
12296
12268
12297
12269
12298
12299
12271
12300
12272
12301
12273
12302
12274
12303
12275
12304
12276
12305
12277
12306
12278
12307
12279
12308
12280
12309
12281
12310
12282
12311
12283
12312
12284
12313
12285
12314
12286
12315
12287
12316
12288
12317
12289
12318
12290
12319
12291
12320
12292
12321
12293
12322
12294
12323
12295
12324
12296
12325
12297
12326
12298
12327
12299
12328
12329
12301
12330
12302
12331
12303
12332
12304
12333
12305
12334
12306
12335
12307
12336
12308
12337
12309
12338
12310
12339
12311
12340
12312
12341
12313
12342
12314
12343
12315
12344
12316
12345
12317
12346
12318
12347
12319
12348
12320
12349
12321
12350
12322
12351
12323
12352
12324
12353
12325
12354
12326
12355
12327
12356
12328
12357
12329
12358
12359
12331
12360
12332
12361
12333
12362
12334
12363
12335
12364
12336
12365
12337
12366
12338
12367
12339
12368
12340
12369
12341
12370
12342
12371
12343
12372
12344
12373
12345
12374
12346
12375
12347
12376
12348
12377
12349
12378
12350
12379
12351
12380
12352
12381
12353
12382
12354
12383
12355
12384
12356
12385
12357
12386
12358
12387
12359
12388
12389
12361
12390
12362
12391
12363
12392
12364
12393
12365
12394
12366
12395
12367
12396
12368
12397
12369
12398
12370
12399
12371
12400
12372
12401
12373
12402
12374
12403
12375
12404
12376
12405
12377
12406
12378
12407
12379
12408
12380
12409
12381
12410
12382
12411
12383
12412
12384
12413
12385
12414
12386
12415
12387
12416
12388
12417
12389
12418
12419
12391
12420
12392
12421
12393
12422
12394
12423
12395
12424
12396
12425
12397
12426
12398
12427
12399
12428
12400
12429
12401
12430
12402
12431
12403
12432
12404
12433
12405
12434
12406
12435
12407
12436
12408
12437
12409
12438
12410
12439
12411
12440
12412
12441
12413
12442
12414
12443
12415
12444
12416
12445
12417
12446
12418
12447
12419
12448
12449
12421
12450
12422
12451
12423
12452
12424
12453
12425
12454
12426
12455
12427
12456
12428
12457
12429
12458
12430
12459
12431
12460
12432
12461
12433
12462
12434
12463
12435
12464
12436
12465
12437
12466
12438
12467
12439
12468
12440
12469
12441
12470
12442
12471
12443
12472
12444
12473
12445
12474
12446
12475
12447
12476
12448
12477
12449
12478
12479
12451
12480
12452
12481
12453
12482
12454
12483
12455
12484
12456
12485
12457
12486
12458
12487
12459
12488
12460
12489
12461
12490
12462
12491
12463
12492
12464
12493
12465
12494
12466
12495
12467
12496
12468
12497
12469
12498
12470
12499
12471
12500
12472
12501
12473
12502
12474
12503
12475
12504
12476
12505
12477
12506
12478
12507
12479
12508
12509
12481
12482
12483
12484
12485
12486
12487
12488
12489
12490
12491
12492
12493
12494
12495
12496
12497
12498
12499
12500
12501
12502
12503
12504
12505
12506
12507
12508
12509
)


// ************************************************************************* //
