/*--------------------------------*- C++ -*----------------------------------*\
| =========                 |                                                 |
| \\      /  F ield         | OpenFOAM: The Open Source CFD Toolbox           |
|  \\    /   O peration     | Version:  2512                                  |
|   \\  /    A nd           | Website:  www.openfoam.com                      |
|    \\/     M anipulation  |                                                 |
\*---------------------------------------------------------------------------*/
FoamFile
{
    version     2.0;
    format      ascii;
    arch        "LSB;label=32;scalar=64";
    class       vectorField;
    location    "constant/polyMesh";
    object      points;
}
// * * * * * * * * * * * * * * * * * * * * * * * * * * * * * * * * * * * * * //


25704
(
(0 0 -0.5)
(0.0114490780216 0 -0.5)
(0.0226989997904 0 -0.5)
(0.0337532296213 0 -0.5)
(0.0446151715679 0 -0.5)
(0.0552881704701 0 -0.5)
(0.0657755129847 0 -0.5)
(0.0760804285969 0 -0.5)
(0.0862060906156 0 -0.5)
(0.0961556171497 0 -0.5)
(0.105932072069 0 -0.5)
(0.115538465947 0 -0.5)
(0.124977756989 0 -0.5)
(0.134252851942 0 -0.5)
(0.143366606991 0 -0.5)
(0.152321828636 0 -0.5)
(0.16112127456 0 -0.5)
(0.169767654475 0 -0.5)
(0.178263630958 0 -0.5)
(0.186611820272 0 -0.5)
(0.194814793167 0 -0.5)
(0.202875075678 0 -0.5)
(0.210795149898 0 -0.5)
(0.218577454744 0 -0.5)
(0.226224386711 0 -0.5)
(0.233738300602 0 -0.5)
(0.241121510263 0 -0.5)
(0.248376289287 0 -0.5)
(0.255504871722 0 -0.5)
(0.262509452752 0 -0.5)
(0.269392189375 0 -0.5)
(0.276155201071 0 -0.5)
(0.28280057045 0 -0.5)
(0.289330343895 0 -0.5)
(0.295746532193 0 -0.5)
(0.302051111153 0 -0.5)
(0.308246022215 0 -0.5)
(0.314333173048 0 -0.5)
(0.320314438136 0 -0.5)
(0.326191659358 0 -0.5)
(0.331966646552 0 -0.5)
(0.337641178076 0 -0.5)
(0.343217001352 0 -0.5)
(0.348695833406 0 -0.5)
(0.354079361396 0 -0.5)
(0.359369243132 0 -0.5)
(0.364567107588 0 -0.5)
(0.3696745554 0 -0.5)
(0.374693159363 0 -0.5)
(0.379624464911 0 -0.5)
(0.384469990597 0 -0.5)
(0.389231228557 0 -0.5)
(0.393909644975 0 -0.5)
(0.398506680527 0 -0.5)
(0.403023750829 0 -0.5)
(0.407462246876 0 -0.5)
(0.411823535461 0 -0.5)
(0.416108959606 0 -0.5)
(0.420319838971 0 -0.5)
(0.424457470258 0 -0.5)
(0.428523127614 0 -0.5)
(0.432518063024 0 -0.5)
(0.436443506693 0 -0.5)
(0.440300667427 0 -0.5)
(0.444090733004 0 -0.5)
(0.447814870543 0 -0.5)
(0.451474226859 0 -0.5)
(0.455069928818 0 -0.5)
(0.458603083686 0 -0.5)
(0.462074779467 0 -0.5)
(0.465486085239 0 -0.5)
(0.468838051484 0 -0.5)
(0.472131710411 0 -0.5)
(0.475368076273 0 -0.5)
(0.478548145681 0 -0.5)
(0.481672897908 0 -0.5)
(0.484743295197 0 -0.5)
(0.487760283047 0 -0.5)
(0.490724790515 0 -0.5)
(0.493637730495 0 -0.5)
(0.4965 0 -0.5)
(0 0.00222517499515 -0.5)
(0.0114490780216 0.00222517499515 -0.5)
(0.0226989997904 0.00222517499515 -0.5)
(0.0337532296213 0.00222517499515 -0.5)
(0.0446151715679 0.00222517499515 -0.5)
(0.0552881704701 0.00222517499515 -0.5)
(0.0657755129847 0.00222517499515 -0.5)
(0.0760804285969 0.00222517499515 -0.5)
(0.0862060906156 0.00222517499515 -0.5)
(0.0961556171497 0.00222517499515 -0.5)
(0.105932072069 0.00222517499515 -0.5)
(0.115538465947 0.00222517499515 -0.5)
(0.124977756989 0.00222517499515 -0.5)
(0.134252851942 0.00222517499515 -0.5)
(0.143366606991 0.00222517499515 -0.5)
(0.152321828636 0.00222517499515 -0.5)
(0.16112127456 0.00222517499515 -0.5)
(0.169767654475 0.00222517499515 -0.5)
(0.178263630958 0.00222517499515 -0.5)
(0.186611820272 0.00222517499515 -0.5)
(0.194814793167 0.00222517499515 -0.5)
(0.202875075678 0.00222517499515 -0.5)
(0.210795149898 0.00222517499515 -0.5)
(0.218577454744 0.00222517499515 -0.5)
(0.226224386711 0.00222517499515 -0.5)
(0.233738300602 0.00222517499515 -0.5)
(0.241121510263 0.00222517499515 -0.5)
(0.248376289287 0.00222517499515 -0.5)
(0.255504871722 0.00222517499515 -0.5)
(0.262509452752 0.00222517499515 -0.5)
(0.269392189375 0.00222517499515 -0.5)
(0.276155201071 0.00222517499515 -0.5)
(0.28280057045 0.00222517499515 -0.5)
(0.289330343895 0.00222517499515 -0.5)
(0.295746532193 0.00222517499515 -0.5)
(0.302051111153 0.00222517499515 -0.5)
(0.308246022215 0.00222517499515 -0.5)
(0.314333173048 0.00222517499515 -0.5)
(0.320314438136 0.00222517499515 -0.5)
(0.326191659358 0.00222517499515 -0.5)
(0.331966646552 0.00222517499515 -0.5)
(0.337641178076 0.00222517499515 -0.5)
(0.343217001352 0.00222517499515 -0.5)
(0.348695833406 0.00222517499515 -0.5)
(0.354079361396 0.00222517499515 -0.5)
(0.359369243132 0.00222517499515 -0.5)
(0.364567107588 0.00222517499515 -0.5)
(0.3696745554 0.00222517499515 -0.5)
(0.374693159363 0.00222517499515 -0.5)
(0.379624464911 0.00222517499515 -0.5)
(0.384469990597 0.00222517499515 -0.5)
(0.389231228557 0.00222517499515 -0.5)
(0.393909644975 0.00222517499515 -0.5)
(0.398506680527 0.00222517499515 -0.5)
(0.403023750829 0.00222517499515 -0.5)
(0.407462246876 0.00222517499515 -0.5)
(0.411823535461 0.00222517499515 -0.5)
(0.416108959606 0.00222517499515 -0.5)
(0.420319838971 0.00222517499515 -0.5)
(0.424457470258 0.00222517499515 -0.5)
(0.428523127614 0.00222517499515 -0.5)
(0.432518063024 0.00222517499515 -0.5)
(0.436443506693 0.00222517499515 -0.5)
(0.440300667427 0.00222517499515 -0.5)
(0.444090733004 0.00222517499515 -0.5)
(0.447814870543 0.00222517499515 -0.5)
(0.451474226859 0.00222517499515 -0.5)
(0.455069928818 0.00222517499515 -0.5)
(0.458603083686 0.00222517499515 -0.5)
(0.462074779467 0.00222517499515 -0.5)
(0.465486085239 0.00222517499515 -0.5)
(0.468838051484 0.00222517499515 -0.5)
(0.472131710411 0.00222517499515 -0.5)
(0.475368076273 0.00222517499515 -0.5)
(0.478548145681 0.00222517499515 -0.5)
(0.481672897908 0.00222517499515 -0.5)
(0.484743295197 0.00222517499515 -0.5)
(0.487760283047 0.00222517499515 -0.5)
(0.490724790515 0.00222517499515 -0.5)
(0.493637730495 0.00222517499515 -0.5)
(0.4965 0.00222517499515 -0.5)
(0 0.00455496494335 -0.5)
(0.0114490780216 0.00455496494335 -0.5)
(0.0226989997904 0.00455496494335 -0.5)
(0.0337532296213 0.00455496494335 -0.5)
(0.0446151715679 0.00455496494335 -0.5)
(0.0552881704701 0.00455496494335 -0.5)
(0.0657755129847 0.00455496494335 -0.5)
(0.0760804285969 0.00455496494335 -0.5)
(0.0862060906156 0.00455496494335 -0.5)
(0.0961556171497 0.00455496494335 -0.5)
(0.105932072069 0.00455496494335 -0.5)
(0.115538465947 0.00455496494335 -0.5)
(0.124977756989 0.00455496494335 -0.5)
(0.134252851942 0.00455496494335 -0.5)
(0.143366606991 0.00455496494335 -0.5)
(0.152321828636 0.00455496494335 -0.5)
(0.16112127456 0.00455496494335 -0.5)
(0.169767654475 0.00455496494335 -0.5)
(0.178263630958 0.00455496494335 -0.5)
(0.186611820272 0.00455496494335 -0.5)
(0.194814793167 0.00455496494335 -0.5)
(0.202875075678 0.00455496494335 -0.5)
(0.210795149898 0.00455496494335 -0.5)
(0.218577454744 0.00455496494335 -0.5)
(0.226224386711 0.00455496494335 -0.5)
(0.233738300602 0.00455496494335 -0.5)
(0.241121510263 0.00455496494335 -0.5)
(0.248376289287 0.00455496494335 -0.5)
(0.255504871722 0.00455496494335 -0.5)
(0.262509452752 0.00455496494335 -0.5)
(0.269392189375 0.00455496494335 -0.5)
(0.276155201071 0.00455496494335 -0.5)
(0.28280057045 0.00455496494335 -0.5)
(0.289330343895 0.00455496494335 -0.5)
(0.295746532193 0.00455496494335 -0.5)
(0.302051111153 0.00455496494335 -0.5)
(0.308246022215 0.00455496494335 -0.5)
(0.314333173048 0.00455496494335 -0.5)
(0.320314438136 0.00455496494335 -0.5)
(0.326191659358 0.00455496494335 -0.5)
(0.331966646552 0.00455496494335 -0.5)
(0.337641178076 0.00455496494335 -0.5)
(0.343217001352 0.00455496494335 -0.5)
(0.348695833406 0.00455496494335 -0.5)
(0.354079361396 0.00455496494335 -0.5)
(0.359369243132 0.00455496494335 -0.5)
(0.364567107588 0.00455496494335 -0.5)
(0.3696745554 0.00455496494335 -0.5)
(0.374693159363 0.00455496494335 -0.5)
(0.379624464911 0.00455496494335 -0.5)
(0.384469990597 0.00455496494335 -0.5)
(0.389231228557 0.00455496494335 -0.5)
(0.393909644975 0.00455496494335 -0.5)
(0.398506680527 0.00455496494335 -0.5)
(0.403023750829 0.00455496494335 -0.5)
(0.407462246876 0.00455496494335 -0.5)
(0.411823535461 0.00455496494335 -0.5)
(0.416108959606 0.00455496494335 -0.5)
(0.420319838971 0.00455496494335 -0.5)
(0.424457470258 0.00455496494335 -0.5)
(0.428523127614 0.00455496494335 -0.5)
(0.432518063024 0.00455496494335 -0.5)
(0.436443506693 0.00455496494335 -0.5)
(0.440300667427 0.00455496494335 -0.5)
(0.444090733004 0.00455496494335 -0.5)
(0.447814870543 0.00455496494335 -0.5)
(0.451474226859 0.00455496494335 -0.5)
(0.455069928818 0.00455496494335 -0.5)
(0.458603083686 0.00455496494335 -0.5)
(0.462074779467 0.00455496494335 -0.5)
(0.465486085239 0.00455496494335 -0.5)
(0.468838051484 0.00455496494335 -0.5)
(0.472131710411 0.00455496494335 -0.5)
(0.475368076273 0.00455496494335 -0.5)
(0.478548145681 0.00455496494335 -0.5)
(0.481672897908 0.00455496494335 -0.5)
(0.484743295197 0.00455496494335 -0.5)
(0.487760283047 0.00455496494335 -0.5)
(0.490724790515 0.00455496494335 -0.5)
(0.493637730495 0.00455496494335 -0.5)
(0.4965 0.00455496494335 -0.5)
(0 0.00699428823907 -0.5)
(0.0114490780216 0.00699428823907 -0.5)
(0.0226989997904 0.00699428823907 -0.5)
(0.0337532296213 0.00699428823907 -0.5)
(0.0446151715679 0.00699428823907 -0.5)
(0.0552881704701 0.00699428823907 -0.5)
(0.0657755129847 0.00699428823907 -0.5)
(0.0760804285969 0.00699428823907 -0.5)
(0.0862060906156 0.00699428823907 -0.5)
(0.0961556171497 0.00699428823907 -0.5)
(0.105932072069 0.00699428823907 -0.5)
(0.115538465947 0.00699428823907 -0.5)
(0.124977756989 0.00699428823907 -0.5)
(0.134252851942 0.00699428823907 -0.5)
(0.143366606991 0.00699428823907 -0.5)
(0.152321828636 0.00699428823907 -0.5)
(0.16112127456 0.00699428823907 -0.5)
(0.169767654475 0.00699428823907 -0.5)
(0.178263630958 0.00699428823907 -0.5)
(0.186611820272 0.00699428823907 -0.5)
(0.194814793167 0.00699428823907 -0.5)
(0.202875075678 0.00699428823907 -0.5)
(0.210795149898 0.00699428823907 -0.5)
(0.218577454744 0.00699428823907 -0.5)
(0.226224386711 0.00699428823907 -0.5)
(0.233738300602 0.00699428823907 -0.5)
(0.241121510263 0.00699428823907 -0.5)
(0.248376289287 0.00699428823907 -0.5)
(0.255504871722 0.00699428823907 -0.5)
(0.262509452752 0.00699428823907 -0.5)
(0.269392189375 0.00699428823907 -0.5)
(0.276155201071 0.00699428823907 -0.5)
(0.28280057045 0.00699428823907 -0.5)
(0.289330343895 0.00699428823907 -0.5)
(0.295746532193 0.00699428823907 -0.5)
(0.302051111153 0.00699428823907 -0.5)
(0.308246022215 0.00699428823907 -0.5)
(0.314333173048 0.00699428823907 -0.5)
(0.320314438136 0.00699428823907 -0.5)
(0.326191659358 0.00699428823907 -0.5)
(0.331966646552 0.00699428823907 -0.5)
(0.337641178076 0.00699428823907 -0.5)
(0.343217001352 0.00699428823907 -0.5)
(0.348695833406 0.00699428823907 -0.5)
(0.354079361396 0.00699428823907 -0.5)
(0.359369243132 0.00699428823907 -0.5)
(0.364567107588 0.00699428823907 -0.5)
(0.3696745554 0.00699428823907 -0.5)
(0.374693159363 0.00699428823907 -0.5)
(0.379624464911 0.00699428823907 -0.5)
(0.384469990597 0.00699428823907 -0.5)
(0.389231228557 0.00699428823907 -0.5)
(0.393909644975 0.00699428823907 -0.5)
(0.398506680527 0.00699428823907 -0.5)
(0.403023750829 0.00699428823907 -0.5)
(0.407462246876 0.00699428823907 -0.5)
(0.411823535461 0.00699428823907 -0.5)
(0.416108959606 0.00699428823907 -0.5)
(0.420319838971 0.00699428823907 -0.5)
(0.424457470258 0.00699428823907 -0.5)
(0.428523127614 0.00699428823907 -0.5)
(0.432518063024 0.00699428823907 -0.5)
(0.436443506693 0.00699428823907 -0.5)
(0.440300667427 0.00699428823907 -0.5)
(0.444090733004 0.00699428823907 -0.5)
(0.447814870543 0.00699428823907 -0.5)
(0.451474226859 0.00699428823907 -0.5)
(0.455069928818 0.00699428823907 -0.5)
(0.458603083686 0.00699428823907 -0.5)
(0.462074779467 0.00699428823907 -0.5)
(0.465486085239 0.00699428823907 -0.5)
(0.468838051484 0.00699428823907 -0.5)
(0.472131710411 0.00699428823907 -0.5)
(0.475368076273 0.00699428823907 -0.5)
(0.478548145681 0.00699428823907 -0.5)
(0.481672897908 0.00699428823907 -0.5)
(0.484743295197 0.00699428823907 -0.5)
(0.487760283047 0.00699428823907 -0.5)
(0.490724790515 0.00699428823907 -0.5)
(0.493637730495 0.00699428823907 -0.5)
(0.4965 0.00699428823907 -0.5)
(0 0.00954829451145 -0.5)
(0.0114490780216 0.00954829451145 -0.5)
(0.0226989997904 0.00954829451145 -0.5)
(0.0337532296213 0.00954829451145 -0.5)
(0.0446151715679 0.00954829451145 -0.5)
(0.0552881704701 0.00954829451145 -0.5)
(0.0657755129847 0.00954829451145 -0.5)
(0.0760804285969 0.00954829451145 -0.5)
(0.0862060906156 0.00954829451145 -0.5)
(0.0961556171497 0.00954829451145 -0.5)
(0.105932072069 0.00954829451145 -0.5)
(0.115538465947 0.00954829451145 -0.5)
(0.124977756989 0.00954829451145 -0.5)
(0.134252851942 0.00954829451145 -0.5)
(0.143366606991 0.00954829451145 -0.5)
(0.152321828636 0.00954829451145 -0.5)
(0.16112127456 0.00954829451145 -0.5)
(0.169767654475 0.00954829451145 -0.5)
(0.178263630958 0.00954829451145 -0.5)
(0.186611820272 0.00954829451145 -0.5)
(0.194814793167 0.00954829451145 -0.5)
(0.202875075678 0.00954829451145 -0.5)
(0.210795149898 0.00954829451145 -0.5)
(0.218577454744 0.00954829451145 -0.5)
(0.226224386711 0.00954829451145 -0.5)
(0.233738300602 0.00954829451145 -0.5)
(0.241121510263 0.00954829451145 -0.5)
(0.248376289287 0.00954829451145 -0.5)
(0.255504871722 0.00954829451145 -0.5)
(0.262509452752 0.00954829451145 -0.5)
(0.269392189375 0.00954829451145 -0.5)
(0.276155201071 0.00954829451145 -0.5)
(0.28280057045 0.00954829451145 -0.5)
(0.289330343895 0.00954829451145 -0.5)
(0.295746532193 0.00954829451145 -0.5)
(0.302051111153 0.00954829451145 -0.5)
(0.308246022215 0.00954829451145 -0.5)
(0.314333173048 0.00954829451145 -0.5)
(0.320314438136 0.00954829451145 -0.5)
(0.326191659358 0.00954829451145 -0.5)
(0.331966646552 0.00954829451145 -0.5)
(0.337641178076 0.00954829451145 -0.5)
(0.343217001352 0.00954829451145 -0.5)
(0.348695833406 0.00954829451145 -0.5)
(0.354079361396 0.00954829451145 -0.5)
(0.359369243132 0.00954829451145 -0.5)
(0.364567107588 0.00954829451145 -0.5)
(0.3696745554 0.00954829451145 -0.5)
(0.374693159363 0.00954829451145 -0.5)
(0.379624464911 0.00954829451145 -0.5)
(0.384469990597 0.00954829451145 -0.5)
(0.389231228557 0.00954829451145 -0.5)
(0.393909644975 0.00954829451145 -0.5)
(0.398506680527 0.00954829451145 -0.5)
(0.403023750829 0.00954829451145 -0.5)
(0.407462246876 0.00954829451145 -0.5)
(0.411823535461 0.00954829451145 -0.5)
(0.416108959606 0.00954829451145 -0.5)
(0.420319838971 0.00954829451145 -0.5)
(0.424457470258 0.00954829451145 -0.5)
(0.428523127614 0.00954829451145 -0.5)
(0.432518063024 0.00954829451145 -0.5)
(0.436443506693 0.00954829451145 -0.5)
(0.440300667427 0.00954829451145 -0.5)
(0.444090733004 0.00954829451145 -0.5)
(0.447814870543 0.00954829451145 -0.5)
(0.451474226859 0.00954829451145 -0.5)
(0.455069928818 0.00954829451145 -0.5)
(0.458603083686 0.00954829451145 -0.5)
(0.462074779467 0.00954829451145 -0.5)
(0.465486085239 0.00954829451145 -0.5)
(0.468838051484 0.00954829451145 -0.5)
(0.472131710411 0.00954829451145 -0.5)
(0.475368076273 0.00954829451145 -0.5)
(0.478548145681 0.00954829451145 -0.5)
(0.481672897908 0.00954829451145 -0.5)
(0.484743295197 0.00954829451145 -0.5)
(0.487760283047 0.00954829451145 -0.5)
(0.490724790515 0.00954829451145 -0.5)
(0.493637730495 0.00954829451145 -0.5)
(0.4965 0.00954829451145 -0.5)
(0 0.0122223754956 -0.5)
(0.0114490780216 0.0122223754956 -0.5)
(0.0226989997904 0.0122223754956 -0.5)
(0.0337532296213 0.0122223754956 -0.5)
(0.0446151715679 0.0122223754956 -0.5)
(0.0552881704701 0.0122223754956 -0.5)
(0.0657755129847 0.0122223754956 -0.5)
(0.0760804285969 0.0122223754956 -0.5)
(0.0862060906156 0.0122223754956 -0.5)
(0.0961556171497 0.0122223754956 -0.5)
(0.105932072069 0.0122223754956 -0.5)
(0.115538465947 0.0122223754956 -0.5)
(0.124977756989 0.0122223754956 -0.5)
(0.134252851942 0.0122223754956 -0.5)
(0.143366606991 0.0122223754956 -0.5)
(0.152321828636 0.0122223754956 -0.5)
(0.16112127456 0.0122223754956 -0.5)
(0.169767654475 0.0122223754956 -0.5)
(0.178263630958 0.0122223754956 -0.5)
(0.186611820272 0.0122223754956 -0.5)
(0.194814793167 0.0122223754956 -0.5)
(0.202875075678 0.0122223754956 -0.5)
(0.210795149898 0.0122223754956 -0.5)
(0.218577454744 0.0122223754956 -0.5)
(0.226224386711 0.0122223754956 -0.5)
(0.233738300602 0.0122223754956 -0.5)
(0.241121510263 0.0122223754956 -0.5)
(0.248376289287 0.0122223754956 -0.5)
(0.255504871722 0.0122223754956 -0.5)
(0.262509452752 0.0122223754956 -0.5)
(0.269392189375 0.0122223754956 -0.5)
(0.276155201071 0.0122223754956 -0.5)
(0.28280057045 0.0122223754956 -0.5)
(0.289330343895 0.0122223754956 -0.5)
(0.295746532193 0.0122223754956 -0.5)
(0.302051111153 0.0122223754956 -0.5)
(0.308246022215 0.0122223754956 -0.5)
(0.314333173048 0.0122223754956 -0.5)
(0.320314438136 0.0122223754956 -0.5)
(0.326191659358 0.0122223754956 -0.5)
(0.331966646552 0.0122223754956 -0.5)
(0.337641178076 0.0122223754956 -0.5)
(0.343217001352 0.0122223754956 -0.5)
(0.348695833406 0.0122223754956 -0.5)
(0.354079361396 0.0122223754956 -0.5)
(0.359369243132 0.0122223754956 -0.5)
(0.364567107588 0.0122223754956 -0.5)
(0.3696745554 0.0122223754956 -0.5)
(0.374693159363 0.0122223754956 -0.5)
(0.379624464911 0.0122223754956 -0.5)
(0.384469990597 0.0122223754956 -0.5)
(0.389231228557 0.0122223754956 -0.5)
(0.393909644975 0.0122223754956 -0.5)
(0.398506680527 0.0122223754956 -0.5)
(0.403023750829 0.0122223754956 -0.5)
(0.407462246876 0.0122223754956 -0.5)
(0.411823535461 0.0122223754956 -0.5)
(0.416108959606 0.0122223754956 -0.5)
(0.420319838971 0.0122223754956 -0.5)
(0.424457470258 0.0122223754956 -0.5)
(0.428523127614 0.0122223754956 -0.5)
(0.432518063024 0.0122223754956 -0.5)
(0.436443506693 0.0122223754956 -0.5)
(0.440300667427 0.0122223754956 -0.5)
(0.444090733004 0.0122223754956 -0.5)
(0.447814870543 0.0122223754956 -0.5)
(0.451474226859 0.0122223754956 -0.5)
(0.455069928818 0.0122223754956 -0.5)
(0.458603083686 0.0122223754956 -0.5)
(0.462074779467 0.0122223754956 -0.5)
(0.465486085239 0.0122223754956 -0.5)
(0.468838051484 0.0122223754956 -0.5)
(0.472131710411 0.0122223754956 -0.5)
(0.475368076273 0.0122223754956 -0.5)
(0.478548145681 0.0122223754956 -0.5)
(0.481672897908 0.0122223754956 -0.5)
(0.484743295197 0.0122223754956 -0.5)
(0.487760283047 0.0122223754956 -0.5)
(0.490724790515 0.0122223754956 -0.5)
(0.493637730495 0.0122223754956 -0.5)
(0.4965 0.0122223754956 -0.5)
(0 0.0150221764152 -0.5)
(0.0114490780216 0.0150221764152 -0.5)
(0.0226989997904 0.0150221764152 -0.5)
(0.0337532296213 0.0150221764152 -0.5)
(0.0446151715679 0.0150221764152 -0.5)
(0.0552881704701 0.0150221764152 -0.5)
(0.0657755129847 0.0150221764152 -0.5)
(0.0760804285969 0.0150221764152 -0.5)
(0.0862060906156 0.0150221764152 -0.5)
(0.0961556171497 0.0150221764152 -0.5)
(0.105932072069 0.0150221764152 -0.5)
(0.115538465947 0.0150221764152 -0.5)
(0.124977756989 0.0150221764152 -0.5)
(0.134252851942 0.0150221764152 -0.5)
(0.143366606991 0.0150221764152 -0.5)
(0.152321828636 0.0150221764152 -0.5)
(0.16112127456 0.0150221764152 -0.5)
(0.169767654475 0.0150221764152 -0.5)
(0.178263630958 0.0150221764152 -0.5)
(0.186611820272 0.0150221764152 -0.5)
(0.194814793167 0.0150221764152 -0.5)
(0.202875075678 0.0150221764152 -0.5)
(0.210795149898 0.0150221764152 -0.5)
(0.218577454744 0.0150221764152 -0.5)
(0.226224386711 0.0150221764152 -0.5)
(0.233738300602 0.0150221764152 -0.5)
(0.241121510263 0.0150221764152 -0.5)
(0.248376289287 0.0150221764152 -0.5)
(0.255504871722 0.0150221764152 -0.5)
(0.262509452752 0.0150221764152 -0.5)
(0.269392189375 0.0150221764152 -0.5)
(0.276155201071 0.0150221764152 -0.5)
(0.28280057045 0.0150221764152 -0.5)
(0.289330343895 0.0150221764152 -0.5)
(0.295746532193 0.0150221764152 -0.5)
(0.302051111153 0.0150221764152 -0.5)
(0.308246022215 0.0150221764152 -0.5)
(0.314333173048 0.0150221764152 -0.5)
(0.320314438136 0.0150221764152 -0.5)
(0.326191659358 0.0150221764152 -0.5)
(0.331966646552 0.0150221764152 -0.5)
(0.337641178076 0.0150221764152 -0.5)
(0.343217001352 0.0150221764152 -0.5)
(0.348695833406 0.0150221764152 -0.5)
(0.354079361396 0.0150221764152 -0.5)
(0.359369243132 0.0150221764152 -0.5)
(0.364567107588 0.0150221764152 -0.5)
(0.3696745554 0.0150221764152 -0.5)
(0.374693159363 0.0150221764152 -0.5)
(0.379624464911 0.0150221764152 -0.5)
(0.384469990597 0.0150221764152 -0.5)
(0.389231228557 0.0150221764152 -0.5)
(0.393909644975 0.0150221764152 -0.5)
(0.398506680527 0.0150221764152 -0.5)
(0.403023750829 0.0150221764152 -0.5)
(0.407462246876 0.0150221764152 -0.5)
(0.411823535461 0.0150221764152 -0.5)
(0.416108959606 0.0150221764152 -0.5)
(0.420319838971 0.0150221764152 -0.5)
(0.424457470258 0.0150221764152 -0.5)
(0.428523127614 0.0150221764152 -0.5)
(0.432518063024 0.0150221764152 -0.5)
(0.436443506693 0.0150221764152 -0.5)
(0.440300667427 0.0150221764152 -0.5)
(0.444090733004 0.0150221764152 -0.5)
(0.447814870543 0.0150221764152 -0.5)
(0.451474226859 0.0150221764152 -0.5)
(0.455069928818 0.0150221764152 -0.5)
(0.458603083686 0.0150221764152 -0.5)
(0.462074779467 0.0150221764152 -0.5)
(0.465486085239 0.0150221764152 -0.5)
(0.468838051484 0.0150221764152 -0.5)
(0.472131710411 0.0150221764152 -0.5)
(0.475368076273 0.0150221764152 -0.5)
(0.478548145681 0.0150221764152 -0.5)
(0.481672897908 0.0150221764152 -0.5)
(0.484743295197 0.0150221764152 -0.5)
(0.487760283047 0.0150221764152 -0.5)
(0.490724790515 0.0150221764152 -0.5)
(0.493637730495 0.0150221764152 -0.5)
(0.4965 0.0150221764152 -0.5)
(0 0.0179536078997 -0.5)
(0.0114490780216 0.0179536078997 -0.5)
(0.0226989997904 0.0179536078997 -0.5)
(0.0337532296213 0.0179536078997 -0.5)
(0.0446151715679 0.0179536078997 -0.5)
(0.0552881704701 0.0179536078997 -0.5)
(0.0657755129847 0.0179536078997 -0.5)
(0.0760804285969 0.0179536078997 -0.5)
(0.0862060906156 0.0179536078997 -0.5)
(0.0961556171497 0.0179536078997 -0.5)
(0.105932072069 0.0179536078997 -0.5)
(0.115538465947 0.0179536078997 -0.5)
(0.124977756989 0.0179536078997 -0.5)
(0.134252851942 0.0179536078997 -0.5)
(0.143366606991 0.0179536078997 -0.5)
(0.152321828636 0.0179536078997 -0.5)
(0.16112127456 0.0179536078997 -0.5)
(0.169767654475 0.0179536078997 -0.5)
(0.178263630958 0.0179536078997 -0.5)
(0.186611820272 0.0179536078997 -0.5)
(0.194814793167 0.0179536078997 -0.5)
(0.202875075678 0.0179536078997 -0.5)
(0.210795149898 0.0179536078997 -0.5)
(0.218577454744 0.0179536078997 -0.5)
(0.226224386711 0.0179536078997 -0.5)
(0.233738300602 0.0179536078997 -0.5)
(0.241121510263 0.0179536078997 -0.5)
(0.248376289287 0.0179536078997 -0.5)
(0.255504871722 0.0179536078997 -0.5)
(0.262509452752 0.0179536078997 -0.5)
(0.269392189375 0.0179536078997 -0.5)
(0.276155201071 0.0179536078997 -0.5)
(0.28280057045 0.0179536078997 -0.5)
(0.289330343895 0.0179536078997 -0.5)
(0.295746532193 0.0179536078997 -0.5)
(0.302051111153 0.0179536078997 -0.5)
(0.308246022215 0.0179536078997 -0.5)
(0.314333173048 0.0179536078997 -0.5)
(0.320314438136 0.0179536078997 -0.5)
(0.326191659358 0.0179536078997 -0.5)
(0.331966646552 0.0179536078997 -0.5)
(0.337641178076 0.0179536078997 -0.5)
(0.343217001352 0.0179536078997 -0.5)
(0.348695833406 0.0179536078997 -0.5)
(0.354079361396 0.0179536078997 -0.5)
(0.359369243132 0.0179536078997 -0.5)
(0.364567107588 0.0179536078997 -0.5)
(0.3696745554 0.0179536078997 -0.5)
(0.374693159363 0.0179536078997 -0.5)
(0.379624464911 0.0179536078997 -0.5)
(0.384469990597 0.0179536078997 -0.5)
(0.389231228557 0.0179536078997 -0.5)
(0.393909644975 0.0179536078997 -0.5)
(0.398506680527 0.0179536078997 -0.5)
(0.403023750829 0.0179536078997 -0.5)
(0.407462246876 0.0179536078997 -0.5)
(0.411823535461 0.0179536078997 -0.5)
(0.416108959606 0.0179536078997 -0.5)
(0.420319838971 0.0179536078997 -0.5)
(0.424457470258 0.0179536078997 -0.5)
(0.428523127614 0.0179536078997 -0.5)
(0.432518063024 0.0179536078997 -0.5)
(0.436443506693 0.0179536078997 -0.5)
(0.440300667427 0.0179536078997 -0.5)
(0.444090733004 0.0179536078997 -0.5)
(0.447814870543 0.0179536078997 -0.5)
(0.451474226859 0.0179536078997 -0.5)
(0.455069928818 0.0179536078997 -0.5)
(0.458603083686 0.0179536078997 -0.5)
(0.462074779467 0.0179536078997 -0.5)
(0.465486085239 0.0179536078997 -0.5)
(0.468838051484 0.0179536078997 -0.5)
(0.472131710411 0.0179536078997 -0.5)
(0.475368076273 0.0179536078997 -0.5)
(0.478548145681 0.0179536078997 -0.5)
(0.481672897908 0.0179536078997 -0.5)
(0.484743295197 0.0179536078997 -0.5)
(0.487760283047 0.0179536078997 -0.5)
(0.490724790515 0.0179536078997 -0.5)
(0.493637730495 0.0179536078997 -0.5)
(0.4965 0.0179536078997 -0.5)
(0 0.0210228584626 -0.5)
(0.0114490780216 0.0210228584626 -0.5)
(0.0226989997904 0.0210228584626 -0.5)
(0.0337532296213 0.0210228584626 -0.5)
(0.0446151715679 0.0210228584626 -0.5)
(0.0552881704701 0.0210228584626 -0.5)
(0.0657755129847 0.0210228584626 -0.5)
(0.0760804285969 0.0210228584626 -0.5)
(0.0862060906156 0.0210228584626 -0.5)
(0.0961556171497 0.0210228584626 -0.5)
(0.105932072069 0.0210228584626 -0.5)
(0.115538465947 0.0210228584626 -0.5)
(0.124977756989 0.0210228584626 -0.5)
(0.134252851942 0.0210228584626 -0.5)
(0.143366606991 0.0210228584626 -0.5)
(0.152321828636 0.0210228584626 -0.5)
(0.16112127456 0.0210228584626 -0.5)
(0.169767654475 0.0210228584626 -0.5)
(0.178263630958 0.0210228584626 -0.5)
(0.186611820272 0.0210228584626 -0.5)
(0.194814793167 0.0210228584626 -0.5)
(0.202875075678 0.0210228584626 -0.5)
(0.210795149898 0.0210228584626 -0.5)
(0.218577454744 0.0210228584626 -0.5)
(0.226224386711 0.0210228584626 -0.5)
(0.233738300602 0.0210228584626 -0.5)
(0.241121510263 0.0210228584626 -0.5)
(0.248376289287 0.0210228584626 -0.5)
(0.255504871722 0.0210228584626 -0.5)
(0.262509452752 0.0210228584626 -0.5)
(0.269392189375 0.0210228584626 -0.5)
(0.276155201071 0.0210228584626 -0.5)
(0.28280057045 0.0210228584626 -0.5)
(0.289330343895 0.0210228584626 -0.5)
(0.295746532193 0.0210228584626 -0.5)
(0.302051111153 0.0210228584626 -0.5)
(0.308246022215 0.0210228584626 -0.5)
(0.314333173048 0.0210228584626 -0.5)
(0.320314438136 0.0210228584626 -0.5)
(0.326191659358 0.0210228584626 -0.5)
(0.331966646552 0.0210228584626 -0.5)
(0.337641178076 0.0210228584626 -0.5)
(0.343217001352 0.0210228584626 -0.5)
(0.348695833406 0.0210228584626 -0.5)
(0.354079361396 0.0210228584626 -0.5)
(0.359369243132 0.0210228584626 -0.5)
(0.364567107588 0.0210228584626 -0.5)
(0.3696745554 0.0210228584626 -0.5)
(0.374693159363 0.0210228584626 -0.5)
(0.379624464911 0.0210228584626 -0.5)
(0.384469990597 0.0210228584626 -0.5)
(0.389231228557 0.0210228584626 -0.5)
(0.393909644975 0.0210228584626 -0.5)
(0.398506680527 0.0210228584626 -0.5)
(0.403023750829 0.0210228584626 -0.5)
(0.407462246876 0.0210228584626 -0.5)
(0.411823535461 0.0210228584626 -0.5)
(0.416108959606 0.0210228584626 -0.5)
(0.420319838971 0.0210228584626 -0.5)
(0.424457470258 0.0210228584626 -0.5)
(0.428523127614 0.0210228584626 -0.5)
(0.432518063024 0.0210228584626 -0.5)
(0.436443506693 0.0210228584626 -0.5)
(0.440300667427 0.0210228584626 -0.5)
(0.444090733004 0.0210228584626 -0.5)
(0.447814870543 0.0210228584626 -0.5)
(0.451474226859 0.0210228584626 -0.5)
(0.455069928818 0.0210228584626 -0.5)
(0.458603083686 0.0210228584626 -0.5)
(0.462074779467 0.0210228584626 -0.5)
(0.465486085239 0.0210228584626 -0.5)
(0.468838051484 0.0210228584626 -0.5)
(0.472131710411 0.0210228584626 -0.5)
(0.475368076273 0.0210228584626 -0.5)
(0.478548145681 0.0210228584626 -0.5)
(0.481672897908 0.0210228584626 -0.5)
(0.484743295197 0.0210228584626 -0.5)
(0.487760283047 0.0210228584626 -0.5)
(0.490724790515 0.0210228584626 -0.5)
(0.493637730495 0.0210228584626 -0.5)
(0.4965 0.0210228584626 -0.5)
(0 0.0242364075658 -0.5)
(0.0114490780216 0.0242364075658 -0.5)
(0.0226989997904 0.0242364075658 -0.5)
(0.0337532296213 0.0242364075658 -0.5)
(0.0446151715679 0.0242364075658 -0.5)
(0.0552881704701 0.0242364075658 -0.5)
(0.0657755129847 0.0242364075658 -0.5)
(0.0760804285969 0.0242364075658 -0.5)
(0.0862060906156 0.0242364075658 -0.5)
(0.0961556171497 0.0242364075658 -0.5)
(0.105932072069 0.0242364075658 -0.5)
(0.115538465947 0.0242364075658 -0.5)
(0.124977756989 0.0242364075658 -0.5)
(0.134252851942 0.0242364075658 -0.5)
(0.143366606991 0.0242364075658 -0.5)
(0.152321828636 0.0242364075658 -0.5)
(0.16112127456 0.0242364075658 -0.5)
(0.169767654475 0.0242364075658 -0.5)
(0.178263630958 0.0242364075658 -0.5)
(0.186611820272 0.0242364075658 -0.5)
(0.194814793167 0.0242364075658 -0.5)
(0.202875075678 0.0242364075658 -0.5)
(0.210795149898 0.0242364075658 -0.5)
(0.218577454744 0.0242364075658 -0.5)
(0.226224386711 0.0242364075658 -0.5)
(0.233738300602 0.0242364075658 -0.5)
(0.241121510263 0.0242364075658 -0.5)
(0.248376289287 0.0242364075658 -0.5)
(0.255504871722 0.0242364075658 -0.5)
(0.262509452752 0.0242364075658 -0.5)
(0.269392189375 0.0242364075658 -0.5)
(0.276155201071 0.0242364075658 -0.5)
(0.28280057045 0.0242364075658 -0.5)
(0.289330343895 0.0242364075658 -0.5)
(0.295746532193 0.0242364075658 -0.5)
(0.302051111153 0.0242364075658 -0.5)
(0.308246022215 0.0242364075658 -0.5)
(0.314333173048 0.0242364075658 -0.5)
(0.320314438136 0.0242364075658 -0.5)
(0.326191659358 0.0242364075658 -0.5)
(0.331966646552 0.0242364075658 -0.5)
(0.337641178076 0.0242364075658 -0.5)
(0.343217001352 0.0242364075658 -0.5)
(0.348695833406 0.0242364075658 -0.5)
(0.354079361396 0.0242364075658 -0.5)
(0.359369243132 0.0242364075658 -0.5)
(0.364567107588 0.0242364075658 -0.5)
(0.3696745554 0.0242364075658 -0.5)
(0.374693159363 0.0242364075658 -0.5)
(0.379624464911 0.0242364075658 -0.5)
(0.384469990597 0.0242364075658 -0.5)
(0.389231228557 0.0242364075658 -0.5)
(0.393909644975 0.0242364075658 -0.5)
(0.398506680527 0.0242364075658 -0.5)
(0.403023750829 0.0242364075658 -0.5)
(0.407462246876 0.0242364075658 -0.5)
(0.411823535461 0.0242364075658 -0.5)
(0.416108959606 0.0242364075658 -0.5)
(0.420319838971 0.0242364075658 -0.5)
(0.424457470258 0.0242364075658 -0.5)
(0.428523127614 0.0242364075658 -0.5)
(0.432518063024 0.0242364075658 -0.5)
(0.436443506693 0.0242364075658 -0.5)
(0.440300667427 0.0242364075658 -0.5)
(0.444090733004 0.0242364075658 -0.5)
(0.447814870543 0.0242364075658 -0.5)
(0.451474226859 0.0242364075658 -0.5)
(0.455069928818 0.0242364075658 -0.5)
(0.458603083686 0.0242364075658 -0.5)
(0.462074779467 0.0242364075658 -0.5)
(0.465486085239 0.0242364075658 -0.5)
(0.468838051484 0.0242364075658 -0.5)
(0.472131710411 0.0242364075658 -0.5)
(0.475368076273 0.0242364075658 -0.5)
(0.478548145681 0.0242364075658 -0.5)
(0.481672897908 0.0242364075658 -0.5)
(0.484743295197 0.0242364075658 -0.5)
(0.487760283047 0.0242364075658 -0.5)
(0.490724790515 0.0242364075658 -0.5)
(0.493637730495 0.0242364075658 -0.5)
(0.4965 0.0242364075658 -0.5)
(0 0.027601039298 -0.5)
(0.0114490780216 0.027601039298 -0.5)
(0.0226989997904 0.027601039298 -0.5)
(0.0337532296213 0.027601039298 -0.5)
(0.0446151715679 0.027601039298 -0.5)
(0.0552881704701 0.027601039298 -0.5)
(0.0657755129847 0.027601039298 -0.5)
(0.0760804285969 0.027601039298 -0.5)
(0.0862060906156 0.027601039298 -0.5)
(0.0961556171497 0.027601039298 -0.5)
(0.105932072069 0.027601039298 -0.5)
(0.115538465947 0.027601039298 -0.5)
(0.124977756989 0.027601039298 -0.5)
(0.134252851942 0.027601039298 -0.5)
(0.143366606991 0.027601039298 -0.5)
(0.152321828636 0.027601039298 -0.5)
(0.16112127456 0.027601039298 -0.5)
(0.169767654475 0.027601039298 -0.5)
(0.178263630958 0.027601039298 -0.5)
(0.186611820272 0.027601039298 -0.5)
(0.194814793167 0.027601039298 -0.5)
(0.202875075678 0.027601039298 -0.5)
(0.210795149898 0.027601039298 -0.5)
(0.218577454744 0.027601039298 -0.5)
(0.226224386711 0.027601039298 -0.5)
(0.233738300602 0.027601039298 -0.5)
(0.241121510263 0.027601039298 -0.5)
(0.248376289287 0.027601039298 -0.5)
(0.255504871722 0.027601039298 -0.5)
(0.262509452752 0.027601039298 -0.5)
(0.269392189375 0.027601039298 -0.5)
(0.276155201071 0.027601039298 -0.5)
(0.28280057045 0.027601039298 -0.5)
(0.289330343895 0.027601039298 -0.5)
(0.295746532193 0.027601039298 -0.5)
(0.302051111153 0.027601039298 -0.5)
(0.308246022215 0.027601039298 -0.5)
(0.314333173048 0.027601039298 -0.5)
(0.320314438136 0.027601039298 -0.5)
(0.326191659358 0.027601039298 -0.5)
(0.331966646552 0.027601039298 -0.5)
(0.337641178076 0.027601039298 -0.5)
(0.343217001352 0.027601039298 -0.5)
(0.348695833406 0.027601039298 -0.5)
(0.354079361396 0.027601039298 -0.5)
(0.359369243132 0.027601039298 -0.5)
(0.364567107588 0.027601039298 -0.5)
(0.3696745554 0.027601039298 -0.5)
(0.374693159363 0.027601039298 -0.5)
(0.379624464911 0.027601039298 -0.5)
(0.384469990597 0.027601039298 -0.5)
(0.389231228557 0.027601039298 -0.5)
(0.393909644975 0.027601039298 -0.5)
(0.398506680527 0.027601039298 -0.5)
(0.403023750829 0.027601039298 -0.5)
(0.407462246876 0.027601039298 -0.5)
(0.411823535461 0.027601039298 -0.5)
(0.416108959606 0.027601039298 -0.5)
(0.420319838971 0.027601039298 -0.5)
(0.424457470258 0.027601039298 -0.5)
(0.428523127614 0.027601039298 -0.5)
(0.432518063024 0.027601039298 -0.5)
(0.436443506693 0.027601039298 -0.5)
(0.440300667427 0.027601039298 -0.5)
(0.444090733004 0.027601039298 -0.5)
(0.447814870543 0.027601039298 -0.5)
(0.451474226859 0.027601039298 -0.5)
(0.455069928818 0.027601039298 -0.5)
(0.458603083686 0.027601039298 -0.5)
(0.462074779467 0.027601039298 -0.5)
(0.465486085239 0.027601039298 -0.5)
(0.468838051484 0.027601039298 -0.5)
(0.472131710411 0.027601039298 -0.5)
(0.475368076273 0.027601039298 -0.5)
(0.478548145681 0.027601039298 -0.5)
(0.481672897908 0.027601039298 -0.5)
(0.484743295197 0.027601039298 -0.5)
(0.487760283047 0.027601039298 -0.5)
(0.490724790515 0.027601039298 -0.5)
(0.493637730495 0.027601039298 -0.5)
(0.4965 0.027601039298 -0.5)
(0 0.0311238566972 -0.5)
(0.0114490780216 0.0311238566972 -0.5)
(0.0226989997904 0.0311238566972 -0.5)
(0.0337532296213 0.0311238566972 -0.5)
(0.0446151715679 0.0311238566972 -0.5)
(0.0552881704701 0.0311238566972 -0.5)
(0.0657755129847 0.0311238566972 -0.5)
(0.0760804285969 0.0311238566972 -0.5)
(0.0862060906156 0.0311238566972 -0.5)
(0.0961556171497 0.0311238566972 -0.5)
(0.105932072069 0.0311238566972 -0.5)
(0.115538465947 0.0311238566972 -0.5)
(0.124977756989 0.0311238566972 -0.5)
(0.134252851942 0.0311238566972 -0.5)
(0.143366606991 0.0311238566972 -0.5)
(0.152321828636 0.0311238566972 -0.5)
(0.16112127456 0.0311238566972 -0.5)
(0.169767654475 0.0311238566972 -0.5)
(0.178263630958 0.0311238566972 -0.5)
(0.186611820272 0.0311238566972 -0.5)
(0.194814793167 0.0311238566972 -0.5)
(0.202875075678 0.0311238566972 -0.5)
(0.210795149898 0.0311238566972 -0.5)
(0.218577454744 0.0311238566972 -0.5)
(0.226224386711 0.0311238566972 -0.5)
(0.233738300602 0.0311238566972 -0.5)
(0.241121510263 0.0311238566972 -0.5)
(0.248376289287 0.0311238566972 -0.5)
(0.255504871722 0.0311238566972 -0.5)
(0.262509452752 0.0311238566972 -0.5)
(0.269392189375 0.0311238566972 -0.5)
(0.276155201071 0.0311238566972 -0.5)
(0.28280057045 0.0311238566972 -0.5)
(0.289330343895 0.0311238566972 -0.5)
(0.295746532193 0.0311238566972 -0.5)
(0.302051111153 0.0311238566972 -0.5)
(0.308246022215 0.0311238566972 -0.5)
(0.314333173048 0.0311238566972 -0.5)
(0.320314438136 0.0311238566972 -0.5)
(0.326191659358 0.0311238566972 -0.5)
(0.331966646552 0.0311238566972 -0.5)
(0.337641178076 0.0311238566972 -0.5)
(0.343217001352 0.0311238566972 -0.5)
(0.348695833406 0.0311238566972 -0.5)
(0.354079361396 0.0311238566972 -0.5)
(0.359369243132 0.0311238566972 -0.5)
(0.364567107588 0.0311238566972 -0.5)
(0.3696745554 0.0311238566972 -0.5)
(0.374693159363 0.0311238566972 -0.5)
(0.379624464911 0.0311238566972 -0.5)
(0.384469990597 0.0311238566972 -0.5)
(0.389231228557 0.0311238566972 -0.5)
(0.393909644975 0.0311238566972 -0.5)
(0.398506680527 0.0311238566972 -0.5)
(0.403023750829 0.0311238566972 -0.5)
(0.407462246876 0.0311238566972 -0.5)
(0.411823535461 0.0311238566972 -0.5)
(0.416108959606 0.0311238566972 -0.5)
(0.420319838971 0.0311238566972 -0.5)
(0.424457470258 0.0311238566972 -0.5)
(0.428523127614 0.0311238566972 -0.5)
(0.432518063024 0.0311238566972 -0.5)
(0.436443506693 0.0311238566972 -0.5)
(0.440300667427 0.0311238566972 -0.5)
(0.444090733004 0.0311238566972 -0.5)
(0.447814870543 0.0311238566972 -0.5)
(0.451474226859 0.0311238566972 -0.5)
(0.455069928818 0.0311238566972 -0.5)
(0.458603083686 0.0311238566972 -0.5)
(0.462074779467 0.0311238566972 -0.5)
(0.465486085239 0.0311238566972 -0.5)
(0.468838051484 0.0311238566972 -0.5)
(0.472131710411 0.0311238566972 -0.5)
(0.475368076273 0.0311238566972 -0.5)
(0.478548145681 0.0311238566972 -0.5)
(0.481672897908 0.0311238566972 -0.5)
(0.484743295197 0.0311238566972 -0.5)
(0.487760283047 0.0311238566972 -0.5)
(0.490724790515 0.0311238566972 -0.5)
(0.493637730495 0.0311238566972 -0.5)
(0.4965 0.0311238566972 -0.5)
(0 0.0348122967452 -0.5)
(0.0114490780216 0.0348122967452 -0.5)
(0.0226989997904 0.0348122967452 -0.5)
(0.0337532296213 0.0348122967452 -0.5)
(0.0446151715679 0.0348122967452 -0.5)
(0.0552881704701 0.0348122967452 -0.5)
(0.0657755129847 0.0348122967452 -0.5)
(0.0760804285969 0.0348122967452 -0.5)
(0.0862060906156 0.0348122967452 -0.5)
(0.0961556171497 0.0348122967452 -0.5)
(0.105932072069 0.0348122967452 -0.5)
(0.115538465947 0.0348122967452 -0.5)
(0.124977756989 0.0348122967452 -0.5)
(0.134252851942 0.0348122967452 -0.5)
(0.143366606991 0.0348122967452 -0.5)
(0.152321828636 0.0348122967452 -0.5)
(0.16112127456 0.0348122967452 -0.5)
(0.169767654475 0.0348122967452 -0.5)
(0.178263630958 0.0348122967452 -0.5)
(0.186611820272 0.0348122967452 -0.5)
(0.194814793167 0.0348122967452 -0.5)
(0.202875075678 0.0348122967452 -0.5)
(0.210795149898 0.0348122967452 -0.5)
(0.218577454744 0.0348122967452 -0.5)
(0.226224386711 0.0348122967452 -0.5)
(0.233738300602 0.0348122967452 -0.5)
(0.241121510263 0.0348122967452 -0.5)
(0.248376289287 0.0348122967452 -0.5)
(0.255504871722 0.0348122967452 -0.5)
(0.262509452752 0.0348122967452 -0.5)
(0.269392189375 0.0348122967452 -0.5)
(0.276155201071 0.0348122967452 -0.5)
(0.28280057045 0.0348122967452 -0.5)
(0.289330343895 0.0348122967452 -0.5)
(0.295746532193 0.0348122967452 -0.5)
(0.302051111153 0.0348122967452 -0.5)
(0.308246022215 0.0348122967452 -0.5)
(0.314333173048 0.0348122967452 -0.5)
(0.320314438136 0.0348122967452 -0.5)
(0.326191659358 0.0348122967452 -0.5)
(0.331966646552 0.0348122967452 -0.5)
(0.337641178076 0.0348122967452 -0.5)
(0.343217001352 0.0348122967452 -0.5)
(0.348695833406 0.0348122967452 -0.5)
(0.354079361396 0.0348122967452 -0.5)
(0.359369243132 0.0348122967452 -0.5)
(0.364567107588 0.0348122967452 -0.5)
(0.3696745554 0.0348122967452 -0.5)
(0.374693159363 0.0348122967452 -0.5)
(0.379624464911 0.0348122967452 -0.5)
(0.384469990597 0.0348122967452 -0.5)
(0.389231228557 0.0348122967452 -0.5)
(0.393909644975 0.0348122967452 -0.5)
(0.398506680527 0.0348122967452 -0.5)
(0.403023750829 0.0348122967452 -0.5)
(0.407462246876 0.0348122967452 -0.5)
(0.411823535461 0.0348122967452 -0.5)
(0.416108959606 0.0348122967452 -0.5)
(0.420319838971 0.0348122967452 -0.5)
(0.424457470258 0.0348122967452 -0.5)
(0.428523127614 0.0348122967452 -0.5)
(0.432518063024 0.0348122967452 -0.5)
(0.436443506693 0.0348122967452 -0.5)
(0.440300667427 0.0348122967452 -0.5)
(0.444090733004 0.0348122967452 -0.5)
(0.447814870543 0.0348122967452 -0.5)
(0.451474226859 0.0348122967452 -0.5)
(0.455069928818 0.0348122967452 -0.5)
(0.458603083686 0.0348122967452 -0.5)
(0.462074779467 0.0348122967452 -0.5)
(0.465486085239 0.0348122967452 -0.5)
(0.468838051484 0.0348122967452 -0.5)
(0.472131710411 0.0348122967452 -0.5)
(0.475368076273 0.0348122967452 -0.5)
(0.478548145681 0.0348122967452 -0.5)
(0.481672897908 0.0348122967452 -0.5)
(0.484743295197 0.0348122967452 -0.5)
(0.487760283047 0.0348122967452 -0.5)
(0.490724790515 0.0348122967452 -0.5)
(0.493637730495 0.0348122967452 -0.5)
(0.4965 0.0348122967452 -0.5)
(0 0.0386741460682 -0.5)
(0.0114490780216 0.0386741460682 -0.5)
(0.0226989997904 0.0386741460682 -0.5)
(0.0337532296213 0.0386741460682 -0.5)
(0.0446151715679 0.0386741460682 -0.5)
(0.0552881704701 0.0386741460682 -0.5)
(0.0657755129847 0.0386741460682 -0.5)
(0.0760804285969 0.0386741460682 -0.5)
(0.0862060906156 0.0386741460682 -0.5)
(0.0961556171497 0.0386741460682 -0.5)
(0.105932072069 0.0386741460682 -0.5)
(0.115538465947 0.0386741460682 -0.5)
(0.124977756989 0.0386741460682 -0.5)
(0.134252851942 0.0386741460682 -0.5)
(0.143366606991 0.0386741460682 -0.5)
(0.152321828636 0.0386741460682 -0.5)
(0.16112127456 0.0386741460682 -0.5)
(0.169767654475 0.0386741460682 -0.5)
(0.178263630958 0.0386741460682 -0.5)
(0.186611820272 0.0386741460682 -0.5)
(0.194814793167 0.0386741460682 -0.5)
(0.202875075678 0.0386741460682 -0.5)
(0.210795149898 0.0386741460682 -0.5)
(0.218577454744 0.0386741460682 -0.5)
(0.226224386711 0.0386741460682 -0.5)
(0.233738300602 0.0386741460682 -0.5)
(0.241121510263 0.0386741460682 -0.5)
(0.248376289287 0.0386741460682 -0.5)
(0.255504871722 0.0386741460682 -0.5)
(0.262509452752 0.0386741460682 -0.5)
(0.269392189375 0.0386741460682 -0.5)
(0.276155201071 0.0386741460682 -0.5)
(0.28280057045 0.0386741460682 -0.5)
(0.289330343895 0.0386741460682 -0.5)
(0.295746532193 0.0386741460682 -0.5)
(0.302051111153 0.0386741460682 -0.5)
(0.308246022215 0.0386741460682 -0.5)
(0.314333173048 0.0386741460682 -0.5)
(0.320314438136 0.0386741460682 -0.5)
(0.326191659358 0.0386741460682 -0.5)
(0.331966646552 0.0386741460682 -0.5)
(0.337641178076 0.0386741460682 -0.5)
(0.343217001352 0.0386741460682 -0.5)
(0.348695833406 0.0386741460682 -0.5)
(0.354079361396 0.0386741460682 -0.5)
(0.359369243132 0.0386741460682 -0.5)
(0.364567107588 0.0386741460682 -0.5)
(0.3696745554 0.0386741460682 -0.5)
(0.374693159363 0.0386741460682 -0.5)
(0.379624464911 0.0386741460682 -0.5)
(0.384469990597 0.0386741460682 -0.5)
(0.389231228557 0.0386741460682 -0.5)
(0.393909644975 0.0386741460682 -0.5)
(0.398506680527 0.0386741460682 -0.5)
(0.403023750829 0.0386741460682 -0.5)
(0.407462246876 0.0386741460682 -0.5)
(0.411823535461 0.0386741460682 -0.5)
(0.416108959606 0.0386741460682 -0.5)
(0.420319838971 0.0386741460682 -0.5)
(0.424457470258 0.0386741460682 -0.5)
(0.428523127614 0.0386741460682 -0.5)
(0.432518063024 0.0386741460682 -0.5)
(0.436443506693 0.0386741460682 -0.5)
(0.440300667427 0.0386741460682 -0.5)
(0.444090733004 0.0386741460682 -0.5)
(0.447814870543 0.0386741460682 -0.5)
(0.451474226859 0.0386741460682 -0.5)
(0.455069928818 0.0386741460682 -0.5)
(0.458603083686 0.0386741460682 -0.5)
(0.462074779467 0.0386741460682 -0.5)
(0.465486085239 0.0386741460682 -0.5)
(0.468838051484 0.0386741460682 -0.5)
(0.472131710411 0.0386741460682 -0.5)
(0.475368076273 0.0386741460682 -0.5)
(0.478548145681 0.0386741460682 -0.5)
(0.481672897908 0.0386741460682 -0.5)
(0.484743295197 0.0386741460682 -0.5)
(0.487760283047 0.0386741460682 -0.5)
(0.490724790515 0.0386741460682 -0.5)
(0.493637730495 0.0386741460682 -0.5)
(0.4965 0.0386741460682 -0.5)
(0 0.0427175573745 -0.5)
(0.0114490780216 0.0427175573745 -0.5)
(0.0226989997904 0.0427175573745 -0.5)
(0.0337532296213 0.0427175573745 -0.5)
(0.0446151715679 0.0427175573745 -0.5)
(0.0552881704701 0.0427175573745 -0.5)
(0.0657755129847 0.0427175573745 -0.5)
(0.0760804285969 0.0427175573745 -0.5)
(0.0862060906156 0.0427175573745 -0.5)
(0.0961556171497 0.0427175573745 -0.5)
(0.105932072069 0.0427175573745 -0.5)
(0.115538465947 0.0427175573745 -0.5)
(0.124977756989 0.0427175573745 -0.5)
(0.134252851942 0.0427175573745 -0.5)
(0.143366606991 0.0427175573745 -0.5)
(0.152321828636 0.0427175573745 -0.5)
(0.16112127456 0.0427175573745 -0.5)
(0.169767654475 0.0427175573745 -0.5)
(0.178263630958 0.0427175573745 -0.5)
(0.186611820272 0.0427175573745 -0.5)
(0.194814793167 0.0427175573745 -0.5)
(0.202875075678 0.0427175573745 -0.5)
(0.210795149898 0.0427175573745 -0.5)
(0.218577454744 0.0427175573745 -0.5)
(0.226224386711 0.0427175573745 -0.5)
(0.233738300602 0.0427175573745 -0.5)
(0.241121510263 0.0427175573745 -0.5)
(0.248376289287 0.0427175573745 -0.5)
(0.255504871722 0.0427175573745 -0.5)
(0.262509452752 0.0427175573745 -0.5)
(0.269392189375 0.0427175573745 -0.5)
(0.276155201071 0.0427175573745 -0.5)
(0.28280057045 0.0427175573745 -0.5)
(0.289330343895 0.0427175573745 -0.5)
(0.295746532193 0.0427175573745 -0.5)
(0.302051111153 0.0427175573745 -0.5)
(0.308246022215 0.0427175573745 -0.5)
(0.314333173048 0.0427175573745 -0.5)
(0.320314438136 0.0427175573745 -0.5)
(0.326191659358 0.0427175573745 -0.5)
(0.331966646552 0.0427175573745 -0.5)
(0.337641178076 0.0427175573745 -0.5)
(0.343217001352 0.0427175573745 -0.5)
(0.348695833406 0.0427175573745 -0.5)
(0.354079361396 0.0427175573745 -0.5)
(0.359369243132 0.0427175573745 -0.5)
(0.364567107588 0.0427175573745 -0.5)
(0.3696745554 0.0427175573745 -0.5)
(0.374693159363 0.0427175573745 -0.5)
(0.379624464911 0.0427175573745 -0.5)
(0.384469990597 0.0427175573745 -0.5)
(0.389231228557 0.0427175573745 -0.5)
(0.393909644975 0.0427175573745 -0.5)
(0.398506680527 0.0427175573745 -0.5)
(0.403023750829 0.0427175573745 -0.5)
(0.407462246876 0.0427175573745 -0.5)
(0.411823535461 0.0427175573745 -0.5)
(0.416108959606 0.0427175573745 -0.5)
(0.420319838971 0.0427175573745 -0.5)
(0.424457470258 0.0427175573745 -0.5)
(0.428523127614 0.0427175573745 -0.5)
(0.432518063024 0.0427175573745 -0.5)
(0.436443506693 0.0427175573745 -0.5)
(0.440300667427 0.0427175573745 -0.5)
(0.444090733004 0.0427175573745 -0.5)
(0.447814870543 0.0427175573745 -0.5)
(0.451474226859 0.0427175573745 -0.5)
(0.455069928818 0.0427175573745 -0.5)
(0.458603083686 0.0427175573745 -0.5)
(0.462074779467 0.0427175573745 -0.5)
(0.465486085239 0.0427175573745 -0.5)
(0.468838051484 0.0427175573745 -0.5)
(0.472131710411 0.0427175573745 -0.5)
(0.475368076273 0.0427175573745 -0.5)
(0.478548145681 0.0427175573745 -0.5)
(0.481672897908 0.0427175573745 -0.5)
(0.484743295197 0.0427175573745 -0.5)
(0.487760283047 0.0427175573745 -0.5)
(0.490724790515 0.0427175573745 -0.5)
(0.493637730495 0.0427175573745 -0.5)
(0.4965 0.0427175573745 -0.5)
(0 0.0469510666664 -0.5)
(0.0114490780216 0.0469510666664 -0.5)
(0.0226989997904 0.0469510666664 -0.5)
(0.0337532296213 0.0469510666664 -0.5)
(0.0446151715679 0.0469510666664 -0.5)
(0.0552881704701 0.0469510666664 -0.5)
(0.0657755129847 0.0469510666664 -0.5)
(0.0760804285969 0.0469510666664 -0.5)
(0.0862060906156 0.0469510666664 -0.5)
(0.0961556171497 0.0469510666664 -0.5)
(0.105932072069 0.0469510666664 -0.5)
(0.115538465947 0.0469510666664 -0.5)
(0.124977756989 0.0469510666664 -0.5)
(0.134252851942 0.0469510666664 -0.5)
(0.143366606991 0.0469510666664 -0.5)
(0.152321828636 0.0469510666664 -0.5)
(0.16112127456 0.0469510666664 -0.5)
(0.169767654475 0.0469510666664 -0.5)
(0.178263630958 0.0469510666664 -0.5)
(0.186611820272 0.0469510666664 -0.5)
(0.194814793167 0.0469510666664 -0.5)
(0.202875075678 0.0469510666664 -0.5)
(0.210795149898 0.0469510666664 -0.5)
(0.218577454744 0.0469510666664 -0.5)
(0.226224386711 0.0469510666664 -0.5)
(0.233738300602 0.0469510666664 -0.5)
(0.241121510263 0.0469510666664 -0.5)
(0.248376289287 0.0469510666664 -0.5)
(0.255504871722 0.0469510666664 -0.5)
(0.262509452752 0.0469510666664 -0.5)
(0.269392189375 0.0469510666664 -0.5)
(0.276155201071 0.0469510666664 -0.5)
(0.28280057045 0.0469510666664 -0.5)
(0.289330343895 0.0469510666664 -0.5)
(0.295746532193 0.0469510666664 -0.5)
(0.302051111153 0.0469510666664 -0.5)
(0.308246022215 0.0469510666664 -0.5)
(0.314333173048 0.0469510666664 -0.5)
(0.320314438136 0.0469510666664 -0.5)
(0.326191659358 0.0469510666664 -0.5)
(0.331966646552 0.0469510666664 -0.5)
(0.337641178076 0.0469510666664 -0.5)
(0.343217001352 0.0469510666664 -0.5)
(0.348695833406 0.0469510666664 -0.5)
(0.354079361396 0.0469510666664 -0.5)
(0.359369243132 0.0469510666664 -0.5)
(0.364567107588 0.0469510666664 -0.5)
(0.3696745554 0.0469510666664 -0.5)
(0.374693159363 0.0469510666664 -0.5)
(0.379624464911 0.0469510666664 -0.5)
(0.384469990597 0.0469510666664 -0.5)
(0.389231228557 0.0469510666664 -0.5)
(0.393909644975 0.0469510666664 -0.5)
(0.398506680527 0.0469510666664 -0.5)
(0.403023750829 0.0469510666664 -0.5)
(0.407462246876 0.0469510666664 -0.5)
(0.411823535461 0.0469510666664 -0.5)
(0.416108959606 0.0469510666664 -0.5)
(0.420319838971 0.0469510666664 -0.5)
(0.424457470258 0.0469510666664 -0.5)
(0.428523127614 0.0469510666664 -0.5)
(0.432518063024 0.0469510666664 -0.5)
(0.436443506693 0.0469510666664 -0.5)
(0.440300667427 0.0469510666664 -0.5)
(0.444090733004 0.0469510666664 -0.5)
(0.447814870543 0.0469510666664 -0.5)
(0.451474226859 0.0469510666664 -0.5)
(0.455069928818 0.0469510666664 -0.5)
(0.458603083686 0.0469510666664 -0.5)
(0.462074779467 0.0469510666664 -0.5)
(0.465486085239 0.0469510666664 -0.5)
(0.468838051484 0.0469510666664 -0.5)
(0.472131710411 0.0469510666664 -0.5)
(0.475368076273 0.0469510666664 -0.5)
(0.478548145681 0.0469510666664 -0.5)
(0.481672897908 0.0469510666664 -0.5)
(0.484743295197 0.0469510666664 -0.5)
(0.487760283047 0.0469510666664 -0.5)
(0.490724790515 0.0469510666664 -0.5)
(0.493637730495 0.0469510666664 -0.5)
(0.4965 0.0469510666664 -0.5)
(0 0.0513836112596 -0.5)
(0.0114490780216 0.0513836112596 -0.5)
(0.0226989997904 0.0513836112596 -0.5)
(0.0337532296213 0.0513836112596 -0.5)
(0.0446151715679 0.0513836112596 -0.5)
(0.0552881704701 0.0513836112596 -0.5)
(0.0657755129847 0.0513836112596 -0.5)
(0.0760804285969 0.0513836112596 -0.5)
(0.0862060906156 0.0513836112596 -0.5)
(0.0961556171497 0.0513836112596 -0.5)
(0.105932072069 0.0513836112596 -0.5)
(0.115538465947 0.0513836112596 -0.5)
(0.124977756989 0.0513836112596 -0.5)
(0.134252851942 0.0513836112596 -0.5)
(0.143366606991 0.0513836112596 -0.5)
(0.152321828636 0.0513836112596 -0.5)
(0.16112127456 0.0513836112596 -0.5)
(0.169767654475 0.0513836112596 -0.5)
(0.178263630958 0.0513836112596 -0.5)
(0.186611820272 0.0513836112596 -0.5)
(0.194814793167 0.0513836112596 -0.5)
(0.202875075678 0.0513836112596 -0.5)
(0.210795149898 0.0513836112596 -0.5)
(0.218577454744 0.0513836112596 -0.5)
(0.226224386711 0.0513836112596 -0.5)
(0.233738300602 0.0513836112596 -0.5)
(0.241121510263 0.0513836112596 -0.5)
(0.248376289287 0.0513836112596 -0.5)
(0.255504871722 0.0513836112596 -0.5)
(0.262509452752 0.0513836112596 -0.5)
(0.269392189375 0.0513836112596 -0.5)
(0.276155201071 0.0513836112596 -0.5)
(0.28280057045 0.0513836112596 -0.5)
(0.289330343895 0.0513836112596 -0.5)
(0.295746532193 0.0513836112596 -0.5)
(0.302051111153 0.0513836112596 -0.5)
(0.308246022215 0.0513836112596 -0.5)
(0.314333173048 0.0513836112596 -0.5)
(0.320314438136 0.0513836112596 -0.5)
(0.326191659358 0.0513836112596 -0.5)
(0.331966646552 0.0513836112596 -0.5)
(0.337641178076 0.0513836112596 -0.5)
(0.343217001352 0.0513836112596 -0.5)
(0.348695833406 0.0513836112596 -0.5)
(0.354079361396 0.0513836112596 -0.5)
(0.359369243132 0.0513836112596 -0.5)
(0.364567107588 0.0513836112596 -0.5)
(0.3696745554 0.0513836112596 -0.5)
(0.374693159363 0.0513836112596 -0.5)
(0.379624464911 0.0513836112596 -0.5)
(0.384469990597 0.0513836112596 -0.5)
(0.389231228557 0.0513836112596 -0.5)
(0.393909644975 0.0513836112596 -0.5)
(0.398506680527 0.0513836112596 -0.5)
(0.403023750829 0.0513836112596 -0.5)
(0.407462246876 0.0513836112596 -0.5)
(0.411823535461 0.0513836112596 -0.5)
(0.416108959606 0.0513836112596 -0.5)
(0.420319838971 0.0513836112596 -0.5)
(0.424457470258 0.0513836112596 -0.5)
(0.428523127614 0.0513836112596 -0.5)
(0.432518063024 0.0513836112596 -0.5)
(0.436443506693 0.0513836112596 -0.5)
(0.440300667427 0.0513836112596 -0.5)
(0.444090733004 0.0513836112596 -0.5)
(0.447814870543 0.0513836112596 -0.5)
(0.451474226859 0.0513836112596 -0.5)
(0.455069928818 0.0513836112596 -0.5)
(0.458603083686 0.0513836112596 -0.5)
(0.462074779467 0.0513836112596 -0.5)
(0.465486085239 0.0513836112596 -0.5)
(0.468838051484 0.0513836112596 -0.5)
(0.472131710411 0.0513836112596 -0.5)
(0.475368076273 0.0513836112596 -0.5)
(0.478548145681 0.0513836112596 -0.5)
(0.481672897908 0.0513836112596 -0.5)
(0.484743295197 0.0513836112596 -0.5)
(0.487760283047 0.0513836112596 -0.5)
(0.490724790515 0.0513836112596 -0.5)
(0.493637730495 0.0513836112596 -0.5)
(0.4965 0.0513836112596 -0.5)
(0 0.0560245486514 -0.5)
(0.0114490780216 0.0560245486514 -0.5)
(0.0226989997904 0.0560245486514 -0.5)
(0.0337532296213 0.0560245486514 -0.5)
(0.0446151715679 0.0560245486514 -0.5)
(0.0552881704701 0.0560245486514 -0.5)
(0.0657755129847 0.0560245486514 -0.5)
(0.0760804285969 0.0560245486514 -0.5)
(0.0862060906156 0.0560245486514 -0.5)
(0.0961556171497 0.0560245486514 -0.5)
(0.105932072069 0.0560245486514 -0.5)
(0.115538465947 0.0560245486514 -0.5)
(0.124977756989 0.0560245486514 -0.5)
(0.134252851942 0.0560245486514 -0.5)
(0.143366606991 0.0560245486514 -0.5)
(0.152321828636 0.0560245486514 -0.5)
(0.16112127456 0.0560245486514 -0.5)
(0.169767654475 0.0560245486514 -0.5)
(0.178263630958 0.0560245486514 -0.5)
(0.186611820272 0.0560245486514 -0.5)
(0.194814793167 0.0560245486514 -0.5)
(0.202875075678 0.0560245486514 -0.5)
(0.210795149898 0.0560245486514 -0.5)
(0.218577454744 0.0560245486514 -0.5)
(0.226224386711 0.0560245486514 -0.5)
(0.233738300602 0.0560245486514 -0.5)
(0.241121510263 0.0560245486514 -0.5)
(0.248376289287 0.0560245486514 -0.5)
(0.255504871722 0.0560245486514 -0.5)
(0.262509452752 0.0560245486514 -0.5)
(0.269392189375 0.0560245486514 -0.5)
(0.276155201071 0.0560245486514 -0.5)
(0.28280057045 0.0560245486514 -0.5)
(0.289330343895 0.0560245486514 -0.5)
(0.295746532193 0.0560245486514 -0.5)
(0.302051111153 0.0560245486514 -0.5)
(0.308246022215 0.0560245486514 -0.5)
(0.314333173048 0.0560245486514 -0.5)
(0.320314438136 0.0560245486514 -0.5)
(0.326191659358 0.0560245486514 -0.5)
(0.331966646552 0.0560245486514 -0.5)
(0.337641178076 0.0560245486514 -0.5)
(0.343217001352 0.0560245486514 -0.5)
(0.348695833406 0.0560245486514 -0.5)
(0.354079361396 0.0560245486514 -0.5)
(0.359369243132 0.0560245486514 -0.5)
(0.364567107588 0.0560245486514 -0.5)
(0.3696745554 0.0560245486514 -0.5)
(0.374693159363 0.0560245486514 -0.5)
(0.379624464911 0.0560245486514 -0.5)
(0.384469990597 0.0560245486514 -0.5)
(0.389231228557 0.0560245486514 -0.5)
(0.393909644975 0.0560245486514 -0.5)
(0.398506680527 0.0560245486514 -0.5)
(0.403023750829 0.0560245486514 -0.5)
(0.407462246876 0.0560245486514 -0.5)
(0.411823535461 0.0560245486514 -0.5)
(0.416108959606 0.0560245486514 -0.5)
(0.420319838971 0.0560245486514 -0.5)
(0.424457470258 0.0560245486514 -0.5)
(0.428523127614 0.0560245486514 -0.5)
(0.432518063024 0.0560245486514 -0.5)
(0.436443506693 0.0560245486514 -0.5)
(0.440300667427 0.0560245486514 -0.5)
(0.444090733004 0.0560245486514 -0.5)
(0.447814870543 0.0560245486514 -0.5)
(0.451474226859 0.0560245486514 -0.5)
(0.455069928818 0.0560245486514 -0.5)
(0.458603083686 0.0560245486514 -0.5)
(0.462074779467 0.0560245486514 -0.5)
(0.465486085239 0.0560245486514 -0.5)
(0.468838051484 0.0560245486514 -0.5)
(0.472131710411 0.0560245486514 -0.5)
(0.475368076273 0.0560245486514 -0.5)
(0.478548145681 0.0560245486514 -0.5)
(0.481672897908 0.0560245486514 -0.5)
(0.484743295197 0.0560245486514 -0.5)
(0.487760283047 0.0560245486514 -0.5)
(0.490724790515 0.0560245486514 -0.5)
(0.493637730495 0.0560245486514 -0.5)
(0.4965 0.0560245486514 -0.5)
(0 0.0608836762746 -0.5)
(0.0114490780216 0.0608836762746 -0.5)
(0.0226989997904 0.0608836762746 -0.5)
(0.0337532296213 0.0608836762746 -0.5)
(0.0446151715679 0.0608836762746 -0.5)
(0.0552881704701 0.0608836762746 -0.5)
(0.0657755129847 0.0608836762746 -0.5)
(0.0760804285969 0.0608836762746 -0.5)
(0.0862060906156 0.0608836762746 -0.5)
(0.0961556171497 0.0608836762746 -0.5)
(0.105932072069 0.0608836762746 -0.5)
(0.115538465947 0.0608836762746 -0.5)
(0.124977756989 0.0608836762746 -0.5)
(0.134252851942 0.0608836762746 -0.5)
(0.143366606991 0.0608836762746 -0.5)
(0.152321828636 0.0608836762746 -0.5)
(0.16112127456 0.0608836762746 -0.5)
(0.169767654475 0.0608836762746 -0.5)
(0.178263630958 0.0608836762746 -0.5)
(0.186611820272 0.0608836762746 -0.5)
(0.194814793167 0.0608836762746 -0.5)
(0.202875075678 0.0608836762746 -0.5)
(0.210795149898 0.0608836762746 -0.5)
(0.218577454744 0.0608836762746 -0.5)
(0.226224386711 0.0608836762746 -0.5)
(0.233738300602 0.0608836762746 -0.5)
(0.241121510263 0.0608836762746 -0.5)
(0.248376289287 0.0608836762746 -0.5)
(0.255504871722 0.0608836762746 -0.5)
(0.262509452752 0.0608836762746 -0.5)
(0.269392189375 0.0608836762746 -0.5)
(0.276155201071 0.0608836762746 -0.5)
(0.28280057045 0.0608836762746 -0.5)
(0.289330343895 0.0608836762746 -0.5)
(0.295746532193 0.0608836762746 -0.5)
(0.302051111153 0.0608836762746 -0.5)
(0.308246022215 0.0608836762746 -0.5)
(0.314333173048 0.0608836762746 -0.5)
(0.320314438136 0.0608836762746 -0.5)
(0.326191659358 0.0608836762746 -0.5)
(0.331966646552 0.0608836762746 -0.5)
(0.337641178076 0.0608836762746 -0.5)
(0.343217001352 0.0608836762746 -0.5)
(0.348695833406 0.0608836762746 -0.5)
(0.354079361396 0.0608836762746 -0.5)
(0.359369243132 0.0608836762746 -0.5)
(0.364567107588 0.0608836762746 -0.5)
(0.3696745554 0.0608836762746 -0.5)
(0.374693159363 0.0608836762746 -0.5)
(0.379624464911 0.0608836762746 -0.5)
(0.384469990597 0.0608836762746 -0.5)
(0.389231228557 0.0608836762746 -0.5)
(0.393909644975 0.0608836762746 -0.5)
(0.398506680527 0.0608836762746 -0.5)
(0.403023750829 0.0608836762746 -0.5)
(0.407462246876 0.0608836762746 -0.5)
(0.411823535461 0.0608836762746 -0.5)
(0.416108959606 0.0608836762746 -0.5)
(0.420319838971 0.0608836762746 -0.5)
(0.424457470258 0.0608836762746 -0.5)
(0.428523127614 0.0608836762746 -0.5)
(0.432518063024 0.0608836762746 -0.5)
(0.436443506693 0.0608836762746 -0.5)
(0.440300667427 0.0608836762746 -0.5)
(0.444090733004 0.0608836762746 -0.5)
(0.447814870543 0.0608836762746 -0.5)
(0.451474226859 0.0608836762746 -0.5)
(0.455069928818 0.0608836762746 -0.5)
(0.458603083686 0.0608836762746 -0.5)
(0.462074779467 0.0608836762746 -0.5)
(0.465486085239 0.0608836762746 -0.5)
(0.468838051484 0.0608836762746 -0.5)
(0.472131710411 0.0608836762746 -0.5)
(0.475368076273 0.0608836762746 -0.5)
(0.478548145681 0.0608836762746 -0.5)
(0.481672897908 0.0608836762746 -0.5)
(0.484743295197 0.0608836762746 -0.5)
(0.487760283047 0.0608836762746 -0.5)
(0.490724790515 0.0608836762746 -0.5)
(0.493637730495 0.0608836762746 -0.5)
(0.4965 0.0608836762746 -0.5)
(0 0.0659712521814 -0.5)
(0.0114490780216 0.0659712521814 -0.5)
(0.0226989997904 0.0659712521814 -0.5)
(0.0337532296213 0.0659712521814 -0.5)
(0.0446151715679 0.0659712521814 -0.5)
(0.0552881704701 0.0659712521814 -0.5)
(0.0657755129847 0.0659712521814 -0.5)
(0.0760804285969 0.0659712521814 -0.5)
(0.0862060906156 0.0659712521814 -0.5)
(0.0961556171497 0.0659712521814 -0.5)
(0.105932072069 0.0659712521814 -0.5)
(0.115538465947 0.0659712521814 -0.5)
(0.124977756989 0.0659712521814 -0.5)
(0.134252851942 0.0659712521814 -0.5)
(0.143366606991 0.0659712521814 -0.5)
(0.152321828636 0.0659712521814 -0.5)
(0.16112127456 0.0659712521814 -0.5)
(0.169767654475 0.0659712521814 -0.5)
(0.178263630958 0.0659712521814 -0.5)
(0.186611820272 0.0659712521814 -0.5)
(0.194814793167 0.0659712521814 -0.5)
(0.202875075678 0.0659712521814 -0.5)
(0.210795149898 0.0659712521814 -0.5)
(0.218577454744 0.0659712521814 -0.5)
(0.226224386711 0.0659712521814 -0.5)
(0.233738300602 0.0659712521814 -0.5)
(0.241121510263 0.0659712521814 -0.5)
(0.248376289287 0.0659712521814 -0.5)
(0.255504871722 0.0659712521814 -0.5)
(0.262509452752 0.0659712521814 -0.5)
(0.269392189375 0.0659712521814 -0.5)
(0.276155201071 0.0659712521814 -0.5)
(0.28280057045 0.0659712521814 -0.5)
(0.289330343895 0.0659712521814 -0.5)
(0.295746532193 0.0659712521814 -0.5)
(0.302051111153 0.0659712521814 -0.5)
(0.308246022215 0.0659712521814 -0.5)
(0.314333173048 0.0659712521814 -0.5)
(0.320314438136 0.0659712521814 -0.5)
(0.326191659358 0.0659712521814 -0.5)
(0.331966646552 0.0659712521814 -0.5)
(0.337641178076 0.0659712521814 -0.5)
(0.343217001352 0.0659712521814 -0.5)
(0.348695833406 0.0659712521814 -0.5)
(0.354079361396 0.0659712521814 -0.5)
(0.359369243132 0.0659712521814 -0.5)
(0.364567107588 0.0659712521814 -0.5)
(0.3696745554 0.0659712521814 -0.5)
(0.374693159363 0.0659712521814 -0.5)
(0.379624464911 0.0659712521814 -0.5)
(0.384469990597 0.0659712521814 -0.5)
(0.389231228557 0.0659712521814 -0.5)
(0.393909644975 0.0659712521814 -0.5)
(0.398506680527 0.0659712521814 -0.5)
(0.403023750829 0.0659712521814 -0.5)
(0.407462246876 0.0659712521814 -0.5)
(0.411823535461 0.0659712521814 -0.5)
(0.416108959606 0.0659712521814 -0.5)
(0.420319838971 0.0659712521814 -0.5)
(0.424457470258 0.0659712521814 -0.5)
(0.428523127614 0.0659712521814 -0.5)
(0.432518063024 0.0659712521814 -0.5)
(0.436443506693 0.0659712521814 -0.5)
(0.440300667427 0.0659712521814 -0.5)
(0.444090733004 0.0659712521814 -0.5)
(0.447814870543 0.0659712521814 -0.5)
(0.451474226859 0.0659712521814 -0.5)
(0.455069928818 0.0659712521814 -0.5)
(0.458603083686 0.0659712521814 -0.5)
(0.462074779467 0.0659712521814 -0.5)
(0.465486085239 0.0659712521814 -0.5)
(0.468838051484 0.0659712521814 -0.5)
(0.472131710411 0.0659712521814 -0.5)
(0.475368076273 0.0659712521814 -0.5)
(0.478548145681 0.0659712521814 -0.5)
(0.481672897908 0.0659712521814 -0.5)
(0.484743295197 0.0659712521814 -0.5)
(0.487760283047 0.0659712521814 -0.5)
(0.490724790515 0.0659712521814 -0.5)
(0.493637730495 0.0659712521814 -0.5)
(0.4965 0.0659712521814 -0.5)
(0 0.0712980166984 -0.5)
(0.0114490780216 0.0712980166984 -0.5)
(0.0226989997904 0.0712980166984 -0.5)
(0.0337532296213 0.0712980166984 -0.5)
(0.0446151715679 0.0712980166984 -0.5)
(0.0552881704701 0.0712980166984 -0.5)
(0.0657755129847 0.0712980166984 -0.5)
(0.0760804285969 0.0712980166984 -0.5)
(0.0862060906156 0.0712980166984 -0.5)
(0.0961556171497 0.0712980166984 -0.5)
(0.105932072069 0.0712980166984 -0.5)
(0.115538465947 0.0712980166984 -0.5)
(0.124977756989 0.0712980166984 -0.5)
(0.134252851942 0.0712980166984 -0.5)
(0.143366606991 0.0712980166984 -0.5)
(0.152321828636 0.0712980166984 -0.5)
(0.16112127456 0.0712980166984 -0.5)
(0.169767654475 0.0712980166984 -0.5)
(0.178263630958 0.0712980166984 -0.5)
(0.186611820272 0.0712980166984 -0.5)
(0.194814793167 0.0712980166984 -0.5)
(0.202875075678 0.0712980166984 -0.5)
(0.210795149898 0.0712980166984 -0.5)
(0.218577454744 0.0712980166984 -0.5)
(0.226224386711 0.0712980166984 -0.5)
(0.233738300602 0.0712980166984 -0.5)
(0.241121510263 0.0712980166984 -0.5)
(0.248376289287 0.0712980166984 -0.5)
(0.255504871722 0.0712980166984 -0.5)
(0.262509452752 0.0712980166984 -0.5)
(0.269392189375 0.0712980166984 -0.5)
(0.276155201071 0.0712980166984 -0.5)
(0.28280057045 0.0712980166984 -0.5)
(0.289330343895 0.0712980166984 -0.5)
(0.295746532193 0.0712980166984 -0.5)
(0.302051111153 0.0712980166984 -0.5)
(0.308246022215 0.0712980166984 -0.5)
(0.314333173048 0.0712980166984 -0.5)
(0.320314438136 0.0712980166984 -0.5)
(0.326191659358 0.0712980166984 -0.5)
(0.331966646552 0.0712980166984 -0.5)
(0.337641178076 0.0712980166984 -0.5)
(0.343217001352 0.0712980166984 -0.5)
(0.348695833406 0.0712980166984 -0.5)
(0.354079361396 0.0712980166984 -0.5)
(0.359369243132 0.0712980166984 -0.5)
(0.364567107588 0.0712980166984 -0.5)
(0.3696745554 0.0712980166984 -0.5)
(0.374693159363 0.0712980166984 -0.5)
(0.379624464911 0.0712980166984 -0.5)
(0.384469990597 0.0712980166984 -0.5)
(0.389231228557 0.0712980166984 -0.5)
(0.393909644975 0.0712980166984 -0.5)
(0.398506680527 0.0712980166984 -0.5)
(0.403023750829 0.0712980166984 -0.5)
(0.407462246876 0.0712980166984 -0.5)
(0.411823535461 0.0712980166984 -0.5)
(0.416108959606 0.0712980166984 -0.5)
(0.420319838971 0.0712980166984 -0.5)
(0.424457470258 0.0712980166984 -0.5)
(0.428523127614 0.0712980166984 -0.5)
(0.432518063024 0.0712980166984 -0.5)
(0.436443506693 0.0712980166984 -0.5)
(0.440300667427 0.0712980166984 -0.5)
(0.444090733004 0.0712980166984 -0.5)
(0.447814870543 0.0712980166984 -0.5)
(0.451474226859 0.0712980166984 -0.5)
(0.455069928818 0.0712980166984 -0.5)
(0.458603083686 0.0712980166984 -0.5)
(0.462074779467 0.0712980166984 -0.5)
(0.465486085239 0.0712980166984 -0.5)
(0.468838051484 0.0712980166984 -0.5)
(0.472131710411 0.0712980166984 -0.5)
(0.475368076273 0.0712980166984 -0.5)
(0.478548145681 0.0712980166984 -0.5)
(0.481672897908 0.0712980166984 -0.5)
(0.484743295197 0.0712980166984 -0.5)
(0.487760283047 0.0712980166984 -0.5)
(0.490724790515 0.0712980166984 -0.5)
(0.493637730495 0.0712980166984 -0.5)
(0.4965 0.0712980166984 -0.5)
(0 0.0768752151008 -0.5)
(0.0114490780216 0.0768752151008 -0.5)
(0.0226989997904 0.0768752151008 -0.5)
(0.0337532296213 0.0768752151008 -0.5)
(0.0446151715679 0.0768752151008 -0.5)
(0.0552881704701 0.0768752151008 -0.5)
(0.0657755129847 0.0768752151008 -0.5)
(0.0760804285969 0.0768752151008 -0.5)
(0.0862060906156 0.0768752151008 -0.5)
(0.0961556171497 0.0768752151008 -0.5)
(0.105932072069 0.0768752151008 -0.5)
(0.115538465947 0.0768752151008 -0.5)
(0.124977756989 0.0768752151008 -0.5)
(0.134252851942 0.0768752151008 -0.5)
(0.143366606991 0.0768752151008 -0.5)
(0.152321828636 0.0768752151008 -0.5)
(0.16112127456 0.0768752151008 -0.5)
(0.169767654475 0.0768752151008 -0.5)
(0.178263630958 0.0768752151008 -0.5)
(0.186611820272 0.0768752151008 -0.5)
(0.194814793167 0.0768752151008 -0.5)
(0.202875075678 0.0768752151008 -0.5)
(0.210795149898 0.0768752151008 -0.5)
(0.218577454744 0.0768752151008 -0.5)
(0.226224386711 0.0768752151008 -0.5)
(0.233738300602 0.0768752151008 -0.5)
(0.241121510263 0.0768752151008 -0.5)
(0.248376289287 0.0768752151008 -0.5)
(0.255504871722 0.0768752151008 -0.5)
(0.262509452752 0.0768752151008 -0.5)
(0.269392189375 0.0768752151008 -0.5)
(0.276155201071 0.0768752151008 -0.5)
(0.28280057045 0.0768752151008 -0.5)
(0.289330343895 0.0768752151008 -0.5)
(0.295746532193 0.0768752151008 -0.5)
(0.302051111153 0.0768752151008 -0.5)
(0.308246022215 0.0768752151008 -0.5)
(0.314333173048 0.0768752151008 -0.5)
(0.320314438136 0.0768752151008 -0.5)
(0.326191659358 0.0768752151008 -0.5)
(0.331966646552 0.0768752151008 -0.5)
(0.337641178076 0.0768752151008 -0.5)
(0.343217001352 0.0768752151008 -0.5)
(0.348695833406 0.0768752151008 -0.5)
(0.354079361396 0.0768752151008 -0.5)
(0.359369243132 0.0768752151008 -0.5)
(0.364567107588 0.0768752151008 -0.5)
(0.3696745554 0.0768752151008 -0.5)
(0.374693159363 0.0768752151008 -0.5)
(0.379624464911 0.0768752151008 -0.5)
(0.384469990597 0.0768752151008 -0.5)
(0.389231228557 0.0768752151008 -0.5)
(0.393909644975 0.0768752151008 -0.5)
(0.398506680527 0.0768752151008 -0.5)
(0.403023750829 0.0768752151008 -0.5)
(0.407462246876 0.0768752151008 -0.5)
(0.411823535461 0.0768752151008 -0.5)
(0.416108959606 0.0768752151008 -0.5)
(0.420319838971 0.0768752151008 -0.5)
(0.424457470258 0.0768752151008 -0.5)
(0.428523127614 0.0768752151008 -0.5)
(0.432518063024 0.0768752151008 -0.5)
(0.436443506693 0.0768752151008 -0.5)
(0.440300667427 0.0768752151008 -0.5)
(0.444090733004 0.0768752151008 -0.5)
(0.447814870543 0.0768752151008 -0.5)
(0.451474226859 0.0768752151008 -0.5)
(0.455069928818 0.0768752151008 -0.5)
(0.458603083686 0.0768752151008 -0.5)
(0.462074779467 0.0768752151008 -0.5)
(0.465486085239 0.0768752151008 -0.5)
(0.468838051484 0.0768752151008 -0.5)
(0.472131710411 0.0768752151008 -0.5)
(0.475368076273 0.0768752151008 -0.5)
(0.478548145681 0.0768752151008 -0.5)
(0.481672897908 0.0768752151008 -0.5)
(0.484743295197 0.0768752151008 -0.5)
(0.487760283047 0.0768752151008 -0.5)
(0.490724790515 0.0768752151008 -0.5)
(0.493637730495 0.0768752151008 -0.5)
(0.4965 0.0768752151008 -0.5)
(0 0.0827146213522 -0.5)
(0.0114490780216 0.0827146213522 -0.5)
(0.0226989997904 0.0827146213522 -0.5)
(0.0337532296213 0.0827146213522 -0.5)
(0.0446151715679 0.0827146213522 -0.5)
(0.0552881704701 0.0827146213522 -0.5)
(0.0657755129847 0.0827146213522 -0.5)
(0.0760804285969 0.0827146213522 -0.5)
(0.0862060906156 0.0827146213522 -0.5)
(0.0961556171497 0.0827146213522 -0.5)
(0.105932072069 0.0827146213522 -0.5)
(0.115538465947 0.0827146213522 -0.5)
(0.124977756989 0.0827146213522 -0.5)
(0.134252851942 0.0827146213522 -0.5)
(0.143366606991 0.0827146213522 -0.5)
(0.152321828636 0.0827146213522 -0.5)
(0.16112127456 0.0827146213522 -0.5)
(0.169767654475 0.0827146213522 -0.5)
(0.178263630958 0.0827146213522 -0.5)
(0.186611820272 0.0827146213522 -0.5)
(0.194814793167 0.0827146213522 -0.5)
(0.202875075678 0.0827146213522 -0.5)
(0.210795149898 0.0827146213522 -0.5)
(0.218577454744 0.0827146213522 -0.5)
(0.226224386711 0.0827146213522 -0.5)
(0.233738300602 0.0827146213522 -0.5)
(0.241121510263 0.0827146213522 -0.5)
(0.248376289287 0.0827146213522 -0.5)
(0.255504871722 0.0827146213522 -0.5)
(0.262509452752 0.0827146213522 -0.5)
(0.269392189375 0.0827146213522 -0.5)
(0.276155201071 0.0827146213522 -0.5)
(0.28280057045 0.0827146213522 -0.5)
(0.289330343895 0.0827146213522 -0.5)
(0.295746532193 0.0827146213522 -0.5)
(0.302051111153 0.0827146213522 -0.5)
(0.308246022215 0.0827146213522 -0.5)
(0.314333173048 0.0827146213522 -0.5)
(0.320314438136 0.0827146213522 -0.5)
(0.326191659358 0.0827146213522 -0.5)
(0.331966646552 0.0827146213522 -0.5)
(0.337641178076 0.0827146213522 -0.5)
(0.343217001352 0.0827146213522 -0.5)
(0.348695833406 0.0827146213522 -0.5)
(0.354079361396 0.0827146213522 -0.5)
(0.359369243132 0.0827146213522 -0.5)
(0.364567107588 0.0827146213522 -0.5)
(0.3696745554 0.0827146213522 -0.5)
(0.374693159363 0.0827146213522 -0.5)
(0.379624464911 0.0827146213522 -0.5)
(0.384469990597 0.0827146213522 -0.5)
(0.389231228557 0.0827146213522 -0.5)
(0.393909644975 0.0827146213522 -0.5)
(0.398506680527 0.0827146213522 -0.5)
(0.403023750829 0.0827146213522 -0.5)
(0.407462246876 0.0827146213522 -0.5)
(0.411823535461 0.0827146213522 -0.5)
(0.416108959606 0.0827146213522 -0.5)
(0.420319838971 0.0827146213522 -0.5)
(0.424457470258 0.0827146213522 -0.5)
(0.428523127614 0.0827146213522 -0.5)
(0.432518063024 0.0827146213522 -0.5)
(0.436443506693 0.0827146213522 -0.5)
(0.440300667427 0.0827146213522 -0.5)
(0.444090733004 0.0827146213522 -0.5)
(0.447814870543 0.0827146213522 -0.5)
(0.451474226859 0.0827146213522 -0.5)
(0.455069928818 0.0827146213522 -0.5)
(0.458603083686 0.0827146213522 -0.5)
(0.462074779467 0.0827146213522 -0.5)
(0.465486085239 0.0827146213522 -0.5)
(0.468838051484 0.0827146213522 -0.5)
(0.472131710411 0.0827146213522 -0.5)
(0.475368076273 0.0827146213522 -0.5)
(0.478548145681 0.0827146213522 -0.5)
(0.481672897908 0.0827146213522 -0.5)
(0.484743295197 0.0827146213522 -0.5)
(0.487760283047 0.0827146213522 -0.5)
(0.490724790515 0.0827146213522 -0.5)
(0.493637730495 0.0827146213522 -0.5)
(0.4965 0.0827146213522 -0.5)
(0 0.0888285629602 -0.5)
(0.0114490780216 0.0888285629602 -0.5)
(0.0226989997904 0.0888285629602 -0.5)
(0.0337532296213 0.0888285629602 -0.5)
(0.0446151715679 0.0888285629602 -0.5)
(0.0552881704701 0.0888285629602 -0.5)
(0.0657755129847 0.0888285629602 -0.5)
(0.0760804285969 0.0888285629602 -0.5)
(0.0862060906156 0.0888285629602 -0.5)
(0.0961556171497 0.0888285629602 -0.5)
(0.105932072069 0.0888285629602 -0.5)
(0.115538465947 0.0888285629602 -0.5)
(0.124977756989 0.0888285629602 -0.5)
(0.134252851942 0.0888285629602 -0.5)
(0.143366606991 0.0888285629602 -0.5)
(0.152321828636 0.0888285629602 -0.5)
(0.16112127456 0.0888285629602 -0.5)
(0.169767654475 0.0888285629602 -0.5)
(0.178263630958 0.0888285629602 -0.5)
(0.186611820272 0.0888285629602 -0.5)
(0.194814793167 0.0888285629602 -0.5)
(0.202875075678 0.0888285629602 -0.5)
(0.210795149898 0.0888285629602 -0.5)
(0.218577454744 0.0888285629602 -0.5)
(0.226224386711 0.0888285629602 -0.5)
(0.233738300602 0.0888285629602 -0.5)
(0.241121510263 0.0888285629602 -0.5)
(0.248376289287 0.0888285629602 -0.5)
(0.255504871722 0.0888285629602 -0.5)
(0.262509452752 0.0888285629602 -0.5)
(0.269392189375 0.0888285629602 -0.5)
(0.276155201071 0.0888285629602 -0.5)
(0.28280057045 0.0888285629602 -0.5)
(0.289330343895 0.0888285629602 -0.5)
(0.295746532193 0.0888285629602 -0.5)
(0.302051111153 0.0888285629602 -0.5)
(0.308246022215 0.0888285629602 -0.5)
(0.314333173048 0.0888285629602 -0.5)
(0.320314438136 0.0888285629602 -0.5)
(0.326191659358 0.0888285629602 -0.5)
(0.331966646552 0.0888285629602 -0.5)
(0.337641178076 0.0888285629602 -0.5)
(0.343217001352 0.0888285629602 -0.5)
(0.348695833406 0.0888285629602 -0.5)
(0.354079361396 0.0888285629602 -0.5)
(0.359369243132 0.0888285629602 -0.5)
(0.364567107588 0.0888285629602 -0.5)
(0.3696745554 0.0888285629602 -0.5)
(0.374693159363 0.0888285629602 -0.5)
(0.379624464911 0.0888285629602 -0.5)
(0.384469990597 0.0888285629602 -0.5)
(0.389231228557 0.0888285629602 -0.5)
(0.393909644975 0.0888285629602 -0.5)
(0.398506680527 0.0888285629602 -0.5)
(0.403023750829 0.0888285629602 -0.5)
(0.407462246876 0.0888285629602 -0.5)
(0.411823535461 0.0888285629602 -0.5)
(0.416108959606 0.0888285629602 -0.5)
(0.420319838971 0.0888285629602 -0.5)
(0.424457470258 0.0888285629602 -0.5)
(0.428523127614 0.0888285629602 -0.5)
(0.432518063024 0.0888285629602 -0.5)
(0.436443506693 0.0888285629602 -0.5)
(0.440300667427 0.0888285629602 -0.5)
(0.444090733004 0.0888285629602 -0.5)
(0.447814870543 0.0888285629602 -0.5)
(0.451474226859 0.0888285629602 -0.5)
(0.455069928818 0.0888285629602 -0.5)
(0.458603083686 0.0888285629602 -0.5)
(0.462074779467 0.0888285629602 -0.5)
(0.465486085239 0.0888285629602 -0.5)
(0.468838051484 0.0888285629602 -0.5)
(0.472131710411 0.0888285629602 -0.5)
(0.475368076273 0.0888285629602 -0.5)
(0.478548145681 0.0888285629602 -0.5)
(0.481672897908 0.0888285629602 -0.5)
(0.484743295197 0.0888285629602 -0.5)
(0.487760283047 0.0888285629602 -0.5)
(0.490724790515 0.0888285629602 -0.5)
(0.493637730495 0.0888285629602 -0.5)
(0.4965 0.0888285629602 -0.5)
(0 0.095229947001 -0.5)
(0.0114490780216 0.095229947001 -0.5)
(0.0226989997904 0.095229947001 -0.5)
(0.0337532296213 0.095229947001 -0.5)
(0.0446151715679 0.095229947001 -0.5)
(0.0552881704701 0.095229947001 -0.5)
(0.0657755129847 0.095229947001 -0.5)
(0.0760804285969 0.095229947001 -0.5)
(0.0862060906156 0.095229947001 -0.5)
(0.0961556171497 0.095229947001 -0.5)
(0.105932072069 0.095229947001 -0.5)
(0.115538465947 0.095229947001 -0.5)
(0.124977756989 0.095229947001 -0.5)
(0.134252851942 0.095229947001 -0.5)
(0.143366606991 0.095229947001 -0.5)
(0.152321828636 0.095229947001 -0.5)
(0.16112127456 0.095229947001 -0.5)
(0.169767654475 0.095229947001 -0.5)
(0.178263630958 0.095229947001 -0.5)
(0.186611820272 0.095229947001 -0.5)
(0.194814793167 0.095229947001 -0.5)
(0.202875075678 0.095229947001 -0.5)
(0.210795149898 0.095229947001 -0.5)
(0.218577454744 0.095229947001 -0.5)
(0.226224386711 0.095229947001 -0.5)
(0.233738300602 0.095229947001 -0.5)
(0.241121510263 0.095229947001 -0.5)
(0.248376289287 0.095229947001 -0.5)
(0.255504871722 0.095229947001 -0.5)
(0.262509452752 0.095229947001 -0.5)
(0.269392189375 0.095229947001 -0.5)
(0.276155201071 0.095229947001 -0.5)
(0.28280057045 0.095229947001 -0.5)
(0.289330343895 0.095229947001 -0.5)
(0.295746532193 0.095229947001 -0.5)
(0.302051111153 0.095229947001 -0.5)
(0.308246022215 0.095229947001 -0.5)
(0.314333173048 0.095229947001 -0.5)
(0.320314438136 0.095229947001 -0.5)
(0.326191659358 0.095229947001 -0.5)
(0.331966646552 0.095229947001 -0.5)
(0.337641178076 0.095229947001 -0.5)
(0.343217001352 0.095229947001 -0.5)
(0.348695833406 0.095229947001 -0.5)
(0.354079361396 0.095229947001 -0.5)
(0.359369243132 0.095229947001 -0.5)
(0.364567107588 0.095229947001 -0.5)
(0.3696745554 0.095229947001 -0.5)
(0.374693159363 0.095229947001 -0.5)
(0.379624464911 0.095229947001 -0.5)
(0.384469990597 0.095229947001 -0.5)
(0.389231228557 0.095229947001 -0.5)
(0.393909644975 0.095229947001 -0.5)
(0.398506680527 0.095229947001 -0.5)
(0.403023750829 0.095229947001 -0.5)
(0.407462246876 0.095229947001 -0.5)
(0.411823535461 0.095229947001 -0.5)
(0.416108959606 0.095229947001 -0.5)
(0.420319838971 0.095229947001 -0.5)
(0.424457470258 0.095229947001 -0.5)
(0.428523127614 0.095229947001 -0.5)
(0.432518063024 0.095229947001 -0.5)
(0.436443506693 0.095229947001 -0.5)
(0.440300667427 0.095229947001 -0.5)
(0.444090733004 0.095229947001 -0.5)
(0.447814870543 0.095229947001 -0.5)
(0.451474226859 0.095229947001 -0.5)
(0.455069928818 0.095229947001 -0.5)
(0.458603083686 0.095229947001 -0.5)
(0.462074779467 0.095229947001 -0.5)
(0.465486085239 0.095229947001 -0.5)
(0.468838051484 0.095229947001 -0.5)
(0.472131710411 0.095229947001 -0.5)
(0.475368076273 0.095229947001 -0.5)
(0.478548145681 0.095229947001 -0.5)
(0.481672897908 0.095229947001 -0.5)
(0.484743295197 0.095229947001 -0.5)
(0.487760283047 0.095229947001 -0.5)
(0.490724790515 0.095229947001 -0.5)
(0.493637730495 0.095229947001 -0.5)
(0.4965 0.095229947001 -0.5)
(0 0.101932287368 -0.5)
(0.0114490780216 0.101932287368 -0.5)
(0.0226989997904 0.101932287368 -0.5)
(0.0337532296213 0.101932287368 -0.5)
(0.0446151715679 0.101932287368 -0.5)
(0.0552881704701 0.101932287368 -0.5)
(0.0657755129847 0.101932287368 -0.5)
(0.0760804285969 0.101932287368 -0.5)
(0.0862060906156 0.101932287368 -0.5)
(0.0961556171497 0.101932287368 -0.5)
(0.105932072069 0.101932287368 -0.5)
(0.115538465947 0.101932287368 -0.5)
(0.124977756989 0.101932287368 -0.5)
(0.134252851942 0.101932287368 -0.5)
(0.143366606991 0.101932287368 -0.5)
(0.152321828636 0.101932287368 -0.5)
(0.16112127456 0.101932287368 -0.5)
(0.169767654475 0.101932287368 -0.5)
(0.178263630958 0.101932287368 -0.5)
(0.186611820272 0.101932287368 -0.5)
(0.194814793167 0.101932287368 -0.5)
(0.202875075678 0.101932287368 -0.5)
(0.210795149898 0.101932287368 -0.5)
(0.218577454744 0.101932287368 -0.5)
(0.226224386711 0.101932287368 -0.5)
(0.233738300602 0.101932287368 -0.5)
(0.241121510263 0.101932287368 -0.5)
(0.248376289287 0.101932287368 -0.5)
(0.255504871722 0.101932287368 -0.5)
(0.262509452752 0.101932287368 -0.5)
(0.269392189375 0.101932287368 -0.5)
(0.276155201071 0.101932287368 -0.5)
(0.28280057045 0.101932287368 -0.5)
(0.289330343895 0.101932287368 -0.5)
(0.295746532193 0.101932287368 -0.5)
(0.302051111153 0.101932287368 -0.5)
(0.308246022215 0.101932287368 -0.5)
(0.314333173048 0.101932287368 -0.5)
(0.320314438136 0.101932287368 -0.5)
(0.326191659358 0.101932287368 -0.5)
(0.331966646552 0.101932287368 -0.5)
(0.337641178076 0.101932287368 -0.5)
(0.343217001352 0.101932287368 -0.5)
(0.348695833406 0.101932287368 -0.5)
(0.354079361396 0.101932287368 -0.5)
(0.359369243132 0.101932287368 -0.5)
(0.364567107588 0.101932287368 -0.5)
(0.3696745554 0.101932287368 -0.5)
(0.374693159363 0.101932287368 -0.5)
(0.379624464911 0.101932287368 -0.5)
(0.384469990597 0.101932287368 -0.5)
(0.389231228557 0.101932287368 -0.5)
(0.393909644975 0.101932287368 -0.5)
(0.398506680527 0.101932287368 -0.5)
(0.403023750829 0.101932287368 -0.5)
(0.407462246876 0.101932287368 -0.5)
(0.411823535461 0.101932287368 -0.5)
(0.416108959606 0.101932287368 -0.5)
(0.420319838971 0.101932287368 -0.5)
(0.424457470258 0.101932287368 -0.5)
(0.428523127614 0.101932287368 -0.5)
(0.432518063024 0.101932287368 -0.5)
(0.436443506693 0.101932287368 -0.5)
(0.440300667427 0.101932287368 -0.5)
(0.444090733004 0.101932287368 -0.5)
(0.447814870543 0.101932287368 -0.5)
(0.451474226859 0.101932287368 -0.5)
(0.455069928818 0.101932287368 -0.5)
(0.458603083686 0.101932287368 -0.5)
(0.462074779467 0.101932287368 -0.5)
(0.465486085239 0.101932287368 -0.5)
(0.468838051484 0.101932287368 -0.5)
(0.472131710411 0.101932287368 -0.5)
(0.475368076273 0.101932287368 -0.5)
(0.478548145681 0.101932287368 -0.5)
(0.481672897908 0.101932287368 -0.5)
(0.484743295197 0.101932287368 -0.5)
(0.487760283047 0.101932287368 -0.5)
(0.490724790515 0.101932287368 -0.5)
(0.493637730495 0.101932287368 -0.5)
(0.4965 0.101932287368 -0.5)
(0 0.108949733299 -0.5)
(0.0114490780216 0.108949733299 -0.5)
(0.0226989997904 0.108949733299 -0.5)
(0.0337532296213 0.108949733299 -0.5)
(0.0446151715679 0.108949733299 -0.5)
(0.0552881704701 0.108949733299 -0.5)
(0.0657755129847 0.108949733299 -0.5)
(0.0760804285969 0.108949733299 -0.5)
(0.0862060906156 0.108949733299 -0.5)
(0.0961556171497 0.108949733299 -0.5)
(0.105932072069 0.108949733299 -0.5)
(0.115538465947 0.108949733299 -0.5)
(0.124977756989 0.108949733299 -0.5)
(0.134252851942 0.108949733299 -0.5)
(0.143366606991 0.108949733299 -0.5)
(0.152321828636 0.108949733299 -0.5)
(0.16112127456 0.108949733299 -0.5)
(0.169767654475 0.108949733299 -0.5)
(0.178263630958 0.108949733299 -0.5)
(0.186611820272 0.108949733299 -0.5)
(0.194814793167 0.108949733299 -0.5)
(0.202875075678 0.108949733299 -0.5)
(0.210795149898 0.108949733299 -0.5)
(0.218577454744 0.108949733299 -0.5)
(0.226224386711 0.108949733299 -0.5)
(0.233738300602 0.108949733299 -0.5)
(0.241121510263 0.108949733299 -0.5)
(0.248376289287 0.108949733299 -0.5)
(0.255504871722 0.108949733299 -0.5)
(0.262509452752 0.108949733299 -0.5)
(0.269392189375 0.108949733299 -0.5)
(0.276155201071 0.108949733299 -0.5)
(0.28280057045 0.108949733299 -0.5)
(0.289330343895 0.108949733299 -0.5)
(0.295746532193 0.108949733299 -0.5)
(0.302051111153 0.108949733299 -0.5)
(0.308246022215 0.108949733299 -0.5)
(0.314333173048 0.108949733299 -0.5)
(0.320314438136 0.108949733299 -0.5)
(0.326191659358 0.108949733299 -0.5)
(0.331966646552 0.108949733299 -0.5)
(0.337641178076 0.108949733299 -0.5)
(0.343217001352 0.108949733299 -0.5)
(0.348695833406 0.108949733299 -0.5)
(0.354079361396 0.108949733299 -0.5)
(0.359369243132 0.108949733299 -0.5)
(0.364567107588 0.108949733299 -0.5)
(0.3696745554 0.108949733299 -0.5)
(0.374693159363 0.108949733299 -0.5)
(0.379624464911 0.108949733299 -0.5)
(0.384469990597 0.108949733299 -0.5)
(0.389231228557 0.108949733299 -0.5)
(0.393909644975 0.108949733299 -0.5)
(0.398506680527 0.108949733299 -0.5)
(0.403023750829 0.108949733299 -0.5)
(0.407462246876 0.108949733299 -0.5)
(0.411823535461 0.108949733299 -0.5)
(0.416108959606 0.108949733299 -0.5)
(0.420319838971 0.108949733299 -0.5)
(0.424457470258 0.108949733299 -0.5)
(0.428523127614 0.108949733299 -0.5)
(0.432518063024 0.108949733299 -0.5)
(0.436443506693 0.108949733299 -0.5)
(0.440300667427 0.108949733299 -0.5)
(0.444090733004 0.108949733299 -0.5)
(0.447814870543 0.108949733299 -0.5)
(0.451474226859 0.108949733299 -0.5)
(0.455069928818 0.108949733299 -0.5)
(0.458603083686 0.108949733299 -0.5)
(0.462074779467 0.108949733299 -0.5)
(0.465486085239 0.108949733299 -0.5)
(0.468838051484 0.108949733299 -0.5)
(0.472131710411 0.108949733299 -0.5)
(0.475368076273 0.108949733299 -0.5)
(0.478548145681 0.108949733299 -0.5)
(0.481672897908 0.108949733299 -0.5)
(0.484743295197 0.108949733299 -0.5)
(0.487760283047 0.108949733299 -0.5)
(0.490724790515 0.108949733299 -0.5)
(0.493637730495 0.108949733299 -0.5)
(0.4965 0.108949733299 -0.5)
(0 0.116297099249 -0.5)
(0.0114490780216 0.116297099249 -0.5)
(0.0226989997904 0.116297099249 -0.5)
(0.0337532296213 0.116297099249 -0.5)
(0.0446151715679 0.116297099249 -0.5)
(0.0552881704701 0.116297099249 -0.5)
(0.0657755129847 0.116297099249 -0.5)
(0.0760804285969 0.116297099249 -0.5)
(0.0862060906156 0.116297099249 -0.5)
(0.0961556171497 0.116297099249 -0.5)
(0.105932072069 0.116297099249 -0.5)
(0.115538465947 0.116297099249 -0.5)
(0.124977756989 0.116297099249 -0.5)
(0.134252851942 0.116297099249 -0.5)
(0.143366606991 0.116297099249 -0.5)
(0.152321828636 0.116297099249 -0.5)
(0.16112127456 0.116297099249 -0.5)
(0.169767654475 0.116297099249 -0.5)
(0.178263630958 0.116297099249 -0.5)
(0.186611820272 0.116297099249 -0.5)
(0.194814793167 0.116297099249 -0.5)
(0.202875075678 0.116297099249 -0.5)
(0.210795149898 0.116297099249 -0.5)
(0.218577454744 0.116297099249 -0.5)
(0.226224386711 0.116297099249 -0.5)
(0.233738300602 0.116297099249 -0.5)
(0.241121510263 0.116297099249 -0.5)
(0.248376289287 0.116297099249 -0.5)
(0.255504871722 0.116297099249 -0.5)
(0.262509452752 0.116297099249 -0.5)
(0.269392189375 0.116297099249 -0.5)
(0.276155201071 0.116297099249 -0.5)
(0.28280057045 0.116297099249 -0.5)
(0.289330343895 0.116297099249 -0.5)
(0.295746532193 0.116297099249 -0.5)
(0.302051111153 0.116297099249 -0.5)
(0.308246022215 0.116297099249 -0.5)
(0.314333173048 0.116297099249 -0.5)
(0.320314438136 0.116297099249 -0.5)
(0.326191659358 0.116297099249 -0.5)
(0.331966646552 0.116297099249 -0.5)
(0.337641178076 0.116297099249 -0.5)
(0.343217001352 0.116297099249 -0.5)
(0.348695833406 0.116297099249 -0.5)
(0.354079361396 0.116297099249 -0.5)
(0.359369243132 0.116297099249 -0.5)
(0.364567107588 0.116297099249 -0.5)
(0.3696745554 0.116297099249 -0.5)
(0.374693159363 0.116297099249 -0.5)
(0.379624464911 0.116297099249 -0.5)
(0.384469990597 0.116297099249 -0.5)
(0.389231228557 0.116297099249 -0.5)
(0.393909644975 0.116297099249 -0.5)
(0.398506680527 0.116297099249 -0.5)
(0.403023750829 0.116297099249 -0.5)
(0.407462246876 0.116297099249 -0.5)
(0.411823535461 0.116297099249 -0.5)
(0.416108959606 0.116297099249 -0.5)
(0.420319838971 0.116297099249 -0.5)
(0.424457470258 0.116297099249 -0.5)
(0.428523127614 0.116297099249 -0.5)
(0.432518063024 0.116297099249 -0.5)
(0.436443506693 0.116297099249 -0.5)
(0.440300667427 0.116297099249 -0.5)
(0.444090733004 0.116297099249 -0.5)
(0.447814870543 0.116297099249 -0.5)
(0.451474226859 0.116297099249 -0.5)
(0.455069928818 0.116297099249 -0.5)
(0.458603083686 0.116297099249 -0.5)
(0.462074779467 0.116297099249 -0.5)
(0.465486085239 0.116297099249 -0.5)
(0.468838051484 0.116297099249 -0.5)
(0.472131710411 0.116297099249 -0.5)
(0.475368076273 0.116297099249 -0.5)
(0.478548145681 0.116297099249 -0.5)
(0.481672897908 0.116297099249 -0.5)
(0.484743295197 0.116297099249 -0.5)
(0.487760283047 0.116297099249 -0.5)
(0.490724790515 0.116297099249 -0.5)
(0.493637730495 0.116297099249 -0.5)
(0.4965 0.116297099249 -0.5)
(0 0.123989896163 -0.5)
(0.0114490780216 0.123989896163 -0.5)
(0.0226989997904 0.123989896163 -0.5)
(0.0337532296213 0.123989896163 -0.5)
(0.0446151715679 0.123989896163 -0.5)
(0.0552881704701 0.123989896163 -0.5)
(0.0657755129847 0.123989896163 -0.5)
(0.0760804285969 0.123989896163 -0.5)
(0.0862060906156 0.123989896163 -0.5)
(0.0961556171497 0.123989896163 -0.5)
(0.105932072069 0.123989896163 -0.5)
(0.115538465947 0.123989896163 -0.5)
(0.124977756989 0.123989896163 -0.5)
(0.134252851942 0.123989896163 -0.5)
(0.143366606991 0.123989896163 -0.5)
(0.152321828636 0.123989896163 -0.5)
(0.16112127456 0.123989896163 -0.5)
(0.169767654475 0.123989896163 -0.5)
(0.178263630958 0.123989896163 -0.5)
(0.186611820272 0.123989896163 -0.5)
(0.194814793167 0.123989896163 -0.5)
(0.202875075678 0.123989896163 -0.5)
(0.210795149898 0.123989896163 -0.5)
(0.218577454744 0.123989896163 -0.5)
(0.226224386711 0.123989896163 -0.5)
(0.233738300602 0.123989896163 -0.5)
(0.241121510263 0.123989896163 -0.5)
(0.248376289287 0.123989896163 -0.5)
(0.255504871722 0.123989896163 -0.5)
(0.262509452752 0.123989896163 -0.5)
(0.269392189375 0.123989896163 -0.5)
(0.276155201071 0.123989896163 -0.5)
(0.28280057045 0.123989896163 -0.5)
(0.289330343895 0.123989896163 -0.5)
(0.295746532193 0.123989896163 -0.5)
(0.302051111153 0.123989896163 -0.5)
(0.308246022215 0.123989896163 -0.5)
(0.314333173048 0.123989896163 -0.5)
(0.320314438136 0.123989896163 -0.5)
(0.326191659358 0.123989896163 -0.5)
(0.331966646552 0.123989896163 -0.5)
(0.337641178076 0.123989896163 -0.5)
(0.343217001352 0.123989896163 -0.5)
(0.348695833406 0.123989896163 -0.5)
(0.354079361396 0.123989896163 -0.5)
(0.359369243132 0.123989896163 -0.5)
(0.364567107588 0.123989896163 -0.5)
(0.3696745554 0.123989896163 -0.5)
(0.374693159363 0.123989896163 -0.5)
(0.379624464911 0.123989896163 -0.5)
(0.384469990597 0.123989896163 -0.5)
(0.389231228557 0.123989896163 -0.5)
(0.393909644975 0.123989896163 -0.5)
(0.398506680527 0.123989896163 -0.5)
(0.403023750829 0.123989896163 -0.5)
(0.407462246876 0.123989896163 -0.5)
(0.411823535461 0.123989896163 -0.5)
(0.416108959606 0.123989896163 -0.5)
(0.420319838971 0.123989896163 -0.5)
(0.424457470258 0.123989896163 -0.5)
(0.428523127614 0.123989896163 -0.5)
(0.432518063024 0.123989896163 -0.5)
(0.436443506693 0.123989896163 -0.5)
(0.440300667427 0.123989896163 -0.5)
(0.444090733004 0.123989896163 -0.5)
(0.447814870543 0.123989896163 -0.5)
(0.451474226859 0.123989896163 -0.5)
(0.455069928818 0.123989896163 -0.5)
(0.458603083686 0.123989896163 -0.5)
(0.462074779467 0.123989896163 -0.5)
(0.465486085239 0.123989896163 -0.5)
(0.468838051484 0.123989896163 -0.5)
(0.472131710411 0.123989896163 -0.5)
(0.475368076273 0.123989896163 -0.5)
(0.478548145681 0.123989896163 -0.5)
(0.481672897908 0.123989896163 -0.5)
(0.484743295197 0.123989896163 -0.5)
(0.487760283047 0.123989896163 -0.5)
(0.490724790515 0.123989896163 -0.5)
(0.493637730495 0.123989896163 -0.5)
(0.4965 0.123989896163 -0.5)
(0 0.132044364222 -0.5)
(0.0114490780216 0.132044364222 -0.5)
(0.0226989997904 0.132044364222 -0.5)
(0.0337532296213 0.132044364222 -0.5)
(0.0446151715679 0.132044364222 -0.5)
(0.0552881704701 0.132044364222 -0.5)
(0.0657755129847 0.132044364222 -0.5)
(0.0760804285969 0.132044364222 -0.5)
(0.0862060906156 0.132044364222 -0.5)
(0.0961556171497 0.132044364222 -0.5)
(0.105932072069 0.132044364222 -0.5)
(0.115538465947 0.132044364222 -0.5)
(0.124977756989 0.132044364222 -0.5)
(0.134252851942 0.132044364222 -0.5)
(0.143366606991 0.132044364222 -0.5)
(0.152321828636 0.132044364222 -0.5)
(0.16112127456 0.132044364222 -0.5)
(0.169767654475 0.132044364222 -0.5)
(0.178263630958 0.132044364222 -0.5)
(0.186611820272 0.132044364222 -0.5)
(0.194814793167 0.132044364222 -0.5)
(0.202875075678 0.132044364222 -0.5)
(0.210795149898 0.132044364222 -0.5)
(0.218577454744 0.132044364222 -0.5)
(0.226224386711 0.132044364222 -0.5)
(0.233738300602 0.132044364222 -0.5)
(0.241121510263 0.132044364222 -0.5)
(0.248376289287 0.132044364222 -0.5)
(0.255504871722 0.132044364222 -0.5)
(0.262509452752 0.132044364222 -0.5)
(0.269392189375 0.132044364222 -0.5)
(0.276155201071 0.132044364222 -0.5)
(0.28280057045 0.132044364222 -0.5)
(0.289330343895 0.132044364222 -0.5)
(0.295746532193 0.132044364222 -0.5)
(0.302051111153 0.132044364222 -0.5)
(0.308246022215 0.132044364222 -0.5)
(0.314333173048 0.132044364222 -0.5)
(0.320314438136 0.132044364222 -0.5)
(0.326191659358 0.132044364222 -0.5)
(0.331966646552 0.132044364222 -0.5)
(0.337641178076 0.132044364222 -0.5)
(0.343217001352 0.132044364222 -0.5)
(0.348695833406 0.132044364222 -0.5)
(0.354079361396 0.132044364222 -0.5)
(0.359369243132 0.132044364222 -0.5)
(0.364567107588 0.132044364222 -0.5)
(0.3696745554 0.132044364222 -0.5)
(0.374693159363 0.132044364222 -0.5)
(0.379624464911 0.132044364222 -0.5)
(0.384469990597 0.132044364222 -0.5)
(0.389231228557 0.132044364222 -0.5)
(0.393909644975 0.132044364222 -0.5)
(0.398506680527 0.132044364222 -0.5)
(0.403023750829 0.132044364222 -0.5)
(0.407462246876 0.132044364222 -0.5)
(0.411823535461 0.132044364222 -0.5)
(0.416108959606 0.132044364222 -0.5)
(0.420319838971 0.132044364222 -0.5)
(0.424457470258 0.132044364222 -0.5)
(0.428523127614 0.132044364222 -0.5)
(0.432518063024 0.132044364222 -0.5)
(0.436443506693 0.132044364222 -0.5)
(0.440300667427 0.132044364222 -0.5)
(0.444090733004 0.132044364222 -0.5)
(0.447814870543 0.132044364222 -0.5)
(0.451474226859 0.132044364222 -0.5)
(0.455069928818 0.132044364222 -0.5)
(0.458603083686 0.132044364222 -0.5)
(0.462074779467 0.132044364222 -0.5)
(0.465486085239 0.132044364222 -0.5)
(0.468838051484 0.132044364222 -0.5)
(0.472131710411 0.132044364222 -0.5)
(0.475368076273 0.132044364222 -0.5)
(0.478548145681 0.132044364222 -0.5)
(0.481672897908 0.132044364222 -0.5)
(0.484743295197 0.132044364222 -0.5)
(0.487760283047 0.132044364222 -0.5)
(0.490724790515 0.132044364222 -0.5)
(0.493637730495 0.132044364222 -0.5)
(0.4965 0.132044364222 -0.5)
(0 0.140477507127 -0.5)
(0.0114490780216 0.140477507127 -0.5)
(0.0226989997904 0.140477507127 -0.5)
(0.0337532296213 0.140477507127 -0.5)
(0.0446151715679 0.140477507127 -0.5)
(0.0552881704701 0.140477507127 -0.5)
(0.0657755129847 0.140477507127 -0.5)
(0.0760804285969 0.140477507127 -0.5)
(0.0862060906156 0.140477507127 -0.5)
(0.0961556171497 0.140477507127 -0.5)
(0.105932072069 0.140477507127 -0.5)
(0.115538465947 0.140477507127 -0.5)
(0.124977756989 0.140477507127 -0.5)
(0.134252851942 0.140477507127 -0.5)
(0.143366606991 0.140477507127 -0.5)
(0.152321828636 0.140477507127 -0.5)
(0.16112127456 0.140477507127 -0.5)
(0.169767654475 0.140477507127 -0.5)
(0.178263630958 0.140477507127 -0.5)
(0.186611820272 0.140477507127 -0.5)
(0.194814793167 0.140477507127 -0.5)
(0.202875075678 0.140477507127 -0.5)
(0.210795149898 0.140477507127 -0.5)
(0.218577454744 0.140477507127 -0.5)
(0.226224386711 0.140477507127 -0.5)
(0.233738300602 0.140477507127 -0.5)
(0.241121510263 0.140477507127 -0.5)
(0.248376289287 0.140477507127 -0.5)
(0.255504871722 0.140477507127 -0.5)
(0.262509452752 0.140477507127 -0.5)
(0.269392189375 0.140477507127 -0.5)
(0.276155201071 0.140477507127 -0.5)
(0.28280057045 0.140477507127 -0.5)
(0.289330343895 0.140477507127 -0.5)
(0.295746532193 0.140477507127 -0.5)
(0.302051111153 0.140477507127 -0.5)
(0.308246022215 0.140477507127 -0.5)
(0.314333173048 0.140477507127 -0.5)
(0.320314438136 0.140477507127 -0.5)
(0.326191659358 0.140477507127 -0.5)
(0.331966646552 0.140477507127 -0.5)
(0.337641178076 0.140477507127 -0.5)
(0.343217001352 0.140477507127 -0.5)
(0.348695833406 0.140477507127 -0.5)
(0.354079361396 0.140477507127 -0.5)
(0.359369243132 0.140477507127 -0.5)
(0.364567107588 0.140477507127 -0.5)
(0.3696745554 0.140477507127 -0.5)
(0.374693159363 0.140477507127 -0.5)
(0.379624464911 0.140477507127 -0.5)
(0.384469990597 0.140477507127 -0.5)
(0.389231228557 0.140477507127 -0.5)
(0.393909644975 0.140477507127 -0.5)
(0.398506680527 0.140477507127 -0.5)
(0.403023750829 0.140477507127 -0.5)
(0.407462246876 0.140477507127 -0.5)
(0.411823535461 0.140477507127 -0.5)
(0.416108959606 0.140477507127 -0.5)
(0.420319838971 0.140477507127 -0.5)
(0.424457470258 0.140477507127 -0.5)
(0.428523127614 0.140477507127 -0.5)
(0.432518063024 0.140477507127 -0.5)
(0.436443506693 0.140477507127 -0.5)
(0.440300667427 0.140477507127 -0.5)
(0.444090733004 0.140477507127 -0.5)
(0.447814870543 0.140477507127 -0.5)
(0.451474226859 0.140477507127 -0.5)
(0.455069928818 0.140477507127 -0.5)
(0.458603083686 0.140477507127 -0.5)
(0.462074779467 0.140477507127 -0.5)
(0.465486085239 0.140477507127 -0.5)
(0.468838051484 0.140477507127 -0.5)
(0.472131710411 0.140477507127 -0.5)
(0.475368076273 0.140477507127 -0.5)
(0.478548145681 0.140477507127 -0.5)
(0.481672897908 0.140477507127 -0.5)
(0.484743295197 0.140477507127 -0.5)
(0.487760283047 0.140477507127 -0.5)
(0.490724790515 0.140477507127 -0.5)
(0.493637730495 0.140477507127 -0.5)
(0.4965 0.140477507127 -0.5)
(0 0.149307127994 -0.5)
(0.0114490780216 0.149307127994 -0.5)
(0.0226989997904 0.149307127994 -0.5)
(0.0337532296213 0.149307127994 -0.5)
(0.0446151715679 0.149307127994 -0.5)
(0.0552881704701 0.149307127994 -0.5)
(0.0657755129847 0.149307127994 -0.5)
(0.0760804285969 0.149307127994 -0.5)
(0.0862060906156 0.149307127994 -0.5)
(0.0961556171497 0.149307127994 -0.5)
(0.105932072069 0.149307127994 -0.5)
(0.115538465947 0.149307127994 -0.5)
(0.124977756989 0.149307127994 -0.5)
(0.134252851942 0.149307127994 -0.5)
(0.143366606991 0.149307127994 -0.5)
(0.152321828636 0.149307127994 -0.5)
(0.16112127456 0.149307127994 -0.5)
(0.169767654475 0.149307127994 -0.5)
(0.178263630958 0.149307127994 -0.5)
(0.186611820272 0.149307127994 -0.5)
(0.194814793167 0.149307127994 -0.5)
(0.202875075678 0.149307127994 -0.5)
(0.210795149898 0.149307127994 -0.5)
(0.218577454744 0.149307127994 -0.5)
(0.226224386711 0.149307127994 -0.5)
(0.233738300602 0.149307127994 -0.5)
(0.241121510263 0.149307127994 -0.5)
(0.248376289287 0.149307127994 -0.5)
(0.255504871722 0.149307127994 -0.5)
(0.262509452752 0.149307127994 -0.5)
(0.269392189375 0.149307127994 -0.5)
(0.276155201071 0.149307127994 -0.5)
(0.28280057045 0.149307127994 -0.5)
(0.289330343895 0.149307127994 -0.5)
(0.295746532193 0.149307127994 -0.5)
(0.302051111153 0.149307127994 -0.5)
(0.308246022215 0.149307127994 -0.5)
(0.314333173048 0.149307127994 -0.5)
(0.320314438136 0.149307127994 -0.5)
(0.326191659358 0.149307127994 -0.5)
(0.331966646552 0.149307127994 -0.5)
(0.337641178076 0.149307127994 -0.5)
(0.343217001352 0.149307127994 -0.5)
(0.348695833406 0.149307127994 -0.5)
(0.354079361396 0.149307127994 -0.5)
(0.359369243132 0.149307127994 -0.5)
(0.364567107588 0.149307127994 -0.5)
(0.3696745554 0.149307127994 -0.5)
(0.374693159363 0.149307127994 -0.5)
(0.379624464911 0.149307127994 -0.5)
(0.384469990597 0.149307127994 -0.5)
(0.389231228557 0.149307127994 -0.5)
(0.393909644975 0.149307127994 -0.5)
(0.398506680527 0.149307127994 -0.5)
(0.403023750829 0.149307127994 -0.5)
(0.407462246876 0.149307127994 -0.5)
(0.411823535461 0.149307127994 -0.5)
(0.416108959606 0.149307127994 -0.5)
(0.420319838971 0.149307127994 -0.5)
(0.424457470258 0.149307127994 -0.5)
(0.428523127614 0.149307127994 -0.5)
(0.432518063024 0.149307127994 -0.5)
(0.436443506693 0.149307127994 -0.5)
(0.440300667427 0.149307127994 -0.5)
(0.444090733004 0.149307127994 -0.5)
(0.447814870543 0.149307127994 -0.5)
(0.451474226859 0.149307127994 -0.5)
(0.455069928818 0.149307127994 -0.5)
(0.458603083686 0.149307127994 -0.5)
(0.462074779467 0.149307127994 -0.5)
(0.465486085239 0.149307127994 -0.5)
(0.468838051484 0.149307127994 -0.5)
(0.472131710411 0.149307127994 -0.5)
(0.475368076273 0.149307127994 -0.5)
(0.478548145681 0.149307127994 -0.5)
(0.481672897908 0.149307127994 -0.5)
(0.484743295197 0.149307127994 -0.5)
(0.487760283047 0.149307127994 -0.5)
(0.490724790515 0.149307127994 -0.5)
(0.493637730495 0.149307127994 -0.5)
(0.4965 0.149307127994 -0.5)
(0 0.158551866942 -0.5)
(0.0114490780216 0.158551866942 -0.5)
(0.0226989997904 0.158551866942 -0.5)
(0.0337532296213 0.158551866942 -0.5)
(0.0446151715679 0.158551866942 -0.5)
(0.0552881704701 0.158551866942 -0.5)
(0.0657755129847 0.158551866942 -0.5)
(0.0760804285969 0.158551866942 -0.5)
(0.0862060906156 0.158551866942 -0.5)
(0.0961556171497 0.158551866942 -0.5)
(0.105932072069 0.158551866942 -0.5)
(0.115538465947 0.158551866942 -0.5)
(0.124977756989 0.158551866942 -0.5)
(0.134252851942 0.158551866942 -0.5)
(0.143366606991 0.158551866942 -0.5)
(0.152321828636 0.158551866942 -0.5)
(0.16112127456 0.158551866942 -0.5)
(0.169767654475 0.158551866942 -0.5)
(0.178263630958 0.158551866942 -0.5)
(0.186611820272 0.158551866942 -0.5)
(0.194814793167 0.158551866942 -0.5)
(0.202875075678 0.158551866942 -0.5)
(0.210795149898 0.158551866942 -0.5)
(0.218577454744 0.158551866942 -0.5)
(0.226224386711 0.158551866942 -0.5)
(0.233738300602 0.158551866942 -0.5)
(0.241121510263 0.158551866942 -0.5)
(0.248376289287 0.158551866942 -0.5)
(0.255504871722 0.158551866942 -0.5)
(0.262509452752 0.158551866942 -0.5)
(0.269392189375 0.158551866942 -0.5)
(0.276155201071 0.158551866942 -0.5)
(0.28280057045 0.158551866942 -0.5)
(0.289330343895 0.158551866942 -0.5)
(0.295746532193 0.158551866942 -0.5)
(0.302051111153 0.158551866942 -0.5)
(0.308246022215 0.158551866942 -0.5)
(0.314333173048 0.158551866942 -0.5)
(0.320314438136 0.158551866942 -0.5)
(0.326191659358 0.158551866942 -0.5)
(0.331966646552 0.158551866942 -0.5)
(0.337641178076 0.158551866942 -0.5)
(0.343217001352 0.158551866942 -0.5)
(0.348695833406 0.158551866942 -0.5)
(0.354079361396 0.158551866942 -0.5)
(0.359369243132 0.158551866942 -0.5)
(0.364567107588 0.158551866942 -0.5)
(0.3696745554 0.158551866942 -0.5)
(0.374693159363 0.158551866942 -0.5)
(0.379624464911 0.158551866942 -0.5)
(0.384469990597 0.158551866942 -0.5)
(0.389231228557 0.158551866942 -0.5)
(0.393909644975 0.158551866942 -0.5)
(0.398506680527 0.158551866942 -0.5)
(0.403023750829 0.158551866942 -0.5)
(0.407462246876 0.158551866942 -0.5)
(0.411823535461 0.158551866942 -0.5)
(0.416108959606 0.158551866942 -0.5)
(0.420319838971 0.158551866942 -0.5)
(0.424457470258 0.158551866942 -0.5)
(0.428523127614 0.158551866942 -0.5)
(0.432518063024 0.158551866942 -0.5)
(0.436443506693 0.158551866942 -0.5)
(0.440300667427 0.158551866942 -0.5)
(0.444090733004 0.158551866942 -0.5)
(0.447814870543 0.158551866942 -0.5)
(0.451474226859 0.158551866942 -0.5)
(0.455069928818 0.158551866942 -0.5)
(0.458603083686 0.158551866942 -0.5)
(0.462074779467 0.158551866942 -0.5)
(0.465486085239 0.158551866942 -0.5)
(0.468838051484 0.158551866942 -0.5)
(0.472131710411 0.158551866942 -0.5)
(0.475368076273 0.158551866942 -0.5)
(0.478548145681 0.158551866942 -0.5)
(0.481672897908 0.158551866942 -0.5)
(0.484743295197 0.158551866942 -0.5)
(0.487760283047 0.158551866942 -0.5)
(0.490724790515 0.158551866942 -0.5)
(0.493637730495 0.158551866942 -0.5)
(0.4965 0.158551866942 -0.5)
(0 0.168231240439 -0.5)
(0.0114490780216 0.168231240439 -0.5)
(0.0226989997904 0.168231240439 -0.5)
(0.0337532296213 0.168231240439 -0.5)
(0.0446151715679 0.168231240439 -0.5)
(0.0552881704701 0.168231240439 -0.5)
(0.0657755129847 0.168231240439 -0.5)
(0.0760804285969 0.168231240439 -0.5)
(0.0862060906156 0.168231240439 -0.5)
(0.0961556171497 0.168231240439 -0.5)
(0.105932072069 0.168231240439 -0.5)
(0.115538465947 0.168231240439 -0.5)
(0.124977756989 0.168231240439 -0.5)
(0.134252851942 0.168231240439 -0.5)
(0.143366606991 0.168231240439 -0.5)
(0.152321828636 0.168231240439 -0.5)
(0.16112127456 0.168231240439 -0.5)
(0.169767654475 0.168231240439 -0.5)
(0.178263630958 0.168231240439 -0.5)
(0.186611820272 0.168231240439 -0.5)
(0.194814793167 0.168231240439 -0.5)
(0.202875075678 0.168231240439 -0.5)
(0.210795149898 0.168231240439 -0.5)
(0.218577454744 0.168231240439 -0.5)
(0.226224386711 0.168231240439 -0.5)
(0.233738300602 0.168231240439 -0.5)
(0.241121510263 0.168231240439 -0.5)
(0.248376289287 0.168231240439 -0.5)
(0.255504871722 0.168231240439 -0.5)
(0.262509452752 0.168231240439 -0.5)
(0.269392189375 0.168231240439 -0.5)
(0.276155201071 0.168231240439 -0.5)
(0.28280057045 0.168231240439 -0.5)
(0.289330343895 0.168231240439 -0.5)
(0.295746532193 0.168231240439 -0.5)
(0.302051111153 0.168231240439 -0.5)
(0.308246022215 0.168231240439 -0.5)
(0.314333173048 0.168231240439 -0.5)
(0.320314438136 0.168231240439 -0.5)
(0.326191659358 0.168231240439 -0.5)
(0.331966646552 0.168231240439 -0.5)
(0.337641178076 0.168231240439 -0.5)
(0.343217001352 0.168231240439 -0.5)
(0.348695833406 0.168231240439 -0.5)
(0.354079361396 0.168231240439 -0.5)
(0.359369243132 0.168231240439 -0.5)
(0.364567107588 0.168231240439 -0.5)
(0.3696745554 0.168231240439 -0.5)
(0.374693159363 0.168231240439 -0.5)
(0.379624464911 0.168231240439 -0.5)
(0.384469990597 0.168231240439 -0.5)
(0.389231228557 0.168231240439 -0.5)
(0.393909644975 0.168231240439 -0.5)
(0.398506680527 0.168231240439 -0.5)
(0.403023750829 0.168231240439 -0.5)
(0.407462246876 0.168231240439 -0.5)
(0.411823535461 0.168231240439 -0.5)
(0.416108959606 0.168231240439 -0.5)
(0.420319838971 0.168231240439 -0.5)
(0.424457470258 0.168231240439 -0.5)
(0.428523127614 0.168231240439 -0.5)
(0.432518063024 0.168231240439 -0.5)
(0.436443506693 0.168231240439 -0.5)
(0.440300667427 0.168231240439 -0.5)
(0.444090733004 0.168231240439 -0.5)
(0.447814870543 0.168231240439 -0.5)
(0.451474226859 0.168231240439 -0.5)
(0.455069928818 0.168231240439 -0.5)
(0.458603083686 0.168231240439 -0.5)
(0.462074779467 0.168231240439 -0.5)
(0.465486085239 0.168231240439 -0.5)
(0.468838051484 0.168231240439 -0.5)
(0.472131710411 0.168231240439 -0.5)
(0.475368076273 0.168231240439 -0.5)
(0.478548145681 0.168231240439 -0.5)
(0.481672897908 0.168231240439 -0.5)
(0.484743295197 0.168231240439 -0.5)
(0.487760283047 0.168231240439 -0.5)
(0.490724790515 0.168231240439 -0.5)
(0.493637730495 0.168231240439 -0.5)
(0.4965 0.168231240439 -0.5)
(0 0.178365682506 -0.5)
(0.0114490780216 0.178365682506 -0.5)
(0.0226989997904 0.178365682506 -0.5)
(0.0337532296213 0.178365682506 -0.5)
(0.0446151715679 0.178365682506 -0.5)
(0.0552881704701 0.178365682506 -0.5)
(0.0657755129847 0.178365682506 -0.5)
(0.0760804285969 0.178365682506 -0.5)
(0.0862060906156 0.178365682506 -0.5)
(0.0961556171497 0.178365682506 -0.5)
(0.105932072069 0.178365682506 -0.5)
(0.115538465947 0.178365682506 -0.5)
(0.124977756989 0.178365682506 -0.5)
(0.134252851942 0.178365682506 -0.5)
(0.143366606991 0.178365682506 -0.5)
(0.152321828636 0.178365682506 -0.5)
(0.16112127456 0.178365682506 -0.5)
(0.169767654475 0.178365682506 -0.5)
(0.178263630958 0.178365682506 -0.5)
(0.186611820272 0.178365682506 -0.5)
(0.194814793167 0.178365682506 -0.5)
(0.202875075678 0.178365682506 -0.5)
(0.210795149898 0.178365682506 -0.5)
(0.218577454744 0.178365682506 -0.5)
(0.226224386711 0.178365682506 -0.5)
(0.233738300602 0.178365682506 -0.5)
(0.241121510263 0.178365682506 -0.5)
(0.248376289287 0.178365682506 -0.5)
(0.255504871722 0.178365682506 -0.5)
(0.262509452752 0.178365682506 -0.5)
(0.269392189375 0.178365682506 -0.5)
(0.276155201071 0.178365682506 -0.5)
(0.28280057045 0.178365682506 -0.5)
(0.289330343895 0.178365682506 -0.5)
(0.295746532193 0.178365682506 -0.5)
(0.302051111153 0.178365682506 -0.5)
(0.308246022215 0.178365682506 -0.5)
(0.314333173048 0.178365682506 -0.5)
(0.320314438136 0.178365682506 -0.5)
(0.326191659358 0.178365682506 -0.5)
(0.331966646552 0.178365682506 -0.5)
(0.337641178076 0.178365682506 -0.5)
(0.343217001352 0.178365682506 -0.5)
(0.348695833406 0.178365682506 -0.5)
(0.354079361396 0.178365682506 -0.5)
(0.359369243132 0.178365682506 -0.5)
(0.364567107588 0.178365682506 -0.5)
(0.3696745554 0.178365682506 -0.5)
(0.374693159363 0.178365682506 -0.5)
(0.379624464911 0.178365682506 -0.5)
(0.384469990597 0.178365682506 -0.5)
(0.389231228557 0.178365682506 -0.5)
(0.393909644975 0.178365682506 -0.5)
(0.398506680527 0.178365682506 -0.5)
(0.403023750829 0.178365682506 -0.5)
(0.407462246876 0.178365682506 -0.5)
(0.411823535461 0.178365682506 -0.5)
(0.416108959606 0.178365682506 -0.5)
(0.420319838971 0.178365682506 -0.5)
(0.424457470258 0.178365682506 -0.5)
(0.428523127614 0.178365682506 -0.5)
(0.432518063024 0.178365682506 -0.5)
(0.436443506693 0.178365682506 -0.5)
(0.440300667427 0.178365682506 -0.5)
(0.444090733004 0.178365682506 -0.5)
(0.447814870543 0.178365682506 -0.5)
(0.451474226859 0.178365682506 -0.5)
(0.455069928818 0.178365682506 -0.5)
(0.458603083686 0.178365682506 -0.5)
(0.462074779467 0.178365682506 -0.5)
(0.465486085239 0.178365682506 -0.5)
(0.468838051484 0.178365682506 -0.5)
(0.472131710411 0.178365682506 -0.5)
(0.475368076273 0.178365682506 -0.5)
(0.478548145681 0.178365682506 -0.5)
(0.481672897908 0.178365682506 -0.5)
(0.484743295197 0.178365682506 -0.5)
(0.487760283047 0.178365682506 -0.5)
(0.490724790515 0.178365682506 -0.5)
(0.493637730495 0.178365682506 -0.5)
(0.4965 0.178365682506 -0.5)
(0 0.188976587856 -0.5)
(0.0114490780216 0.188976587856 -0.5)
(0.0226989997904 0.188976587856 -0.5)
(0.0337532296213 0.188976587856 -0.5)
(0.0446151715679 0.188976587856 -0.5)
(0.0552881704701 0.188976587856 -0.5)
(0.0657755129847 0.188976587856 -0.5)
(0.0760804285969 0.188976587856 -0.5)
(0.0862060906156 0.188976587856 -0.5)
(0.0961556171497 0.188976587856 -0.5)
(0.105932072069 0.188976587856 -0.5)
(0.115538465947 0.188976587856 -0.5)
(0.124977756989 0.188976587856 -0.5)
(0.134252851942 0.188976587856 -0.5)
(0.143366606991 0.188976587856 -0.5)
(0.152321828636 0.188976587856 -0.5)
(0.16112127456 0.188976587856 -0.5)
(0.169767654475 0.188976587856 -0.5)
(0.178263630958 0.188976587856 -0.5)
(0.186611820272 0.188976587856 -0.5)
(0.194814793167 0.188976587856 -0.5)
(0.202875075678 0.188976587856 -0.5)
(0.210795149898 0.188976587856 -0.5)
(0.218577454744 0.188976587856 -0.5)
(0.226224386711 0.188976587856 -0.5)
(0.233738300602 0.188976587856 -0.5)
(0.241121510263 0.188976587856 -0.5)
(0.248376289287 0.188976587856 -0.5)
(0.255504871722 0.188976587856 -0.5)
(0.262509452752 0.188976587856 -0.5)
(0.269392189375 0.188976587856 -0.5)
(0.276155201071 0.188976587856 -0.5)
(0.28280057045 0.188976587856 -0.5)
(0.289330343895 0.188976587856 -0.5)
(0.295746532193 0.188976587856 -0.5)
(0.302051111153 0.188976587856 -0.5)
(0.308246022215 0.188976587856 -0.5)
(0.314333173048 0.188976587856 -0.5)
(0.320314438136 0.188976587856 -0.5)
(0.326191659358 0.188976587856 -0.5)
(0.331966646552 0.188976587856 -0.5)
(0.337641178076 0.188976587856 -0.5)
(0.343217001352 0.188976587856 -0.5)
(0.348695833406 0.188976587856 -0.5)
(0.354079361396 0.188976587856 -0.5)
(0.359369243132 0.188976587856 -0.5)
(0.364567107588 0.188976587856 -0.5)
(0.3696745554 0.188976587856 -0.5)
(0.374693159363 0.188976587856 -0.5)
(0.379624464911 0.188976587856 -0.5)
(0.384469990597 0.188976587856 -0.5)
(0.389231228557 0.188976587856 -0.5)
(0.393909644975 0.188976587856 -0.5)
(0.398506680527 0.188976587856 -0.5)
(0.403023750829 0.188976587856 -0.5)
(0.407462246876 0.188976587856 -0.5)
(0.411823535461 0.188976587856 -0.5)
(0.416108959606 0.188976587856 -0.5)
(0.420319838971 0.188976587856 -0.5)
(0.424457470258 0.188976587856 -0.5)
(0.428523127614 0.188976587856 -0.5)
(0.432518063024 0.188976587856 -0.5)
(0.436443506693 0.188976587856 -0.5)
(0.440300667427 0.188976587856 -0.5)
(0.444090733004 0.188976587856 -0.5)
(0.447814870543 0.188976587856 -0.5)
(0.451474226859 0.188976587856 -0.5)
(0.455069928818 0.188976587856 -0.5)
(0.458603083686 0.188976587856 -0.5)
(0.462074779467 0.188976587856 -0.5)
(0.465486085239 0.188976587856 -0.5)
(0.468838051484 0.188976587856 -0.5)
(0.472131710411 0.188976587856 -0.5)
(0.475368076273 0.188976587856 -0.5)
(0.478548145681 0.188976587856 -0.5)
(0.481672897908 0.188976587856 -0.5)
(0.484743295197 0.188976587856 -0.5)
(0.487760283047 0.188976587856 -0.5)
(0.490724790515 0.188976587856 -0.5)
(0.493637730495 0.188976587856 -0.5)
(0.4965 0.188976587856 -0.5)
(0 0.200086357055 -0.5)
(0.0114490780216 0.200086357055 -0.5)
(0.0226989997904 0.200086357055 -0.5)
(0.0337532296213 0.200086357055 -0.5)
(0.0446151715679 0.200086357055 -0.5)
(0.0552881704701 0.200086357055 -0.5)
(0.0657755129847 0.200086357055 -0.5)
(0.0760804285969 0.200086357055 -0.5)
(0.0862060906156 0.200086357055 -0.5)
(0.0961556171497 0.200086357055 -0.5)
(0.105932072069 0.200086357055 -0.5)
(0.115538465947 0.200086357055 -0.5)
(0.124977756989 0.200086357055 -0.5)
(0.134252851942 0.200086357055 -0.5)
(0.143366606991 0.200086357055 -0.5)
(0.152321828636 0.200086357055 -0.5)
(0.16112127456 0.200086357055 -0.5)
(0.169767654475 0.200086357055 -0.5)
(0.178263630958 0.200086357055 -0.5)
(0.186611820272 0.200086357055 -0.5)
(0.194814793167 0.200086357055 -0.5)
(0.202875075678 0.200086357055 -0.5)
(0.210795149898 0.200086357055 -0.5)
(0.218577454744 0.200086357055 -0.5)
(0.226224386711 0.200086357055 -0.5)
(0.233738300602 0.200086357055 -0.5)
(0.241121510263 0.200086357055 -0.5)
(0.248376289287 0.200086357055 -0.5)
(0.255504871722 0.200086357055 -0.5)
(0.262509452752 0.200086357055 -0.5)
(0.269392189375 0.200086357055 -0.5)
(0.276155201071 0.200086357055 -0.5)
(0.28280057045 0.200086357055 -0.5)
(0.289330343895 0.200086357055 -0.5)
(0.295746532193 0.200086357055 -0.5)
(0.302051111153 0.200086357055 -0.5)
(0.308246022215 0.200086357055 -0.5)
(0.314333173048 0.200086357055 -0.5)
(0.320314438136 0.200086357055 -0.5)
(0.326191659358 0.200086357055 -0.5)
(0.331966646552 0.200086357055 -0.5)
(0.337641178076 0.200086357055 -0.5)
(0.343217001352 0.200086357055 -0.5)
(0.348695833406 0.200086357055 -0.5)
(0.354079361396 0.200086357055 -0.5)
(0.359369243132 0.200086357055 -0.5)
(0.364567107588 0.200086357055 -0.5)
(0.3696745554 0.200086357055 -0.5)
(0.374693159363 0.200086357055 -0.5)
(0.379624464911 0.200086357055 -0.5)
(0.384469990597 0.200086357055 -0.5)
(0.389231228557 0.200086357055 -0.5)
(0.393909644975 0.200086357055 -0.5)
(0.398506680527 0.200086357055 -0.5)
(0.403023750829 0.200086357055 -0.5)
(0.407462246876 0.200086357055 -0.5)
(0.411823535461 0.200086357055 -0.5)
(0.416108959606 0.200086357055 -0.5)
(0.420319838971 0.200086357055 -0.5)
(0.424457470258 0.200086357055 -0.5)
(0.428523127614 0.200086357055 -0.5)
(0.432518063024 0.200086357055 -0.5)
(0.436443506693 0.200086357055 -0.5)
(0.440300667427 0.200086357055 -0.5)
(0.444090733004 0.200086357055 -0.5)
(0.447814870543 0.200086357055 -0.5)
(0.451474226859 0.200086357055 -0.5)
(0.455069928818 0.200086357055 -0.5)
(0.458603083686 0.200086357055 -0.5)
(0.462074779467 0.200086357055 -0.5)
(0.465486085239 0.200086357055 -0.5)
(0.468838051484 0.200086357055 -0.5)
(0.472131710411 0.200086357055 -0.5)
(0.475368076273 0.200086357055 -0.5)
(0.478548145681 0.200086357055 -0.5)
(0.481672897908 0.200086357055 -0.5)
(0.484743295197 0.200086357055 -0.5)
(0.487760283047 0.200086357055 -0.5)
(0.490724790515 0.200086357055 -0.5)
(0.493637730495 0.200086357055 -0.5)
(0.4965 0.200086357055 -0.5)
(0 0.211718443818 -0.5)
(0.0114490780216 0.211718443818 -0.5)
(0.0226989997904 0.211718443818 -0.5)
(0.0337532296213 0.211718443818 -0.5)
(0.0446151715679 0.211718443818 -0.5)
(0.0552881704701 0.211718443818 -0.5)
(0.0657755129847 0.211718443818 -0.5)
(0.0760804285969 0.211718443818 -0.5)
(0.0862060906156 0.211718443818 -0.5)
(0.0961556171497 0.211718443818 -0.5)
(0.105932072069 0.211718443818 -0.5)
(0.115538465947 0.211718443818 -0.5)
(0.124977756989 0.211718443818 -0.5)
(0.134252851942 0.211718443818 -0.5)
(0.143366606991 0.211718443818 -0.5)
(0.152321828636 0.211718443818 -0.5)
(0.16112127456 0.211718443818 -0.5)
(0.169767654475 0.211718443818 -0.5)
(0.178263630958 0.211718443818 -0.5)
(0.186611820272 0.211718443818 -0.5)
(0.194814793167 0.211718443818 -0.5)
(0.202875075678 0.211718443818 -0.5)
(0.210795149898 0.211718443818 -0.5)
(0.218577454744 0.211718443818 -0.5)
(0.226224386711 0.211718443818 -0.5)
(0.233738300602 0.211718443818 -0.5)
(0.241121510263 0.211718443818 -0.5)
(0.248376289287 0.211718443818 -0.5)
(0.255504871722 0.211718443818 -0.5)
(0.262509452752 0.211718443818 -0.5)
(0.269392189375 0.211718443818 -0.5)
(0.276155201071 0.211718443818 -0.5)
(0.28280057045 0.211718443818 -0.5)
(0.289330343895 0.211718443818 -0.5)
(0.295746532193 0.211718443818 -0.5)
(0.302051111153 0.211718443818 -0.5)
(0.308246022215 0.211718443818 -0.5)
(0.314333173048 0.211718443818 -0.5)
(0.320314438136 0.211718443818 -0.5)
(0.326191659358 0.211718443818 -0.5)
(0.331966646552 0.211718443818 -0.5)
(0.337641178076 0.211718443818 -0.5)
(0.343217001352 0.211718443818 -0.5)
(0.348695833406 0.211718443818 -0.5)
(0.354079361396 0.211718443818 -0.5)
(0.359369243132 0.211718443818 -0.5)
(0.364567107588 0.211718443818 -0.5)
(0.3696745554 0.211718443818 -0.5)
(0.374693159363 0.211718443818 -0.5)
(0.379624464911 0.211718443818 -0.5)
(0.384469990597 0.211718443818 -0.5)
(0.389231228557 0.211718443818 -0.5)
(0.393909644975 0.211718443818 -0.5)
(0.398506680527 0.211718443818 -0.5)
(0.403023750829 0.211718443818 -0.5)
(0.407462246876 0.211718443818 -0.5)
(0.411823535461 0.211718443818 -0.5)
(0.416108959606 0.211718443818 -0.5)
(0.420319838971 0.211718443818 -0.5)
(0.424457470258 0.211718443818 -0.5)
(0.428523127614 0.211718443818 -0.5)
(0.432518063024 0.211718443818 -0.5)
(0.436443506693 0.211718443818 -0.5)
(0.440300667427 0.211718443818 -0.5)
(0.444090733004 0.211718443818 -0.5)
(0.447814870543 0.211718443818 -0.5)
(0.451474226859 0.211718443818 -0.5)
(0.455069928818 0.211718443818 -0.5)
(0.458603083686 0.211718443818 -0.5)
(0.462074779467 0.211718443818 -0.5)
(0.465486085239 0.211718443818 -0.5)
(0.468838051484 0.211718443818 -0.5)
(0.472131710411 0.211718443818 -0.5)
(0.475368076273 0.211718443818 -0.5)
(0.478548145681 0.211718443818 -0.5)
(0.481672897908 0.211718443818 -0.5)
(0.484743295197 0.211718443818 -0.5)
(0.487760283047 0.211718443818 -0.5)
(0.490724790515 0.211718443818 -0.5)
(0.493637730495 0.211718443818 -0.5)
(0.4965 0.211718443818 -0.5)
(0 0.223897404519 -0.5)
(0.0114490780216 0.223897404519 -0.5)
(0.0226989997904 0.223897404519 -0.5)
(0.0337532296213 0.223897404519 -0.5)
(0.0446151715679 0.223897404519 -0.5)
(0.0552881704701 0.223897404519 -0.5)
(0.0657755129847 0.223897404519 -0.5)
(0.0760804285969 0.223897404519 -0.5)
(0.0862060906156 0.223897404519 -0.5)
(0.0961556171497 0.223897404519 -0.5)
(0.105932072069 0.223897404519 -0.5)
(0.115538465947 0.223897404519 -0.5)
(0.124977756989 0.223897404519 -0.5)
(0.134252851942 0.223897404519 -0.5)
(0.143366606991 0.223897404519 -0.5)
(0.152321828636 0.223897404519 -0.5)
(0.16112127456 0.223897404519 -0.5)
(0.169767654475 0.223897404519 -0.5)
(0.178263630958 0.223897404519 -0.5)
(0.186611820272 0.223897404519 -0.5)
(0.194814793167 0.223897404519 -0.5)
(0.202875075678 0.223897404519 -0.5)
(0.210795149898 0.223897404519 -0.5)
(0.218577454744 0.223897404519 -0.5)
(0.226224386711 0.223897404519 -0.5)
(0.233738300602 0.223897404519 -0.5)
(0.241121510263 0.223897404519 -0.5)
(0.248376289287 0.223897404519 -0.5)
(0.255504871722 0.223897404519 -0.5)
(0.262509452752 0.223897404519 -0.5)
(0.269392189375 0.223897404519 -0.5)
(0.276155201071 0.223897404519 -0.5)
(0.28280057045 0.223897404519 -0.5)
(0.289330343895 0.223897404519 -0.5)
(0.295746532193 0.223897404519 -0.5)
(0.302051111153 0.223897404519 -0.5)
(0.308246022215 0.223897404519 -0.5)
(0.314333173048 0.223897404519 -0.5)
(0.320314438136 0.223897404519 -0.5)
(0.326191659358 0.223897404519 -0.5)
(0.331966646552 0.223897404519 -0.5)
(0.337641178076 0.223897404519 -0.5)
(0.343217001352 0.223897404519 -0.5)
(0.348695833406 0.223897404519 -0.5)
(0.354079361396 0.223897404519 -0.5)
(0.359369243132 0.223897404519 -0.5)
(0.364567107588 0.223897404519 -0.5)
(0.3696745554 0.223897404519 -0.5)
(0.374693159363 0.223897404519 -0.5)
(0.379624464911 0.223897404519 -0.5)
(0.384469990597 0.223897404519 -0.5)
(0.389231228557 0.223897404519 -0.5)
(0.393909644975 0.223897404519 -0.5)
(0.398506680527 0.223897404519 -0.5)
(0.403023750829 0.223897404519 -0.5)
(0.407462246876 0.223897404519 -0.5)
(0.411823535461 0.223897404519 -0.5)
(0.416108959606 0.223897404519 -0.5)
(0.420319838971 0.223897404519 -0.5)
(0.424457470258 0.223897404519 -0.5)
(0.428523127614 0.223897404519 -0.5)
(0.432518063024 0.223897404519 -0.5)
(0.436443506693 0.223897404519 -0.5)
(0.440300667427 0.223897404519 -0.5)
(0.444090733004 0.223897404519 -0.5)
(0.447814870543 0.223897404519 -0.5)
(0.451474226859 0.223897404519 -0.5)
(0.455069928818 0.223897404519 -0.5)
(0.458603083686 0.223897404519 -0.5)
(0.462074779467 0.223897404519 -0.5)
(0.465486085239 0.223897404519 -0.5)
(0.468838051484 0.223897404519 -0.5)
(0.472131710411 0.223897404519 -0.5)
(0.475368076273 0.223897404519 -0.5)
(0.478548145681 0.223897404519 -0.5)
(0.481672897908 0.223897404519 -0.5)
(0.484743295197 0.223897404519 -0.5)
(0.487760283047 0.223897404519 -0.5)
(0.490724790515 0.223897404519 -0.5)
(0.493637730495 0.223897404519 -0.5)
(0.4965 0.223897404519 -0.5)
(0 0.236648950029 -0.5)
(0.0114490780216 0.236648950029 -0.5)
(0.0226989997904 0.236648950029 -0.5)
(0.0337532296213 0.236648950029 -0.5)
(0.0446151715679 0.236648950029 -0.5)
(0.0552881704701 0.236648950029 -0.5)
(0.0657755129847 0.236648950029 -0.5)
(0.0760804285969 0.236648950029 -0.5)
(0.0862060906156 0.236648950029 -0.5)
(0.0961556171497 0.236648950029 -0.5)
(0.105932072069 0.236648950029 -0.5)
(0.115538465947 0.236648950029 -0.5)
(0.124977756989 0.236648950029 -0.5)
(0.134252851942 0.236648950029 -0.5)
(0.143366606991 0.236648950029 -0.5)
(0.152321828636 0.236648950029 -0.5)
(0.16112127456 0.236648950029 -0.5)
(0.169767654475 0.236648950029 -0.5)
(0.178263630958 0.236648950029 -0.5)
(0.186611820272 0.236648950029 -0.5)
(0.194814793167 0.236648950029 -0.5)
(0.202875075678 0.236648950029 -0.5)
(0.210795149898 0.236648950029 -0.5)
(0.218577454744 0.236648950029 -0.5)
(0.226224386711 0.236648950029 -0.5)
(0.233738300602 0.236648950029 -0.5)
(0.241121510263 0.236648950029 -0.5)
(0.248376289287 0.236648950029 -0.5)
(0.255504871722 0.236648950029 -0.5)
(0.262509452752 0.236648950029 -0.5)
(0.269392189375 0.236648950029 -0.5)
(0.276155201071 0.236648950029 -0.5)
(0.28280057045 0.236648950029 -0.5)
(0.289330343895 0.236648950029 -0.5)
(0.295746532193 0.236648950029 -0.5)
(0.302051111153 0.236648950029 -0.5)
(0.308246022215 0.236648950029 -0.5)
(0.314333173048 0.236648950029 -0.5)
(0.320314438136 0.236648950029 -0.5)
(0.326191659358 0.236648950029 -0.5)
(0.331966646552 0.236648950029 -0.5)
(0.337641178076 0.236648950029 -0.5)
(0.343217001352 0.236648950029 -0.5)
(0.348695833406 0.236648950029 -0.5)
(0.354079361396 0.236648950029 -0.5)
(0.359369243132 0.236648950029 -0.5)
(0.364567107588 0.236648950029 -0.5)
(0.3696745554 0.236648950029 -0.5)
(0.374693159363 0.236648950029 -0.5)
(0.379624464911 0.236648950029 -0.5)
(0.384469990597 0.236648950029 -0.5)
(0.389231228557 0.236648950029 -0.5)
(0.393909644975 0.236648950029 -0.5)
(0.398506680527 0.236648950029 -0.5)
(0.403023750829 0.236648950029 -0.5)
(0.407462246876 0.236648950029 -0.5)
(0.411823535461 0.236648950029 -0.5)
(0.416108959606 0.236648950029 -0.5)
(0.420319838971 0.236648950029 -0.5)
(0.424457470258 0.236648950029 -0.5)
(0.428523127614 0.236648950029 -0.5)
(0.432518063024 0.236648950029 -0.5)
(0.436443506693 0.236648950029 -0.5)
(0.440300667427 0.236648950029 -0.5)
(0.444090733004 0.236648950029 -0.5)
(0.447814870543 0.236648950029 -0.5)
(0.451474226859 0.236648950029 -0.5)
(0.455069928818 0.236648950029 -0.5)
(0.458603083686 0.236648950029 -0.5)
(0.462074779467 0.236648950029 -0.5)
(0.465486085239 0.236648950029 -0.5)
(0.468838051484 0.236648950029 -0.5)
(0.472131710411 0.236648950029 -0.5)
(0.475368076273 0.236648950029 -0.5)
(0.478548145681 0.236648950029 -0.5)
(0.481672897908 0.236648950029 -0.5)
(0.484743295197 0.236648950029 -0.5)
(0.487760283047 0.236648950029 -0.5)
(0.490724790515 0.236648950029 -0.5)
(0.493637730495 0.236648950029 -0.5)
(0.4965 0.236648950029 -0.5)
(0 0.25 -0.5)
(0.0114490780216 0.25 -0.5)
(0.0226989997904 0.25 -0.5)
(0.0337532296213 0.25 -0.5)
(0.0446151715679 0.25 -0.5)
(0.0552881704701 0.25 -0.5)
(0.0657755129847 0.25 -0.5)
(0.0760804285969 0.25 -0.5)
(0.0862060906156 0.25 -0.5)
(0.0961556171497 0.25 -0.5)
(0.105932072069 0.25 -0.5)
(0.115538465947 0.25 -0.5)
(0.124977756989 0.25 -0.5)
(0.134252851942 0.25 -0.5)
(0.143366606991 0.25 -0.5)
(0.152321828636 0.25 -0.5)
(0.16112127456 0.25 -0.5)
(0.169767654475 0.25 -0.5)
(0.178263630958 0.25 -0.5)
(0.186611820272 0.25 -0.5)
(0.194814793167 0.25 -0.5)
(0.202875075678 0.25 -0.5)
(0.210795149898 0.25 -0.5)
(0.218577454744 0.25 -0.5)
(0.226224386711 0.25 -0.5)
(0.233738300602 0.25 -0.5)
(0.241121510263 0.25 -0.5)
(0.248376289287 0.25 -0.5)
(0.255504871722 0.25 -0.5)
(0.262509452752 0.25 -0.5)
(0.269392189375 0.25 -0.5)
(0.276155201071 0.25 -0.5)
(0.28280057045 0.25 -0.5)
(0.289330343895 0.25 -0.5)
(0.295746532193 0.25 -0.5)
(0.302051111153 0.25 -0.5)
(0.308246022215 0.25 -0.5)
(0.314333173048 0.25 -0.5)
(0.320314438136 0.25 -0.5)
(0.326191659358 0.25 -0.5)
(0.331966646552 0.25 -0.5)
(0.337641178076 0.25 -0.5)
(0.343217001352 0.25 -0.5)
(0.348695833406 0.25 -0.5)
(0.354079361396 0.25 -0.5)
(0.359369243132 0.25 -0.5)
(0.364567107588 0.25 -0.5)
(0.3696745554 0.25 -0.5)
(0.374693159363 0.25 -0.5)
(0.379624464911 0.25 -0.5)
(0.384469990597 0.25 -0.5)
(0.389231228557 0.25 -0.5)
(0.393909644975 0.25 -0.5)
(0.398506680527 0.25 -0.5)
(0.403023750829 0.25 -0.5)
(0.407462246876 0.25 -0.5)
(0.411823535461 0.25 -0.5)
(0.416108959606 0.25 -0.5)
(0.420319838971 0.25 -0.5)
(0.424457470258 0.25 -0.5)
(0.428523127614 0.25 -0.5)
(0.432518063024 0.25 -0.5)
(0.436443506693 0.25 -0.5)
(0.440300667427 0.25 -0.5)
(0.444090733004 0.25 -0.5)
(0.447814870543 0.25 -0.5)
(0.451474226859 0.25 -0.5)
(0.455069928818 0.25 -0.5)
(0.458603083686 0.25 -0.5)
(0.462074779467 0.25 -0.5)
(0.465486085239 0.25 -0.5)
(0.468838051484 0.25 -0.5)
(0.472131710411 0.25 -0.5)
(0.475368076273 0.25 -0.5)
(0.478548145681 0.25 -0.5)
(0.481672897908 0.25 -0.5)
(0.484743295197 0.25 -0.5)
(0.487760283047 0.25 -0.5)
(0.490724790515 0.25 -0.5)
(0.493637730495 0.25 -0.5)
(0.4965 0.25 -0.5)
(0 0 0.5)
(0.0114490780216 0 0.5)
(0.0226989997904 0 0.5)
(0.0337532296213 0 0.5)
(0.0446151715679 0 0.5)
(0.0552881704701 0 0.5)
(0.0657755129847 0 0.5)
(0.0760804285969 0 0.5)
(0.0862060906156 0 0.5)
(0.0961556171497 0 0.5)
(0.105932072069 0 0.5)
(0.115538465947 0 0.5)
(0.124977756989 0 0.5)
(0.134252851942 0 0.5)
(0.143366606991 0 0.5)
(0.152321828636 0 0.5)
(0.16112127456 0 0.5)
(0.169767654475 0 0.5)
(0.178263630958 0 0.5)
(0.186611820272 0 0.5)
(0.194814793167 0 0.5)
(0.202875075678 0 0.5)
(0.210795149898 0 0.5)
(0.218577454744 0 0.5)
(0.226224386711 0 0.5)
(0.233738300602 0 0.5)
(0.241121510263 0 0.5)
(0.248376289287 0 0.5)
(0.255504871722 0 0.5)
(0.262509452752 0 0.5)
(0.269392189375 0 0.5)
(0.276155201071 0 0.5)
(0.28280057045 0 0.5)
(0.289330343895 0 0.5)
(0.295746532193 0 0.5)
(0.302051111153 0 0.5)
(0.308246022215 0 0.5)
(0.314333173048 0 0.5)
(0.320314438136 0 0.5)
(0.326191659358 0 0.5)
(0.331966646552 0 0.5)
(0.337641178076 0 0.5)
(0.343217001352 0 0.5)
(0.348695833406 0 0.5)
(0.354079361396 0 0.5)
(0.359369243132 0 0.5)
(0.364567107588 0 0.5)
(0.3696745554 0 0.5)
(0.374693159363 0 0.5)
(0.379624464911 0 0.5)
(0.384469990597 0 0.5)
(0.389231228557 0 0.5)
(0.393909644975 0 0.5)
(0.398506680527 0 0.5)
(0.403023750829 0 0.5)
(0.407462246876 0 0.5)
(0.411823535461 0 0.5)
(0.416108959606 0 0.5)
(0.420319838971 0 0.5)
(0.424457470258 0 0.5)
(0.428523127614 0 0.5)
(0.432518063024 0 0.5)
(0.436443506693 0 0.5)
(0.440300667427 0 0.5)
(0.444090733004 0 0.5)
(0.447814870543 0 0.5)
(0.451474226859 0 0.5)
(0.455069928818 0 0.5)
(0.458603083686 0 0.5)
(0.462074779467 0 0.5)
(0.465486085239 0 0.5)
(0.468838051484 0 0.5)
(0.472131710411 0 0.5)
(0.475368076273 0 0.5)
(0.478548145681 0 0.5)
(0.481672897908 0 0.5)
(0.484743295197 0 0.5)
(0.487760283047 0 0.5)
(0.490724790515 0 0.5)
(0.493637730495 0 0.5)
(0.4965 0 0.5)
(0 0.00222517499515 0.5)
(0.0114490780216 0.00222517499515 0.5)
(0.0226989997904 0.00222517499515 0.5)
(0.0337532296213 0.00222517499515 0.5)
(0.0446151715679 0.00222517499515 0.5)
(0.0552881704701 0.00222517499515 0.5)
(0.0657755129847 0.00222517499515 0.5)
(0.0760804285969 0.00222517499515 0.5)
(0.0862060906156 0.00222517499515 0.5)
(0.0961556171497 0.00222517499515 0.5)
(0.105932072069 0.00222517499515 0.5)
(0.115538465947 0.00222517499515 0.5)
(0.124977756989 0.00222517499515 0.5)
(0.134252851942 0.00222517499515 0.5)
(0.143366606991 0.00222517499515 0.5)
(0.152321828636 0.00222517499515 0.5)
(0.16112127456 0.00222517499515 0.5)
(0.169767654475 0.00222517499515 0.5)
(0.178263630958 0.00222517499515 0.5)
(0.186611820272 0.00222517499515 0.5)
(0.194814793167 0.00222517499515 0.5)
(0.202875075678 0.00222517499515 0.5)
(0.210795149898 0.00222517499515 0.5)
(0.218577454744 0.00222517499515 0.5)
(0.226224386711 0.00222517499515 0.5)
(0.233738300602 0.00222517499515 0.5)
(0.241121510263 0.00222517499515 0.5)
(0.248376289287 0.00222517499515 0.5)
(0.255504871722 0.00222517499515 0.5)
(0.262509452752 0.00222517499515 0.5)
(0.269392189375 0.00222517499515 0.5)
(0.276155201071 0.00222517499515 0.5)
(0.28280057045 0.00222517499515 0.5)
(0.289330343895 0.00222517499515 0.5)
(0.295746532193 0.00222517499515 0.5)
(0.302051111153 0.00222517499515 0.5)
(0.308246022215 0.00222517499515 0.5)
(0.314333173048 0.00222517499515 0.5)
(0.320314438136 0.00222517499515 0.5)
(0.326191659358 0.00222517499515 0.5)
(0.331966646552 0.00222517499515 0.5)
(0.337641178076 0.00222517499515 0.5)
(0.343217001352 0.00222517499515 0.5)
(0.348695833406 0.00222517499515 0.5)
(0.354079361396 0.00222517499515 0.5)
(0.359369243132 0.00222517499515 0.5)
(0.364567107588 0.00222517499515 0.5)
(0.3696745554 0.00222517499515 0.5)
(0.374693159363 0.00222517499515 0.5)
(0.379624464911 0.00222517499515 0.5)
(0.384469990597 0.00222517499515 0.5)
(0.389231228557 0.00222517499515 0.5)
(0.393909644975 0.00222517499515 0.5)
(0.398506680527 0.00222517499515 0.5)
(0.403023750829 0.00222517499515 0.5)
(0.407462246876 0.00222517499515 0.5)
(0.411823535461 0.00222517499515 0.5)
(0.416108959606 0.00222517499515 0.5)
(0.420319838971 0.00222517499515 0.5)
(0.424457470258 0.00222517499515 0.5)
(0.428523127614 0.00222517499515 0.5)
(0.432518063024 0.00222517499515 0.5)
(0.436443506693 0.00222517499515 0.5)
(0.440300667427 0.00222517499515 0.5)
(0.444090733004 0.00222517499515 0.5)
(0.447814870543 0.00222517499515 0.5)
(0.451474226859 0.00222517499515 0.5)
(0.455069928818 0.00222517499515 0.5)
(0.458603083686 0.00222517499515 0.5)
(0.462074779467 0.00222517499515 0.5)
(0.465486085239 0.00222517499515 0.5)
(0.468838051484 0.00222517499515 0.5)
(0.472131710411 0.00222517499515 0.5)
(0.475368076273 0.00222517499515 0.5)
(0.478548145681 0.00222517499515 0.5)
(0.481672897908 0.00222517499515 0.5)
(0.484743295197 0.00222517499515 0.5)
(0.487760283047 0.00222517499515 0.5)
(0.490724790515 0.00222517499515 0.5)
(0.493637730495 0.00222517499515 0.5)
(0.4965 0.00222517499515 0.5)
(0 0.00455496494335 0.5)
(0.0114490780216 0.00455496494335 0.5)
(0.0226989997904 0.00455496494335 0.5)
(0.0337532296213 0.00455496494335 0.5)
(0.0446151715679 0.00455496494335 0.5)
(0.0552881704701 0.00455496494335 0.5)
(0.0657755129847 0.00455496494335 0.5)
(0.0760804285969 0.00455496494335 0.5)
(0.0862060906156 0.00455496494335 0.5)
(0.0961556171497 0.00455496494335 0.5)
(0.105932072069 0.00455496494335 0.5)
(0.115538465947 0.00455496494335 0.5)
(0.124977756989 0.00455496494335 0.5)
(0.134252851942 0.00455496494335 0.5)
(0.143366606991 0.00455496494335 0.5)
(0.152321828636 0.00455496494335 0.5)
(0.16112127456 0.00455496494335 0.5)
(0.169767654475 0.00455496494335 0.5)
(0.178263630958 0.00455496494335 0.5)
(0.186611820272 0.00455496494335 0.5)
(0.194814793167 0.00455496494335 0.5)
(0.202875075678 0.00455496494335 0.5)
(0.210795149898 0.00455496494335 0.5)
(0.218577454744 0.00455496494335 0.5)
(0.226224386711 0.00455496494335 0.5)
(0.233738300602 0.00455496494335 0.5)
(0.241121510263 0.00455496494335 0.5)
(0.248376289287 0.00455496494335 0.5)
(0.255504871722 0.00455496494335 0.5)
(0.262509452752 0.00455496494335 0.5)
(0.269392189375 0.00455496494335 0.5)
(0.276155201071 0.00455496494335 0.5)
(0.28280057045 0.00455496494335 0.5)
(0.289330343895 0.00455496494335 0.5)
(0.295746532193 0.00455496494335 0.5)
(0.302051111153 0.00455496494335 0.5)
(0.308246022215 0.00455496494335 0.5)
(0.314333173048 0.00455496494335 0.5)
(0.320314438136 0.00455496494335 0.5)
(0.326191659358 0.00455496494335 0.5)
(0.331966646552 0.00455496494335 0.5)
(0.337641178076 0.00455496494335 0.5)
(0.343217001352 0.00455496494335 0.5)
(0.348695833406 0.00455496494335 0.5)
(0.354079361396 0.00455496494335 0.5)
(0.359369243132 0.00455496494335 0.5)
(0.364567107588 0.00455496494335 0.5)
(0.3696745554 0.00455496494335 0.5)
(0.374693159363 0.00455496494335 0.5)
(0.379624464911 0.00455496494335 0.5)
(0.384469990597 0.00455496494335 0.5)
(0.389231228557 0.00455496494335 0.5)
(0.393909644975 0.00455496494335 0.5)
(0.398506680527 0.00455496494335 0.5)
(0.403023750829 0.00455496494335 0.5)
(0.407462246876 0.00455496494335 0.5)
(0.411823535461 0.00455496494335 0.5)
(0.416108959606 0.00455496494335 0.5)
(0.420319838971 0.00455496494335 0.5)
(0.424457470258 0.00455496494335 0.5)
(0.428523127614 0.00455496494335 0.5)
(0.432518063024 0.00455496494335 0.5)
(0.436443506693 0.00455496494335 0.5)
(0.440300667427 0.00455496494335 0.5)
(0.444090733004 0.00455496494335 0.5)
(0.447814870543 0.00455496494335 0.5)
(0.451474226859 0.00455496494335 0.5)
(0.455069928818 0.00455496494335 0.5)
(0.458603083686 0.00455496494335 0.5)
(0.462074779467 0.00455496494335 0.5)
(0.465486085239 0.00455496494335 0.5)
(0.468838051484 0.00455496494335 0.5)
(0.472131710411 0.00455496494335 0.5)
(0.475368076273 0.00455496494335 0.5)
(0.478548145681 0.00455496494335 0.5)
(0.481672897908 0.00455496494335 0.5)
(0.484743295197 0.00455496494335 0.5)
(0.487760283047 0.00455496494335 0.5)
(0.490724790515 0.00455496494335 0.5)
(0.493637730495 0.00455496494335 0.5)
(0.4965 0.00455496494335 0.5)
(0 0.00699428823907 0.5)
(0.0114490780216 0.00699428823907 0.5)
(0.0226989997904 0.00699428823907 0.5)
(0.0337532296213 0.00699428823907 0.5)
(0.0446151715679 0.00699428823907 0.5)
(0.0552881704701 0.00699428823907 0.5)
(0.0657755129847 0.00699428823907 0.5)
(0.0760804285969 0.00699428823907 0.5)
(0.0862060906156 0.00699428823907 0.5)
(0.0961556171497 0.00699428823907 0.5)
(0.105932072069 0.00699428823907 0.5)
(0.115538465947 0.00699428823907 0.5)
(0.124977756989 0.00699428823907 0.5)
(0.134252851942 0.00699428823907 0.5)
(0.143366606991 0.00699428823907 0.5)
(0.152321828636 0.00699428823907 0.5)
(0.16112127456 0.00699428823907 0.5)
(0.169767654475 0.00699428823907 0.5)
(0.178263630958 0.00699428823907 0.5)
(0.186611820272 0.00699428823907 0.5)
(0.194814793167 0.00699428823907 0.5)
(0.202875075678 0.00699428823907 0.5)
(0.210795149898 0.00699428823907 0.5)
(0.218577454744 0.00699428823907 0.5)
(0.226224386711 0.00699428823907 0.5)
(0.233738300602 0.00699428823907 0.5)
(0.241121510263 0.00699428823907 0.5)
(0.248376289287 0.00699428823907 0.5)
(0.255504871722 0.00699428823907 0.5)
(0.262509452752 0.00699428823907 0.5)
(0.269392189375 0.00699428823907 0.5)
(0.276155201071 0.00699428823907 0.5)
(0.28280057045 0.00699428823907 0.5)
(0.289330343895 0.00699428823907 0.5)
(0.295746532193 0.00699428823907 0.5)
(0.302051111153 0.00699428823907 0.5)
(0.308246022215 0.00699428823907 0.5)
(0.314333173048 0.00699428823907 0.5)
(0.320314438136 0.00699428823907 0.5)
(0.326191659358 0.00699428823907 0.5)
(0.331966646552 0.00699428823907 0.5)
(0.337641178076 0.00699428823907 0.5)
(0.343217001352 0.00699428823907 0.5)
(0.348695833406 0.00699428823907 0.5)
(0.354079361396 0.00699428823907 0.5)
(0.359369243132 0.00699428823907 0.5)
(0.364567107588 0.00699428823907 0.5)
(0.3696745554 0.00699428823907 0.5)
(0.374693159363 0.00699428823907 0.5)
(0.379624464911 0.00699428823907 0.5)
(0.384469990597 0.00699428823907 0.5)
(0.389231228557 0.00699428823907 0.5)
(0.393909644975 0.00699428823907 0.5)
(0.398506680527 0.00699428823907 0.5)
(0.403023750829 0.00699428823907 0.5)
(0.407462246876 0.00699428823907 0.5)
(0.411823535461 0.00699428823907 0.5)
(0.416108959606 0.00699428823907 0.5)
(0.420319838971 0.00699428823907 0.5)
(0.424457470258 0.00699428823907 0.5)
(0.428523127614 0.00699428823907 0.5)
(0.432518063024 0.00699428823907 0.5)
(0.436443506693 0.00699428823907 0.5)
(0.440300667427 0.00699428823907 0.5)
(0.444090733004 0.00699428823907 0.5)
(0.447814870543 0.00699428823907 0.5)
(0.451474226859 0.00699428823907 0.5)
(0.455069928818 0.00699428823907 0.5)
(0.458603083686 0.00699428823907 0.5)
(0.462074779467 0.00699428823907 0.5)
(0.465486085239 0.00699428823907 0.5)
(0.468838051484 0.00699428823907 0.5)
(0.472131710411 0.00699428823907 0.5)
(0.475368076273 0.00699428823907 0.5)
(0.478548145681 0.00699428823907 0.5)
(0.481672897908 0.00699428823907 0.5)
(0.484743295197 0.00699428823907 0.5)
(0.487760283047 0.00699428823907 0.5)
(0.490724790515 0.00699428823907 0.5)
(0.493637730495 0.00699428823907 0.5)
(0.4965 0.00699428823907 0.5)
(0 0.00954829451145 0.5)
(0.0114490780216 0.00954829451145 0.5)
(0.0226989997904 0.00954829451145 0.5)
(0.0337532296213 0.00954829451145 0.5)
(0.0446151715679 0.00954829451145 0.5)
(0.0552881704701 0.00954829451145 0.5)
(0.0657755129847 0.00954829451145 0.5)
(0.0760804285969 0.00954829451145 0.5)
(0.0862060906156 0.00954829451145 0.5)
(0.0961556171497 0.00954829451145 0.5)
(0.105932072069 0.00954829451145 0.5)
(0.115538465947 0.00954829451145 0.5)
(0.124977756989 0.00954829451145 0.5)
(0.134252851942 0.00954829451145 0.5)
(0.143366606991 0.00954829451145 0.5)
(0.152321828636 0.00954829451145 0.5)
(0.16112127456 0.00954829451145 0.5)
(0.169767654475 0.00954829451145 0.5)
(0.178263630958 0.00954829451145 0.5)
(0.186611820272 0.00954829451145 0.5)
(0.194814793167 0.00954829451145 0.5)
(0.202875075678 0.00954829451145 0.5)
(0.210795149898 0.00954829451145 0.5)
(0.218577454744 0.00954829451145 0.5)
(0.226224386711 0.00954829451145 0.5)
(0.233738300602 0.00954829451145 0.5)
(0.241121510263 0.00954829451145 0.5)
(0.248376289287 0.00954829451145 0.5)
(0.255504871722 0.00954829451145 0.5)
(0.262509452752 0.00954829451145 0.5)
(0.269392189375 0.00954829451145 0.5)
(0.276155201071 0.00954829451145 0.5)
(0.28280057045 0.00954829451145 0.5)
(0.289330343895 0.00954829451145 0.5)
(0.295746532193 0.00954829451145 0.5)
(0.302051111153 0.00954829451145 0.5)
(0.308246022215 0.00954829451145 0.5)
(0.314333173048 0.00954829451145 0.5)
(0.320314438136 0.00954829451145 0.5)
(0.326191659358 0.00954829451145 0.5)
(0.331966646552 0.00954829451145 0.5)
(0.337641178076 0.00954829451145 0.5)
(0.343217001352 0.00954829451145 0.5)
(0.348695833406 0.00954829451145 0.5)
(0.354079361396 0.00954829451145 0.5)
(0.359369243132 0.00954829451145 0.5)
(0.364567107588 0.00954829451145 0.5)
(0.3696745554 0.00954829451145 0.5)
(0.374693159363 0.00954829451145 0.5)
(0.379624464911 0.00954829451145 0.5)
(0.384469990597 0.00954829451145 0.5)
(0.389231228557 0.00954829451145 0.5)
(0.393909644975 0.00954829451145 0.5)
(0.398506680527 0.00954829451145 0.5)
(0.403023750829 0.00954829451145 0.5)
(0.407462246876 0.00954829451145 0.5)
(0.411823535461 0.00954829451145 0.5)
(0.416108959606 0.00954829451145 0.5)
(0.420319838971 0.00954829451145 0.5)
(0.424457470258 0.00954829451145 0.5)
(0.428523127614 0.00954829451145 0.5)
(0.432518063024 0.00954829451145 0.5)
(0.436443506693 0.00954829451145 0.5)
(0.440300667427 0.00954829451145 0.5)
(0.444090733004 0.00954829451145 0.5)
(0.447814870543 0.00954829451145 0.5)
(0.451474226859 0.00954829451145 0.5)
(0.455069928818 0.00954829451145 0.5)
(0.458603083686 0.00954829451145 0.5)
(0.462074779467 0.00954829451145 0.5)
(0.465486085239 0.00954829451145 0.5)
(0.468838051484 0.00954829451145 0.5)
(0.472131710411 0.00954829451145 0.5)
(0.475368076273 0.00954829451145 0.5)
(0.478548145681 0.00954829451145 0.5)
(0.481672897908 0.00954829451145 0.5)
(0.484743295197 0.00954829451145 0.5)
(0.487760283047 0.00954829451145 0.5)
(0.490724790515 0.00954829451145 0.5)
(0.493637730495 0.00954829451145 0.5)
(0.4965 0.00954829451145 0.5)
(0 0.0122223754956 0.5)
(0.0114490780216 0.0122223754956 0.5)
(0.0226989997904 0.0122223754956 0.5)
(0.0337532296213 0.0122223754956 0.5)
(0.0446151715679 0.0122223754956 0.5)
(0.0552881704701 0.0122223754956 0.5)
(0.0657755129847 0.0122223754956 0.5)
(0.0760804285969 0.0122223754956 0.5)
(0.0862060906156 0.0122223754956 0.5)
(0.0961556171497 0.0122223754956 0.5)
(0.105932072069 0.0122223754956 0.5)
(0.115538465947 0.0122223754956 0.5)
(0.124977756989 0.0122223754956 0.5)
(0.134252851942 0.0122223754956 0.5)
(0.143366606991 0.0122223754956 0.5)
(0.152321828636 0.0122223754956 0.5)
(0.16112127456 0.0122223754956 0.5)
(0.169767654475 0.0122223754956 0.5)
(0.178263630958 0.0122223754956 0.5)
(0.186611820272 0.0122223754956 0.5)
(0.194814793167 0.0122223754956 0.5)
(0.202875075678 0.0122223754956 0.5)
(0.210795149898 0.0122223754956 0.5)
(0.218577454744 0.0122223754956 0.5)
(0.226224386711 0.0122223754956 0.5)
(0.233738300602 0.0122223754956 0.5)
(0.241121510263 0.0122223754956 0.5)
(0.248376289287 0.0122223754956 0.5)
(0.255504871722 0.0122223754956 0.5)
(0.262509452752 0.0122223754956 0.5)
(0.269392189375 0.0122223754956 0.5)
(0.276155201071 0.0122223754956 0.5)
(0.28280057045 0.0122223754956 0.5)
(0.289330343895 0.0122223754956 0.5)
(0.295746532193 0.0122223754956 0.5)
(0.302051111153 0.0122223754956 0.5)
(0.308246022215 0.0122223754956 0.5)
(0.314333173048 0.0122223754956 0.5)
(0.320314438136 0.0122223754956 0.5)
(0.326191659358 0.0122223754956 0.5)
(0.331966646552 0.0122223754956 0.5)
(0.337641178076 0.0122223754956 0.5)
(0.343217001352 0.0122223754956 0.5)
(0.348695833406 0.0122223754956 0.5)
(0.354079361396 0.0122223754956 0.5)
(0.359369243132 0.0122223754956 0.5)
(0.364567107588 0.0122223754956 0.5)
(0.3696745554 0.0122223754956 0.5)
(0.374693159363 0.0122223754956 0.5)
(0.379624464911 0.0122223754956 0.5)
(0.384469990597 0.0122223754956 0.5)
(0.389231228557 0.0122223754956 0.5)
(0.393909644975 0.0122223754956 0.5)
(0.398506680527 0.0122223754956 0.5)
(0.403023750829 0.0122223754956 0.5)
(0.407462246876 0.0122223754956 0.5)
(0.411823535461 0.0122223754956 0.5)
(0.416108959606 0.0122223754956 0.5)
(0.420319838971 0.0122223754956 0.5)
(0.424457470258 0.0122223754956 0.5)
(0.428523127614 0.0122223754956 0.5)
(0.432518063024 0.0122223754956 0.5)
(0.436443506693 0.0122223754956 0.5)
(0.440300667427 0.0122223754956 0.5)
(0.444090733004 0.0122223754956 0.5)
(0.447814870543 0.0122223754956 0.5)
(0.451474226859 0.0122223754956 0.5)
(0.455069928818 0.0122223754956 0.5)
(0.458603083686 0.0122223754956 0.5)
(0.462074779467 0.0122223754956 0.5)
(0.465486085239 0.0122223754956 0.5)
(0.468838051484 0.0122223754956 0.5)
(0.472131710411 0.0122223754956 0.5)
(0.475368076273 0.0122223754956 0.5)
(0.478548145681 0.0122223754956 0.5)
(0.481672897908 0.0122223754956 0.5)
(0.484743295197 0.0122223754956 0.5)
(0.487760283047 0.0122223754956 0.5)
(0.490724790515 0.0122223754956 0.5)
(0.493637730495 0.0122223754956 0.5)
(0.4965 0.0122223754956 0.5)
(0 0.0150221764152 0.5)
(0.0114490780216 0.0150221764152 0.5)
(0.0226989997904 0.0150221764152 0.5)
(0.0337532296213 0.0150221764152 0.5)
(0.0446151715679 0.0150221764152 0.5)
(0.0552881704701 0.0150221764152 0.5)
(0.0657755129847 0.0150221764152 0.5)
(0.0760804285969 0.0150221764152 0.5)
(0.0862060906156 0.0150221764152 0.5)
(0.0961556171497 0.0150221764152 0.5)
(0.105932072069 0.0150221764152 0.5)
(0.115538465947 0.0150221764152 0.5)
(0.124977756989 0.0150221764152 0.5)
(0.134252851942 0.0150221764152 0.5)
(0.143366606991 0.0150221764152 0.5)
(0.152321828636 0.0150221764152 0.5)
(0.16112127456 0.0150221764152 0.5)
(0.169767654475 0.0150221764152 0.5)
(0.178263630958 0.0150221764152 0.5)
(0.186611820272 0.0150221764152 0.5)
(0.194814793167 0.0150221764152 0.5)
(0.202875075678 0.0150221764152 0.5)
(0.210795149898 0.0150221764152 0.5)
(0.218577454744 0.0150221764152 0.5)
(0.226224386711 0.0150221764152 0.5)
(0.233738300602 0.0150221764152 0.5)
(0.241121510263 0.0150221764152 0.5)
(0.248376289287 0.0150221764152 0.5)
(0.255504871722 0.0150221764152 0.5)
(0.262509452752 0.0150221764152 0.5)
(0.269392189375 0.0150221764152 0.5)
(0.276155201071 0.0150221764152 0.5)
(0.28280057045 0.0150221764152 0.5)
(0.289330343895 0.0150221764152 0.5)
(0.295746532193 0.0150221764152 0.5)
(0.302051111153 0.0150221764152 0.5)
(0.308246022215 0.0150221764152 0.5)
(0.314333173048 0.0150221764152 0.5)
(0.320314438136 0.0150221764152 0.5)
(0.326191659358 0.0150221764152 0.5)
(0.331966646552 0.0150221764152 0.5)
(0.337641178076 0.0150221764152 0.5)
(0.343217001352 0.0150221764152 0.5)
(0.348695833406 0.0150221764152 0.5)
(0.354079361396 0.0150221764152 0.5)
(0.359369243132 0.0150221764152 0.5)
(0.364567107588 0.0150221764152 0.5)
(0.3696745554 0.0150221764152 0.5)
(0.374693159363 0.0150221764152 0.5)
(0.379624464911 0.0150221764152 0.5)
(0.384469990597 0.0150221764152 0.5)
(0.389231228557 0.0150221764152 0.5)
(0.393909644975 0.0150221764152 0.5)
(0.398506680527 0.0150221764152 0.5)
(0.403023750829 0.0150221764152 0.5)
(0.407462246876 0.0150221764152 0.5)
(0.411823535461 0.0150221764152 0.5)
(0.416108959606 0.0150221764152 0.5)
(0.420319838971 0.0150221764152 0.5)
(0.424457470258 0.0150221764152 0.5)
(0.428523127614 0.0150221764152 0.5)
(0.432518063024 0.0150221764152 0.5)
(0.436443506693 0.0150221764152 0.5)
(0.440300667427 0.0150221764152 0.5)
(0.444090733004 0.0150221764152 0.5)
(0.447814870543 0.0150221764152 0.5)
(0.451474226859 0.0150221764152 0.5)
(0.455069928818 0.0150221764152 0.5)
(0.458603083686 0.0150221764152 0.5)
(0.462074779467 0.0150221764152 0.5)
(0.465486085239 0.0150221764152 0.5)
(0.468838051484 0.0150221764152 0.5)
(0.472131710411 0.0150221764152 0.5)
(0.475368076273 0.0150221764152 0.5)
(0.478548145681 0.0150221764152 0.5)
(0.481672897908 0.0150221764152 0.5)
(0.484743295197 0.0150221764152 0.5)
(0.487760283047 0.0150221764152 0.5)
(0.490724790515 0.0150221764152 0.5)
(0.493637730495 0.0150221764152 0.5)
(0.4965 0.0150221764152 0.5)
(0 0.0179536078997 0.5)
(0.0114490780216 0.0179536078997 0.5)
(0.0226989997904 0.0179536078997 0.5)
(0.0337532296213 0.0179536078997 0.5)
(0.0446151715679 0.0179536078997 0.5)
(0.0552881704701 0.0179536078997 0.5)
(0.0657755129847 0.0179536078997 0.5)
(0.0760804285969 0.0179536078997 0.5)
(0.0862060906156 0.0179536078997 0.5)
(0.0961556171497 0.0179536078997 0.5)
(0.105932072069 0.0179536078997 0.5)
(0.115538465947 0.0179536078997 0.5)
(0.124977756989 0.0179536078997 0.5)
(0.134252851942 0.0179536078997 0.5)
(0.143366606991 0.0179536078997 0.5)
(0.152321828636 0.0179536078997 0.5)
(0.16112127456 0.0179536078997 0.5)
(0.169767654475 0.0179536078997 0.5)
(0.178263630958 0.0179536078997 0.5)
(0.186611820272 0.0179536078997 0.5)
(0.194814793167 0.0179536078997 0.5)
(0.202875075678 0.0179536078997 0.5)
(0.210795149898 0.0179536078997 0.5)
(0.218577454744 0.0179536078997 0.5)
(0.226224386711 0.0179536078997 0.5)
(0.233738300602 0.0179536078997 0.5)
(0.241121510263 0.0179536078997 0.5)
(0.248376289287 0.0179536078997 0.5)
(0.255504871722 0.0179536078997 0.5)
(0.262509452752 0.0179536078997 0.5)
(0.269392189375 0.0179536078997 0.5)
(0.276155201071 0.0179536078997 0.5)
(0.28280057045 0.0179536078997 0.5)
(0.289330343895 0.0179536078997 0.5)
(0.295746532193 0.0179536078997 0.5)
(0.302051111153 0.0179536078997 0.5)
(0.308246022215 0.0179536078997 0.5)
(0.314333173048 0.0179536078997 0.5)
(0.320314438136 0.0179536078997 0.5)
(0.326191659358 0.0179536078997 0.5)
(0.331966646552 0.0179536078997 0.5)
(0.337641178076 0.0179536078997 0.5)
(0.343217001352 0.0179536078997 0.5)
(0.348695833406 0.0179536078997 0.5)
(0.354079361396 0.0179536078997 0.5)
(0.359369243132 0.0179536078997 0.5)
(0.364567107588 0.0179536078997 0.5)
(0.3696745554 0.0179536078997 0.5)
(0.374693159363 0.0179536078997 0.5)
(0.379624464911 0.0179536078997 0.5)
(0.384469990597 0.0179536078997 0.5)
(0.389231228557 0.0179536078997 0.5)
(0.393909644975 0.0179536078997 0.5)
(0.398506680527 0.0179536078997 0.5)
(0.403023750829 0.0179536078997 0.5)
(0.407462246876 0.0179536078997 0.5)
(0.411823535461 0.0179536078997 0.5)
(0.416108959606 0.0179536078997 0.5)
(0.420319838971 0.0179536078997 0.5)
(0.424457470258 0.0179536078997 0.5)
(0.428523127614 0.0179536078997 0.5)
(0.432518063024 0.0179536078997 0.5)
(0.436443506693 0.0179536078997 0.5)
(0.440300667427 0.0179536078997 0.5)
(0.444090733004 0.0179536078997 0.5)
(0.447814870543 0.0179536078997 0.5)
(0.451474226859 0.0179536078997 0.5)
(0.455069928818 0.0179536078997 0.5)
(0.458603083686 0.0179536078997 0.5)
(0.462074779467 0.0179536078997 0.5)
(0.465486085239 0.0179536078997 0.5)
(0.468838051484 0.0179536078997 0.5)
(0.472131710411 0.0179536078997 0.5)
(0.475368076273 0.0179536078997 0.5)
(0.478548145681 0.0179536078997 0.5)
(0.481672897908 0.0179536078997 0.5)
(0.484743295197 0.0179536078997 0.5)
(0.487760283047 0.0179536078997 0.5)
(0.490724790515 0.0179536078997 0.5)
(0.493637730495 0.0179536078997 0.5)
(0.4965 0.0179536078997 0.5)
(0 0.0210228584626 0.5)
(0.0114490780216 0.0210228584626 0.5)
(0.0226989997904 0.0210228584626 0.5)
(0.0337532296213 0.0210228584626 0.5)
(0.0446151715679 0.0210228584626 0.5)
(0.0552881704701 0.0210228584626 0.5)
(0.0657755129847 0.0210228584626 0.5)
(0.0760804285969 0.0210228584626 0.5)
(0.0862060906156 0.0210228584626 0.5)
(0.0961556171497 0.0210228584626 0.5)
(0.105932072069 0.0210228584626 0.5)
(0.115538465947 0.0210228584626 0.5)
(0.124977756989 0.0210228584626 0.5)
(0.134252851942 0.0210228584626 0.5)
(0.143366606991 0.0210228584626 0.5)
(0.152321828636 0.0210228584626 0.5)
(0.16112127456 0.0210228584626 0.5)
(0.169767654475 0.0210228584626 0.5)
(0.178263630958 0.0210228584626 0.5)
(0.186611820272 0.0210228584626 0.5)
(0.194814793167 0.0210228584626 0.5)
(0.202875075678 0.0210228584626 0.5)
(0.210795149898 0.0210228584626 0.5)
(0.218577454744 0.0210228584626 0.5)
(0.226224386711 0.0210228584626 0.5)
(0.233738300602 0.0210228584626 0.5)
(0.241121510263 0.0210228584626 0.5)
(0.248376289287 0.0210228584626 0.5)
(0.255504871722 0.0210228584626 0.5)
(0.262509452752 0.0210228584626 0.5)
(0.269392189375 0.0210228584626 0.5)
(0.276155201071 0.0210228584626 0.5)
(0.28280057045 0.0210228584626 0.5)
(0.289330343895 0.0210228584626 0.5)
(0.295746532193 0.0210228584626 0.5)
(0.302051111153 0.0210228584626 0.5)
(0.308246022215 0.0210228584626 0.5)
(0.314333173048 0.0210228584626 0.5)
(0.320314438136 0.0210228584626 0.5)
(0.326191659358 0.0210228584626 0.5)
(0.331966646552 0.0210228584626 0.5)
(0.337641178076 0.0210228584626 0.5)
(0.343217001352 0.0210228584626 0.5)
(0.348695833406 0.0210228584626 0.5)
(0.354079361396 0.0210228584626 0.5)
(0.359369243132 0.0210228584626 0.5)
(0.364567107588 0.0210228584626 0.5)
(0.3696745554 0.0210228584626 0.5)
(0.374693159363 0.0210228584626 0.5)
(0.379624464911 0.0210228584626 0.5)
(0.384469990597 0.0210228584626 0.5)
(0.389231228557 0.0210228584626 0.5)
(0.393909644975 0.0210228584626 0.5)
(0.398506680527 0.0210228584626 0.5)
(0.403023750829 0.0210228584626 0.5)
(0.407462246876 0.0210228584626 0.5)
(0.411823535461 0.0210228584626 0.5)
(0.416108959606 0.0210228584626 0.5)
(0.420319838971 0.0210228584626 0.5)
(0.424457470258 0.0210228584626 0.5)
(0.428523127614 0.0210228584626 0.5)
(0.432518063024 0.0210228584626 0.5)
(0.436443506693 0.0210228584626 0.5)
(0.440300667427 0.0210228584626 0.5)
(0.444090733004 0.0210228584626 0.5)
(0.447814870543 0.0210228584626 0.5)
(0.451474226859 0.0210228584626 0.5)
(0.455069928818 0.0210228584626 0.5)
(0.458603083686 0.0210228584626 0.5)
(0.462074779467 0.0210228584626 0.5)
(0.465486085239 0.0210228584626 0.5)
(0.468838051484 0.0210228584626 0.5)
(0.472131710411 0.0210228584626 0.5)
(0.475368076273 0.0210228584626 0.5)
(0.478548145681 0.0210228584626 0.5)
(0.481672897908 0.0210228584626 0.5)
(0.484743295197 0.0210228584626 0.5)
(0.487760283047 0.0210228584626 0.5)
(0.490724790515 0.0210228584626 0.5)
(0.493637730495 0.0210228584626 0.5)
(0.4965 0.0210228584626 0.5)
(0 0.0242364075658 0.5)
(0.0114490780216 0.0242364075658 0.5)
(0.0226989997904 0.0242364075658 0.5)
(0.0337532296213 0.0242364075658 0.5)
(0.0446151715679 0.0242364075658 0.5)
(0.0552881704701 0.0242364075658 0.5)
(0.0657755129847 0.0242364075658 0.5)
(0.0760804285969 0.0242364075658 0.5)
(0.0862060906156 0.0242364075658 0.5)
(0.0961556171497 0.0242364075658 0.5)
(0.105932072069 0.0242364075658 0.5)
(0.115538465947 0.0242364075658 0.5)
(0.124977756989 0.0242364075658 0.5)
(0.134252851942 0.0242364075658 0.5)
(0.143366606991 0.0242364075658 0.5)
(0.152321828636 0.0242364075658 0.5)
(0.16112127456 0.0242364075658 0.5)
(0.169767654475 0.0242364075658 0.5)
(0.178263630958 0.0242364075658 0.5)
(0.186611820272 0.0242364075658 0.5)
(0.194814793167 0.0242364075658 0.5)
(0.202875075678 0.0242364075658 0.5)
(0.210795149898 0.0242364075658 0.5)
(0.218577454744 0.0242364075658 0.5)
(0.226224386711 0.0242364075658 0.5)
(0.233738300602 0.0242364075658 0.5)
(0.241121510263 0.0242364075658 0.5)
(0.248376289287 0.0242364075658 0.5)
(0.255504871722 0.0242364075658 0.5)
(0.262509452752 0.0242364075658 0.5)
(0.269392189375 0.0242364075658 0.5)
(0.276155201071 0.0242364075658 0.5)
(0.28280057045 0.0242364075658 0.5)
(0.289330343895 0.0242364075658 0.5)
(0.295746532193 0.0242364075658 0.5)
(0.302051111153 0.0242364075658 0.5)
(0.308246022215 0.0242364075658 0.5)
(0.314333173048 0.0242364075658 0.5)
(0.320314438136 0.0242364075658 0.5)
(0.326191659358 0.0242364075658 0.5)
(0.331966646552 0.0242364075658 0.5)
(0.337641178076 0.0242364075658 0.5)
(0.343217001352 0.0242364075658 0.5)
(0.348695833406 0.0242364075658 0.5)
(0.354079361396 0.0242364075658 0.5)
(0.359369243132 0.0242364075658 0.5)
(0.364567107588 0.0242364075658 0.5)
(0.3696745554 0.0242364075658 0.5)
(0.374693159363 0.0242364075658 0.5)
(0.379624464911 0.0242364075658 0.5)
(0.384469990597 0.0242364075658 0.5)
(0.389231228557 0.0242364075658 0.5)
(0.393909644975 0.0242364075658 0.5)
(0.398506680527 0.0242364075658 0.5)
(0.403023750829 0.0242364075658 0.5)
(0.407462246876 0.0242364075658 0.5)
(0.411823535461 0.0242364075658 0.5)
(0.416108959606 0.0242364075658 0.5)
(0.420319838971 0.0242364075658 0.5)
(0.424457470258 0.0242364075658 0.5)
(0.428523127614 0.0242364075658 0.5)
(0.432518063024 0.0242364075658 0.5)
(0.436443506693 0.0242364075658 0.5)
(0.440300667427 0.0242364075658 0.5)
(0.444090733004 0.0242364075658 0.5)
(0.447814870543 0.0242364075658 0.5)
(0.451474226859 0.0242364075658 0.5)
(0.455069928818 0.0242364075658 0.5)
(0.458603083686 0.0242364075658 0.5)
(0.462074779467 0.0242364075658 0.5)
(0.465486085239 0.0242364075658 0.5)
(0.468838051484 0.0242364075658 0.5)
(0.472131710411 0.0242364075658 0.5)
(0.475368076273 0.0242364075658 0.5)
(0.478548145681 0.0242364075658 0.5)
(0.481672897908 0.0242364075658 0.5)
(0.484743295197 0.0242364075658 0.5)
(0.487760283047 0.0242364075658 0.5)
(0.490724790515 0.0242364075658 0.5)
(0.493637730495 0.0242364075658 0.5)
(0.4965 0.0242364075658 0.5)
(0 0.027601039298 0.5)
(0.0114490780216 0.027601039298 0.5)
(0.0226989997904 0.027601039298 0.5)
(0.0337532296213 0.027601039298 0.5)
(0.0446151715679 0.027601039298 0.5)
(0.0552881704701 0.027601039298 0.5)
(0.0657755129847 0.027601039298 0.5)
(0.0760804285969 0.027601039298 0.5)
(0.0862060906156 0.027601039298 0.5)
(0.0961556171497 0.027601039298 0.5)
(0.105932072069 0.027601039298 0.5)
(0.115538465947 0.027601039298 0.5)
(0.124977756989 0.027601039298 0.5)
(0.134252851942 0.027601039298 0.5)
(0.143366606991 0.027601039298 0.5)
(0.152321828636 0.027601039298 0.5)
(0.16112127456 0.027601039298 0.5)
(0.169767654475 0.027601039298 0.5)
(0.178263630958 0.027601039298 0.5)
(0.186611820272 0.027601039298 0.5)
(0.194814793167 0.027601039298 0.5)
(0.202875075678 0.027601039298 0.5)
(0.210795149898 0.027601039298 0.5)
(0.218577454744 0.027601039298 0.5)
(0.226224386711 0.027601039298 0.5)
(0.233738300602 0.027601039298 0.5)
(0.241121510263 0.027601039298 0.5)
(0.248376289287 0.027601039298 0.5)
(0.255504871722 0.027601039298 0.5)
(0.262509452752 0.027601039298 0.5)
(0.269392189375 0.027601039298 0.5)
(0.276155201071 0.027601039298 0.5)
(0.28280057045 0.027601039298 0.5)
(0.289330343895 0.027601039298 0.5)
(0.295746532193 0.027601039298 0.5)
(0.302051111153 0.027601039298 0.5)
(0.308246022215 0.027601039298 0.5)
(0.314333173048 0.027601039298 0.5)
(0.320314438136 0.027601039298 0.5)
(0.326191659358 0.027601039298 0.5)
(0.331966646552 0.027601039298 0.5)
(0.337641178076 0.027601039298 0.5)
(0.343217001352 0.027601039298 0.5)
(0.348695833406 0.027601039298 0.5)
(0.354079361396 0.027601039298 0.5)
(0.359369243132 0.027601039298 0.5)
(0.364567107588 0.027601039298 0.5)
(0.3696745554 0.027601039298 0.5)
(0.374693159363 0.027601039298 0.5)
(0.379624464911 0.027601039298 0.5)
(0.384469990597 0.027601039298 0.5)
(0.389231228557 0.027601039298 0.5)
(0.393909644975 0.027601039298 0.5)
(0.398506680527 0.027601039298 0.5)
(0.403023750829 0.027601039298 0.5)
(0.407462246876 0.027601039298 0.5)
(0.411823535461 0.027601039298 0.5)
(0.416108959606 0.027601039298 0.5)
(0.420319838971 0.027601039298 0.5)
(0.424457470258 0.027601039298 0.5)
(0.428523127614 0.027601039298 0.5)
(0.432518063024 0.027601039298 0.5)
(0.436443506693 0.027601039298 0.5)
(0.440300667427 0.027601039298 0.5)
(0.444090733004 0.027601039298 0.5)
(0.447814870543 0.027601039298 0.5)
(0.451474226859 0.027601039298 0.5)
(0.455069928818 0.027601039298 0.5)
(0.458603083686 0.027601039298 0.5)
(0.462074779467 0.027601039298 0.5)
(0.465486085239 0.027601039298 0.5)
(0.468838051484 0.027601039298 0.5)
(0.472131710411 0.027601039298 0.5)
(0.475368076273 0.027601039298 0.5)
(0.478548145681 0.027601039298 0.5)
(0.481672897908 0.027601039298 0.5)
(0.484743295197 0.027601039298 0.5)
(0.487760283047 0.027601039298 0.5)
(0.490724790515 0.027601039298 0.5)
(0.493637730495 0.027601039298 0.5)
(0.4965 0.027601039298 0.5)
(0 0.0311238566972 0.5)
(0.0114490780216 0.0311238566972 0.5)
(0.0226989997904 0.0311238566972 0.5)
(0.0337532296213 0.0311238566972 0.5)
(0.0446151715679 0.0311238566972 0.5)
(0.0552881704701 0.0311238566972 0.5)
(0.0657755129847 0.0311238566972 0.5)
(0.0760804285969 0.0311238566972 0.5)
(0.0862060906156 0.0311238566972 0.5)
(0.0961556171497 0.0311238566972 0.5)
(0.105932072069 0.0311238566972 0.5)
(0.115538465947 0.0311238566972 0.5)
(0.124977756989 0.0311238566972 0.5)
(0.134252851942 0.0311238566972 0.5)
(0.143366606991 0.0311238566972 0.5)
(0.152321828636 0.0311238566972 0.5)
(0.16112127456 0.0311238566972 0.5)
(0.169767654475 0.0311238566972 0.5)
(0.178263630958 0.0311238566972 0.5)
(0.186611820272 0.0311238566972 0.5)
(0.194814793167 0.0311238566972 0.5)
(0.202875075678 0.0311238566972 0.5)
(0.210795149898 0.0311238566972 0.5)
(0.218577454744 0.0311238566972 0.5)
(0.226224386711 0.0311238566972 0.5)
(0.233738300602 0.0311238566972 0.5)
(0.241121510263 0.0311238566972 0.5)
(0.248376289287 0.0311238566972 0.5)
(0.255504871722 0.0311238566972 0.5)
(0.262509452752 0.0311238566972 0.5)
(0.269392189375 0.0311238566972 0.5)
(0.276155201071 0.0311238566972 0.5)
(0.28280057045 0.0311238566972 0.5)
(0.289330343895 0.0311238566972 0.5)
(0.295746532193 0.0311238566972 0.5)
(0.302051111153 0.0311238566972 0.5)
(0.308246022215 0.0311238566972 0.5)
(0.314333173048 0.0311238566972 0.5)
(0.320314438136 0.0311238566972 0.5)
(0.326191659358 0.0311238566972 0.5)
(0.331966646552 0.0311238566972 0.5)
(0.337641178076 0.0311238566972 0.5)
(0.343217001352 0.0311238566972 0.5)
(0.348695833406 0.0311238566972 0.5)
(0.354079361396 0.0311238566972 0.5)
(0.359369243132 0.0311238566972 0.5)
(0.364567107588 0.0311238566972 0.5)
(0.3696745554 0.0311238566972 0.5)
(0.374693159363 0.0311238566972 0.5)
(0.379624464911 0.0311238566972 0.5)
(0.384469990597 0.0311238566972 0.5)
(0.389231228557 0.0311238566972 0.5)
(0.393909644975 0.0311238566972 0.5)
(0.398506680527 0.0311238566972 0.5)
(0.403023750829 0.0311238566972 0.5)
(0.407462246876 0.0311238566972 0.5)
(0.411823535461 0.0311238566972 0.5)
(0.416108959606 0.0311238566972 0.5)
(0.420319838971 0.0311238566972 0.5)
(0.424457470258 0.0311238566972 0.5)
(0.428523127614 0.0311238566972 0.5)
(0.432518063024 0.0311238566972 0.5)
(0.436443506693 0.0311238566972 0.5)
(0.440300667427 0.0311238566972 0.5)
(0.444090733004 0.0311238566972 0.5)
(0.447814870543 0.0311238566972 0.5)
(0.451474226859 0.0311238566972 0.5)
(0.455069928818 0.0311238566972 0.5)
(0.458603083686 0.0311238566972 0.5)
(0.462074779467 0.0311238566972 0.5)
(0.465486085239 0.0311238566972 0.5)
(0.468838051484 0.0311238566972 0.5)
(0.472131710411 0.0311238566972 0.5)
(0.475368076273 0.0311238566972 0.5)
(0.478548145681 0.0311238566972 0.5)
(0.481672897908 0.0311238566972 0.5)
(0.484743295197 0.0311238566972 0.5)
(0.487760283047 0.0311238566972 0.5)
(0.490724790515 0.0311238566972 0.5)
(0.493637730495 0.0311238566972 0.5)
(0.4965 0.0311238566972 0.5)
(0 0.0348122967452 0.5)
(0.0114490780216 0.0348122967452 0.5)
(0.0226989997904 0.0348122967452 0.5)
(0.0337532296213 0.0348122967452 0.5)
(0.0446151715679 0.0348122967452 0.5)
(0.0552881704701 0.0348122967452 0.5)
(0.0657755129847 0.0348122967452 0.5)
(0.0760804285969 0.0348122967452 0.5)
(0.0862060906156 0.0348122967452 0.5)
(0.0961556171497 0.0348122967452 0.5)
(0.105932072069 0.0348122967452 0.5)
(0.115538465947 0.0348122967452 0.5)
(0.124977756989 0.0348122967452 0.5)
(0.134252851942 0.0348122967452 0.5)
(0.143366606991 0.0348122967452 0.5)
(0.152321828636 0.0348122967452 0.5)
(0.16112127456 0.0348122967452 0.5)
(0.169767654475 0.0348122967452 0.5)
(0.178263630958 0.0348122967452 0.5)
(0.186611820272 0.0348122967452 0.5)
(0.194814793167 0.0348122967452 0.5)
(0.202875075678 0.0348122967452 0.5)
(0.210795149898 0.0348122967452 0.5)
(0.218577454744 0.0348122967452 0.5)
(0.226224386711 0.0348122967452 0.5)
(0.233738300602 0.0348122967452 0.5)
(0.241121510263 0.0348122967452 0.5)
(0.248376289287 0.0348122967452 0.5)
(0.255504871722 0.0348122967452 0.5)
(0.262509452752 0.0348122967452 0.5)
(0.269392189375 0.0348122967452 0.5)
(0.276155201071 0.0348122967452 0.5)
(0.28280057045 0.0348122967452 0.5)
(0.289330343895 0.0348122967452 0.5)
(0.295746532193 0.0348122967452 0.5)
(0.302051111153 0.0348122967452 0.5)
(0.308246022215 0.0348122967452 0.5)
(0.314333173048 0.0348122967452 0.5)
(0.320314438136 0.0348122967452 0.5)
(0.326191659358 0.0348122967452 0.5)
(0.331966646552 0.0348122967452 0.5)
(0.337641178076 0.0348122967452 0.5)
(0.343217001352 0.0348122967452 0.5)
(0.348695833406 0.0348122967452 0.5)
(0.354079361396 0.0348122967452 0.5)
(0.359369243132 0.0348122967452 0.5)
(0.364567107588 0.0348122967452 0.5)
(0.3696745554 0.0348122967452 0.5)
(0.374693159363 0.0348122967452 0.5)
(0.379624464911 0.0348122967452 0.5)
(0.384469990597 0.0348122967452 0.5)
(0.389231228557 0.0348122967452 0.5)
(0.393909644975 0.0348122967452 0.5)
(0.398506680527 0.0348122967452 0.5)
(0.403023750829 0.0348122967452 0.5)
(0.407462246876 0.0348122967452 0.5)
(0.411823535461 0.0348122967452 0.5)
(0.416108959606 0.0348122967452 0.5)
(0.420319838971 0.0348122967452 0.5)
(0.424457470258 0.0348122967452 0.5)
(0.428523127614 0.0348122967452 0.5)
(0.432518063024 0.0348122967452 0.5)
(0.436443506693 0.0348122967452 0.5)
(0.440300667427 0.0348122967452 0.5)
(0.444090733004 0.0348122967452 0.5)
(0.447814870543 0.0348122967452 0.5)
(0.451474226859 0.0348122967452 0.5)
(0.455069928818 0.0348122967452 0.5)
(0.458603083686 0.0348122967452 0.5)
(0.462074779467 0.0348122967452 0.5)
(0.465486085239 0.0348122967452 0.5)
(0.468838051484 0.0348122967452 0.5)
(0.472131710411 0.0348122967452 0.5)
(0.475368076273 0.0348122967452 0.5)
(0.478548145681 0.0348122967452 0.5)
(0.481672897908 0.0348122967452 0.5)
(0.484743295197 0.0348122967452 0.5)
(0.487760283047 0.0348122967452 0.5)
(0.490724790515 0.0348122967452 0.5)
(0.493637730495 0.0348122967452 0.5)
(0.4965 0.0348122967452 0.5)
(0 0.0386741460682 0.5)
(0.0114490780216 0.0386741460682 0.5)
(0.0226989997904 0.0386741460682 0.5)
(0.0337532296213 0.0386741460682 0.5)
(0.0446151715679 0.0386741460682 0.5)
(0.0552881704701 0.0386741460682 0.5)
(0.0657755129847 0.0386741460682 0.5)
(0.0760804285969 0.0386741460682 0.5)
(0.0862060906156 0.0386741460682 0.5)
(0.0961556171497 0.0386741460682 0.5)
(0.105932072069 0.0386741460682 0.5)
(0.115538465947 0.0386741460682 0.5)
(0.124977756989 0.0386741460682 0.5)
(0.134252851942 0.0386741460682 0.5)
(0.143366606991 0.0386741460682 0.5)
(0.152321828636 0.0386741460682 0.5)
(0.16112127456 0.0386741460682 0.5)
(0.169767654475 0.0386741460682 0.5)
(0.178263630958 0.0386741460682 0.5)
(0.186611820272 0.0386741460682 0.5)
(0.194814793167 0.0386741460682 0.5)
(0.202875075678 0.0386741460682 0.5)
(0.210795149898 0.0386741460682 0.5)
(0.218577454744 0.0386741460682 0.5)
(0.226224386711 0.0386741460682 0.5)
(0.233738300602 0.0386741460682 0.5)
(0.241121510263 0.0386741460682 0.5)
(0.248376289287 0.0386741460682 0.5)
(0.255504871722 0.0386741460682 0.5)
(0.262509452752 0.0386741460682 0.5)
(0.269392189375 0.0386741460682 0.5)
(0.276155201071 0.0386741460682 0.5)
(0.28280057045 0.0386741460682 0.5)
(0.289330343895 0.0386741460682 0.5)
(0.295746532193 0.0386741460682 0.5)
(0.302051111153 0.0386741460682 0.5)
(0.308246022215 0.0386741460682 0.5)
(0.314333173048 0.0386741460682 0.5)
(0.320314438136 0.0386741460682 0.5)
(0.326191659358 0.0386741460682 0.5)
(0.331966646552 0.0386741460682 0.5)
(0.337641178076 0.0386741460682 0.5)
(0.343217001352 0.0386741460682 0.5)
(0.348695833406 0.0386741460682 0.5)
(0.354079361396 0.0386741460682 0.5)
(0.359369243132 0.0386741460682 0.5)
(0.364567107588 0.0386741460682 0.5)
(0.3696745554 0.0386741460682 0.5)
(0.374693159363 0.0386741460682 0.5)
(0.379624464911 0.0386741460682 0.5)
(0.384469990597 0.0386741460682 0.5)
(0.389231228557 0.0386741460682 0.5)
(0.393909644975 0.0386741460682 0.5)
(0.398506680527 0.0386741460682 0.5)
(0.403023750829 0.0386741460682 0.5)
(0.407462246876 0.0386741460682 0.5)
(0.411823535461 0.0386741460682 0.5)
(0.416108959606 0.0386741460682 0.5)
(0.420319838971 0.0386741460682 0.5)
(0.424457470258 0.0386741460682 0.5)
(0.428523127614 0.0386741460682 0.5)
(0.432518063024 0.0386741460682 0.5)
(0.436443506693 0.0386741460682 0.5)
(0.440300667427 0.0386741460682 0.5)
(0.444090733004 0.0386741460682 0.5)
(0.447814870543 0.0386741460682 0.5)
(0.451474226859 0.0386741460682 0.5)
(0.455069928818 0.0386741460682 0.5)
(0.458603083686 0.0386741460682 0.5)
(0.462074779467 0.0386741460682 0.5)
(0.465486085239 0.0386741460682 0.5)
(0.468838051484 0.0386741460682 0.5)
(0.472131710411 0.0386741460682 0.5)
(0.475368076273 0.0386741460682 0.5)
(0.478548145681 0.0386741460682 0.5)
(0.481672897908 0.0386741460682 0.5)
(0.484743295197 0.0386741460682 0.5)
(0.487760283047 0.0386741460682 0.5)
(0.490724790515 0.0386741460682 0.5)
(0.493637730495 0.0386741460682 0.5)
(0.4965 0.0386741460682 0.5)
(0 0.0427175573745 0.5)
(0.0114490780216 0.0427175573745 0.5)
(0.0226989997904 0.0427175573745 0.5)
(0.0337532296213 0.0427175573745 0.5)
(0.0446151715679 0.0427175573745 0.5)
(0.0552881704701 0.0427175573745 0.5)
(0.0657755129847 0.0427175573745 0.5)
(0.0760804285969 0.0427175573745 0.5)
(0.0862060906156 0.0427175573745 0.5)
(0.0961556171497 0.0427175573745 0.5)
(0.105932072069 0.0427175573745 0.5)
(0.115538465947 0.0427175573745 0.5)
(0.124977756989 0.0427175573745 0.5)
(0.134252851942 0.0427175573745 0.5)
(0.143366606991 0.0427175573745 0.5)
(0.152321828636 0.0427175573745 0.5)
(0.16112127456 0.0427175573745 0.5)
(0.169767654475 0.0427175573745 0.5)
(0.178263630958 0.0427175573745 0.5)
(0.186611820272 0.0427175573745 0.5)
(0.194814793167 0.0427175573745 0.5)
(0.202875075678 0.0427175573745 0.5)
(0.210795149898 0.0427175573745 0.5)
(0.218577454744 0.0427175573745 0.5)
(0.226224386711 0.0427175573745 0.5)
(0.233738300602 0.0427175573745 0.5)
(0.241121510263 0.0427175573745 0.5)
(0.248376289287 0.0427175573745 0.5)
(0.255504871722 0.0427175573745 0.5)
(0.262509452752 0.0427175573745 0.5)
(0.269392189375 0.0427175573745 0.5)
(0.276155201071 0.0427175573745 0.5)
(0.28280057045 0.0427175573745 0.5)
(0.289330343895 0.0427175573745 0.5)
(0.295746532193 0.0427175573745 0.5)
(0.302051111153 0.0427175573745 0.5)
(0.308246022215 0.0427175573745 0.5)
(0.314333173048 0.0427175573745 0.5)
(0.320314438136 0.0427175573745 0.5)
(0.326191659358 0.0427175573745 0.5)
(0.331966646552 0.0427175573745 0.5)
(0.337641178076 0.0427175573745 0.5)
(0.343217001352 0.0427175573745 0.5)
(0.348695833406 0.0427175573745 0.5)
(0.354079361396 0.0427175573745 0.5)
(0.359369243132 0.0427175573745 0.5)
(0.364567107588 0.0427175573745 0.5)
(0.3696745554 0.0427175573745 0.5)
(0.374693159363 0.0427175573745 0.5)
(0.379624464911 0.0427175573745 0.5)
(0.384469990597 0.0427175573745 0.5)
(0.389231228557 0.0427175573745 0.5)
(0.393909644975 0.0427175573745 0.5)
(0.398506680527 0.0427175573745 0.5)
(0.403023750829 0.0427175573745 0.5)
(0.407462246876 0.0427175573745 0.5)
(0.411823535461 0.0427175573745 0.5)
(0.416108959606 0.0427175573745 0.5)
(0.420319838971 0.0427175573745 0.5)
(0.424457470258 0.0427175573745 0.5)
(0.428523127614 0.0427175573745 0.5)
(0.432518063024 0.0427175573745 0.5)
(0.436443506693 0.0427175573745 0.5)
(0.440300667427 0.0427175573745 0.5)
(0.444090733004 0.0427175573745 0.5)
(0.447814870543 0.0427175573745 0.5)
(0.451474226859 0.0427175573745 0.5)
(0.455069928818 0.0427175573745 0.5)
(0.458603083686 0.0427175573745 0.5)
(0.462074779467 0.0427175573745 0.5)
(0.465486085239 0.0427175573745 0.5)
(0.468838051484 0.0427175573745 0.5)
(0.472131710411 0.0427175573745 0.5)
(0.475368076273 0.0427175573745 0.5)
(0.478548145681 0.0427175573745 0.5)
(0.481672897908 0.0427175573745 0.5)
(0.484743295197 0.0427175573745 0.5)
(0.487760283047 0.0427175573745 0.5)
(0.490724790515 0.0427175573745 0.5)
(0.493637730495 0.0427175573745 0.5)
(0.4965 0.0427175573745 0.5)
(0 0.0469510666664 0.5)
(0.0114490780216 0.0469510666664 0.5)
(0.0226989997904 0.0469510666664 0.5)
(0.0337532296213 0.0469510666664 0.5)
(0.0446151715679 0.0469510666664 0.5)
(0.0552881704701 0.0469510666664 0.5)
(0.0657755129847 0.0469510666664 0.5)
(0.0760804285969 0.0469510666664 0.5)
(0.0862060906156 0.0469510666664 0.5)
(0.0961556171497 0.0469510666664 0.5)
(0.105932072069 0.0469510666664 0.5)
(0.115538465947 0.0469510666664 0.5)
(0.124977756989 0.0469510666664 0.5)
(0.134252851942 0.0469510666664 0.5)
(0.143366606991 0.0469510666664 0.5)
(0.152321828636 0.0469510666664 0.5)
(0.16112127456 0.0469510666664 0.5)
(0.169767654475 0.0469510666664 0.5)
(0.178263630958 0.0469510666664 0.5)
(0.186611820272 0.0469510666664 0.5)
(0.194814793167 0.0469510666664 0.5)
(0.202875075678 0.0469510666664 0.5)
(0.210795149898 0.0469510666664 0.5)
(0.218577454744 0.0469510666664 0.5)
(0.226224386711 0.0469510666664 0.5)
(0.233738300602 0.0469510666664 0.5)
(0.241121510263 0.0469510666664 0.5)
(0.248376289287 0.0469510666664 0.5)
(0.255504871722 0.0469510666664 0.5)
(0.262509452752 0.0469510666664 0.5)
(0.269392189375 0.0469510666664 0.5)
(0.276155201071 0.0469510666664 0.5)
(0.28280057045 0.0469510666664 0.5)
(0.289330343895 0.0469510666664 0.5)
(0.295746532193 0.0469510666664 0.5)
(0.302051111153 0.0469510666664 0.5)
(0.308246022215 0.0469510666664 0.5)
(0.314333173048 0.0469510666664 0.5)
(0.320314438136 0.0469510666664 0.5)
(0.326191659358 0.0469510666664 0.5)
(0.331966646552 0.0469510666664 0.5)
(0.337641178076 0.0469510666664 0.5)
(0.343217001352 0.0469510666664 0.5)
(0.348695833406 0.0469510666664 0.5)
(0.354079361396 0.0469510666664 0.5)
(0.359369243132 0.0469510666664 0.5)
(0.364567107588 0.0469510666664 0.5)
(0.3696745554 0.0469510666664 0.5)
(0.374693159363 0.0469510666664 0.5)
(0.379624464911 0.0469510666664 0.5)
(0.384469990597 0.0469510666664 0.5)
(0.389231228557 0.0469510666664 0.5)
(0.393909644975 0.0469510666664 0.5)
(0.398506680527 0.0469510666664 0.5)
(0.403023750829 0.0469510666664 0.5)
(0.407462246876 0.0469510666664 0.5)
(0.411823535461 0.0469510666664 0.5)
(0.416108959606 0.0469510666664 0.5)
(0.420319838971 0.0469510666664 0.5)
(0.424457470258 0.0469510666664 0.5)
(0.428523127614 0.0469510666664 0.5)
(0.432518063024 0.0469510666664 0.5)
(0.436443506693 0.0469510666664 0.5)
(0.440300667427 0.0469510666664 0.5)
(0.444090733004 0.0469510666664 0.5)
(0.447814870543 0.0469510666664 0.5)
(0.451474226859 0.0469510666664 0.5)
(0.455069928818 0.0469510666664 0.5)
(0.458603083686 0.0469510666664 0.5)
(0.462074779467 0.0469510666664 0.5)
(0.465486085239 0.0469510666664 0.5)
(0.468838051484 0.0469510666664 0.5)
(0.472131710411 0.0469510666664 0.5)
(0.475368076273 0.0469510666664 0.5)
(0.478548145681 0.0469510666664 0.5)
(0.481672897908 0.0469510666664 0.5)
(0.484743295197 0.0469510666664 0.5)
(0.487760283047 0.0469510666664 0.5)
(0.490724790515 0.0469510666664 0.5)
(0.493637730495 0.0469510666664 0.5)
(0.4965 0.0469510666664 0.5)
(0 0.0513836112596 0.5)
(0.0114490780216 0.0513836112596 0.5)
(0.0226989997904 0.0513836112596 0.5)
(0.0337532296213 0.0513836112596 0.5)
(0.0446151715679 0.0513836112596 0.5)
(0.0552881704701 0.0513836112596 0.5)
(0.0657755129847 0.0513836112596 0.5)
(0.0760804285969 0.0513836112596 0.5)
(0.0862060906156 0.0513836112596 0.5)
(0.0961556171497 0.0513836112596 0.5)
(0.105932072069 0.0513836112596 0.5)
(0.115538465947 0.0513836112596 0.5)
(0.124977756989 0.0513836112596 0.5)
(0.134252851942 0.0513836112596 0.5)
(0.143366606991 0.0513836112596 0.5)
(0.152321828636 0.0513836112596 0.5)
(0.16112127456 0.0513836112596 0.5)
(0.169767654475 0.0513836112596 0.5)
(0.178263630958 0.0513836112596 0.5)
(0.186611820272 0.0513836112596 0.5)
(0.194814793167 0.0513836112596 0.5)
(0.202875075678 0.0513836112596 0.5)
(0.210795149898 0.0513836112596 0.5)
(0.218577454744 0.0513836112596 0.5)
(0.226224386711 0.0513836112596 0.5)
(0.233738300602 0.0513836112596 0.5)
(0.241121510263 0.0513836112596 0.5)
(0.248376289287 0.0513836112596 0.5)
(0.255504871722 0.0513836112596 0.5)
(0.262509452752 0.0513836112596 0.5)
(0.269392189375 0.0513836112596 0.5)
(0.276155201071 0.0513836112596 0.5)
(0.28280057045 0.0513836112596 0.5)
(0.289330343895 0.0513836112596 0.5)
(0.295746532193 0.0513836112596 0.5)
(0.302051111153 0.0513836112596 0.5)
(0.308246022215 0.0513836112596 0.5)
(0.314333173048 0.0513836112596 0.5)
(0.320314438136 0.0513836112596 0.5)
(0.326191659358 0.0513836112596 0.5)
(0.331966646552 0.0513836112596 0.5)
(0.337641178076 0.0513836112596 0.5)
(0.343217001352 0.0513836112596 0.5)
(0.348695833406 0.0513836112596 0.5)
(0.354079361396 0.0513836112596 0.5)
(0.359369243132 0.0513836112596 0.5)
(0.364567107588 0.0513836112596 0.5)
(0.3696745554 0.0513836112596 0.5)
(0.374693159363 0.0513836112596 0.5)
(0.379624464911 0.0513836112596 0.5)
(0.384469990597 0.0513836112596 0.5)
(0.389231228557 0.0513836112596 0.5)
(0.393909644975 0.0513836112596 0.5)
(0.398506680527 0.0513836112596 0.5)
(0.403023750829 0.0513836112596 0.5)
(0.407462246876 0.0513836112596 0.5)
(0.411823535461 0.0513836112596 0.5)
(0.416108959606 0.0513836112596 0.5)
(0.420319838971 0.0513836112596 0.5)
(0.424457470258 0.0513836112596 0.5)
(0.428523127614 0.0513836112596 0.5)
(0.432518063024 0.0513836112596 0.5)
(0.436443506693 0.0513836112596 0.5)
(0.440300667427 0.0513836112596 0.5)
(0.444090733004 0.0513836112596 0.5)
(0.447814870543 0.0513836112596 0.5)
(0.451474226859 0.0513836112596 0.5)
(0.455069928818 0.0513836112596 0.5)
(0.458603083686 0.0513836112596 0.5)
(0.462074779467 0.0513836112596 0.5)
(0.465486085239 0.0513836112596 0.5)
(0.468838051484 0.0513836112596 0.5)
(0.472131710411 0.0513836112596 0.5)
(0.475368076273 0.0513836112596 0.5)
(0.478548145681 0.0513836112596 0.5)
(0.481672897908 0.0513836112596 0.5)
(0.484743295197 0.0513836112596 0.5)
(0.487760283047 0.0513836112596 0.5)
(0.490724790515 0.0513836112596 0.5)
(0.493637730495 0.0513836112596 0.5)
(0.4965 0.0513836112596 0.5)
(0 0.0560245486514 0.5)
(0.0114490780216 0.0560245486514 0.5)
(0.0226989997904 0.0560245486514 0.5)
(0.0337532296213 0.0560245486514 0.5)
(0.0446151715679 0.0560245486514 0.5)
(0.0552881704701 0.0560245486514 0.5)
(0.0657755129847 0.0560245486514 0.5)
(0.0760804285969 0.0560245486514 0.5)
(0.0862060906156 0.0560245486514 0.5)
(0.0961556171497 0.0560245486514 0.5)
(0.105932072069 0.0560245486514 0.5)
(0.115538465947 0.0560245486514 0.5)
(0.124977756989 0.0560245486514 0.5)
(0.134252851942 0.0560245486514 0.5)
(0.143366606991 0.0560245486514 0.5)
(0.152321828636 0.0560245486514 0.5)
(0.16112127456 0.0560245486514 0.5)
(0.169767654475 0.0560245486514 0.5)
(0.178263630958 0.0560245486514 0.5)
(0.186611820272 0.0560245486514 0.5)
(0.194814793167 0.0560245486514 0.5)
(0.202875075678 0.0560245486514 0.5)
(0.210795149898 0.0560245486514 0.5)
(0.218577454744 0.0560245486514 0.5)
(0.226224386711 0.0560245486514 0.5)
(0.233738300602 0.0560245486514 0.5)
(0.241121510263 0.0560245486514 0.5)
(0.248376289287 0.0560245486514 0.5)
(0.255504871722 0.0560245486514 0.5)
(0.262509452752 0.0560245486514 0.5)
(0.269392189375 0.0560245486514 0.5)
(0.276155201071 0.0560245486514 0.5)
(0.28280057045 0.0560245486514 0.5)
(0.289330343895 0.0560245486514 0.5)
(0.295746532193 0.0560245486514 0.5)
(0.302051111153 0.0560245486514 0.5)
(0.308246022215 0.0560245486514 0.5)
(0.314333173048 0.0560245486514 0.5)
(0.320314438136 0.0560245486514 0.5)
(0.326191659358 0.0560245486514 0.5)
(0.331966646552 0.0560245486514 0.5)
(0.337641178076 0.0560245486514 0.5)
(0.343217001352 0.0560245486514 0.5)
(0.348695833406 0.0560245486514 0.5)
(0.354079361396 0.0560245486514 0.5)
(0.359369243132 0.0560245486514 0.5)
(0.364567107588 0.0560245486514 0.5)
(0.3696745554 0.0560245486514 0.5)
(0.374693159363 0.0560245486514 0.5)
(0.379624464911 0.0560245486514 0.5)
(0.384469990597 0.0560245486514 0.5)
(0.389231228557 0.0560245486514 0.5)
(0.393909644975 0.0560245486514 0.5)
(0.398506680527 0.0560245486514 0.5)
(0.403023750829 0.0560245486514 0.5)
(0.407462246876 0.0560245486514 0.5)
(0.411823535461 0.0560245486514 0.5)
(0.416108959606 0.0560245486514 0.5)
(0.420319838971 0.0560245486514 0.5)
(0.424457470258 0.0560245486514 0.5)
(0.428523127614 0.0560245486514 0.5)
(0.432518063024 0.0560245486514 0.5)
(0.436443506693 0.0560245486514 0.5)
(0.440300667427 0.0560245486514 0.5)
(0.444090733004 0.0560245486514 0.5)
(0.447814870543 0.0560245486514 0.5)
(0.451474226859 0.0560245486514 0.5)
(0.455069928818 0.0560245486514 0.5)
(0.458603083686 0.0560245486514 0.5)
(0.462074779467 0.0560245486514 0.5)
(0.465486085239 0.0560245486514 0.5)
(0.468838051484 0.0560245486514 0.5)
(0.472131710411 0.0560245486514 0.5)
(0.475368076273 0.0560245486514 0.5)
(0.478548145681 0.0560245486514 0.5)
(0.481672897908 0.0560245486514 0.5)
(0.484743295197 0.0560245486514 0.5)
(0.487760283047 0.0560245486514 0.5)
(0.490724790515 0.0560245486514 0.5)
(0.493637730495 0.0560245486514 0.5)
(0.4965 0.0560245486514 0.5)
(0 0.0608836762746 0.5)
(0.0114490780216 0.0608836762746 0.5)
(0.0226989997904 0.0608836762746 0.5)
(0.0337532296213 0.0608836762746 0.5)
(0.0446151715679 0.0608836762746 0.5)
(0.0552881704701 0.0608836762746 0.5)
(0.0657755129847 0.0608836762746 0.5)
(0.0760804285969 0.0608836762746 0.5)
(0.0862060906156 0.0608836762746 0.5)
(0.0961556171497 0.0608836762746 0.5)
(0.105932072069 0.0608836762746 0.5)
(0.115538465947 0.0608836762746 0.5)
(0.124977756989 0.0608836762746 0.5)
(0.134252851942 0.0608836762746 0.5)
(0.143366606991 0.0608836762746 0.5)
(0.152321828636 0.0608836762746 0.5)
(0.16112127456 0.0608836762746 0.5)
(0.169767654475 0.0608836762746 0.5)
(0.178263630958 0.0608836762746 0.5)
(0.186611820272 0.0608836762746 0.5)
(0.194814793167 0.0608836762746 0.5)
(0.202875075678 0.0608836762746 0.5)
(0.210795149898 0.0608836762746 0.5)
(0.218577454744 0.0608836762746 0.5)
(0.226224386711 0.0608836762746 0.5)
(0.233738300602 0.0608836762746 0.5)
(0.241121510263 0.0608836762746 0.5)
(0.248376289287 0.0608836762746 0.5)
(0.255504871722 0.0608836762746 0.5)
(0.262509452752 0.0608836762746 0.5)
(0.269392189375 0.0608836762746 0.5)
(0.276155201071 0.0608836762746 0.5)
(0.28280057045 0.0608836762746 0.5)
(0.289330343895 0.0608836762746 0.5)
(0.295746532193 0.0608836762746 0.5)
(0.302051111153 0.0608836762746 0.5)
(0.308246022215 0.0608836762746 0.5)
(0.314333173048 0.0608836762746 0.5)
(0.320314438136 0.0608836762746 0.5)
(0.326191659358 0.0608836762746 0.5)
(0.331966646552 0.0608836762746 0.5)
(0.337641178076 0.0608836762746 0.5)
(0.343217001352 0.0608836762746 0.5)
(0.348695833406 0.0608836762746 0.5)
(0.354079361396 0.0608836762746 0.5)
(0.359369243132 0.0608836762746 0.5)
(0.364567107588 0.0608836762746 0.5)
(0.3696745554 0.0608836762746 0.5)
(0.374693159363 0.0608836762746 0.5)
(0.379624464911 0.0608836762746 0.5)
(0.384469990597 0.0608836762746 0.5)
(0.389231228557 0.0608836762746 0.5)
(0.393909644975 0.0608836762746 0.5)
(0.398506680527 0.0608836762746 0.5)
(0.403023750829 0.0608836762746 0.5)
(0.407462246876 0.0608836762746 0.5)
(0.411823535461 0.0608836762746 0.5)
(0.416108959606 0.0608836762746 0.5)
(0.420319838971 0.0608836762746 0.5)
(0.424457470258 0.0608836762746 0.5)
(0.428523127614 0.0608836762746 0.5)
(0.432518063024 0.0608836762746 0.5)
(0.436443506693 0.0608836762746 0.5)
(0.440300667427 0.0608836762746 0.5)
(0.444090733004 0.0608836762746 0.5)
(0.447814870543 0.0608836762746 0.5)
(0.451474226859 0.0608836762746 0.5)
(0.455069928818 0.0608836762746 0.5)
(0.458603083686 0.0608836762746 0.5)
(0.462074779467 0.0608836762746 0.5)
(0.465486085239 0.0608836762746 0.5)
(0.468838051484 0.0608836762746 0.5)
(0.472131710411 0.0608836762746 0.5)
(0.475368076273 0.0608836762746 0.5)
(0.478548145681 0.0608836762746 0.5)
(0.481672897908 0.0608836762746 0.5)
(0.484743295197 0.0608836762746 0.5)
(0.487760283047 0.0608836762746 0.5)
(0.490724790515 0.0608836762746 0.5)
(0.493637730495 0.0608836762746 0.5)
(0.4965 0.0608836762746 0.5)
(0 0.0659712521814 0.5)
(0.0114490780216 0.0659712521814 0.5)
(0.0226989997904 0.0659712521814 0.5)
(0.0337532296213 0.0659712521814 0.5)
(0.0446151715679 0.0659712521814 0.5)
(0.0552881704701 0.0659712521814 0.5)
(0.0657755129847 0.0659712521814 0.5)
(0.0760804285969 0.0659712521814 0.5)
(0.0862060906156 0.0659712521814 0.5)
(0.0961556171497 0.0659712521814 0.5)
(0.105932072069 0.0659712521814 0.5)
(0.115538465947 0.0659712521814 0.5)
(0.124977756989 0.0659712521814 0.5)
(0.134252851942 0.0659712521814 0.5)
(0.143366606991 0.0659712521814 0.5)
(0.152321828636 0.0659712521814 0.5)
(0.16112127456 0.0659712521814 0.5)
(0.169767654475 0.0659712521814 0.5)
(0.178263630958 0.0659712521814 0.5)
(0.186611820272 0.0659712521814 0.5)
(0.194814793167 0.0659712521814 0.5)
(0.202875075678 0.0659712521814 0.5)
(0.210795149898 0.0659712521814 0.5)
(0.218577454744 0.0659712521814 0.5)
(0.226224386711 0.0659712521814 0.5)
(0.233738300602 0.0659712521814 0.5)
(0.241121510263 0.0659712521814 0.5)
(0.248376289287 0.0659712521814 0.5)
(0.255504871722 0.0659712521814 0.5)
(0.262509452752 0.0659712521814 0.5)
(0.269392189375 0.0659712521814 0.5)
(0.276155201071 0.0659712521814 0.5)
(0.28280057045 0.0659712521814 0.5)
(0.289330343895 0.0659712521814 0.5)
(0.295746532193 0.0659712521814 0.5)
(0.302051111153 0.0659712521814 0.5)
(0.308246022215 0.0659712521814 0.5)
(0.314333173048 0.0659712521814 0.5)
(0.320314438136 0.0659712521814 0.5)
(0.326191659358 0.0659712521814 0.5)
(0.331966646552 0.0659712521814 0.5)
(0.337641178076 0.0659712521814 0.5)
(0.343217001352 0.0659712521814 0.5)
(0.348695833406 0.0659712521814 0.5)
(0.354079361396 0.0659712521814 0.5)
(0.359369243132 0.0659712521814 0.5)
(0.364567107588 0.0659712521814 0.5)
(0.3696745554 0.0659712521814 0.5)
(0.374693159363 0.0659712521814 0.5)
(0.379624464911 0.0659712521814 0.5)
(0.384469990597 0.0659712521814 0.5)
(0.389231228557 0.0659712521814 0.5)
(0.393909644975 0.0659712521814 0.5)
(0.398506680527 0.0659712521814 0.5)
(0.403023750829 0.0659712521814 0.5)
(0.407462246876 0.0659712521814 0.5)
(0.411823535461 0.0659712521814 0.5)
(0.416108959606 0.0659712521814 0.5)
(0.420319838971 0.0659712521814 0.5)
(0.424457470258 0.0659712521814 0.5)
(0.428523127614 0.0659712521814 0.5)
(0.432518063024 0.0659712521814 0.5)
(0.436443506693 0.0659712521814 0.5)
(0.440300667427 0.0659712521814 0.5)
(0.444090733004 0.0659712521814 0.5)
(0.447814870543 0.0659712521814 0.5)
(0.451474226859 0.0659712521814 0.5)
(0.455069928818 0.0659712521814 0.5)
(0.458603083686 0.0659712521814 0.5)
(0.462074779467 0.0659712521814 0.5)
(0.465486085239 0.0659712521814 0.5)
(0.468838051484 0.0659712521814 0.5)
(0.472131710411 0.0659712521814 0.5)
(0.475368076273 0.0659712521814 0.5)
(0.478548145681 0.0659712521814 0.5)
(0.481672897908 0.0659712521814 0.5)
(0.484743295197 0.0659712521814 0.5)
(0.487760283047 0.0659712521814 0.5)
(0.490724790515 0.0659712521814 0.5)
(0.493637730495 0.0659712521814 0.5)
(0.4965 0.0659712521814 0.5)
(0 0.0712980166984 0.5)
(0.0114490780216 0.0712980166984 0.5)
(0.0226989997904 0.0712980166984 0.5)
(0.0337532296213 0.0712980166984 0.5)
(0.0446151715679 0.0712980166984 0.5)
(0.0552881704701 0.0712980166984 0.5)
(0.0657755129847 0.0712980166984 0.5)
(0.0760804285969 0.0712980166984 0.5)
(0.0862060906156 0.0712980166984 0.5)
(0.0961556171497 0.0712980166984 0.5)
(0.105932072069 0.0712980166984 0.5)
(0.115538465947 0.0712980166984 0.5)
(0.124977756989 0.0712980166984 0.5)
(0.134252851942 0.0712980166984 0.5)
(0.143366606991 0.0712980166984 0.5)
(0.152321828636 0.0712980166984 0.5)
(0.16112127456 0.0712980166984 0.5)
(0.169767654475 0.0712980166984 0.5)
(0.178263630958 0.0712980166984 0.5)
(0.186611820272 0.0712980166984 0.5)
(0.194814793167 0.0712980166984 0.5)
(0.202875075678 0.0712980166984 0.5)
(0.210795149898 0.0712980166984 0.5)
(0.218577454744 0.0712980166984 0.5)
(0.226224386711 0.0712980166984 0.5)
(0.233738300602 0.0712980166984 0.5)
(0.241121510263 0.0712980166984 0.5)
(0.248376289287 0.0712980166984 0.5)
(0.255504871722 0.0712980166984 0.5)
(0.262509452752 0.0712980166984 0.5)
(0.269392189375 0.0712980166984 0.5)
(0.276155201071 0.0712980166984 0.5)
(0.28280057045 0.0712980166984 0.5)
(0.289330343895 0.0712980166984 0.5)
(0.295746532193 0.0712980166984 0.5)
(0.302051111153 0.0712980166984 0.5)
(0.308246022215 0.0712980166984 0.5)
(0.314333173048 0.0712980166984 0.5)
(0.320314438136 0.0712980166984 0.5)
(0.326191659358 0.0712980166984 0.5)
(0.331966646552 0.0712980166984 0.5)
(0.337641178076 0.0712980166984 0.5)
(0.343217001352 0.0712980166984 0.5)
(0.348695833406 0.0712980166984 0.5)
(0.354079361396 0.0712980166984 0.5)
(0.359369243132 0.0712980166984 0.5)
(0.364567107588 0.0712980166984 0.5)
(0.3696745554 0.0712980166984 0.5)
(0.374693159363 0.0712980166984 0.5)
(0.379624464911 0.0712980166984 0.5)
(0.384469990597 0.0712980166984 0.5)
(0.389231228557 0.0712980166984 0.5)
(0.393909644975 0.0712980166984 0.5)
(0.398506680527 0.0712980166984 0.5)
(0.403023750829 0.0712980166984 0.5)
(0.407462246876 0.0712980166984 0.5)
(0.411823535461 0.0712980166984 0.5)
(0.416108959606 0.0712980166984 0.5)
(0.420319838971 0.0712980166984 0.5)
(0.424457470258 0.0712980166984 0.5)
(0.428523127614 0.0712980166984 0.5)
(0.432518063024 0.0712980166984 0.5)
(0.436443506693 0.0712980166984 0.5)
(0.440300667427 0.0712980166984 0.5)
(0.444090733004 0.0712980166984 0.5)
(0.447814870543 0.0712980166984 0.5)
(0.451474226859 0.0712980166984 0.5)
(0.455069928818 0.0712980166984 0.5)
(0.458603083686 0.0712980166984 0.5)
(0.462074779467 0.0712980166984 0.5)
(0.465486085239 0.0712980166984 0.5)
(0.468838051484 0.0712980166984 0.5)
(0.472131710411 0.0712980166984 0.5)
(0.475368076273 0.0712980166984 0.5)
(0.478548145681 0.0712980166984 0.5)
(0.481672897908 0.0712980166984 0.5)
(0.484743295197 0.0712980166984 0.5)
(0.487760283047 0.0712980166984 0.5)
(0.490724790515 0.0712980166984 0.5)
(0.493637730495 0.0712980166984 0.5)
(0.4965 0.0712980166984 0.5)
(0 0.0768752151008 0.5)
(0.0114490780216 0.0768752151008 0.5)
(0.0226989997904 0.0768752151008 0.5)
(0.0337532296213 0.0768752151008 0.5)
(0.0446151715679 0.0768752151008 0.5)
(0.0552881704701 0.0768752151008 0.5)
(0.0657755129847 0.0768752151008 0.5)
(0.0760804285969 0.0768752151008 0.5)
(0.0862060906156 0.0768752151008 0.5)
(0.0961556171497 0.0768752151008 0.5)
(0.105932072069 0.0768752151008 0.5)
(0.115538465947 0.0768752151008 0.5)
(0.124977756989 0.0768752151008 0.5)
(0.134252851942 0.0768752151008 0.5)
(0.143366606991 0.0768752151008 0.5)
(0.152321828636 0.0768752151008 0.5)
(0.16112127456 0.0768752151008 0.5)
(0.169767654475 0.0768752151008 0.5)
(0.178263630958 0.0768752151008 0.5)
(0.186611820272 0.0768752151008 0.5)
(0.194814793167 0.0768752151008 0.5)
(0.202875075678 0.0768752151008 0.5)
(0.210795149898 0.0768752151008 0.5)
(0.218577454744 0.0768752151008 0.5)
(0.226224386711 0.0768752151008 0.5)
(0.233738300602 0.0768752151008 0.5)
(0.241121510263 0.0768752151008 0.5)
(0.248376289287 0.0768752151008 0.5)
(0.255504871722 0.0768752151008 0.5)
(0.262509452752 0.0768752151008 0.5)
(0.269392189375 0.0768752151008 0.5)
(0.276155201071 0.0768752151008 0.5)
(0.28280057045 0.0768752151008 0.5)
(0.289330343895 0.0768752151008 0.5)
(0.295746532193 0.0768752151008 0.5)
(0.302051111153 0.0768752151008 0.5)
(0.308246022215 0.0768752151008 0.5)
(0.314333173048 0.0768752151008 0.5)
(0.320314438136 0.0768752151008 0.5)
(0.326191659358 0.0768752151008 0.5)
(0.331966646552 0.0768752151008 0.5)
(0.337641178076 0.0768752151008 0.5)
(0.343217001352 0.0768752151008 0.5)
(0.348695833406 0.0768752151008 0.5)
(0.354079361396 0.0768752151008 0.5)
(0.359369243132 0.0768752151008 0.5)
(0.364567107588 0.0768752151008 0.5)
(0.3696745554 0.0768752151008 0.5)
(0.374693159363 0.0768752151008 0.5)
(0.379624464911 0.0768752151008 0.5)
(0.384469990597 0.0768752151008 0.5)
(0.389231228557 0.0768752151008 0.5)
(0.393909644975 0.0768752151008 0.5)
(0.398506680527 0.0768752151008 0.5)
(0.403023750829 0.0768752151008 0.5)
(0.407462246876 0.0768752151008 0.5)
(0.411823535461 0.0768752151008 0.5)
(0.416108959606 0.0768752151008 0.5)
(0.420319838971 0.0768752151008 0.5)
(0.424457470258 0.0768752151008 0.5)
(0.428523127614 0.0768752151008 0.5)
(0.432518063024 0.0768752151008 0.5)
(0.436443506693 0.0768752151008 0.5)
(0.440300667427 0.0768752151008 0.5)
(0.444090733004 0.0768752151008 0.5)
(0.447814870543 0.0768752151008 0.5)
(0.451474226859 0.0768752151008 0.5)
(0.455069928818 0.0768752151008 0.5)
(0.458603083686 0.0768752151008 0.5)
(0.462074779467 0.0768752151008 0.5)
(0.465486085239 0.0768752151008 0.5)
(0.468838051484 0.0768752151008 0.5)
(0.472131710411 0.0768752151008 0.5)
(0.475368076273 0.0768752151008 0.5)
(0.478548145681 0.0768752151008 0.5)
(0.481672897908 0.0768752151008 0.5)
(0.484743295197 0.0768752151008 0.5)
(0.487760283047 0.0768752151008 0.5)
(0.490724790515 0.0768752151008 0.5)
(0.493637730495 0.0768752151008 0.5)
(0.4965 0.0768752151008 0.5)
(0 0.0827146213522 0.5)
(0.0114490780216 0.0827146213522 0.5)
(0.0226989997904 0.0827146213522 0.5)
(0.0337532296213 0.0827146213522 0.5)
(0.0446151715679 0.0827146213522 0.5)
(0.0552881704701 0.0827146213522 0.5)
(0.0657755129847 0.0827146213522 0.5)
(0.0760804285969 0.0827146213522 0.5)
(0.0862060906156 0.0827146213522 0.5)
(0.0961556171497 0.0827146213522 0.5)
(0.105932072069 0.0827146213522 0.5)
(0.115538465947 0.0827146213522 0.5)
(0.124977756989 0.0827146213522 0.5)
(0.134252851942 0.0827146213522 0.5)
(0.143366606991 0.0827146213522 0.5)
(0.152321828636 0.0827146213522 0.5)
(0.16112127456 0.0827146213522 0.5)
(0.169767654475 0.0827146213522 0.5)
(0.178263630958 0.0827146213522 0.5)
(0.186611820272 0.0827146213522 0.5)
(0.194814793167 0.0827146213522 0.5)
(0.202875075678 0.0827146213522 0.5)
(0.210795149898 0.0827146213522 0.5)
(0.218577454744 0.0827146213522 0.5)
(0.226224386711 0.0827146213522 0.5)
(0.233738300602 0.0827146213522 0.5)
(0.241121510263 0.0827146213522 0.5)
(0.248376289287 0.0827146213522 0.5)
(0.255504871722 0.0827146213522 0.5)
(0.262509452752 0.0827146213522 0.5)
(0.269392189375 0.0827146213522 0.5)
(0.276155201071 0.0827146213522 0.5)
(0.28280057045 0.0827146213522 0.5)
(0.289330343895 0.0827146213522 0.5)
(0.295746532193 0.0827146213522 0.5)
(0.302051111153 0.0827146213522 0.5)
(0.308246022215 0.0827146213522 0.5)
(0.314333173048 0.0827146213522 0.5)
(0.320314438136 0.0827146213522 0.5)
(0.326191659358 0.0827146213522 0.5)
(0.331966646552 0.0827146213522 0.5)
(0.337641178076 0.0827146213522 0.5)
(0.343217001352 0.0827146213522 0.5)
(0.348695833406 0.0827146213522 0.5)
(0.354079361396 0.0827146213522 0.5)
(0.359369243132 0.0827146213522 0.5)
(0.364567107588 0.0827146213522 0.5)
(0.3696745554 0.0827146213522 0.5)
(0.374693159363 0.0827146213522 0.5)
(0.379624464911 0.0827146213522 0.5)
(0.384469990597 0.0827146213522 0.5)
(0.389231228557 0.0827146213522 0.5)
(0.393909644975 0.0827146213522 0.5)
(0.398506680527 0.0827146213522 0.5)
(0.403023750829 0.0827146213522 0.5)
(0.407462246876 0.0827146213522 0.5)
(0.411823535461 0.0827146213522 0.5)
(0.416108959606 0.0827146213522 0.5)
(0.420319838971 0.0827146213522 0.5)
(0.424457470258 0.0827146213522 0.5)
(0.428523127614 0.0827146213522 0.5)
(0.432518063024 0.0827146213522 0.5)
(0.436443506693 0.0827146213522 0.5)
(0.440300667427 0.0827146213522 0.5)
(0.444090733004 0.0827146213522 0.5)
(0.447814870543 0.0827146213522 0.5)
(0.451474226859 0.0827146213522 0.5)
(0.455069928818 0.0827146213522 0.5)
(0.458603083686 0.0827146213522 0.5)
(0.462074779467 0.0827146213522 0.5)
(0.465486085239 0.0827146213522 0.5)
(0.468838051484 0.0827146213522 0.5)
(0.472131710411 0.0827146213522 0.5)
(0.475368076273 0.0827146213522 0.5)
(0.478548145681 0.0827146213522 0.5)
(0.481672897908 0.0827146213522 0.5)
(0.484743295197 0.0827146213522 0.5)
(0.487760283047 0.0827146213522 0.5)
(0.490724790515 0.0827146213522 0.5)
(0.493637730495 0.0827146213522 0.5)
(0.4965 0.0827146213522 0.5)
(0 0.0888285629602 0.5)
(0.0114490780216 0.0888285629602 0.5)
(0.0226989997904 0.0888285629602 0.5)
(0.0337532296213 0.0888285629602 0.5)
(0.0446151715679 0.0888285629602 0.5)
(0.0552881704701 0.0888285629602 0.5)
(0.0657755129847 0.0888285629602 0.5)
(0.0760804285969 0.0888285629602 0.5)
(0.0862060906156 0.0888285629602 0.5)
(0.0961556171497 0.0888285629602 0.5)
(0.105932072069 0.0888285629602 0.5)
(0.115538465947 0.0888285629602 0.5)
(0.124977756989 0.0888285629602 0.5)
(0.134252851942 0.0888285629602 0.5)
(0.143366606991 0.0888285629602 0.5)
(0.152321828636 0.0888285629602 0.5)
(0.16112127456 0.0888285629602 0.5)
(0.169767654475 0.0888285629602 0.5)
(0.178263630958 0.0888285629602 0.5)
(0.186611820272 0.0888285629602 0.5)
(0.194814793167 0.0888285629602 0.5)
(0.202875075678 0.0888285629602 0.5)
(0.210795149898 0.0888285629602 0.5)
(0.218577454744 0.0888285629602 0.5)
(0.226224386711 0.0888285629602 0.5)
(0.233738300602 0.0888285629602 0.5)
(0.241121510263 0.0888285629602 0.5)
(0.248376289287 0.0888285629602 0.5)
(0.255504871722 0.0888285629602 0.5)
(0.262509452752 0.0888285629602 0.5)
(0.269392189375 0.0888285629602 0.5)
(0.276155201071 0.0888285629602 0.5)
(0.28280057045 0.0888285629602 0.5)
(0.289330343895 0.0888285629602 0.5)
(0.295746532193 0.0888285629602 0.5)
(0.302051111153 0.0888285629602 0.5)
(0.308246022215 0.0888285629602 0.5)
(0.314333173048 0.0888285629602 0.5)
(0.320314438136 0.0888285629602 0.5)
(0.326191659358 0.0888285629602 0.5)
(0.331966646552 0.0888285629602 0.5)
(0.337641178076 0.0888285629602 0.5)
(0.343217001352 0.0888285629602 0.5)
(0.348695833406 0.0888285629602 0.5)
(0.354079361396 0.0888285629602 0.5)
(0.359369243132 0.0888285629602 0.5)
(0.364567107588 0.0888285629602 0.5)
(0.3696745554 0.0888285629602 0.5)
(0.374693159363 0.0888285629602 0.5)
(0.379624464911 0.0888285629602 0.5)
(0.384469990597 0.0888285629602 0.5)
(0.389231228557 0.0888285629602 0.5)
(0.393909644975 0.0888285629602 0.5)
(0.398506680527 0.0888285629602 0.5)
(0.403023750829 0.0888285629602 0.5)
(0.407462246876 0.0888285629602 0.5)
(0.411823535461 0.0888285629602 0.5)
(0.416108959606 0.0888285629602 0.5)
(0.420319838971 0.0888285629602 0.5)
(0.424457470258 0.0888285629602 0.5)
(0.428523127614 0.0888285629602 0.5)
(0.432518063024 0.0888285629602 0.5)
(0.436443506693 0.0888285629602 0.5)
(0.440300667427 0.0888285629602 0.5)
(0.444090733004 0.0888285629602 0.5)
(0.447814870543 0.0888285629602 0.5)
(0.451474226859 0.0888285629602 0.5)
(0.455069928818 0.0888285629602 0.5)
(0.458603083686 0.0888285629602 0.5)
(0.462074779467 0.0888285629602 0.5)
(0.465486085239 0.0888285629602 0.5)
(0.468838051484 0.0888285629602 0.5)
(0.472131710411 0.0888285629602 0.5)
(0.475368076273 0.0888285629602 0.5)
(0.478548145681 0.0888285629602 0.5)
(0.481672897908 0.0888285629602 0.5)
(0.484743295197 0.0888285629602 0.5)
(0.487760283047 0.0888285629602 0.5)
(0.490724790515 0.0888285629602 0.5)
(0.493637730495 0.0888285629602 0.5)
(0.4965 0.0888285629602 0.5)
(0 0.095229947001 0.5)
(0.0114490780216 0.095229947001 0.5)
(0.0226989997904 0.095229947001 0.5)
(0.0337532296213 0.095229947001 0.5)
(0.0446151715679 0.095229947001 0.5)
(0.0552881704701 0.095229947001 0.5)
(0.0657755129847 0.095229947001 0.5)
(0.0760804285969 0.095229947001 0.5)
(0.0862060906156 0.095229947001 0.5)
(0.0961556171497 0.095229947001 0.5)
(0.105932072069 0.095229947001 0.5)
(0.115538465947 0.095229947001 0.5)
(0.124977756989 0.095229947001 0.5)
(0.134252851942 0.095229947001 0.5)
(0.143366606991 0.095229947001 0.5)
(0.152321828636 0.095229947001 0.5)
(0.16112127456 0.095229947001 0.5)
(0.169767654475 0.095229947001 0.5)
(0.178263630958 0.095229947001 0.5)
(0.186611820272 0.095229947001 0.5)
(0.194814793167 0.095229947001 0.5)
(0.202875075678 0.095229947001 0.5)
(0.210795149898 0.095229947001 0.5)
(0.218577454744 0.095229947001 0.5)
(0.226224386711 0.095229947001 0.5)
(0.233738300602 0.095229947001 0.5)
(0.241121510263 0.095229947001 0.5)
(0.248376289287 0.095229947001 0.5)
(0.255504871722 0.095229947001 0.5)
(0.262509452752 0.095229947001 0.5)
(0.269392189375 0.095229947001 0.5)
(0.276155201071 0.095229947001 0.5)
(0.28280057045 0.095229947001 0.5)
(0.289330343895 0.095229947001 0.5)
(0.295746532193 0.095229947001 0.5)
(0.302051111153 0.095229947001 0.5)
(0.308246022215 0.095229947001 0.5)
(0.314333173048 0.095229947001 0.5)
(0.320314438136 0.095229947001 0.5)
(0.326191659358 0.095229947001 0.5)
(0.331966646552 0.095229947001 0.5)
(0.337641178076 0.095229947001 0.5)
(0.343217001352 0.095229947001 0.5)
(0.348695833406 0.095229947001 0.5)
(0.354079361396 0.095229947001 0.5)
(0.359369243132 0.095229947001 0.5)
(0.364567107588 0.095229947001 0.5)
(0.3696745554 0.095229947001 0.5)
(0.374693159363 0.095229947001 0.5)
(0.379624464911 0.095229947001 0.5)
(0.384469990597 0.095229947001 0.5)
(0.389231228557 0.095229947001 0.5)
(0.393909644975 0.095229947001 0.5)
(0.398506680527 0.095229947001 0.5)
(0.403023750829 0.095229947001 0.5)
(0.407462246876 0.095229947001 0.5)
(0.411823535461 0.095229947001 0.5)
(0.416108959606 0.095229947001 0.5)
(0.420319838971 0.095229947001 0.5)
(0.424457470258 0.095229947001 0.5)
(0.428523127614 0.095229947001 0.5)
(0.432518063024 0.095229947001 0.5)
(0.436443506693 0.095229947001 0.5)
(0.440300667427 0.095229947001 0.5)
(0.444090733004 0.095229947001 0.5)
(0.447814870543 0.095229947001 0.5)
(0.451474226859 0.095229947001 0.5)
(0.455069928818 0.095229947001 0.5)
(0.458603083686 0.095229947001 0.5)
(0.462074779467 0.095229947001 0.5)
(0.465486085239 0.095229947001 0.5)
(0.468838051484 0.095229947001 0.5)
(0.472131710411 0.095229947001 0.5)
(0.475368076273 0.095229947001 0.5)
(0.478548145681 0.095229947001 0.5)
(0.481672897908 0.095229947001 0.5)
(0.484743295197 0.095229947001 0.5)
(0.487760283047 0.095229947001 0.5)
(0.490724790515 0.095229947001 0.5)
(0.493637730495 0.095229947001 0.5)
(0.4965 0.095229947001 0.5)
(0 0.101932287368 0.5)
(0.0114490780216 0.101932287368 0.5)
(0.0226989997904 0.101932287368 0.5)
(0.0337532296213 0.101932287368 0.5)
(0.0446151715679 0.101932287368 0.5)
(0.0552881704701 0.101932287368 0.5)
(0.0657755129847 0.101932287368 0.5)
(0.0760804285969 0.101932287368 0.5)
(0.0862060906156 0.101932287368 0.5)
(0.0961556171497 0.101932287368 0.5)
(0.105932072069 0.101932287368 0.5)
(0.115538465947 0.101932287368 0.5)
(0.124977756989 0.101932287368 0.5)
(0.134252851942 0.101932287368 0.5)
(0.143366606991 0.101932287368 0.5)
(0.152321828636 0.101932287368 0.5)
(0.16112127456 0.101932287368 0.5)
(0.169767654475 0.101932287368 0.5)
(0.178263630958 0.101932287368 0.5)
(0.186611820272 0.101932287368 0.5)
(0.194814793167 0.101932287368 0.5)
(0.202875075678 0.101932287368 0.5)
(0.210795149898 0.101932287368 0.5)
(0.218577454744 0.101932287368 0.5)
(0.226224386711 0.101932287368 0.5)
(0.233738300602 0.101932287368 0.5)
(0.241121510263 0.101932287368 0.5)
(0.248376289287 0.101932287368 0.5)
(0.255504871722 0.101932287368 0.5)
(0.262509452752 0.101932287368 0.5)
(0.269392189375 0.101932287368 0.5)
(0.276155201071 0.101932287368 0.5)
(0.28280057045 0.101932287368 0.5)
(0.289330343895 0.101932287368 0.5)
(0.295746532193 0.101932287368 0.5)
(0.302051111153 0.101932287368 0.5)
(0.308246022215 0.101932287368 0.5)
(0.314333173048 0.101932287368 0.5)
(0.320314438136 0.101932287368 0.5)
(0.326191659358 0.101932287368 0.5)
(0.331966646552 0.101932287368 0.5)
(0.337641178076 0.101932287368 0.5)
(0.343217001352 0.101932287368 0.5)
(0.348695833406 0.101932287368 0.5)
(0.354079361396 0.101932287368 0.5)
(0.359369243132 0.101932287368 0.5)
(0.364567107588 0.101932287368 0.5)
(0.3696745554 0.101932287368 0.5)
(0.374693159363 0.101932287368 0.5)
(0.379624464911 0.101932287368 0.5)
(0.384469990597 0.101932287368 0.5)
(0.389231228557 0.101932287368 0.5)
(0.393909644975 0.101932287368 0.5)
(0.398506680527 0.101932287368 0.5)
(0.403023750829 0.101932287368 0.5)
(0.407462246876 0.101932287368 0.5)
(0.411823535461 0.101932287368 0.5)
(0.416108959606 0.101932287368 0.5)
(0.420319838971 0.101932287368 0.5)
(0.424457470258 0.101932287368 0.5)
(0.428523127614 0.101932287368 0.5)
(0.432518063024 0.101932287368 0.5)
(0.436443506693 0.101932287368 0.5)
(0.440300667427 0.101932287368 0.5)
(0.444090733004 0.101932287368 0.5)
(0.447814870543 0.101932287368 0.5)
(0.451474226859 0.101932287368 0.5)
(0.455069928818 0.101932287368 0.5)
(0.458603083686 0.101932287368 0.5)
(0.462074779467 0.101932287368 0.5)
(0.465486085239 0.101932287368 0.5)
(0.468838051484 0.101932287368 0.5)
(0.472131710411 0.101932287368 0.5)
(0.475368076273 0.101932287368 0.5)
(0.478548145681 0.101932287368 0.5)
(0.481672897908 0.101932287368 0.5)
(0.484743295197 0.101932287368 0.5)
(0.487760283047 0.101932287368 0.5)
(0.490724790515 0.101932287368 0.5)
(0.493637730495 0.101932287368 0.5)
(0.4965 0.101932287368 0.5)
(0 0.108949733299 0.5)
(0.0114490780216 0.108949733299 0.5)
(0.0226989997904 0.108949733299 0.5)
(0.0337532296213 0.108949733299 0.5)
(0.0446151715679 0.108949733299 0.5)
(0.0552881704701 0.108949733299 0.5)
(0.0657755129847 0.108949733299 0.5)
(0.0760804285969 0.108949733299 0.5)
(0.0862060906156 0.108949733299 0.5)
(0.0961556171497 0.108949733299 0.5)
(0.105932072069 0.108949733299 0.5)
(0.115538465947 0.108949733299 0.5)
(0.124977756989 0.108949733299 0.5)
(0.134252851942 0.108949733299 0.5)
(0.143366606991 0.108949733299 0.5)
(0.152321828636 0.108949733299 0.5)
(0.16112127456 0.108949733299 0.5)
(0.169767654475 0.108949733299 0.5)
(0.178263630958 0.108949733299 0.5)
(0.186611820272 0.108949733299 0.5)
(0.194814793167 0.108949733299 0.5)
(0.202875075678 0.108949733299 0.5)
(0.210795149898 0.108949733299 0.5)
(0.218577454744 0.108949733299 0.5)
(0.226224386711 0.108949733299 0.5)
(0.233738300602 0.108949733299 0.5)
(0.241121510263 0.108949733299 0.5)
(0.248376289287 0.108949733299 0.5)
(0.255504871722 0.108949733299 0.5)
(0.262509452752 0.108949733299 0.5)
(0.269392189375 0.108949733299 0.5)
(0.276155201071 0.108949733299 0.5)
(0.28280057045 0.108949733299 0.5)
(0.289330343895 0.108949733299 0.5)
(0.295746532193 0.108949733299 0.5)
(0.302051111153 0.108949733299 0.5)
(0.308246022215 0.108949733299 0.5)
(0.314333173048 0.108949733299 0.5)
(0.320314438136 0.108949733299 0.5)
(0.326191659358 0.108949733299 0.5)
(0.331966646552 0.108949733299 0.5)
(0.337641178076 0.108949733299 0.5)
(0.343217001352 0.108949733299 0.5)
(0.348695833406 0.108949733299 0.5)
(0.354079361396 0.108949733299 0.5)
(0.359369243132 0.108949733299 0.5)
(0.364567107588 0.108949733299 0.5)
(0.3696745554 0.108949733299 0.5)
(0.374693159363 0.108949733299 0.5)
(0.379624464911 0.108949733299 0.5)
(0.384469990597 0.108949733299 0.5)
(0.389231228557 0.108949733299 0.5)
(0.393909644975 0.108949733299 0.5)
(0.398506680527 0.108949733299 0.5)
(0.403023750829 0.108949733299 0.5)
(0.407462246876 0.108949733299 0.5)
(0.411823535461 0.108949733299 0.5)
(0.416108959606 0.108949733299 0.5)
(0.420319838971 0.108949733299 0.5)
(0.424457470258 0.108949733299 0.5)
(0.428523127614 0.108949733299 0.5)
(0.432518063024 0.108949733299 0.5)
(0.436443506693 0.108949733299 0.5)
(0.440300667427 0.108949733299 0.5)
(0.444090733004 0.108949733299 0.5)
(0.447814870543 0.108949733299 0.5)
(0.451474226859 0.108949733299 0.5)
(0.455069928818 0.108949733299 0.5)
(0.458603083686 0.108949733299 0.5)
(0.462074779467 0.108949733299 0.5)
(0.465486085239 0.108949733299 0.5)
(0.468838051484 0.108949733299 0.5)
(0.472131710411 0.108949733299 0.5)
(0.475368076273 0.108949733299 0.5)
(0.478548145681 0.108949733299 0.5)
(0.481672897908 0.108949733299 0.5)
(0.484743295197 0.108949733299 0.5)
(0.487760283047 0.108949733299 0.5)
(0.490724790515 0.108949733299 0.5)
(0.493637730495 0.108949733299 0.5)
(0.4965 0.108949733299 0.5)
(0 0.116297099249 0.5)
(0.0114490780216 0.116297099249 0.5)
(0.0226989997904 0.116297099249 0.5)
(0.0337532296213 0.116297099249 0.5)
(0.0446151715679 0.116297099249 0.5)
(0.0552881704701 0.116297099249 0.5)
(0.0657755129847 0.116297099249 0.5)
(0.0760804285969 0.116297099249 0.5)
(0.0862060906156 0.116297099249 0.5)
(0.0961556171497 0.116297099249 0.5)
(0.105932072069 0.116297099249 0.5)
(0.115538465947 0.116297099249 0.5)
(0.124977756989 0.116297099249 0.5)
(0.134252851942 0.116297099249 0.5)
(0.143366606991 0.116297099249 0.5)
(0.152321828636 0.116297099249 0.5)
(0.16112127456 0.116297099249 0.5)
(0.169767654475 0.116297099249 0.5)
(0.178263630958 0.116297099249 0.5)
(0.186611820272 0.116297099249 0.5)
(0.194814793167 0.116297099249 0.5)
(0.202875075678 0.116297099249 0.5)
(0.210795149898 0.116297099249 0.5)
(0.218577454744 0.116297099249 0.5)
(0.226224386711 0.116297099249 0.5)
(0.233738300602 0.116297099249 0.5)
(0.241121510263 0.116297099249 0.5)
(0.248376289287 0.116297099249 0.5)
(0.255504871722 0.116297099249 0.5)
(0.262509452752 0.116297099249 0.5)
(0.269392189375 0.116297099249 0.5)
(0.276155201071 0.116297099249 0.5)
(0.28280057045 0.116297099249 0.5)
(0.289330343895 0.116297099249 0.5)
(0.295746532193 0.116297099249 0.5)
(0.302051111153 0.116297099249 0.5)
(0.308246022215 0.116297099249 0.5)
(0.314333173048 0.116297099249 0.5)
(0.320314438136 0.116297099249 0.5)
(0.326191659358 0.116297099249 0.5)
(0.331966646552 0.116297099249 0.5)
(0.337641178076 0.116297099249 0.5)
(0.343217001352 0.116297099249 0.5)
(0.348695833406 0.116297099249 0.5)
(0.354079361396 0.116297099249 0.5)
(0.359369243132 0.116297099249 0.5)
(0.364567107588 0.116297099249 0.5)
(0.3696745554 0.116297099249 0.5)
(0.374693159363 0.116297099249 0.5)
(0.379624464911 0.116297099249 0.5)
(0.384469990597 0.116297099249 0.5)
(0.389231228557 0.116297099249 0.5)
(0.393909644975 0.116297099249 0.5)
(0.398506680527 0.116297099249 0.5)
(0.403023750829 0.116297099249 0.5)
(0.407462246876 0.116297099249 0.5)
(0.411823535461 0.116297099249 0.5)
(0.416108959606 0.116297099249 0.5)
(0.420319838971 0.116297099249 0.5)
(0.424457470258 0.116297099249 0.5)
(0.428523127614 0.116297099249 0.5)
(0.432518063024 0.116297099249 0.5)
(0.436443506693 0.116297099249 0.5)
(0.440300667427 0.116297099249 0.5)
(0.444090733004 0.116297099249 0.5)
(0.447814870543 0.116297099249 0.5)
(0.451474226859 0.116297099249 0.5)
(0.455069928818 0.116297099249 0.5)
(0.458603083686 0.116297099249 0.5)
(0.462074779467 0.116297099249 0.5)
(0.465486085239 0.116297099249 0.5)
(0.468838051484 0.116297099249 0.5)
(0.472131710411 0.116297099249 0.5)
(0.475368076273 0.116297099249 0.5)
(0.478548145681 0.116297099249 0.5)
(0.481672897908 0.116297099249 0.5)
(0.484743295197 0.116297099249 0.5)
(0.487760283047 0.116297099249 0.5)
(0.490724790515 0.116297099249 0.5)
(0.493637730495 0.116297099249 0.5)
(0.4965 0.116297099249 0.5)
(0 0.123989896163 0.5)
(0.0114490780216 0.123989896163 0.5)
(0.0226989997904 0.123989896163 0.5)
(0.0337532296213 0.123989896163 0.5)
(0.0446151715679 0.123989896163 0.5)
(0.0552881704701 0.123989896163 0.5)
(0.0657755129847 0.123989896163 0.5)
(0.0760804285969 0.123989896163 0.5)
(0.0862060906156 0.123989896163 0.5)
(0.0961556171497 0.123989896163 0.5)
(0.105932072069 0.123989896163 0.5)
(0.115538465947 0.123989896163 0.5)
(0.124977756989 0.123989896163 0.5)
(0.134252851942 0.123989896163 0.5)
(0.143366606991 0.123989896163 0.5)
(0.152321828636 0.123989896163 0.5)
(0.16112127456 0.123989896163 0.5)
(0.169767654475 0.123989896163 0.5)
(0.178263630958 0.123989896163 0.5)
(0.186611820272 0.123989896163 0.5)
(0.194814793167 0.123989896163 0.5)
(0.202875075678 0.123989896163 0.5)
(0.210795149898 0.123989896163 0.5)
(0.218577454744 0.123989896163 0.5)
(0.226224386711 0.123989896163 0.5)
(0.233738300602 0.123989896163 0.5)
(0.241121510263 0.123989896163 0.5)
(0.248376289287 0.123989896163 0.5)
(0.255504871722 0.123989896163 0.5)
(0.262509452752 0.123989896163 0.5)
(0.269392189375 0.123989896163 0.5)
(0.276155201071 0.123989896163 0.5)
(0.28280057045 0.123989896163 0.5)
(0.289330343895 0.123989896163 0.5)
(0.295746532193 0.123989896163 0.5)
(0.302051111153 0.123989896163 0.5)
(0.308246022215 0.123989896163 0.5)
(0.314333173048 0.123989896163 0.5)
(0.320314438136 0.123989896163 0.5)
(0.326191659358 0.123989896163 0.5)
(0.331966646552 0.123989896163 0.5)
(0.337641178076 0.123989896163 0.5)
(0.343217001352 0.123989896163 0.5)
(0.348695833406 0.123989896163 0.5)
(0.354079361396 0.123989896163 0.5)
(0.359369243132 0.123989896163 0.5)
(0.364567107588 0.123989896163 0.5)
(0.3696745554 0.123989896163 0.5)
(0.374693159363 0.123989896163 0.5)
(0.379624464911 0.123989896163 0.5)
(0.384469990597 0.123989896163 0.5)
(0.389231228557 0.123989896163 0.5)
(0.393909644975 0.123989896163 0.5)
(0.398506680527 0.123989896163 0.5)
(0.403023750829 0.123989896163 0.5)
(0.407462246876 0.123989896163 0.5)
(0.411823535461 0.123989896163 0.5)
(0.416108959606 0.123989896163 0.5)
(0.420319838971 0.123989896163 0.5)
(0.424457470258 0.123989896163 0.5)
(0.428523127614 0.123989896163 0.5)
(0.432518063024 0.123989896163 0.5)
(0.436443506693 0.123989896163 0.5)
(0.440300667427 0.123989896163 0.5)
(0.444090733004 0.123989896163 0.5)
(0.447814870543 0.123989896163 0.5)
(0.451474226859 0.123989896163 0.5)
(0.455069928818 0.123989896163 0.5)
(0.458603083686 0.123989896163 0.5)
(0.462074779467 0.123989896163 0.5)
(0.465486085239 0.123989896163 0.5)
(0.468838051484 0.123989896163 0.5)
(0.472131710411 0.123989896163 0.5)
(0.475368076273 0.123989896163 0.5)
(0.478548145681 0.123989896163 0.5)
(0.481672897908 0.123989896163 0.5)
(0.484743295197 0.123989896163 0.5)
(0.487760283047 0.123989896163 0.5)
(0.490724790515 0.123989896163 0.5)
(0.493637730495 0.123989896163 0.5)
(0.4965 0.123989896163 0.5)
(0 0.132044364222 0.5)
(0.0114490780216 0.132044364222 0.5)
(0.0226989997904 0.132044364222 0.5)
(0.0337532296213 0.132044364222 0.5)
(0.0446151715679 0.132044364222 0.5)
(0.0552881704701 0.132044364222 0.5)
(0.0657755129847 0.132044364222 0.5)
(0.0760804285969 0.132044364222 0.5)
(0.0862060906156 0.132044364222 0.5)
(0.0961556171497 0.132044364222 0.5)
(0.105932072069 0.132044364222 0.5)
(0.115538465947 0.132044364222 0.5)
(0.124977756989 0.132044364222 0.5)
(0.134252851942 0.132044364222 0.5)
(0.143366606991 0.132044364222 0.5)
(0.152321828636 0.132044364222 0.5)
(0.16112127456 0.132044364222 0.5)
(0.169767654475 0.132044364222 0.5)
(0.178263630958 0.132044364222 0.5)
(0.186611820272 0.132044364222 0.5)
(0.194814793167 0.132044364222 0.5)
(0.202875075678 0.132044364222 0.5)
(0.210795149898 0.132044364222 0.5)
(0.218577454744 0.132044364222 0.5)
(0.226224386711 0.132044364222 0.5)
(0.233738300602 0.132044364222 0.5)
(0.241121510263 0.132044364222 0.5)
(0.248376289287 0.132044364222 0.5)
(0.255504871722 0.132044364222 0.5)
(0.262509452752 0.132044364222 0.5)
(0.269392189375 0.132044364222 0.5)
(0.276155201071 0.132044364222 0.5)
(0.28280057045 0.132044364222 0.5)
(0.289330343895 0.132044364222 0.5)
(0.295746532193 0.132044364222 0.5)
(0.302051111153 0.132044364222 0.5)
(0.308246022215 0.132044364222 0.5)
(0.314333173048 0.132044364222 0.5)
(0.320314438136 0.132044364222 0.5)
(0.326191659358 0.132044364222 0.5)
(0.331966646552 0.132044364222 0.5)
(0.337641178076 0.132044364222 0.5)
(0.343217001352 0.132044364222 0.5)
(0.348695833406 0.132044364222 0.5)
(0.354079361396 0.132044364222 0.5)
(0.359369243132 0.132044364222 0.5)
(0.364567107588 0.132044364222 0.5)
(0.3696745554 0.132044364222 0.5)
(0.374693159363 0.132044364222 0.5)
(0.379624464911 0.132044364222 0.5)
(0.384469990597 0.132044364222 0.5)
(0.389231228557 0.132044364222 0.5)
(0.393909644975 0.132044364222 0.5)
(0.398506680527 0.132044364222 0.5)
(0.403023750829 0.132044364222 0.5)
(0.407462246876 0.132044364222 0.5)
(0.411823535461 0.132044364222 0.5)
(0.416108959606 0.132044364222 0.5)
(0.420319838971 0.132044364222 0.5)
(0.424457470258 0.132044364222 0.5)
(0.428523127614 0.132044364222 0.5)
(0.432518063024 0.132044364222 0.5)
(0.436443506693 0.132044364222 0.5)
(0.440300667427 0.132044364222 0.5)
(0.444090733004 0.132044364222 0.5)
(0.447814870543 0.132044364222 0.5)
(0.451474226859 0.132044364222 0.5)
(0.455069928818 0.132044364222 0.5)
(0.458603083686 0.132044364222 0.5)
(0.462074779467 0.132044364222 0.5)
(0.465486085239 0.132044364222 0.5)
(0.468838051484 0.132044364222 0.5)
(0.472131710411 0.132044364222 0.5)
(0.475368076273 0.132044364222 0.5)
(0.478548145681 0.132044364222 0.5)
(0.481672897908 0.132044364222 0.5)
(0.484743295197 0.132044364222 0.5)
(0.487760283047 0.132044364222 0.5)
(0.490724790515 0.132044364222 0.5)
(0.493637730495 0.132044364222 0.5)
(0.4965 0.132044364222 0.5)
(0 0.140477507127 0.5)
(0.0114490780216 0.140477507127 0.5)
(0.0226989997904 0.140477507127 0.5)
(0.0337532296213 0.140477507127 0.5)
(0.0446151715679 0.140477507127 0.5)
(0.0552881704701 0.140477507127 0.5)
(0.0657755129847 0.140477507127 0.5)
(0.0760804285969 0.140477507127 0.5)
(0.0862060906156 0.140477507127 0.5)
(0.0961556171497 0.140477507127 0.5)
(0.105932072069 0.140477507127 0.5)
(0.115538465947 0.140477507127 0.5)
(0.124977756989 0.140477507127 0.5)
(0.134252851942 0.140477507127 0.5)
(0.143366606991 0.140477507127 0.5)
(0.152321828636 0.140477507127 0.5)
(0.16112127456 0.140477507127 0.5)
(0.169767654475 0.140477507127 0.5)
(0.178263630958 0.140477507127 0.5)
(0.186611820272 0.140477507127 0.5)
(0.194814793167 0.140477507127 0.5)
(0.202875075678 0.140477507127 0.5)
(0.210795149898 0.140477507127 0.5)
(0.218577454744 0.140477507127 0.5)
(0.226224386711 0.140477507127 0.5)
(0.233738300602 0.140477507127 0.5)
(0.241121510263 0.140477507127 0.5)
(0.248376289287 0.140477507127 0.5)
(0.255504871722 0.140477507127 0.5)
(0.262509452752 0.140477507127 0.5)
(0.269392189375 0.140477507127 0.5)
(0.276155201071 0.140477507127 0.5)
(0.28280057045 0.140477507127 0.5)
(0.289330343895 0.140477507127 0.5)
(0.295746532193 0.140477507127 0.5)
(0.302051111153 0.140477507127 0.5)
(0.308246022215 0.140477507127 0.5)
(0.314333173048 0.140477507127 0.5)
(0.320314438136 0.140477507127 0.5)
(0.326191659358 0.140477507127 0.5)
(0.331966646552 0.140477507127 0.5)
(0.337641178076 0.140477507127 0.5)
(0.343217001352 0.140477507127 0.5)
(0.348695833406 0.140477507127 0.5)
(0.354079361396 0.140477507127 0.5)
(0.359369243132 0.140477507127 0.5)
(0.364567107588 0.140477507127 0.5)
(0.3696745554 0.140477507127 0.5)
(0.374693159363 0.140477507127 0.5)
(0.379624464911 0.140477507127 0.5)
(0.384469990597 0.140477507127 0.5)
(0.389231228557 0.140477507127 0.5)
(0.393909644975 0.140477507127 0.5)
(0.398506680527 0.140477507127 0.5)
(0.403023750829 0.140477507127 0.5)
(0.407462246876 0.140477507127 0.5)
(0.411823535461 0.140477507127 0.5)
(0.416108959606 0.140477507127 0.5)
(0.420319838971 0.140477507127 0.5)
(0.424457470258 0.140477507127 0.5)
(0.428523127614 0.140477507127 0.5)
(0.432518063024 0.140477507127 0.5)
(0.436443506693 0.140477507127 0.5)
(0.440300667427 0.140477507127 0.5)
(0.444090733004 0.140477507127 0.5)
(0.447814870543 0.140477507127 0.5)
(0.451474226859 0.140477507127 0.5)
(0.455069928818 0.140477507127 0.5)
(0.458603083686 0.140477507127 0.5)
(0.462074779467 0.140477507127 0.5)
(0.465486085239 0.140477507127 0.5)
(0.468838051484 0.140477507127 0.5)
(0.472131710411 0.140477507127 0.5)
(0.475368076273 0.140477507127 0.5)
(0.478548145681 0.140477507127 0.5)
(0.481672897908 0.140477507127 0.5)
(0.484743295197 0.140477507127 0.5)
(0.487760283047 0.140477507127 0.5)
(0.490724790515 0.140477507127 0.5)
(0.493637730495 0.140477507127 0.5)
(0.4965 0.140477507127 0.5)
(0 0.149307127994 0.5)
(0.0114490780216 0.149307127994 0.5)
(0.0226989997904 0.149307127994 0.5)
(0.0337532296213 0.149307127994 0.5)
(0.0446151715679 0.149307127994 0.5)
(0.0552881704701 0.149307127994 0.5)
(0.0657755129847 0.149307127994 0.5)
(0.0760804285969 0.149307127994 0.5)
(0.0862060906156 0.149307127994 0.5)
(0.0961556171497 0.149307127994 0.5)
(0.105932072069 0.149307127994 0.5)
(0.115538465947 0.149307127994 0.5)
(0.124977756989 0.149307127994 0.5)
(0.134252851942 0.149307127994 0.5)
(0.143366606991 0.149307127994 0.5)
(0.152321828636 0.149307127994 0.5)
(0.16112127456 0.149307127994 0.5)
(0.169767654475 0.149307127994 0.5)
(0.178263630958 0.149307127994 0.5)
(0.186611820272 0.149307127994 0.5)
(0.194814793167 0.149307127994 0.5)
(0.202875075678 0.149307127994 0.5)
(0.210795149898 0.149307127994 0.5)
(0.218577454744 0.149307127994 0.5)
(0.226224386711 0.149307127994 0.5)
(0.233738300602 0.149307127994 0.5)
(0.241121510263 0.149307127994 0.5)
(0.248376289287 0.149307127994 0.5)
(0.255504871722 0.149307127994 0.5)
(0.262509452752 0.149307127994 0.5)
(0.269392189375 0.149307127994 0.5)
(0.276155201071 0.149307127994 0.5)
(0.28280057045 0.149307127994 0.5)
(0.289330343895 0.149307127994 0.5)
(0.295746532193 0.149307127994 0.5)
(0.302051111153 0.149307127994 0.5)
(0.308246022215 0.149307127994 0.5)
(0.314333173048 0.149307127994 0.5)
(0.320314438136 0.149307127994 0.5)
(0.326191659358 0.149307127994 0.5)
(0.331966646552 0.149307127994 0.5)
(0.337641178076 0.149307127994 0.5)
(0.343217001352 0.149307127994 0.5)
(0.348695833406 0.149307127994 0.5)
(0.354079361396 0.149307127994 0.5)
(0.359369243132 0.149307127994 0.5)
(0.364567107588 0.149307127994 0.5)
(0.3696745554 0.149307127994 0.5)
(0.374693159363 0.149307127994 0.5)
(0.379624464911 0.149307127994 0.5)
(0.384469990597 0.149307127994 0.5)
(0.389231228557 0.149307127994 0.5)
(0.393909644975 0.149307127994 0.5)
(0.398506680527 0.149307127994 0.5)
(0.403023750829 0.149307127994 0.5)
(0.407462246876 0.149307127994 0.5)
(0.411823535461 0.149307127994 0.5)
(0.416108959606 0.149307127994 0.5)
(0.420319838971 0.149307127994 0.5)
(0.424457470258 0.149307127994 0.5)
(0.428523127614 0.149307127994 0.5)
(0.432518063024 0.149307127994 0.5)
(0.436443506693 0.149307127994 0.5)
(0.440300667427 0.149307127994 0.5)
(0.444090733004 0.149307127994 0.5)
(0.447814870543 0.149307127994 0.5)
(0.451474226859 0.149307127994 0.5)
(0.455069928818 0.149307127994 0.5)
(0.458603083686 0.149307127994 0.5)
(0.462074779467 0.149307127994 0.5)
(0.465486085239 0.149307127994 0.5)
(0.468838051484 0.149307127994 0.5)
(0.472131710411 0.149307127994 0.5)
(0.475368076273 0.149307127994 0.5)
(0.478548145681 0.149307127994 0.5)
(0.481672897908 0.149307127994 0.5)
(0.484743295197 0.149307127994 0.5)
(0.487760283047 0.149307127994 0.5)
(0.490724790515 0.149307127994 0.5)
(0.493637730495 0.149307127994 0.5)
(0.4965 0.149307127994 0.5)
(0 0.158551866942 0.5)
(0.0114490780216 0.158551866942 0.5)
(0.0226989997904 0.158551866942 0.5)
(0.0337532296213 0.158551866942 0.5)
(0.0446151715679 0.158551866942 0.5)
(0.0552881704701 0.158551866942 0.5)
(0.0657755129847 0.158551866942 0.5)
(0.0760804285969 0.158551866942 0.5)
(0.0862060906156 0.158551866942 0.5)
(0.0961556171497 0.158551866942 0.5)
(0.105932072069 0.158551866942 0.5)
(0.115538465947 0.158551866942 0.5)
(0.124977756989 0.158551866942 0.5)
(0.134252851942 0.158551866942 0.5)
(0.143366606991 0.158551866942 0.5)
(0.152321828636 0.158551866942 0.5)
(0.16112127456 0.158551866942 0.5)
(0.169767654475 0.158551866942 0.5)
(0.178263630958 0.158551866942 0.5)
(0.186611820272 0.158551866942 0.5)
(0.194814793167 0.158551866942 0.5)
(0.202875075678 0.158551866942 0.5)
(0.210795149898 0.158551866942 0.5)
(0.218577454744 0.158551866942 0.5)
(0.226224386711 0.158551866942 0.5)
(0.233738300602 0.158551866942 0.5)
(0.241121510263 0.158551866942 0.5)
(0.248376289287 0.158551866942 0.5)
(0.255504871722 0.158551866942 0.5)
(0.262509452752 0.158551866942 0.5)
(0.269392189375 0.158551866942 0.5)
(0.276155201071 0.158551866942 0.5)
(0.28280057045 0.158551866942 0.5)
(0.289330343895 0.158551866942 0.5)
(0.295746532193 0.158551866942 0.5)
(0.302051111153 0.158551866942 0.5)
(0.308246022215 0.158551866942 0.5)
(0.314333173048 0.158551866942 0.5)
(0.320314438136 0.158551866942 0.5)
(0.326191659358 0.158551866942 0.5)
(0.331966646552 0.158551866942 0.5)
(0.337641178076 0.158551866942 0.5)
(0.343217001352 0.158551866942 0.5)
(0.348695833406 0.158551866942 0.5)
(0.354079361396 0.158551866942 0.5)
(0.359369243132 0.158551866942 0.5)
(0.364567107588 0.158551866942 0.5)
(0.3696745554 0.158551866942 0.5)
(0.374693159363 0.158551866942 0.5)
(0.379624464911 0.158551866942 0.5)
(0.384469990597 0.158551866942 0.5)
(0.389231228557 0.158551866942 0.5)
(0.393909644975 0.158551866942 0.5)
(0.398506680527 0.158551866942 0.5)
(0.403023750829 0.158551866942 0.5)
(0.407462246876 0.158551866942 0.5)
(0.411823535461 0.158551866942 0.5)
(0.416108959606 0.158551866942 0.5)
(0.420319838971 0.158551866942 0.5)
(0.424457470258 0.158551866942 0.5)
(0.428523127614 0.158551866942 0.5)
(0.432518063024 0.158551866942 0.5)
(0.436443506693 0.158551866942 0.5)
(0.440300667427 0.158551866942 0.5)
(0.444090733004 0.158551866942 0.5)
(0.447814870543 0.158551866942 0.5)
(0.451474226859 0.158551866942 0.5)
(0.455069928818 0.158551866942 0.5)
(0.458603083686 0.158551866942 0.5)
(0.462074779467 0.158551866942 0.5)
(0.465486085239 0.158551866942 0.5)
(0.468838051484 0.158551866942 0.5)
(0.472131710411 0.158551866942 0.5)
(0.475368076273 0.158551866942 0.5)
(0.478548145681 0.158551866942 0.5)
(0.481672897908 0.158551866942 0.5)
(0.484743295197 0.158551866942 0.5)
(0.487760283047 0.158551866942 0.5)
(0.490724790515 0.158551866942 0.5)
(0.493637730495 0.158551866942 0.5)
(0.4965 0.158551866942 0.5)
(0 0.168231240439 0.5)
(0.0114490780216 0.168231240439 0.5)
(0.0226989997904 0.168231240439 0.5)
(0.0337532296213 0.168231240439 0.5)
(0.0446151715679 0.168231240439 0.5)
(0.0552881704701 0.168231240439 0.5)
(0.0657755129847 0.168231240439 0.5)
(0.0760804285969 0.168231240439 0.5)
(0.0862060906156 0.168231240439 0.5)
(0.0961556171497 0.168231240439 0.5)
(0.105932072069 0.168231240439 0.5)
(0.115538465947 0.168231240439 0.5)
(0.124977756989 0.168231240439 0.5)
(0.134252851942 0.168231240439 0.5)
(0.143366606991 0.168231240439 0.5)
(0.152321828636 0.168231240439 0.5)
(0.16112127456 0.168231240439 0.5)
(0.169767654475 0.168231240439 0.5)
(0.178263630958 0.168231240439 0.5)
(0.186611820272 0.168231240439 0.5)
(0.194814793167 0.168231240439 0.5)
(0.202875075678 0.168231240439 0.5)
(0.210795149898 0.168231240439 0.5)
(0.218577454744 0.168231240439 0.5)
(0.226224386711 0.168231240439 0.5)
(0.233738300602 0.168231240439 0.5)
(0.241121510263 0.168231240439 0.5)
(0.248376289287 0.168231240439 0.5)
(0.255504871722 0.168231240439 0.5)
(0.262509452752 0.168231240439 0.5)
(0.269392189375 0.168231240439 0.5)
(0.276155201071 0.168231240439 0.5)
(0.28280057045 0.168231240439 0.5)
(0.289330343895 0.168231240439 0.5)
(0.295746532193 0.168231240439 0.5)
(0.302051111153 0.168231240439 0.5)
(0.308246022215 0.168231240439 0.5)
(0.314333173048 0.168231240439 0.5)
(0.320314438136 0.168231240439 0.5)
(0.326191659358 0.168231240439 0.5)
(0.331966646552 0.168231240439 0.5)
(0.337641178076 0.168231240439 0.5)
(0.343217001352 0.168231240439 0.5)
(0.348695833406 0.168231240439 0.5)
(0.354079361396 0.168231240439 0.5)
(0.359369243132 0.168231240439 0.5)
(0.364567107588 0.168231240439 0.5)
(0.3696745554 0.168231240439 0.5)
(0.374693159363 0.168231240439 0.5)
(0.379624464911 0.168231240439 0.5)
(0.384469990597 0.168231240439 0.5)
(0.389231228557 0.168231240439 0.5)
(0.393909644975 0.168231240439 0.5)
(0.398506680527 0.168231240439 0.5)
(0.403023750829 0.168231240439 0.5)
(0.407462246876 0.168231240439 0.5)
(0.411823535461 0.168231240439 0.5)
(0.416108959606 0.168231240439 0.5)
(0.420319838971 0.168231240439 0.5)
(0.424457470258 0.168231240439 0.5)
(0.428523127614 0.168231240439 0.5)
(0.432518063024 0.168231240439 0.5)
(0.436443506693 0.168231240439 0.5)
(0.440300667427 0.168231240439 0.5)
(0.444090733004 0.168231240439 0.5)
(0.447814870543 0.168231240439 0.5)
(0.451474226859 0.168231240439 0.5)
(0.455069928818 0.168231240439 0.5)
(0.458603083686 0.168231240439 0.5)
(0.462074779467 0.168231240439 0.5)
(0.465486085239 0.168231240439 0.5)
(0.468838051484 0.168231240439 0.5)
(0.472131710411 0.168231240439 0.5)
(0.475368076273 0.168231240439 0.5)
(0.478548145681 0.168231240439 0.5)
(0.481672897908 0.168231240439 0.5)
(0.484743295197 0.168231240439 0.5)
(0.487760283047 0.168231240439 0.5)
(0.490724790515 0.168231240439 0.5)
(0.493637730495 0.168231240439 0.5)
(0.4965 0.168231240439 0.5)
(0 0.178365682506 0.5)
(0.0114490780216 0.178365682506 0.5)
(0.0226989997904 0.178365682506 0.5)
(0.0337532296213 0.178365682506 0.5)
(0.0446151715679 0.178365682506 0.5)
(0.0552881704701 0.178365682506 0.5)
(0.0657755129847 0.178365682506 0.5)
(0.0760804285969 0.178365682506 0.5)
(0.0862060906156 0.178365682506 0.5)
(0.0961556171497 0.178365682506 0.5)
(0.105932072069 0.178365682506 0.5)
(0.115538465947 0.178365682506 0.5)
(0.124977756989 0.178365682506 0.5)
(0.134252851942 0.178365682506 0.5)
(0.143366606991 0.178365682506 0.5)
(0.152321828636 0.178365682506 0.5)
(0.16112127456 0.178365682506 0.5)
(0.169767654475 0.178365682506 0.5)
(0.178263630958 0.178365682506 0.5)
(0.186611820272 0.178365682506 0.5)
(0.194814793167 0.178365682506 0.5)
(0.202875075678 0.178365682506 0.5)
(0.210795149898 0.178365682506 0.5)
(0.218577454744 0.178365682506 0.5)
(0.226224386711 0.178365682506 0.5)
(0.233738300602 0.178365682506 0.5)
(0.241121510263 0.178365682506 0.5)
(0.248376289287 0.178365682506 0.5)
(0.255504871722 0.178365682506 0.5)
(0.262509452752 0.178365682506 0.5)
(0.269392189375 0.178365682506 0.5)
(0.276155201071 0.178365682506 0.5)
(0.28280057045 0.178365682506 0.5)
(0.289330343895 0.178365682506 0.5)
(0.295746532193 0.178365682506 0.5)
(0.302051111153 0.178365682506 0.5)
(0.308246022215 0.178365682506 0.5)
(0.314333173048 0.178365682506 0.5)
(0.320314438136 0.178365682506 0.5)
(0.326191659358 0.178365682506 0.5)
(0.331966646552 0.178365682506 0.5)
(0.337641178076 0.178365682506 0.5)
(0.343217001352 0.178365682506 0.5)
(0.348695833406 0.178365682506 0.5)
(0.354079361396 0.178365682506 0.5)
(0.359369243132 0.178365682506 0.5)
(0.364567107588 0.178365682506 0.5)
(0.3696745554 0.178365682506 0.5)
(0.374693159363 0.178365682506 0.5)
(0.379624464911 0.178365682506 0.5)
(0.384469990597 0.178365682506 0.5)
(0.389231228557 0.178365682506 0.5)
(0.393909644975 0.178365682506 0.5)
(0.398506680527 0.178365682506 0.5)
(0.403023750829 0.178365682506 0.5)
(0.407462246876 0.178365682506 0.5)
(0.411823535461 0.178365682506 0.5)
(0.416108959606 0.178365682506 0.5)
(0.420319838971 0.178365682506 0.5)
(0.424457470258 0.178365682506 0.5)
(0.428523127614 0.178365682506 0.5)
(0.432518063024 0.178365682506 0.5)
(0.436443506693 0.178365682506 0.5)
(0.440300667427 0.178365682506 0.5)
(0.444090733004 0.178365682506 0.5)
(0.447814870543 0.178365682506 0.5)
(0.451474226859 0.178365682506 0.5)
(0.455069928818 0.178365682506 0.5)
(0.458603083686 0.178365682506 0.5)
(0.462074779467 0.178365682506 0.5)
(0.465486085239 0.178365682506 0.5)
(0.468838051484 0.178365682506 0.5)
(0.472131710411 0.178365682506 0.5)
(0.475368076273 0.178365682506 0.5)
(0.478548145681 0.178365682506 0.5)
(0.481672897908 0.178365682506 0.5)
(0.484743295197 0.178365682506 0.5)
(0.487760283047 0.178365682506 0.5)
(0.490724790515 0.178365682506 0.5)
(0.493637730495 0.178365682506 0.5)
(0.4965 0.178365682506 0.5)
(0 0.188976587856 0.5)
(0.0114490780216 0.188976587856 0.5)
(0.0226989997904 0.188976587856 0.5)
(0.0337532296213 0.188976587856 0.5)
(0.0446151715679 0.188976587856 0.5)
(0.0552881704701 0.188976587856 0.5)
(0.0657755129847 0.188976587856 0.5)
(0.0760804285969 0.188976587856 0.5)
(0.0862060906156 0.188976587856 0.5)
(0.0961556171497 0.188976587856 0.5)
(0.105932072069 0.188976587856 0.5)
(0.115538465947 0.188976587856 0.5)
(0.124977756989 0.188976587856 0.5)
(0.134252851942 0.188976587856 0.5)
(0.143366606991 0.188976587856 0.5)
(0.152321828636 0.188976587856 0.5)
(0.16112127456 0.188976587856 0.5)
(0.169767654475 0.188976587856 0.5)
(0.178263630958 0.188976587856 0.5)
(0.186611820272 0.188976587856 0.5)
(0.194814793167 0.188976587856 0.5)
(0.202875075678 0.188976587856 0.5)
(0.210795149898 0.188976587856 0.5)
(0.218577454744 0.188976587856 0.5)
(0.226224386711 0.188976587856 0.5)
(0.233738300602 0.188976587856 0.5)
(0.241121510263 0.188976587856 0.5)
(0.248376289287 0.188976587856 0.5)
(0.255504871722 0.188976587856 0.5)
(0.262509452752 0.188976587856 0.5)
(0.269392189375 0.188976587856 0.5)
(0.276155201071 0.188976587856 0.5)
(0.28280057045 0.188976587856 0.5)
(0.289330343895 0.188976587856 0.5)
(0.295746532193 0.188976587856 0.5)
(0.302051111153 0.188976587856 0.5)
(0.308246022215 0.188976587856 0.5)
(0.314333173048 0.188976587856 0.5)
(0.320314438136 0.188976587856 0.5)
(0.326191659358 0.188976587856 0.5)
(0.331966646552 0.188976587856 0.5)
(0.337641178076 0.188976587856 0.5)
(0.343217001352 0.188976587856 0.5)
(0.348695833406 0.188976587856 0.5)
(0.354079361396 0.188976587856 0.5)
(0.359369243132 0.188976587856 0.5)
(0.364567107588 0.188976587856 0.5)
(0.3696745554 0.188976587856 0.5)
(0.374693159363 0.188976587856 0.5)
(0.379624464911 0.188976587856 0.5)
(0.384469990597 0.188976587856 0.5)
(0.389231228557 0.188976587856 0.5)
(0.393909644975 0.188976587856 0.5)
(0.398506680527 0.188976587856 0.5)
(0.403023750829 0.188976587856 0.5)
(0.407462246876 0.188976587856 0.5)
(0.411823535461 0.188976587856 0.5)
(0.416108959606 0.188976587856 0.5)
(0.420319838971 0.188976587856 0.5)
(0.424457470258 0.188976587856 0.5)
(0.428523127614 0.188976587856 0.5)
(0.432518063024 0.188976587856 0.5)
(0.436443506693 0.188976587856 0.5)
(0.440300667427 0.188976587856 0.5)
(0.444090733004 0.188976587856 0.5)
(0.447814870543 0.188976587856 0.5)
(0.451474226859 0.188976587856 0.5)
(0.455069928818 0.188976587856 0.5)
(0.458603083686 0.188976587856 0.5)
(0.462074779467 0.188976587856 0.5)
(0.465486085239 0.188976587856 0.5)
(0.468838051484 0.188976587856 0.5)
(0.472131710411 0.188976587856 0.5)
(0.475368076273 0.188976587856 0.5)
(0.478548145681 0.188976587856 0.5)
(0.481672897908 0.188976587856 0.5)
(0.484743295197 0.188976587856 0.5)
(0.487760283047 0.188976587856 0.5)
(0.490724790515 0.188976587856 0.5)
(0.493637730495 0.188976587856 0.5)
(0.4965 0.188976587856 0.5)
(0 0.200086357055 0.5)
(0.0114490780216 0.200086357055 0.5)
(0.0226989997904 0.200086357055 0.5)
(0.0337532296213 0.200086357055 0.5)
(0.0446151715679 0.200086357055 0.5)
(0.0552881704701 0.200086357055 0.5)
(0.0657755129847 0.200086357055 0.5)
(0.0760804285969 0.200086357055 0.5)
(0.0862060906156 0.200086357055 0.5)
(0.0961556171497 0.200086357055 0.5)
(0.105932072069 0.200086357055 0.5)
(0.115538465947 0.200086357055 0.5)
(0.124977756989 0.200086357055 0.5)
(0.134252851942 0.200086357055 0.5)
(0.143366606991 0.200086357055 0.5)
(0.152321828636 0.200086357055 0.5)
(0.16112127456 0.200086357055 0.5)
(0.169767654475 0.200086357055 0.5)
(0.178263630958 0.200086357055 0.5)
(0.186611820272 0.200086357055 0.5)
(0.194814793167 0.200086357055 0.5)
(0.202875075678 0.200086357055 0.5)
(0.210795149898 0.200086357055 0.5)
(0.218577454744 0.200086357055 0.5)
(0.226224386711 0.200086357055 0.5)
(0.233738300602 0.200086357055 0.5)
(0.241121510263 0.200086357055 0.5)
(0.248376289287 0.200086357055 0.5)
(0.255504871722 0.200086357055 0.5)
(0.262509452752 0.200086357055 0.5)
(0.269392189375 0.200086357055 0.5)
(0.276155201071 0.200086357055 0.5)
(0.28280057045 0.200086357055 0.5)
(0.289330343895 0.200086357055 0.5)
(0.295746532193 0.200086357055 0.5)
(0.302051111153 0.200086357055 0.5)
(0.308246022215 0.200086357055 0.5)
(0.314333173048 0.200086357055 0.5)
(0.320314438136 0.200086357055 0.5)
(0.326191659358 0.200086357055 0.5)
(0.331966646552 0.200086357055 0.5)
(0.337641178076 0.200086357055 0.5)
(0.343217001352 0.200086357055 0.5)
(0.348695833406 0.200086357055 0.5)
(0.354079361396 0.200086357055 0.5)
(0.359369243132 0.200086357055 0.5)
(0.364567107588 0.200086357055 0.5)
(0.3696745554 0.200086357055 0.5)
(0.374693159363 0.200086357055 0.5)
(0.379624464911 0.200086357055 0.5)
(0.384469990597 0.200086357055 0.5)
(0.389231228557 0.200086357055 0.5)
(0.393909644975 0.200086357055 0.5)
(0.398506680527 0.200086357055 0.5)
(0.403023750829 0.200086357055 0.5)
(0.407462246876 0.200086357055 0.5)
(0.411823535461 0.200086357055 0.5)
(0.416108959606 0.200086357055 0.5)
(0.420319838971 0.200086357055 0.5)
(0.424457470258 0.200086357055 0.5)
(0.428523127614 0.200086357055 0.5)
(0.432518063024 0.200086357055 0.5)
(0.436443506693 0.200086357055 0.5)
(0.440300667427 0.200086357055 0.5)
(0.444090733004 0.200086357055 0.5)
(0.447814870543 0.200086357055 0.5)
(0.451474226859 0.200086357055 0.5)
(0.455069928818 0.200086357055 0.5)
(0.458603083686 0.200086357055 0.5)
(0.462074779467 0.200086357055 0.5)
(0.465486085239 0.200086357055 0.5)
(0.468838051484 0.200086357055 0.5)
(0.472131710411 0.200086357055 0.5)
(0.475368076273 0.200086357055 0.5)
(0.478548145681 0.200086357055 0.5)
(0.481672897908 0.200086357055 0.5)
(0.484743295197 0.200086357055 0.5)
(0.487760283047 0.200086357055 0.5)
(0.490724790515 0.200086357055 0.5)
(0.493637730495 0.200086357055 0.5)
(0.4965 0.200086357055 0.5)
(0 0.211718443818 0.5)
(0.0114490780216 0.211718443818 0.5)
(0.0226989997904 0.211718443818 0.5)
(0.0337532296213 0.211718443818 0.5)
(0.0446151715679 0.211718443818 0.5)
(0.0552881704701 0.211718443818 0.5)
(0.0657755129847 0.211718443818 0.5)
(0.0760804285969 0.211718443818 0.5)
(0.0862060906156 0.211718443818 0.5)
(0.0961556171497 0.211718443818 0.5)
(0.105932072069 0.211718443818 0.5)
(0.115538465947 0.211718443818 0.5)
(0.124977756989 0.211718443818 0.5)
(0.134252851942 0.211718443818 0.5)
(0.143366606991 0.211718443818 0.5)
(0.152321828636 0.211718443818 0.5)
(0.16112127456 0.211718443818 0.5)
(0.169767654475 0.211718443818 0.5)
(0.178263630958 0.211718443818 0.5)
(0.186611820272 0.211718443818 0.5)
(0.194814793167 0.211718443818 0.5)
(0.202875075678 0.211718443818 0.5)
(0.210795149898 0.211718443818 0.5)
(0.218577454744 0.211718443818 0.5)
(0.226224386711 0.211718443818 0.5)
(0.233738300602 0.211718443818 0.5)
(0.241121510263 0.211718443818 0.5)
(0.248376289287 0.211718443818 0.5)
(0.255504871722 0.211718443818 0.5)
(0.262509452752 0.211718443818 0.5)
(0.269392189375 0.211718443818 0.5)
(0.276155201071 0.211718443818 0.5)
(0.28280057045 0.211718443818 0.5)
(0.289330343895 0.211718443818 0.5)
(0.295746532193 0.211718443818 0.5)
(0.302051111153 0.211718443818 0.5)
(0.308246022215 0.211718443818 0.5)
(0.314333173048 0.211718443818 0.5)
(0.320314438136 0.211718443818 0.5)
(0.326191659358 0.211718443818 0.5)
(0.331966646552 0.211718443818 0.5)
(0.337641178076 0.211718443818 0.5)
(0.343217001352 0.211718443818 0.5)
(0.348695833406 0.211718443818 0.5)
(0.354079361396 0.211718443818 0.5)
(0.359369243132 0.211718443818 0.5)
(0.364567107588 0.211718443818 0.5)
(0.3696745554 0.211718443818 0.5)
(0.374693159363 0.211718443818 0.5)
(0.379624464911 0.211718443818 0.5)
(0.384469990597 0.211718443818 0.5)
(0.389231228557 0.211718443818 0.5)
(0.393909644975 0.211718443818 0.5)
(0.398506680527 0.211718443818 0.5)
(0.403023750829 0.211718443818 0.5)
(0.407462246876 0.211718443818 0.5)
(0.411823535461 0.211718443818 0.5)
(0.416108959606 0.211718443818 0.5)
(0.420319838971 0.211718443818 0.5)
(0.424457470258 0.211718443818 0.5)
(0.428523127614 0.211718443818 0.5)
(0.432518063024 0.211718443818 0.5)
(0.436443506693 0.211718443818 0.5)
(0.440300667427 0.211718443818 0.5)
(0.444090733004 0.211718443818 0.5)
(0.447814870543 0.211718443818 0.5)
(0.451474226859 0.211718443818 0.5)
(0.455069928818 0.211718443818 0.5)
(0.458603083686 0.211718443818 0.5)
(0.462074779467 0.211718443818 0.5)
(0.465486085239 0.211718443818 0.5)
(0.468838051484 0.211718443818 0.5)
(0.472131710411 0.211718443818 0.5)
(0.475368076273 0.211718443818 0.5)
(0.478548145681 0.211718443818 0.5)
(0.481672897908 0.211718443818 0.5)
(0.484743295197 0.211718443818 0.5)
(0.487760283047 0.211718443818 0.5)
(0.490724790515 0.211718443818 0.5)
(0.493637730495 0.211718443818 0.5)
(0.4965 0.211718443818 0.5)
(0 0.223897404519 0.5)
(0.0114490780216 0.223897404519 0.5)
(0.0226989997904 0.223897404519 0.5)
(0.0337532296213 0.223897404519 0.5)
(0.0446151715679 0.223897404519 0.5)
(0.0552881704701 0.223897404519 0.5)
(0.0657755129847 0.223897404519 0.5)
(0.0760804285969 0.223897404519 0.5)
(0.0862060906156 0.223897404519 0.5)
(0.0961556171497 0.223897404519 0.5)
(0.105932072069 0.223897404519 0.5)
(0.115538465947 0.223897404519 0.5)
(0.124977756989 0.223897404519 0.5)
(0.134252851942 0.223897404519 0.5)
(0.143366606991 0.223897404519 0.5)
(0.152321828636 0.223897404519 0.5)
(0.16112127456 0.223897404519 0.5)
(0.169767654475 0.223897404519 0.5)
(0.178263630958 0.223897404519 0.5)
(0.186611820272 0.223897404519 0.5)
(0.194814793167 0.223897404519 0.5)
(0.202875075678 0.223897404519 0.5)
(0.210795149898 0.223897404519 0.5)
(0.218577454744 0.223897404519 0.5)
(0.226224386711 0.223897404519 0.5)
(0.233738300602 0.223897404519 0.5)
(0.241121510263 0.223897404519 0.5)
(0.248376289287 0.223897404519 0.5)
(0.255504871722 0.223897404519 0.5)
(0.262509452752 0.223897404519 0.5)
(0.269392189375 0.223897404519 0.5)
(0.276155201071 0.223897404519 0.5)
(0.28280057045 0.223897404519 0.5)
(0.289330343895 0.223897404519 0.5)
(0.295746532193 0.223897404519 0.5)
(0.302051111153 0.223897404519 0.5)
(0.308246022215 0.223897404519 0.5)
(0.314333173048 0.223897404519 0.5)
(0.320314438136 0.223897404519 0.5)
(0.326191659358 0.223897404519 0.5)
(0.331966646552 0.223897404519 0.5)
(0.337641178076 0.223897404519 0.5)
(0.343217001352 0.223897404519 0.5)
(0.348695833406 0.223897404519 0.5)
(0.354079361396 0.223897404519 0.5)
(0.359369243132 0.223897404519 0.5)
(0.364567107588 0.223897404519 0.5)
(0.3696745554 0.223897404519 0.5)
(0.374693159363 0.223897404519 0.5)
(0.379624464911 0.223897404519 0.5)
(0.384469990597 0.223897404519 0.5)
(0.389231228557 0.223897404519 0.5)
(0.393909644975 0.223897404519 0.5)
(0.398506680527 0.223897404519 0.5)
(0.403023750829 0.223897404519 0.5)
(0.407462246876 0.223897404519 0.5)
(0.411823535461 0.223897404519 0.5)
(0.416108959606 0.223897404519 0.5)
(0.420319838971 0.223897404519 0.5)
(0.424457470258 0.223897404519 0.5)
(0.428523127614 0.223897404519 0.5)
(0.432518063024 0.223897404519 0.5)
(0.436443506693 0.223897404519 0.5)
(0.440300667427 0.223897404519 0.5)
(0.444090733004 0.223897404519 0.5)
(0.447814870543 0.223897404519 0.5)
(0.451474226859 0.223897404519 0.5)
(0.455069928818 0.223897404519 0.5)
(0.458603083686 0.223897404519 0.5)
(0.462074779467 0.223897404519 0.5)
(0.465486085239 0.223897404519 0.5)
(0.468838051484 0.223897404519 0.5)
(0.472131710411 0.223897404519 0.5)
(0.475368076273 0.223897404519 0.5)
(0.478548145681 0.223897404519 0.5)
(0.481672897908 0.223897404519 0.5)
(0.484743295197 0.223897404519 0.5)
(0.487760283047 0.223897404519 0.5)
(0.490724790515 0.223897404519 0.5)
(0.493637730495 0.223897404519 0.5)
(0.4965 0.223897404519 0.5)
(0 0.236648950029 0.5)
(0.0114490780216 0.236648950029 0.5)
(0.0226989997904 0.236648950029 0.5)
(0.0337532296213 0.236648950029 0.5)
(0.0446151715679 0.236648950029 0.5)
(0.0552881704701 0.236648950029 0.5)
(0.0657755129847 0.236648950029 0.5)
(0.0760804285969 0.236648950029 0.5)
(0.0862060906156 0.236648950029 0.5)
(0.0961556171497 0.236648950029 0.5)
(0.105932072069 0.236648950029 0.5)
(0.115538465947 0.236648950029 0.5)
(0.124977756989 0.236648950029 0.5)
(0.134252851942 0.236648950029 0.5)
(0.143366606991 0.236648950029 0.5)
(0.152321828636 0.236648950029 0.5)
(0.16112127456 0.236648950029 0.5)
(0.169767654475 0.236648950029 0.5)
(0.178263630958 0.236648950029 0.5)
(0.186611820272 0.236648950029 0.5)
(0.194814793167 0.236648950029 0.5)
(0.202875075678 0.236648950029 0.5)
(0.210795149898 0.236648950029 0.5)
(0.218577454744 0.236648950029 0.5)
(0.226224386711 0.236648950029 0.5)
(0.233738300602 0.236648950029 0.5)
(0.241121510263 0.236648950029 0.5)
(0.248376289287 0.236648950029 0.5)
(0.255504871722 0.236648950029 0.5)
(0.262509452752 0.236648950029 0.5)
(0.269392189375 0.236648950029 0.5)
(0.276155201071 0.236648950029 0.5)
(0.28280057045 0.236648950029 0.5)
(0.289330343895 0.236648950029 0.5)
(0.295746532193 0.236648950029 0.5)
(0.302051111153 0.236648950029 0.5)
(0.308246022215 0.236648950029 0.5)
(0.314333173048 0.236648950029 0.5)
(0.320314438136 0.236648950029 0.5)
(0.326191659358 0.236648950029 0.5)
(0.331966646552 0.236648950029 0.5)
(0.337641178076 0.236648950029 0.5)
(0.343217001352 0.236648950029 0.5)
(0.348695833406 0.236648950029 0.5)
(0.354079361396 0.236648950029 0.5)
(0.359369243132 0.236648950029 0.5)
(0.364567107588 0.236648950029 0.5)
(0.3696745554 0.236648950029 0.5)
(0.374693159363 0.236648950029 0.5)
(0.379624464911 0.236648950029 0.5)
(0.384469990597 0.236648950029 0.5)
(0.389231228557 0.236648950029 0.5)
(0.393909644975 0.236648950029 0.5)
(0.398506680527 0.236648950029 0.5)
(0.403023750829 0.236648950029 0.5)
(0.407462246876 0.236648950029 0.5)
(0.411823535461 0.236648950029 0.5)
(0.416108959606 0.236648950029 0.5)
(0.420319838971 0.236648950029 0.5)
(0.424457470258 0.236648950029 0.5)
(0.428523127614 0.236648950029 0.5)
(0.432518063024 0.236648950029 0.5)
(0.436443506693 0.236648950029 0.5)
(0.440300667427 0.236648950029 0.5)
(0.444090733004 0.236648950029 0.5)
(0.447814870543 0.236648950029 0.5)
(0.451474226859 0.236648950029 0.5)
(0.455069928818 0.236648950029 0.5)
(0.458603083686 0.236648950029 0.5)
(0.462074779467 0.236648950029 0.5)
(0.465486085239 0.236648950029 0.5)
(0.468838051484 0.236648950029 0.5)
(0.472131710411 0.236648950029 0.5)
(0.475368076273 0.236648950029 0.5)
(0.478548145681 0.236648950029 0.5)
(0.481672897908 0.236648950029 0.5)
(0.484743295197 0.236648950029 0.5)
(0.487760283047 0.236648950029 0.5)
(0.490724790515 0.236648950029 0.5)
(0.493637730495 0.236648950029 0.5)
(0.4965 0.236648950029 0.5)
(0 0.25 0.5)
(0.0114490780216 0.25 0.5)
(0.0226989997904 0.25 0.5)
(0.0337532296213 0.25 0.5)
(0.0446151715679 0.25 0.5)
(0.0552881704701 0.25 0.5)
(0.0657755129847 0.25 0.5)
(0.0760804285969 0.25 0.5)
(0.0862060906156 0.25 0.5)
(0.0961556171497 0.25 0.5)
(0.105932072069 0.25 0.5)
(0.115538465947 0.25 0.5)
(0.124977756989 0.25 0.5)
(0.134252851942 0.25 0.5)
(0.143366606991 0.25 0.5)
(0.152321828636 0.25 0.5)
(0.16112127456 0.25 0.5)
(0.169767654475 0.25 0.5)
(0.178263630958 0.25 0.5)
(0.186611820272 0.25 0.5)
(0.194814793167 0.25 0.5)
(0.202875075678 0.25 0.5)
(0.210795149898 0.25 0.5)
(0.218577454744 0.25 0.5)
(0.226224386711 0.25 0.5)
(0.233738300602 0.25 0.5)
(0.241121510263 0.25 0.5)
(0.248376289287 0.25 0.5)
(0.255504871722 0.25 0.5)
(0.262509452752 0.25 0.5)
(0.269392189375 0.25 0.5)
(0.276155201071 0.25 0.5)
(0.28280057045 0.25 0.5)
(0.289330343895 0.25 0.5)
(0.295746532193 0.25 0.5)
(0.302051111153 0.25 0.5)
(0.308246022215 0.25 0.5)
(0.314333173048 0.25 0.5)
(0.320314438136 0.25 0.5)
(0.326191659358 0.25 0.5)
(0.331966646552 0.25 0.5)
(0.337641178076 0.25 0.5)
(0.343217001352 0.25 0.5)
(0.348695833406 0.25 0.5)
(0.354079361396 0.25 0.5)
(0.359369243132 0.25 0.5)
(0.364567107588 0.25 0.5)
(0.3696745554 0.25 0.5)
(0.374693159363 0.25 0.5)
(0.379624464911 0.25 0.5)
(0.384469990597 0.25 0.5)
(0.389231228557 0.25 0.5)
(0.393909644975 0.25 0.5)
(0.398506680527 0.25 0.5)
(0.403023750829 0.25 0.5)
(0.407462246876 0.25 0.5)
(0.411823535461 0.25 0.5)
(0.416108959606 0.25 0.5)
(0.420319838971 0.25 0.5)
(0.424457470258 0.25 0.5)
(0.428523127614 0.25 0.5)
(0.432518063024 0.25 0.5)
(0.436443506693 0.25 0.5)
(0.440300667427 0.25 0.5)
(0.444090733004 0.25 0.5)
(0.447814870543 0.25 0.5)
(0.451474226859 0.25 0.5)
(0.455069928818 0.25 0.5)
(0.458603083686 0.25 0.5)
(0.462074779467 0.25 0.5)
(0.465486085239 0.25 0.5)
(0.468838051484 0.25 0.5)
(0.472131710411 0.25 0.5)
(0.475368076273 0.25 0.5)
(0.478548145681 0.25 0.5)
(0.481672897908 0.25 0.5)
(0.484743295197 0.25 0.5)
(0.487760283047 0.25 0.5)
(0.490724790515 0.25 0.5)
(0.493637730495 0.25 0.5)
(0.4965 0.25 0.5)
(0 0.275 -0.5)
(0.0114490780216 0.275 -0.5)
(0.0226989997904 0.275 -0.5)
(0.0337532296213 0.275 -0.5)
(0.0446151715679 0.275 -0.5)
(0.0552881704701 0.275 -0.5)
(0.0657755129847 0.275 -0.5)
(0.0760804285969 0.275 -0.5)
(0.0862060906156 0.275 -0.5)
(0.0961556171497 0.275 -0.5)
(0.105932072069 0.275 -0.5)
(0.115538465947 0.275 -0.5)
(0.124977756989 0.275 -0.5)
(0.134252851942 0.275 -0.5)
(0.143366606991 0.275 -0.5)
(0.152321828636 0.275 -0.5)
(0.16112127456 0.275 -0.5)
(0.169767654475 0.275 -0.5)
(0.178263630958 0.275 -0.5)
(0.186611820272 0.275 -0.5)
(0.194814793167 0.275 -0.5)
(0.202875075678 0.275 -0.5)
(0.210795149898 0.275 -0.5)
(0.218577454744 0.275 -0.5)
(0.226224386711 0.275 -0.5)
(0.233738300602 0.275 -0.5)
(0.241121510263 0.275 -0.5)
(0.248376289287 0.275 -0.5)
(0.255504871722 0.275 -0.5)
(0.262509452752 0.275 -0.5)
(0.269392189375 0.275 -0.5)
(0.276155201071 0.275 -0.5)
(0.28280057045 0.275 -0.5)
(0.289330343895 0.275 -0.5)
(0.295746532193 0.275 -0.5)
(0.302051111153 0.275 -0.5)
(0.308246022215 0.275 -0.5)
(0.314333173048 0.275 -0.5)
(0.320314438136 0.275 -0.5)
(0.326191659358 0.275 -0.5)
(0.331966646552 0.275 -0.5)
(0.337641178076 0.275 -0.5)
(0.343217001352 0.275 -0.5)
(0.348695833406 0.275 -0.5)
(0.354079361396 0.275 -0.5)
(0.359369243132 0.275 -0.5)
(0.364567107588 0.275 -0.5)
(0.3696745554 0.275 -0.5)
(0.374693159363 0.275 -0.5)
(0.379624464911 0.275 -0.5)
(0.384469990597 0.275 -0.5)
(0.389231228557 0.275 -0.5)
(0.393909644975 0.275 -0.5)
(0.398506680527 0.275 -0.5)
(0.403023750829 0.275 -0.5)
(0.407462246876 0.275 -0.5)
(0.411823535461 0.275 -0.5)
(0.416108959606 0.275 -0.5)
(0.420319838971 0.275 -0.5)
(0.424457470258 0.275 -0.5)
(0.428523127614 0.275 -0.5)
(0.432518063024 0.275 -0.5)
(0.436443506693 0.275 -0.5)
(0.440300667427 0.275 -0.5)
(0.444090733004 0.275 -0.5)
(0.447814870543 0.275 -0.5)
(0.451474226859 0.275 -0.5)
(0.455069928818 0.275 -0.5)
(0.458603083686 0.275 -0.5)
(0.462074779467 0.275 -0.5)
(0.465486085239 0.275 -0.5)
(0.468838051484 0.275 -0.5)
(0.472131710411 0.275 -0.5)
(0.475368076273 0.275 -0.5)
(0.478548145681 0.275 -0.5)
(0.481672897908 0.275 -0.5)
(0.484743295197 0.275 -0.5)
(0.487760283047 0.275 -0.5)
(0.490724790515 0.275 -0.5)
(0.493637730495 0.275 -0.5)
(0.4965 0.275 -0.5)
(0 0.3 -0.5)
(0.0114490780216 0.3 -0.5)
(0.0226989997904 0.3 -0.5)
(0.0337532296213 0.3 -0.5)
(0.0446151715679 0.3 -0.5)
(0.0552881704701 0.3 -0.5)
(0.0657755129847 0.3 -0.5)
(0.0760804285969 0.3 -0.5)
(0.0862060906156 0.3 -0.5)
(0.0961556171497 0.3 -0.5)
(0.105932072069 0.3 -0.5)
(0.115538465947 0.3 -0.5)
(0.124977756989 0.3 -0.5)
(0.134252851942 0.3 -0.5)
(0.143366606991 0.3 -0.5)
(0.152321828636 0.3 -0.5)
(0.16112127456 0.3 -0.5)
(0.169767654475 0.3 -0.5)
(0.178263630958 0.3 -0.5)
(0.186611820272 0.3 -0.5)
(0.194814793167 0.3 -0.5)
(0.202875075678 0.3 -0.5)
(0.210795149898 0.3 -0.5)
(0.218577454744 0.3 -0.5)
(0.226224386711 0.3 -0.5)
(0.233738300602 0.3 -0.5)
(0.241121510263 0.3 -0.5)
(0.248376289287 0.3 -0.5)
(0.255504871722 0.3 -0.5)
(0.262509452752 0.3 -0.5)
(0.269392189375 0.3 -0.5)
(0.276155201071 0.3 -0.5)
(0.28280057045 0.3 -0.5)
(0.289330343895 0.3 -0.5)
(0.295746532193 0.3 -0.5)
(0.302051111153 0.3 -0.5)
(0.308246022215 0.3 -0.5)
(0.314333173048 0.3 -0.5)
(0.320314438136 0.3 -0.5)
(0.326191659358 0.3 -0.5)
(0.331966646552 0.3 -0.5)
(0.337641178076 0.3 -0.5)
(0.343217001352 0.3 -0.5)
(0.348695833406 0.3 -0.5)
(0.354079361396 0.3 -0.5)
(0.359369243132 0.3 -0.5)
(0.364567107588 0.3 -0.5)
(0.3696745554 0.3 -0.5)
(0.374693159363 0.3 -0.5)
(0.379624464911 0.3 -0.5)
(0.384469990597 0.3 -0.5)
(0.389231228557 0.3 -0.5)
(0.393909644975 0.3 -0.5)
(0.398506680527 0.3 -0.5)
(0.403023750829 0.3 -0.5)
(0.407462246876 0.3 -0.5)
(0.411823535461 0.3 -0.5)
(0.416108959606 0.3 -0.5)
(0.420319838971 0.3 -0.5)
(0.424457470258 0.3 -0.5)
(0.428523127614 0.3 -0.5)
(0.432518063024 0.3 -0.5)
(0.436443506693 0.3 -0.5)
(0.440300667427 0.3 -0.5)
(0.444090733004 0.3 -0.5)
(0.447814870543 0.3 -0.5)
(0.451474226859 0.3 -0.5)
(0.455069928818 0.3 -0.5)
(0.458603083686 0.3 -0.5)
(0.462074779467 0.3 -0.5)
(0.465486085239 0.3 -0.5)
(0.468838051484 0.3 -0.5)
(0.472131710411 0.3 -0.5)
(0.475368076273 0.3 -0.5)
(0.478548145681 0.3 -0.5)
(0.481672897908 0.3 -0.5)
(0.484743295197 0.3 -0.5)
(0.487760283047 0.3 -0.5)
(0.490724790515 0.3 -0.5)
(0.493637730495 0.3 -0.5)
(0.4965 0.3 -0.5)
(0 0.325 -0.5)
(0.0114490780216 0.325 -0.5)
(0.0226989997904 0.325 -0.5)
(0.0337532296213 0.325 -0.5)
(0.0446151715679 0.325 -0.5)
(0.0552881704701 0.325 -0.5)
(0.0657755129847 0.325 -0.5)
(0.0760804285969 0.325 -0.5)
(0.0862060906156 0.325 -0.5)
(0.0961556171497 0.325 -0.5)
(0.105932072069 0.325 -0.5)
(0.115538465947 0.325 -0.5)
(0.124977756989 0.325 -0.5)
(0.134252851942 0.325 -0.5)
(0.143366606991 0.325 -0.5)
(0.152321828636 0.325 -0.5)
(0.16112127456 0.325 -0.5)
(0.169767654475 0.325 -0.5)
(0.178263630958 0.325 -0.5)
(0.186611820272 0.325 -0.5)
(0.194814793167 0.325 -0.5)
(0.202875075678 0.325 -0.5)
(0.210795149898 0.325 -0.5)
(0.218577454744 0.325 -0.5)
(0.226224386711 0.325 -0.5)
(0.233738300602 0.325 -0.5)
(0.241121510263 0.325 -0.5)
(0.248376289287 0.325 -0.5)
(0.255504871722 0.325 -0.5)
(0.262509452752 0.325 -0.5)
(0.269392189375 0.325 -0.5)
(0.276155201071 0.325 -0.5)
(0.28280057045 0.325 -0.5)
(0.289330343895 0.325 -0.5)
(0.295746532193 0.325 -0.5)
(0.302051111153 0.325 -0.5)
(0.308246022215 0.325 -0.5)
(0.314333173048 0.325 -0.5)
(0.320314438136 0.325 -0.5)
(0.326191659358 0.325 -0.5)
(0.331966646552 0.325 -0.5)
(0.337641178076 0.325 -0.5)
(0.343217001352 0.325 -0.5)
(0.348695833406 0.325 -0.5)
(0.354079361396 0.325 -0.5)
(0.359369243132 0.325 -0.5)
(0.364567107588 0.325 -0.5)
(0.3696745554 0.325 -0.5)
(0.374693159363 0.325 -0.5)
(0.379624464911 0.325 -0.5)
(0.384469990597 0.325 -0.5)
(0.389231228557 0.325 -0.5)
(0.393909644975 0.325 -0.5)
(0.398506680527 0.325 -0.5)
(0.403023750829 0.325 -0.5)
(0.407462246876 0.325 -0.5)
(0.411823535461 0.325 -0.5)
(0.416108959606 0.325 -0.5)
(0.420319838971 0.325 -0.5)
(0.424457470258 0.325 -0.5)
(0.428523127614 0.325 -0.5)
(0.432518063024 0.325 -0.5)
(0.436443506693 0.325 -0.5)
(0.440300667427 0.325 -0.5)
(0.444090733004 0.325 -0.5)
(0.447814870543 0.325 -0.5)
(0.451474226859 0.325 -0.5)
(0.455069928818 0.325 -0.5)
(0.458603083686 0.325 -0.5)
(0.462074779467 0.325 -0.5)
(0.465486085239 0.325 -0.5)
(0.468838051484 0.325 -0.5)
(0.472131710411 0.325 -0.5)
(0.475368076273 0.325 -0.5)
(0.478548145681 0.325 -0.5)
(0.481672897908 0.325 -0.5)
(0.484743295197 0.325 -0.5)
(0.487760283047 0.325 -0.5)
(0.490724790515 0.325 -0.5)
(0.493637730495 0.325 -0.5)
(0.4965 0.325 -0.5)
(0 0.35 -0.5)
(0.0114490780216 0.35 -0.5)
(0.0226989997904 0.35 -0.5)
(0.0337532296213 0.35 -0.5)
(0.0446151715679 0.35 -0.5)
(0.0552881704701 0.35 -0.5)
(0.0657755129847 0.35 -0.5)
(0.0760804285969 0.35 -0.5)
(0.0862060906156 0.35 -0.5)
(0.0961556171497 0.35 -0.5)
(0.105932072069 0.35 -0.5)
(0.115538465947 0.35 -0.5)
(0.124977756989 0.35 -0.5)
(0.134252851942 0.35 -0.5)
(0.143366606991 0.35 -0.5)
(0.152321828636 0.35 -0.5)
(0.16112127456 0.35 -0.5)
(0.169767654475 0.35 -0.5)
(0.178263630958 0.35 -0.5)
(0.186611820272 0.35 -0.5)
(0.194814793167 0.35 -0.5)
(0.202875075678 0.35 -0.5)
(0.210795149898 0.35 -0.5)
(0.218577454744 0.35 -0.5)
(0.226224386711 0.35 -0.5)
(0.233738300602 0.35 -0.5)
(0.241121510263 0.35 -0.5)
(0.248376289287 0.35 -0.5)
(0.255504871722 0.35 -0.5)
(0.262509452752 0.35 -0.5)
(0.269392189375 0.35 -0.5)
(0.276155201071 0.35 -0.5)
(0.28280057045 0.35 -0.5)
(0.289330343895 0.35 -0.5)
(0.295746532193 0.35 -0.5)
(0.302051111153 0.35 -0.5)
(0.308246022215 0.35 -0.5)
(0.314333173048 0.35 -0.5)
(0.320314438136 0.35 -0.5)
(0.326191659358 0.35 -0.5)
(0.331966646552 0.35 -0.5)
(0.337641178076 0.35 -0.5)
(0.343217001352 0.35 -0.5)
(0.348695833406 0.35 -0.5)
(0.354079361396 0.35 -0.5)
(0.359369243132 0.35 -0.5)
(0.364567107588 0.35 -0.5)
(0.3696745554 0.35 -0.5)
(0.374693159363 0.35 -0.5)
(0.379624464911 0.35 -0.5)
(0.384469990597 0.35 -0.5)
(0.389231228557 0.35 -0.5)
(0.393909644975 0.35 -0.5)
(0.398506680527 0.35 -0.5)
(0.403023750829 0.35 -0.5)
(0.407462246876 0.35 -0.5)
(0.411823535461 0.35 -0.5)
(0.416108959606 0.35 -0.5)
(0.420319838971 0.35 -0.5)
(0.424457470258 0.35 -0.5)
(0.428523127614 0.35 -0.5)
(0.432518063024 0.35 -0.5)
(0.436443506693 0.35 -0.5)
(0.440300667427 0.35 -0.5)
(0.444090733004 0.35 -0.5)
(0.447814870543 0.35 -0.5)
(0.451474226859 0.35 -0.5)
(0.455069928818 0.35 -0.5)
(0.458603083686 0.35 -0.5)
(0.462074779467 0.35 -0.5)
(0.465486085239 0.35 -0.5)
(0.468838051484 0.35 -0.5)
(0.472131710411 0.35 -0.5)
(0.475368076273 0.35 -0.5)
(0.478548145681 0.35 -0.5)
(0.481672897908 0.35 -0.5)
(0.484743295197 0.35 -0.5)
(0.487760283047 0.35 -0.5)
(0.490724790515 0.35 -0.5)
(0.493637730495 0.35 -0.5)
(0.4965 0.35 -0.5)
(0 0.375 -0.5)
(0.0114490780216 0.375 -0.5)
(0.0226989997904 0.375 -0.5)
(0.0337532296213 0.375 -0.5)
(0.0446151715679 0.375 -0.5)
(0.0552881704701 0.375 -0.5)
(0.0657755129847 0.375 -0.5)
(0.0760804285969 0.375 -0.5)
(0.0862060906156 0.375 -0.5)
(0.0961556171497 0.375 -0.5)
(0.105932072069 0.375 -0.5)
(0.115538465947 0.375 -0.5)
(0.124977756989 0.375 -0.5)
(0.134252851942 0.375 -0.5)
(0.143366606991 0.375 -0.5)
(0.152321828636 0.375 -0.5)
(0.16112127456 0.375 -0.5)
(0.169767654475 0.375 -0.5)
(0.178263630958 0.375 -0.5)
(0.186611820272 0.375 -0.5)
(0.194814793167 0.375 -0.5)
(0.202875075678 0.375 -0.5)
(0.210795149898 0.375 -0.5)
(0.218577454744 0.375 -0.5)
(0.226224386711 0.375 -0.5)
(0.233738300602 0.375 -0.5)
(0.241121510263 0.375 -0.5)
(0.248376289287 0.375 -0.5)
(0.255504871722 0.375 -0.5)
(0.262509452752 0.375 -0.5)
(0.269392189375 0.375 -0.5)
(0.276155201071 0.375 -0.5)
(0.28280057045 0.375 -0.5)
(0.289330343895 0.375 -0.5)
(0.295746532193 0.375 -0.5)
(0.302051111153 0.375 -0.5)
(0.308246022215 0.375 -0.5)
(0.314333173048 0.375 -0.5)
(0.320314438136 0.375 -0.5)
(0.326191659358 0.375 -0.5)
(0.331966646552 0.375 -0.5)
(0.337641178076 0.375 -0.5)
(0.343217001352 0.375 -0.5)
(0.348695833406 0.375 -0.5)
(0.354079361396 0.375 -0.5)
(0.359369243132 0.375 -0.5)
(0.364567107588 0.375 -0.5)
(0.3696745554 0.375 -0.5)
(0.374693159363 0.375 -0.5)
(0.379624464911 0.375 -0.5)
(0.384469990597 0.375 -0.5)
(0.389231228557 0.375 -0.5)
(0.393909644975 0.375 -0.5)
(0.398506680527 0.375 -0.5)
(0.403023750829 0.375 -0.5)
(0.407462246876 0.375 -0.5)
(0.411823535461 0.375 -0.5)
(0.416108959606 0.375 -0.5)
(0.420319838971 0.375 -0.5)
(0.424457470258 0.375 -0.5)
(0.428523127614 0.375 -0.5)
(0.432518063024 0.375 -0.5)
(0.436443506693 0.375 -0.5)
(0.440300667427 0.375 -0.5)
(0.444090733004 0.375 -0.5)
(0.447814870543 0.375 -0.5)
(0.451474226859 0.375 -0.5)
(0.455069928818 0.375 -0.5)
(0.458603083686 0.375 -0.5)
(0.462074779467 0.375 -0.5)
(0.465486085239 0.375 -0.5)
(0.468838051484 0.375 -0.5)
(0.472131710411 0.375 -0.5)
(0.475368076273 0.375 -0.5)
(0.478548145681 0.375 -0.5)
(0.481672897908 0.375 -0.5)
(0.484743295197 0.375 -0.5)
(0.487760283047 0.375 -0.5)
(0.490724790515 0.375 -0.5)
(0.493637730495 0.375 -0.5)
(0.4965 0.375 -0.5)
(0 0.4 -0.5)
(0.0114490780216 0.4 -0.5)
(0.0226989997904 0.4 -0.5)
(0.0337532296213 0.4 -0.5)
(0.0446151715679 0.4 -0.5)
(0.0552881704701 0.4 -0.5)
(0.0657755129847 0.4 -0.5)
(0.0760804285969 0.4 -0.5)
(0.0862060906156 0.4 -0.5)
(0.0961556171497 0.4 -0.5)
(0.105932072069 0.4 -0.5)
(0.115538465947 0.4 -0.5)
(0.124977756989 0.4 -0.5)
(0.134252851942 0.4 -0.5)
(0.143366606991 0.4 -0.5)
(0.152321828636 0.4 -0.5)
(0.16112127456 0.4 -0.5)
(0.169767654475 0.4 -0.5)
(0.178263630958 0.4 -0.5)
(0.186611820272 0.4 -0.5)
(0.194814793167 0.4 -0.5)
(0.202875075678 0.4 -0.5)
(0.210795149898 0.4 -0.5)
(0.218577454744 0.4 -0.5)
(0.226224386711 0.4 -0.5)
(0.233738300602 0.4 -0.5)
(0.241121510263 0.4 -0.5)
(0.248376289287 0.4 -0.5)
(0.255504871722 0.4 -0.5)
(0.262509452752 0.4 -0.5)
(0.269392189375 0.4 -0.5)
(0.276155201071 0.4 -0.5)
(0.28280057045 0.4 -0.5)
(0.289330343895 0.4 -0.5)
(0.295746532193 0.4 -0.5)
(0.302051111153 0.4 -0.5)
(0.308246022215 0.4 -0.5)
(0.314333173048 0.4 -0.5)
(0.320314438136 0.4 -0.5)
(0.326191659358 0.4 -0.5)
(0.331966646552 0.4 -0.5)
(0.337641178076 0.4 -0.5)
(0.343217001352 0.4 -0.5)
(0.348695833406 0.4 -0.5)
(0.354079361396 0.4 -0.5)
(0.359369243132 0.4 -0.5)
(0.364567107588 0.4 -0.5)
(0.3696745554 0.4 -0.5)
(0.374693159363 0.4 -0.5)
(0.379624464911 0.4 -0.5)
(0.384469990597 0.4 -0.5)
(0.389231228557 0.4 -0.5)
(0.393909644975 0.4 -0.5)
(0.398506680527 0.4 -0.5)
(0.403023750829 0.4 -0.5)
(0.407462246876 0.4 -0.5)
(0.411823535461 0.4 -0.5)
(0.416108959606 0.4 -0.5)
(0.420319838971 0.4 -0.5)
(0.424457470258 0.4 -0.5)
(0.428523127614 0.4 -0.5)
(0.432518063024 0.4 -0.5)
(0.436443506693 0.4 -0.5)
(0.440300667427 0.4 -0.5)
(0.444090733004 0.4 -0.5)
(0.447814870543 0.4 -0.5)
(0.451474226859 0.4 -0.5)
(0.455069928818 0.4 -0.5)
(0.458603083686 0.4 -0.5)
(0.462074779467 0.4 -0.5)
(0.465486085239 0.4 -0.5)
(0.468838051484 0.4 -0.5)
(0.472131710411 0.4 -0.5)
(0.475368076273 0.4 -0.5)
(0.478548145681 0.4 -0.5)
(0.481672897908 0.4 -0.5)
(0.484743295197 0.4 -0.5)
(0.487760283047 0.4 -0.5)
(0.490724790515 0.4 -0.5)
(0.493637730495 0.4 -0.5)
(0.4965 0.4 -0.5)
(0 0.425 -0.5)
(0.0114490780216 0.425 -0.5)
(0.0226989997904 0.425 -0.5)
(0.0337532296213 0.425 -0.5)
(0.0446151715679 0.425 -0.5)
(0.0552881704701 0.425 -0.5)
(0.0657755129847 0.425 -0.5)
(0.0760804285969 0.425 -0.5)
(0.0862060906156 0.425 -0.5)
(0.0961556171497 0.425 -0.5)
(0.105932072069 0.425 -0.5)
(0.115538465947 0.425 -0.5)
(0.124977756989 0.425 -0.5)
(0.134252851942 0.425 -0.5)
(0.143366606991 0.425 -0.5)
(0.152321828636 0.425 -0.5)
(0.16112127456 0.425 -0.5)
(0.169767654475 0.425 -0.5)
(0.178263630958 0.425 -0.5)
(0.186611820272 0.425 -0.5)
(0.194814793167 0.425 -0.5)
(0.202875075678 0.425 -0.5)
(0.210795149898 0.425 -0.5)
(0.218577454744 0.425 -0.5)
(0.226224386711 0.425 -0.5)
(0.233738300602 0.425 -0.5)
(0.241121510263 0.425 -0.5)
(0.248376289287 0.425 -0.5)
(0.255504871722 0.425 -0.5)
(0.262509452752 0.425 -0.5)
(0.269392189375 0.425 -0.5)
(0.276155201071 0.425 -0.5)
(0.28280057045 0.425 -0.5)
(0.289330343895 0.425 -0.5)
(0.295746532193 0.425 -0.5)
(0.302051111153 0.425 -0.5)
(0.308246022215 0.425 -0.5)
(0.314333173048 0.425 -0.5)
(0.320314438136 0.425 -0.5)
(0.326191659358 0.425 -0.5)
(0.331966646552 0.425 -0.5)
(0.337641178076 0.425 -0.5)
(0.343217001352 0.425 -0.5)
(0.348695833406 0.425 -0.5)
(0.354079361396 0.425 -0.5)
(0.359369243132 0.425 -0.5)
(0.364567107588 0.425 -0.5)
(0.3696745554 0.425 -0.5)
(0.374693159363 0.425 -0.5)
(0.379624464911 0.425 -0.5)
(0.384469990597 0.425 -0.5)
(0.389231228557 0.425 -0.5)
(0.393909644975 0.425 -0.5)
(0.398506680527 0.425 -0.5)
(0.403023750829 0.425 -0.5)
(0.407462246876 0.425 -0.5)
(0.411823535461 0.425 -0.5)
(0.416108959606 0.425 -0.5)
(0.420319838971 0.425 -0.5)
(0.424457470258 0.425 -0.5)
(0.428523127614 0.425 -0.5)
(0.432518063024 0.425 -0.5)
(0.436443506693 0.425 -0.5)
(0.440300667427 0.425 -0.5)
(0.444090733004 0.425 -0.5)
(0.447814870543 0.425 -0.5)
(0.451474226859 0.425 -0.5)
(0.455069928818 0.425 -0.5)
(0.458603083686 0.425 -0.5)
(0.462074779467 0.425 -0.5)
(0.465486085239 0.425 -0.5)
(0.468838051484 0.425 -0.5)
(0.472131710411 0.425 -0.5)
(0.475368076273 0.425 -0.5)
(0.478548145681 0.425 -0.5)
(0.481672897908 0.425 -0.5)
(0.484743295197 0.425 -0.5)
(0.487760283047 0.425 -0.5)
(0.490724790515 0.425 -0.5)
(0.493637730495 0.425 -0.5)
(0.4965 0.425 -0.5)
(0 0.45 -0.5)
(0.0114490780216 0.45 -0.5)
(0.0226989997904 0.45 -0.5)
(0.0337532296213 0.45 -0.5)
(0.0446151715679 0.45 -0.5)
(0.0552881704701 0.45 -0.5)
(0.0657755129847 0.45 -0.5)
(0.0760804285969 0.45 -0.5)
(0.0862060906156 0.45 -0.5)
(0.0961556171497 0.45 -0.5)
(0.105932072069 0.45 -0.5)
(0.115538465947 0.45 -0.5)
(0.124977756989 0.45 -0.5)
(0.134252851942 0.45 -0.5)
(0.143366606991 0.45 -0.5)
(0.152321828636 0.45 -0.5)
(0.16112127456 0.45 -0.5)
(0.169767654475 0.45 -0.5)
(0.178263630958 0.45 -0.5)
(0.186611820272 0.45 -0.5)
(0.194814793167 0.45 -0.5)
(0.202875075678 0.45 -0.5)
(0.210795149898 0.45 -0.5)
(0.218577454744 0.45 -0.5)
(0.226224386711 0.45 -0.5)
(0.233738300602 0.45 -0.5)
(0.241121510263 0.45 -0.5)
(0.248376289287 0.45 -0.5)
(0.255504871722 0.45 -0.5)
(0.262509452752 0.45 -0.5)
(0.269392189375 0.45 -0.5)
(0.276155201071 0.45 -0.5)
(0.28280057045 0.45 -0.5)
(0.289330343895 0.45 -0.5)
(0.295746532193 0.45 -0.5)
(0.302051111153 0.45 -0.5)
(0.308246022215 0.45 -0.5)
(0.314333173048 0.45 -0.5)
(0.320314438136 0.45 -0.5)
(0.326191659358 0.45 -0.5)
(0.331966646552 0.45 -0.5)
(0.337641178076 0.45 -0.5)
(0.343217001352 0.45 -0.5)
(0.348695833406 0.45 -0.5)
(0.354079361396 0.45 -0.5)
(0.359369243132 0.45 -0.5)
(0.364567107588 0.45 -0.5)
(0.3696745554 0.45 -0.5)
(0.374693159363 0.45 -0.5)
(0.379624464911 0.45 -0.5)
(0.384469990597 0.45 -0.5)
(0.389231228557 0.45 -0.5)
(0.393909644975 0.45 -0.5)
(0.398506680527 0.45 -0.5)
(0.403023750829 0.45 -0.5)
(0.407462246876 0.45 -0.5)
(0.411823535461 0.45 -0.5)
(0.416108959606 0.45 -0.5)
(0.420319838971 0.45 -0.5)
(0.424457470258 0.45 -0.5)
(0.428523127614 0.45 -0.5)
(0.432518063024 0.45 -0.5)
(0.436443506693 0.45 -0.5)
(0.440300667427 0.45 -0.5)
(0.444090733004 0.45 -0.5)
(0.447814870543 0.45 -0.5)
(0.451474226859 0.45 -0.5)
(0.455069928818 0.45 -0.5)
(0.458603083686 0.45 -0.5)
(0.462074779467 0.45 -0.5)
(0.465486085239 0.45 -0.5)
(0.468838051484 0.45 -0.5)
(0.472131710411 0.45 -0.5)
(0.475368076273 0.45 -0.5)
(0.478548145681 0.45 -0.5)
(0.481672897908 0.45 -0.5)
(0.484743295197 0.45 -0.5)
(0.487760283047 0.45 -0.5)
(0.490724790515 0.45 -0.5)
(0.493637730495 0.45 -0.5)
(0.4965 0.45 -0.5)
(0 0.475 -0.5)
(0.0114490780216 0.475 -0.5)
(0.0226989997904 0.475 -0.5)
(0.0337532296213 0.475 -0.5)
(0.0446151715679 0.475 -0.5)
(0.0552881704701 0.475 -0.5)
(0.0657755129847 0.475 -0.5)
(0.0760804285969 0.475 -0.5)
(0.0862060906156 0.475 -0.5)
(0.0961556171497 0.475 -0.5)
(0.105932072069 0.475 -0.5)
(0.115538465947 0.475 -0.5)
(0.124977756989 0.475 -0.5)
(0.134252851942 0.475 -0.5)
(0.143366606991 0.475 -0.5)
(0.152321828636 0.475 -0.5)
(0.16112127456 0.475 -0.5)
(0.169767654475 0.475 -0.5)
(0.178263630958 0.475 -0.5)
(0.186611820272 0.475 -0.5)
(0.194814793167 0.475 -0.5)
(0.202875075678 0.475 -0.5)
(0.210795149898 0.475 -0.5)
(0.218577454744 0.475 -0.5)
(0.226224386711 0.475 -0.5)
(0.233738300602 0.475 -0.5)
(0.241121510263 0.475 -0.5)
(0.248376289287 0.475 -0.5)
(0.255504871722 0.475 -0.5)
(0.262509452752 0.475 -0.5)
(0.269392189375 0.475 -0.5)
(0.276155201071 0.475 -0.5)
(0.28280057045 0.475 -0.5)
(0.289330343895 0.475 -0.5)
(0.295746532193 0.475 -0.5)
(0.302051111153 0.475 -0.5)
(0.308246022215 0.475 -0.5)
(0.314333173048 0.475 -0.5)
(0.320314438136 0.475 -0.5)
(0.326191659358 0.475 -0.5)
(0.331966646552 0.475 -0.5)
(0.337641178076 0.475 -0.5)
(0.343217001352 0.475 -0.5)
(0.348695833406 0.475 -0.5)
(0.354079361396 0.475 -0.5)
(0.359369243132 0.475 -0.5)
(0.364567107588 0.475 -0.5)
(0.3696745554 0.475 -0.5)
(0.374693159363 0.475 -0.5)
(0.379624464911 0.475 -0.5)
(0.384469990597 0.475 -0.5)
(0.389231228557 0.475 -0.5)
(0.393909644975 0.475 -0.5)
(0.398506680527 0.475 -0.5)
(0.403023750829 0.475 -0.5)
(0.407462246876 0.475 -0.5)
(0.411823535461 0.475 -0.5)
(0.416108959606 0.475 -0.5)
(0.420319838971 0.475 -0.5)
(0.424457470258 0.475 -0.5)
(0.428523127614 0.475 -0.5)
(0.432518063024 0.475 -0.5)
(0.436443506693 0.475 -0.5)
(0.440300667427 0.475 -0.5)
(0.444090733004 0.475 -0.5)
(0.447814870543 0.475 -0.5)
(0.451474226859 0.475 -0.5)
(0.455069928818 0.475 -0.5)
(0.458603083686 0.475 -0.5)
(0.462074779467 0.475 -0.5)
(0.465486085239 0.475 -0.5)
(0.468838051484 0.475 -0.5)
(0.472131710411 0.475 -0.5)
(0.475368076273 0.475 -0.5)
(0.478548145681 0.475 -0.5)
(0.481672897908 0.475 -0.5)
(0.484743295197 0.475 -0.5)
(0.487760283047 0.475 -0.5)
(0.490724790515 0.475 -0.5)
(0.493637730495 0.475 -0.5)
(0.4965 0.475 -0.5)
(0 0.5 -0.5)
(0.0114490780216 0.5 -0.5)
(0.0226989997904 0.5 -0.5)
(0.0337532296213 0.5 -0.5)
(0.0446151715679 0.5 -0.5)
(0.0552881704701 0.5 -0.5)
(0.0657755129847 0.5 -0.5)
(0.0760804285969 0.5 -0.5)
(0.0862060906156 0.5 -0.5)
(0.0961556171497 0.5 -0.5)
(0.105932072069 0.5 -0.5)
(0.115538465947 0.5 -0.5)
(0.124977756989 0.5 -0.5)
(0.134252851942 0.5 -0.5)
(0.143366606991 0.5 -0.5)
(0.152321828636 0.5 -0.5)
(0.16112127456 0.5 -0.5)
(0.169767654475 0.5 -0.5)
(0.178263630958 0.5 -0.5)
(0.186611820272 0.5 -0.5)
(0.194814793167 0.5 -0.5)
(0.202875075678 0.5 -0.5)
(0.210795149898 0.5 -0.5)
(0.218577454744 0.5 -0.5)
(0.226224386711 0.5 -0.5)
(0.233738300602 0.5 -0.5)
(0.241121510263 0.5 -0.5)
(0.248376289287 0.5 -0.5)
(0.255504871722 0.5 -0.5)
(0.262509452752 0.5 -0.5)
(0.269392189375 0.5 -0.5)
(0.276155201071 0.5 -0.5)
(0.28280057045 0.5 -0.5)
(0.289330343895 0.5 -0.5)
(0.295746532193 0.5 -0.5)
(0.302051111153 0.5 -0.5)
(0.308246022215 0.5 -0.5)
(0.314333173048 0.5 -0.5)
(0.320314438136 0.5 -0.5)
(0.326191659358 0.5 -0.5)
(0.331966646552 0.5 -0.5)
(0.337641178076 0.5 -0.5)
(0.343217001352 0.5 -0.5)
(0.348695833406 0.5 -0.5)
(0.354079361396 0.5 -0.5)
(0.359369243132 0.5 -0.5)
(0.364567107588 0.5 -0.5)
(0.3696745554 0.5 -0.5)
(0.374693159363 0.5 -0.5)
(0.379624464911 0.5 -0.5)
(0.384469990597 0.5 -0.5)
(0.389231228557 0.5 -0.5)
(0.393909644975 0.5 -0.5)
(0.398506680527 0.5 -0.5)
(0.403023750829 0.5 -0.5)
(0.407462246876 0.5 -0.5)
(0.411823535461 0.5 -0.5)
(0.416108959606 0.5 -0.5)
(0.420319838971 0.5 -0.5)
(0.424457470258 0.5 -0.5)
(0.428523127614 0.5 -0.5)
(0.432518063024 0.5 -0.5)
(0.436443506693 0.5 -0.5)
(0.440300667427 0.5 -0.5)
(0.444090733004 0.5 -0.5)
(0.447814870543 0.5 -0.5)
(0.451474226859 0.5 -0.5)
(0.455069928818 0.5 -0.5)
(0.458603083686 0.5 -0.5)
(0.462074779467 0.5 -0.5)
(0.465486085239 0.5 -0.5)
(0.468838051484 0.5 -0.5)
(0.472131710411 0.5 -0.5)
(0.475368076273 0.5 -0.5)
(0.478548145681 0.5 -0.5)
(0.481672897908 0.5 -0.5)
(0.484743295197 0.5 -0.5)
(0.487760283047 0.5 -0.5)
(0.490724790515 0.5 -0.5)
(0.493637730495 0.5 -0.5)
(0.4965 0.5 -0.5)
(0 0.275 0.5)
(0.0114490780216 0.275 0.5)
(0.0226989997904 0.275 0.5)
(0.0337532296213 0.275 0.5)
(0.0446151715679 0.275 0.5)
(0.0552881704701 0.275 0.5)
(0.0657755129847 0.275 0.5)
(0.0760804285969 0.275 0.5)
(0.0862060906156 0.275 0.5)
(0.0961556171497 0.275 0.5)
(0.105932072069 0.275 0.5)
(0.115538465947 0.275 0.5)
(0.124977756989 0.275 0.5)
(0.134252851942 0.275 0.5)
(0.143366606991 0.275 0.5)
(0.152321828636 0.275 0.5)
(0.16112127456 0.275 0.5)
(0.169767654475 0.275 0.5)
(0.178263630958 0.275 0.5)
(0.186611820272 0.275 0.5)
(0.194814793167 0.275 0.5)
(0.202875075678 0.275 0.5)
(0.210795149898 0.275 0.5)
(0.218577454744 0.275 0.5)
(0.226224386711 0.275 0.5)
(0.233738300602 0.275 0.5)
(0.241121510263 0.275 0.5)
(0.248376289287 0.275 0.5)
(0.255504871722 0.275 0.5)
(0.262509452752 0.275 0.5)
(0.269392189375 0.275 0.5)
(0.276155201071 0.275 0.5)
(0.28280057045 0.275 0.5)
(0.289330343895 0.275 0.5)
(0.295746532193 0.275 0.5)
(0.302051111153 0.275 0.5)
(0.308246022215 0.275 0.5)
(0.314333173048 0.275 0.5)
(0.320314438136 0.275 0.5)
(0.326191659358 0.275 0.5)
(0.331966646552 0.275 0.5)
(0.337641178076 0.275 0.5)
(0.343217001352 0.275 0.5)
(0.348695833406 0.275 0.5)
(0.354079361396 0.275 0.5)
(0.359369243132 0.275 0.5)
(0.364567107588 0.275 0.5)
(0.3696745554 0.275 0.5)
(0.374693159363 0.275 0.5)
(0.379624464911 0.275 0.5)
(0.384469990597 0.275 0.5)
(0.389231228557 0.275 0.5)
(0.393909644975 0.275 0.5)
(0.398506680527 0.275 0.5)
(0.403023750829 0.275 0.5)
(0.407462246876 0.275 0.5)
(0.411823535461 0.275 0.5)
(0.416108959606 0.275 0.5)
(0.420319838971 0.275 0.5)
(0.424457470258 0.275 0.5)
(0.428523127614 0.275 0.5)
(0.432518063024 0.275 0.5)
(0.436443506693 0.275 0.5)
(0.440300667427 0.275 0.5)
(0.444090733004 0.275 0.5)
(0.447814870543 0.275 0.5)
(0.451474226859 0.275 0.5)
(0.455069928818 0.275 0.5)
(0.458603083686 0.275 0.5)
(0.462074779467 0.275 0.5)
(0.465486085239 0.275 0.5)
(0.468838051484 0.275 0.5)
(0.472131710411 0.275 0.5)
(0.475368076273 0.275 0.5)
(0.478548145681 0.275 0.5)
(0.481672897908 0.275 0.5)
(0.484743295197 0.275 0.5)
(0.487760283047 0.275 0.5)
(0.490724790515 0.275 0.5)
(0.493637730495 0.275 0.5)
(0.4965 0.275 0.5)
(0 0.3 0.5)
(0.0114490780216 0.3 0.5)
(0.0226989997904 0.3 0.5)
(0.0337532296213 0.3 0.5)
(0.0446151715679 0.3 0.5)
(0.0552881704701 0.3 0.5)
(0.0657755129847 0.3 0.5)
(0.0760804285969 0.3 0.5)
(0.0862060906156 0.3 0.5)
(0.0961556171497 0.3 0.5)
(0.105932072069 0.3 0.5)
(0.115538465947 0.3 0.5)
(0.124977756989 0.3 0.5)
(0.134252851942 0.3 0.5)
(0.143366606991 0.3 0.5)
(0.152321828636 0.3 0.5)
(0.16112127456 0.3 0.5)
(0.169767654475 0.3 0.5)
(0.178263630958 0.3 0.5)
(0.186611820272 0.3 0.5)
(0.194814793167 0.3 0.5)
(0.202875075678 0.3 0.5)
(0.210795149898 0.3 0.5)
(0.218577454744 0.3 0.5)
(0.226224386711 0.3 0.5)
(0.233738300602 0.3 0.5)
(0.241121510263 0.3 0.5)
(0.248376289287 0.3 0.5)
(0.255504871722 0.3 0.5)
(0.262509452752 0.3 0.5)
(0.269392189375 0.3 0.5)
(0.276155201071 0.3 0.5)
(0.28280057045 0.3 0.5)
(0.289330343895 0.3 0.5)
(0.295746532193 0.3 0.5)
(0.302051111153 0.3 0.5)
(0.308246022215 0.3 0.5)
(0.314333173048 0.3 0.5)
(0.320314438136 0.3 0.5)
(0.326191659358 0.3 0.5)
(0.331966646552 0.3 0.5)
(0.337641178076 0.3 0.5)
(0.343217001352 0.3 0.5)
(0.348695833406 0.3 0.5)
(0.354079361396 0.3 0.5)
(0.359369243132 0.3 0.5)
(0.364567107588 0.3 0.5)
(0.3696745554 0.3 0.5)
(0.374693159363 0.3 0.5)
(0.379624464911 0.3 0.5)
(0.384469990597 0.3 0.5)
(0.389231228557 0.3 0.5)
(0.393909644975 0.3 0.5)
(0.398506680527 0.3 0.5)
(0.403023750829 0.3 0.5)
(0.407462246876 0.3 0.5)
(0.411823535461 0.3 0.5)
(0.416108959606 0.3 0.5)
(0.420319838971 0.3 0.5)
(0.424457470258 0.3 0.5)
(0.428523127614 0.3 0.5)
(0.432518063024 0.3 0.5)
(0.436443506693 0.3 0.5)
(0.440300667427 0.3 0.5)
(0.444090733004 0.3 0.5)
(0.447814870543 0.3 0.5)
(0.451474226859 0.3 0.5)
(0.455069928818 0.3 0.5)
(0.458603083686 0.3 0.5)
(0.462074779467 0.3 0.5)
(0.465486085239 0.3 0.5)
(0.468838051484 0.3 0.5)
(0.472131710411 0.3 0.5)
(0.475368076273 0.3 0.5)
(0.478548145681 0.3 0.5)
(0.481672897908 0.3 0.5)
(0.484743295197 0.3 0.5)
(0.487760283047 0.3 0.5)
(0.490724790515 0.3 0.5)
(0.493637730495 0.3 0.5)
(0.4965 0.3 0.5)
(0 0.325 0.5)
(0.0114490780216 0.325 0.5)
(0.0226989997904 0.325 0.5)
(0.0337532296213 0.325 0.5)
(0.0446151715679 0.325 0.5)
(0.0552881704701 0.325 0.5)
(0.0657755129847 0.325 0.5)
(0.0760804285969 0.325 0.5)
(0.0862060906156 0.325 0.5)
(0.0961556171497 0.325 0.5)
(0.105932072069 0.325 0.5)
(0.115538465947 0.325 0.5)
(0.124977756989 0.325 0.5)
(0.134252851942 0.325 0.5)
(0.143366606991 0.325 0.5)
(0.152321828636 0.325 0.5)
(0.16112127456 0.325 0.5)
(0.169767654475 0.325 0.5)
(0.178263630958 0.325 0.5)
(0.186611820272 0.325 0.5)
(0.194814793167 0.325 0.5)
(0.202875075678 0.325 0.5)
(0.210795149898 0.325 0.5)
(0.218577454744 0.325 0.5)
(0.226224386711 0.325 0.5)
(0.233738300602 0.325 0.5)
(0.241121510263 0.325 0.5)
(0.248376289287 0.325 0.5)
(0.255504871722 0.325 0.5)
(0.262509452752 0.325 0.5)
(0.269392189375 0.325 0.5)
(0.276155201071 0.325 0.5)
(0.28280057045 0.325 0.5)
(0.289330343895 0.325 0.5)
(0.295746532193 0.325 0.5)
(0.302051111153 0.325 0.5)
(0.308246022215 0.325 0.5)
(0.314333173048 0.325 0.5)
(0.320314438136 0.325 0.5)
(0.326191659358 0.325 0.5)
(0.331966646552 0.325 0.5)
(0.337641178076 0.325 0.5)
(0.343217001352 0.325 0.5)
(0.348695833406 0.325 0.5)
(0.354079361396 0.325 0.5)
(0.359369243132 0.325 0.5)
(0.364567107588 0.325 0.5)
(0.3696745554 0.325 0.5)
(0.374693159363 0.325 0.5)
(0.379624464911 0.325 0.5)
(0.384469990597 0.325 0.5)
(0.389231228557 0.325 0.5)
(0.393909644975 0.325 0.5)
(0.398506680527 0.325 0.5)
(0.403023750829 0.325 0.5)
(0.407462246876 0.325 0.5)
(0.411823535461 0.325 0.5)
(0.416108959606 0.325 0.5)
(0.420319838971 0.325 0.5)
(0.424457470258 0.325 0.5)
(0.428523127614 0.325 0.5)
(0.432518063024 0.325 0.5)
(0.436443506693 0.325 0.5)
(0.440300667427 0.325 0.5)
(0.444090733004 0.325 0.5)
(0.447814870543 0.325 0.5)
(0.451474226859 0.325 0.5)
(0.455069928818 0.325 0.5)
(0.458603083686 0.325 0.5)
(0.462074779467 0.325 0.5)
(0.465486085239 0.325 0.5)
(0.468838051484 0.325 0.5)
(0.472131710411 0.325 0.5)
(0.475368076273 0.325 0.5)
(0.478548145681 0.325 0.5)
(0.481672897908 0.325 0.5)
(0.484743295197 0.325 0.5)
(0.487760283047 0.325 0.5)
(0.490724790515 0.325 0.5)
(0.493637730495 0.325 0.5)
(0.4965 0.325 0.5)
(0 0.35 0.5)
(0.0114490780216 0.35 0.5)
(0.0226989997904 0.35 0.5)
(0.0337532296213 0.35 0.5)
(0.0446151715679 0.35 0.5)
(0.0552881704701 0.35 0.5)
(0.0657755129847 0.35 0.5)
(0.0760804285969 0.35 0.5)
(0.0862060906156 0.35 0.5)
(0.0961556171497 0.35 0.5)
(0.105932072069 0.35 0.5)
(0.115538465947 0.35 0.5)
(0.124977756989 0.35 0.5)
(0.134252851942 0.35 0.5)
(0.143366606991 0.35 0.5)
(0.152321828636 0.35 0.5)
(0.16112127456 0.35 0.5)
(0.169767654475 0.35 0.5)
(0.178263630958 0.35 0.5)
(0.186611820272 0.35 0.5)
(0.194814793167 0.35 0.5)
(0.202875075678 0.35 0.5)
(0.210795149898 0.35 0.5)
(0.218577454744 0.35 0.5)
(0.226224386711 0.35 0.5)
(0.233738300602 0.35 0.5)
(0.241121510263 0.35 0.5)
(0.248376289287 0.35 0.5)
(0.255504871722 0.35 0.5)
(0.262509452752 0.35 0.5)
(0.269392189375 0.35 0.5)
(0.276155201071 0.35 0.5)
(0.28280057045 0.35 0.5)
(0.289330343895 0.35 0.5)
(0.295746532193 0.35 0.5)
(0.302051111153 0.35 0.5)
(0.308246022215 0.35 0.5)
(0.314333173048 0.35 0.5)
(0.320314438136 0.35 0.5)
(0.326191659358 0.35 0.5)
(0.331966646552 0.35 0.5)
(0.337641178076 0.35 0.5)
(0.343217001352 0.35 0.5)
(0.348695833406 0.35 0.5)
(0.354079361396 0.35 0.5)
(0.359369243132 0.35 0.5)
(0.364567107588 0.35 0.5)
(0.3696745554 0.35 0.5)
(0.374693159363 0.35 0.5)
(0.379624464911 0.35 0.5)
(0.384469990597 0.35 0.5)
(0.389231228557 0.35 0.5)
(0.393909644975 0.35 0.5)
(0.398506680527 0.35 0.5)
(0.403023750829 0.35 0.5)
(0.407462246876 0.35 0.5)
(0.411823535461 0.35 0.5)
(0.416108959606 0.35 0.5)
(0.420319838971 0.35 0.5)
(0.424457470258 0.35 0.5)
(0.428523127614 0.35 0.5)
(0.432518063024 0.35 0.5)
(0.436443506693 0.35 0.5)
(0.440300667427 0.35 0.5)
(0.444090733004 0.35 0.5)
(0.447814870543 0.35 0.5)
(0.451474226859 0.35 0.5)
(0.455069928818 0.35 0.5)
(0.458603083686 0.35 0.5)
(0.462074779467 0.35 0.5)
(0.465486085239 0.35 0.5)
(0.468838051484 0.35 0.5)
(0.472131710411 0.35 0.5)
(0.475368076273 0.35 0.5)
(0.478548145681 0.35 0.5)
(0.481672897908 0.35 0.5)
(0.484743295197 0.35 0.5)
(0.487760283047 0.35 0.5)
(0.490724790515 0.35 0.5)
(0.493637730495 0.35 0.5)
(0.4965 0.35 0.5)
(0 0.375 0.5)
(0.0114490780216 0.375 0.5)
(0.0226989997904 0.375 0.5)
(0.0337532296213 0.375 0.5)
(0.0446151715679 0.375 0.5)
(0.0552881704701 0.375 0.5)
(0.0657755129847 0.375 0.5)
(0.0760804285969 0.375 0.5)
(0.0862060906156 0.375 0.5)
(0.0961556171497 0.375 0.5)
(0.105932072069 0.375 0.5)
(0.115538465947 0.375 0.5)
(0.124977756989 0.375 0.5)
(0.134252851942 0.375 0.5)
(0.143366606991 0.375 0.5)
(0.152321828636 0.375 0.5)
(0.16112127456 0.375 0.5)
(0.169767654475 0.375 0.5)
(0.178263630958 0.375 0.5)
(0.186611820272 0.375 0.5)
(0.194814793167 0.375 0.5)
(0.202875075678 0.375 0.5)
(0.210795149898 0.375 0.5)
(0.218577454744 0.375 0.5)
(0.226224386711 0.375 0.5)
(0.233738300602 0.375 0.5)
(0.241121510263 0.375 0.5)
(0.248376289287 0.375 0.5)
(0.255504871722 0.375 0.5)
(0.262509452752 0.375 0.5)
(0.269392189375 0.375 0.5)
(0.276155201071 0.375 0.5)
(0.28280057045 0.375 0.5)
(0.289330343895 0.375 0.5)
(0.295746532193 0.375 0.5)
(0.302051111153 0.375 0.5)
(0.308246022215 0.375 0.5)
(0.314333173048 0.375 0.5)
(0.320314438136 0.375 0.5)
(0.326191659358 0.375 0.5)
(0.331966646552 0.375 0.5)
(0.337641178076 0.375 0.5)
(0.343217001352 0.375 0.5)
(0.348695833406 0.375 0.5)
(0.354079361396 0.375 0.5)
(0.359369243132 0.375 0.5)
(0.364567107588 0.375 0.5)
(0.3696745554 0.375 0.5)
(0.374693159363 0.375 0.5)
(0.379624464911 0.375 0.5)
(0.384469990597 0.375 0.5)
(0.389231228557 0.375 0.5)
(0.393909644975 0.375 0.5)
(0.398506680527 0.375 0.5)
(0.403023750829 0.375 0.5)
(0.407462246876 0.375 0.5)
(0.411823535461 0.375 0.5)
(0.416108959606 0.375 0.5)
(0.420319838971 0.375 0.5)
(0.424457470258 0.375 0.5)
(0.428523127614 0.375 0.5)
(0.432518063024 0.375 0.5)
(0.436443506693 0.375 0.5)
(0.440300667427 0.375 0.5)
(0.444090733004 0.375 0.5)
(0.447814870543 0.375 0.5)
(0.451474226859 0.375 0.5)
(0.455069928818 0.375 0.5)
(0.458603083686 0.375 0.5)
(0.462074779467 0.375 0.5)
(0.465486085239 0.375 0.5)
(0.468838051484 0.375 0.5)
(0.472131710411 0.375 0.5)
(0.475368076273 0.375 0.5)
(0.478548145681 0.375 0.5)
(0.481672897908 0.375 0.5)
(0.484743295197 0.375 0.5)
(0.487760283047 0.375 0.5)
(0.490724790515 0.375 0.5)
(0.493637730495 0.375 0.5)
(0.4965 0.375 0.5)
(0 0.4 0.5)
(0.0114490780216 0.4 0.5)
(0.0226989997904 0.4 0.5)
(0.0337532296213 0.4 0.5)
(0.0446151715679 0.4 0.5)
(0.0552881704701 0.4 0.5)
(0.0657755129847 0.4 0.5)
(0.0760804285969 0.4 0.5)
(0.0862060906156 0.4 0.5)
(0.0961556171497 0.4 0.5)
(0.105932072069 0.4 0.5)
(0.115538465947 0.4 0.5)
(0.124977756989 0.4 0.5)
(0.134252851942 0.4 0.5)
(0.143366606991 0.4 0.5)
(0.152321828636 0.4 0.5)
(0.16112127456 0.4 0.5)
(0.169767654475 0.4 0.5)
(0.178263630958 0.4 0.5)
(0.186611820272 0.4 0.5)
(0.194814793167 0.4 0.5)
(0.202875075678 0.4 0.5)
(0.210795149898 0.4 0.5)
(0.218577454744 0.4 0.5)
(0.226224386711 0.4 0.5)
(0.233738300602 0.4 0.5)
(0.241121510263 0.4 0.5)
(0.248376289287 0.4 0.5)
(0.255504871722 0.4 0.5)
(0.262509452752 0.4 0.5)
(0.269392189375 0.4 0.5)
(0.276155201071 0.4 0.5)
(0.28280057045 0.4 0.5)
(0.289330343895 0.4 0.5)
(0.295746532193 0.4 0.5)
(0.302051111153 0.4 0.5)
(0.308246022215 0.4 0.5)
(0.314333173048 0.4 0.5)
(0.320314438136 0.4 0.5)
(0.326191659358 0.4 0.5)
(0.331966646552 0.4 0.5)
(0.337641178076 0.4 0.5)
(0.343217001352 0.4 0.5)
(0.348695833406 0.4 0.5)
(0.354079361396 0.4 0.5)
(0.359369243132 0.4 0.5)
(0.364567107588 0.4 0.5)
(0.3696745554 0.4 0.5)
(0.374693159363 0.4 0.5)
(0.379624464911 0.4 0.5)
(0.384469990597 0.4 0.5)
(0.389231228557 0.4 0.5)
(0.393909644975 0.4 0.5)
(0.398506680527 0.4 0.5)
(0.403023750829 0.4 0.5)
(0.407462246876 0.4 0.5)
(0.411823535461 0.4 0.5)
(0.416108959606 0.4 0.5)
(0.420319838971 0.4 0.5)
(0.424457470258 0.4 0.5)
(0.428523127614 0.4 0.5)
(0.432518063024 0.4 0.5)
(0.436443506693 0.4 0.5)
(0.440300667427 0.4 0.5)
(0.444090733004 0.4 0.5)
(0.447814870543 0.4 0.5)
(0.451474226859 0.4 0.5)
(0.455069928818 0.4 0.5)
(0.458603083686 0.4 0.5)
(0.462074779467 0.4 0.5)
(0.465486085239 0.4 0.5)
(0.468838051484 0.4 0.5)
(0.472131710411 0.4 0.5)
(0.475368076273 0.4 0.5)
(0.478548145681 0.4 0.5)
(0.481672897908 0.4 0.5)
(0.484743295197 0.4 0.5)
(0.487760283047 0.4 0.5)
(0.490724790515 0.4 0.5)
(0.493637730495 0.4 0.5)
(0.4965 0.4 0.5)
(0 0.425 0.5)
(0.0114490780216 0.425 0.5)
(0.0226989997904 0.425 0.5)
(0.0337532296213 0.425 0.5)
(0.0446151715679 0.425 0.5)
(0.0552881704701 0.425 0.5)
(0.0657755129847 0.425 0.5)
(0.0760804285969 0.425 0.5)
(0.0862060906156 0.425 0.5)
(0.0961556171497 0.425 0.5)
(0.105932072069 0.425 0.5)
(0.115538465947 0.425 0.5)
(0.124977756989 0.425 0.5)
(0.134252851942 0.425 0.5)
(0.143366606991 0.425 0.5)
(0.152321828636 0.425 0.5)
(0.16112127456 0.425 0.5)
(0.169767654475 0.425 0.5)
(0.178263630958 0.425 0.5)
(0.186611820272 0.425 0.5)
(0.194814793167 0.425 0.5)
(0.202875075678 0.425 0.5)
(0.210795149898 0.425 0.5)
(0.218577454744 0.425 0.5)
(0.226224386711 0.425 0.5)
(0.233738300602 0.425 0.5)
(0.241121510263 0.425 0.5)
(0.248376289287 0.425 0.5)
(0.255504871722 0.425 0.5)
(0.262509452752 0.425 0.5)
(0.269392189375 0.425 0.5)
(0.276155201071 0.425 0.5)
(0.28280057045 0.425 0.5)
(0.289330343895 0.425 0.5)
(0.295746532193 0.425 0.5)
(0.302051111153 0.425 0.5)
(0.308246022215 0.425 0.5)
(0.314333173048 0.425 0.5)
(0.320314438136 0.425 0.5)
(0.326191659358 0.425 0.5)
(0.331966646552 0.425 0.5)
(0.337641178076 0.425 0.5)
(0.343217001352 0.425 0.5)
(0.348695833406 0.425 0.5)
(0.354079361396 0.425 0.5)
(0.359369243132 0.425 0.5)
(0.364567107588 0.425 0.5)
(0.3696745554 0.425 0.5)
(0.374693159363 0.425 0.5)
(0.379624464911 0.425 0.5)
(0.384469990597 0.425 0.5)
(0.389231228557 0.425 0.5)
(0.393909644975 0.425 0.5)
(0.398506680527 0.425 0.5)
(0.403023750829 0.425 0.5)
(0.407462246876 0.425 0.5)
(0.411823535461 0.425 0.5)
(0.416108959606 0.425 0.5)
(0.420319838971 0.425 0.5)
(0.424457470258 0.425 0.5)
(0.428523127614 0.425 0.5)
(0.432518063024 0.425 0.5)
(0.436443506693 0.425 0.5)
(0.440300667427 0.425 0.5)
(0.444090733004 0.425 0.5)
(0.447814870543 0.425 0.5)
(0.451474226859 0.425 0.5)
(0.455069928818 0.425 0.5)
(0.458603083686 0.425 0.5)
(0.462074779467 0.425 0.5)
(0.465486085239 0.425 0.5)
(0.468838051484 0.425 0.5)
(0.472131710411 0.425 0.5)
(0.475368076273 0.425 0.5)
(0.478548145681 0.425 0.5)
(0.481672897908 0.425 0.5)
(0.484743295197 0.425 0.5)
(0.487760283047 0.425 0.5)
(0.490724790515 0.425 0.5)
(0.493637730495 0.425 0.5)
(0.4965 0.425 0.5)
(0 0.45 0.5)
(0.0114490780216 0.45 0.5)
(0.0226989997904 0.45 0.5)
(0.0337532296213 0.45 0.5)
(0.0446151715679 0.45 0.5)
(0.0552881704701 0.45 0.5)
(0.0657755129847 0.45 0.5)
(0.0760804285969 0.45 0.5)
(0.0862060906156 0.45 0.5)
(0.0961556171497 0.45 0.5)
(0.105932072069 0.45 0.5)
(0.115538465947 0.45 0.5)
(0.124977756989 0.45 0.5)
(0.134252851942 0.45 0.5)
(0.143366606991 0.45 0.5)
(0.152321828636 0.45 0.5)
(0.16112127456 0.45 0.5)
(0.169767654475 0.45 0.5)
(0.178263630958 0.45 0.5)
(0.186611820272 0.45 0.5)
(0.194814793167 0.45 0.5)
(0.202875075678 0.45 0.5)
(0.210795149898 0.45 0.5)
(0.218577454744 0.45 0.5)
(0.226224386711 0.45 0.5)
(0.233738300602 0.45 0.5)
(0.241121510263 0.45 0.5)
(0.248376289287 0.45 0.5)
(0.255504871722 0.45 0.5)
(0.262509452752 0.45 0.5)
(0.269392189375 0.45 0.5)
(0.276155201071 0.45 0.5)
(0.28280057045 0.45 0.5)
(0.289330343895 0.45 0.5)
(0.295746532193 0.45 0.5)
(0.302051111153 0.45 0.5)
(0.308246022215 0.45 0.5)
(0.314333173048 0.45 0.5)
(0.320314438136 0.45 0.5)
(0.326191659358 0.45 0.5)
(0.331966646552 0.45 0.5)
(0.337641178076 0.45 0.5)
(0.343217001352 0.45 0.5)
(0.348695833406 0.45 0.5)
(0.354079361396 0.45 0.5)
(0.359369243132 0.45 0.5)
(0.364567107588 0.45 0.5)
(0.3696745554 0.45 0.5)
(0.374693159363 0.45 0.5)
(0.379624464911 0.45 0.5)
(0.384469990597 0.45 0.5)
(0.389231228557 0.45 0.5)
(0.393909644975 0.45 0.5)
(0.398506680527 0.45 0.5)
(0.403023750829 0.45 0.5)
(0.407462246876 0.45 0.5)
(0.411823535461 0.45 0.5)
(0.416108959606 0.45 0.5)
(0.420319838971 0.45 0.5)
(0.424457470258 0.45 0.5)
(0.428523127614 0.45 0.5)
(0.432518063024 0.45 0.5)
(0.436443506693 0.45 0.5)
(0.440300667427 0.45 0.5)
(0.444090733004 0.45 0.5)
(0.447814870543 0.45 0.5)
(0.451474226859 0.45 0.5)
(0.455069928818 0.45 0.5)
(0.458603083686 0.45 0.5)
(0.462074779467 0.45 0.5)
(0.465486085239 0.45 0.5)
(0.468838051484 0.45 0.5)
(0.472131710411 0.45 0.5)
(0.475368076273 0.45 0.5)
(0.478548145681 0.45 0.5)
(0.481672897908 0.45 0.5)
(0.484743295197 0.45 0.5)
(0.487760283047 0.45 0.5)
(0.490724790515 0.45 0.5)
(0.493637730495 0.45 0.5)
(0.4965 0.45 0.5)
(0 0.475 0.5)
(0.0114490780216 0.475 0.5)
(0.0226989997904 0.475 0.5)
(0.0337532296213 0.475 0.5)
(0.0446151715679 0.475 0.5)
(0.0552881704701 0.475 0.5)
(0.0657755129847 0.475 0.5)
(0.0760804285969 0.475 0.5)
(0.0862060906156 0.475 0.5)
(0.0961556171497 0.475 0.5)
(0.105932072069 0.475 0.5)
(0.115538465947 0.475 0.5)
(0.124977756989 0.475 0.5)
(0.134252851942 0.475 0.5)
(0.143366606991 0.475 0.5)
(0.152321828636 0.475 0.5)
(0.16112127456 0.475 0.5)
(0.169767654475 0.475 0.5)
(0.178263630958 0.475 0.5)
(0.186611820272 0.475 0.5)
(0.194814793167 0.475 0.5)
(0.202875075678 0.475 0.5)
(0.210795149898 0.475 0.5)
(0.218577454744 0.475 0.5)
(0.226224386711 0.475 0.5)
(0.233738300602 0.475 0.5)
(0.241121510263 0.475 0.5)
(0.248376289287 0.475 0.5)
(0.255504871722 0.475 0.5)
(0.262509452752 0.475 0.5)
(0.269392189375 0.475 0.5)
(0.276155201071 0.475 0.5)
(0.28280057045 0.475 0.5)
(0.289330343895 0.475 0.5)
(0.295746532193 0.475 0.5)
(0.302051111153 0.475 0.5)
(0.308246022215 0.475 0.5)
(0.314333173048 0.475 0.5)
(0.320314438136 0.475 0.5)
(0.326191659358 0.475 0.5)
(0.331966646552 0.475 0.5)
(0.337641178076 0.475 0.5)
(0.343217001352 0.475 0.5)
(0.348695833406 0.475 0.5)
(0.354079361396 0.475 0.5)
(0.359369243132 0.475 0.5)
(0.364567107588 0.475 0.5)
(0.3696745554 0.475 0.5)
(0.374693159363 0.475 0.5)
(0.379624464911 0.475 0.5)
(0.384469990597 0.475 0.5)
(0.389231228557 0.475 0.5)
(0.393909644975 0.475 0.5)
(0.398506680527 0.475 0.5)
(0.403023750829 0.475 0.5)
(0.407462246876 0.475 0.5)
(0.411823535461 0.475 0.5)
(0.416108959606 0.475 0.5)
(0.420319838971 0.475 0.5)
(0.424457470258 0.475 0.5)
(0.428523127614 0.475 0.5)
(0.432518063024 0.475 0.5)
(0.436443506693 0.475 0.5)
(0.440300667427 0.475 0.5)
(0.444090733004 0.475 0.5)
(0.447814870543 0.475 0.5)
(0.451474226859 0.475 0.5)
(0.455069928818 0.475 0.5)
(0.458603083686 0.475 0.5)
(0.462074779467 0.475 0.5)
(0.465486085239 0.475 0.5)
(0.468838051484 0.475 0.5)
(0.472131710411 0.475 0.5)
(0.475368076273 0.475 0.5)
(0.478548145681 0.475 0.5)
(0.481672897908 0.475 0.5)
(0.484743295197 0.475 0.5)
(0.487760283047 0.475 0.5)
(0.490724790515 0.475 0.5)
(0.493637730495 0.475 0.5)
(0.4965 0.475 0.5)
(0 0.5 0.5)
(0.0114490780216 0.5 0.5)
(0.0226989997904 0.5 0.5)
(0.0337532296213 0.5 0.5)
(0.0446151715679 0.5 0.5)
(0.0552881704701 0.5 0.5)
(0.0657755129847 0.5 0.5)
(0.0760804285969 0.5 0.5)
(0.0862060906156 0.5 0.5)
(0.0961556171497 0.5 0.5)
(0.105932072069 0.5 0.5)
(0.115538465947 0.5 0.5)
(0.124977756989 0.5 0.5)
(0.134252851942 0.5 0.5)
(0.143366606991 0.5 0.5)
(0.152321828636 0.5 0.5)
(0.16112127456 0.5 0.5)
(0.169767654475 0.5 0.5)
(0.178263630958 0.5 0.5)
(0.186611820272 0.5 0.5)
(0.194814793167 0.5 0.5)
(0.202875075678 0.5 0.5)
(0.210795149898 0.5 0.5)
(0.218577454744 0.5 0.5)
(0.226224386711 0.5 0.5)
(0.233738300602 0.5 0.5)
(0.241121510263 0.5 0.5)
(0.248376289287 0.5 0.5)
(0.255504871722 0.5 0.5)
(0.262509452752 0.5 0.5)
(0.269392189375 0.5 0.5)
(0.276155201071 0.5 0.5)
(0.28280057045 0.5 0.5)
(0.289330343895 0.5 0.5)
(0.295746532193 0.5 0.5)
(0.302051111153 0.5 0.5)
(0.308246022215 0.5 0.5)
(0.314333173048 0.5 0.5)
(0.320314438136 0.5 0.5)
(0.326191659358 0.5 0.5)
(0.331966646552 0.5 0.5)
(0.337641178076 0.5 0.5)
(0.343217001352 0.5 0.5)
(0.348695833406 0.5 0.5)
(0.354079361396 0.5 0.5)
(0.359369243132 0.5 0.5)
(0.364567107588 0.5 0.5)
(0.3696745554 0.5 0.5)
(0.374693159363 0.5 0.5)
(0.379624464911 0.5 0.5)
(0.384469990597 0.5 0.5)
(0.389231228557 0.5 0.5)
(0.393909644975 0.5 0.5)
(0.398506680527 0.5 0.5)
(0.403023750829 0.5 0.5)
(0.407462246876 0.5 0.5)
(0.411823535461 0.5 0.5)
(0.416108959606 0.5 0.5)
(0.420319838971 0.5 0.5)
(0.424457470258 0.5 0.5)
(0.428523127614 0.5 0.5)
(0.432518063024 0.5 0.5)
(0.436443506693 0.5 0.5)
(0.440300667427 0.5 0.5)
(0.444090733004 0.5 0.5)
(0.447814870543 0.5 0.5)
(0.451474226859 0.5 0.5)
(0.455069928818 0.5 0.5)
(0.458603083686 0.5 0.5)
(0.462074779467 0.5 0.5)
(0.465486085239 0.5 0.5)
(0.468838051484 0.5 0.5)
(0.472131710411 0.5 0.5)
(0.475368076273 0.5 0.5)
(0.478548145681 0.5 0.5)
(0.481672897908 0.5 0.5)
(0.484743295197 0.5 0.5)
(0.487760283047 0.5 0.5)
(0.490724790515 0.5 0.5)
(0.493637730495 0.5 0.5)
(0.4965 0.5 0.5)
(0.5015 0.25 -0.5)
(0.5015 0.275 -0.5)
(0.5015 0.3 -0.5)
(0.5015 0.325 -0.5)
(0.5015 0.35 -0.5)
(0.5015 0.375 -0.5)
(0.5015 0.4 -0.5)
(0.5015 0.425 -0.5)
(0.5015 0.45 -0.5)
(0.5015 0.475 -0.5)
(0.5015 0.5 -0.5)
(0.5015 0.25 0.5)
(0.5015 0.275 0.5)
(0.5015 0.3 0.5)
(0.5015 0.325 0.5)
(0.5015 0.35 0.5)
(0.5015 0.375 0.5)
(0.5015 0.4 0.5)
(0.5015 0.425 0.5)
(0.5015 0.45 0.5)
(0.5015 0.475 0.5)
(0.5015 0.5 0.5)
(0.5015 0 -0.5)
(0.505168456756 0.00137189856249 -0.5)
(0.508877849436 0.00275910599693 -0.5)
(0.512628634839 0.00416179313343 -0.5)
(0.516421274862 0.00558013270835 -0.5)
(0.520256236557 0.00701429938561 -0.5)
(0.524133992187 0.00846446977818 -0.5)
(0.528055019284 0.00993082246984 -0.5)
(0.532019800711 0.0114135380372 -0.5)
(0.536028824718 0.0129127990718 -0.5)
(0.540082585002 0.0144287902028 -0.5)
(0.544181580772 0.0159616981196 -0.5)
(0.548326316805 0.0175117115948 -0.5)
(0.552517303511 0.0190790215076 -0.5)
(0.556755056999 0.0206638208671 -0.5)
(0.561040099132 0.0222663048362 -0.5)
(0.5653729576 0.0238866707556 -0.5)
(0.569754165981 0.0255251181681 -0.5)
(0.574184263806 0.0271818488431 -0.5)
(0.578663796628 0.0288570668017 -0.5)
(0.583193316085 0.0305509783416 -0.5)
(0.587773379975 0.0322637920624 -0.5)
(0.592404552316 0.0339957188917 -0.5)
(0.597087403423 0.0357469721105 -0.5)
(0.601822509974 0.03751776738 -0.5)
(0.606610455081 0.0393083227679 -0.5)
(0.611451828365 0.0411188587754 -0.5)
(0.616347226025 0.042949598364 -0.5)
(0.621297250913 0.0448007669833 -0.5)
(0.626302512609 0.0466725925988 -0.5)
(0.631363627495 0.0485653057198 -0.5)
(0.63648121883 0.0504791394277 -0.5)
(0.641655916829 0.0524143294049 -0.5)
(0.646888358739 0.0543711139638 -0.5)
(0.652179188919 0.056349734076 -0.5)
(0.657529058918 0.0583504334023 -0.5)
(0.662938627553 0.0603734583222 -0.5)
(0.668408560997 0.0624190579647 -0.5)
(0.673939532854 0.0644874842387 -0.5)
(0.679532224245 0.0665789918642 -0.5)
(0.685187323892 0.0686938384037 -0.5)
(0.690905528201 0.0708322842936 -0.5)
(0.696687541352 0.0729945928765 -0.5)
(0.70253407538 0.0751810304338 -0.5)
(0.708445850267 0.0773918662181 -0.5)
(0.71442359403 0.0796273724868 -0.5)
(0.720468042807 0.081887824535 -0.5)
(0.726579940953 0.0841735007303 -0.5)
(0.732760041128 0.0864846825461 -0.5)
(0.739009104393 0.0888216545971 -0.5)
(0.745327900297 0.0911847046737 -0.5)
(0.751717206982 0.0935741237779 -0.5)
(0.758177811269 0.0959902061589 -0.5)
(0.76471050876 0.0984332493495 -0.5)
(0.771316103937 0.100903554202 -0.5)
(0.777995410256 0.103401424928 -0.5)
(0.784749250253 0.10592716913 -0.5)
(0.791578455642 0.108481097846 -0.5)
(0.798483867415 0.111063525585 -0.5)
(0.805466335954 0.113674770364 -0.5)
(0.812526721125 0.116315153749 -0.5)
(0.819665892393 0.118985000895 -0.5)
(0.826884728923 0.121684640585 -0.5)
(0.834184119692 0.12441440527 -0.5)
(0.841564963596 0.127174631113 -0.5)
(0.849028169561 0.129965658026 -0.5)
(0.856574656658 0.132787829715 -0.5)
(0.864205354212 0.135641493722 -0.5)
(0.871921201919 0.138527001465 -0.5)
(0.879723149959 0.141444708287 -0.5)
(0.887612159118 0.144394973492 -0.5)
(0.895589200902 0.147378160397 -0.5)
(0.903655257657 0.150394636371 -0.5)
(0.911811322693 0.153444772884 -0.5)
(0.920058400401 0.15652894555 -0.5)
(0.928397506383 0.159647534175 -0.5)
(0.936829667573 0.162800922802 -0.5)
(0.945355922364 0.165989499762 -0.5)
(0.953977320737 0.169213657718 -0.5)
(0.962694924388 0.172473793713 -0.5)
(0.971509806863 0.175770309223 -0.5)
(0.980423053686 0.179103610204 -0.5)
(0.989435762494 0.18247410714 -0.5)
(0.998549043172 0.185882215098 -0.5)
(1.00776401799 0.189328353774 -0.5)
(1.01708182175 0.19281294755 -0.5)
(1.0265036019 0.196336425542 -0.5)
(1.0360305187 0.199899221655 -0.5)
(1.04566374537 0.203501774635 -0.5)
(1.05540446821 0.207144528125 -0.5)
(1.06525388674 0.210827930719 -0.5)
(1.07521321391 0.214552436016 -0.5)
(1.08528367616 0.218318502676 -0.5)
(1.09546651364 0.222126594479 -0.5)
(1.10576298033 0.225977180377 -0.5)
(1.11617434421 0.22987073456 -0.5)
(1.12670188741 0.233807736505 -0.5)
(1.13734690636 0.23778867104 -0.5)
(1.14811071196 0.241814028406 -0.5)
(1.15899462973 0.245884304313 -0.5)
(1.17 0.25 -0.5)
(0.5015 0.00222517499515 -0.5)
(0.505168456756 0.00358974704313 -0.5)
(0.508877849436 0.00496954620727 -0.5)
(0.512628634839 0.00636474240534 -0.5)
(0.516421274862 0.00777550745125 -0.5)
(0.520256236557 0.00920201507612 -0.5)
(0.524133992187 0.0106444409497 -0.5)
(0.528055019284 0.0121029627022 -0.5)
(0.532019800711 0.0135777599456 -0.5)
(0.536028824718 0.0150690142967 -0.5)
(0.540082585002 0.0165769093983 -0.5)
(0.544181580772 0.0181016309431 -0.5)
(0.548326316805 0.0196433666953 -0.5)
(0.552517303511 0.021202306515 -0.5)
(0.556755056999 0.0227786423803 -0.5)
(0.561040099132 0.0243725684119 -0.5)
(0.5653729576 0.0259842808968 -0.5)
(0.569754165981 0.0276139783119 -0.5)
(0.574184263806 0.0292618613494 -0.5)
(0.578663796628 0.0309281329405 -0.5)
(0.583193316085 0.0326129982814 -0.5)
(0.587773379975 0.0343166648576 -0.5)
(0.592404552316 0.0360393424701 -0.5)
(0.597087403423 0.0377812432613 -0.5)
(0.601822509974 0.0395425817403 -0.5)
(0.606610455081 0.0413235748105 -0.5)
(0.611451828365 0.0431244417952 -0.5)
(0.616347226025 0.0449454044655 -0.5)
(0.621297250913 0.046786687067 -0.5)
(0.626302512609 0.0486485163476 -0.5)
(0.631363627495 0.0505311215856 -0.5)
(0.63648121883 0.0524347346176 -0.5)
(0.641655916829 0.0543595898676 -0.5)
(0.646888358739 0.0563059243751 -0.5)
(0.652179188919 0.058273977825 -0.5)
(0.657529058918 0.0602639925766 -0.5)
(0.662938627553 0.0622762136937 -0.5)
(0.668408560997 0.064310888975 -0.5)
(0.673939532854 0.066368268984 -0.5)
(0.679532224245 0.0684486070804 -0.5)
(0.685187323892 0.0705521594512 -0.5)
(0.690905528201 0.0726791851419 -0.5)
(0.696687541352 0.0748299460888 -0.5)
(0.70253407538 0.0770047071513 -0.5)
(0.708445850267 0.079203736144 -0.5)
(0.71442359403 0.0814273038703 -0.5)
(0.720468042807 0.0836756841552 -0.5)
(0.726579940953 0.0859491538797 -0.5)
(0.732760041128 0.0882479930139 -0.5)
(0.739009104393 0.0905724846526 -0.5)
(0.745327900297 0.0929229150494 -0.5)
(0.751717206982 0.095299573652 -0.5)
(0.758177811269 0.0977027531384 -0.5)
(0.76471050876 0.100132749452 -0.5)
(0.771316103937 0.10258986184 -0.5)
(0.777995410256 0.105074392886 -0.5)
(0.784749250253 0.107586648554 -0.5)
(0.791578455642 0.110126938218 -0.5)
(0.798483867415 0.112695574708 -0.5)
(0.805466335954 0.115292874343 -0.5)
(0.812526721125 0.117919156972 -0.5)
(0.819665892393 0.120574746013 -0.5)
(0.826884728923 0.123259968493 -0.5)
(0.834184119692 0.125975155088 -0.5)
(0.841564963596 0.128720640166 -0.5)
(0.849028169561 0.131496761823 -0.5)
(0.856574656658 0.13430386193 -0.5)
(0.864205354212 0.137142286173 -0.5)
(0.871921201919 0.140012384093 -0.5)
(0.879723149959 0.142914509135 -0.5)
(0.887612159118 0.145849018685 -0.5)
(0.895589200902 0.148816274119 -0.5)
(0.903655257657 0.151816640844 -0.5)
(0.911811322693 0.154850488347 -0.5)
(0.920058400401 0.157918190236 -0.5)
(0.928397506383 0.161020124287 -0.5)
(0.936829667573 0.164156672495 -0.5)
(0.945355922364 0.167328221115 -0.5)
(0.953977320737 0.170535160713 -0.5)
(0.962694924388 0.173777886213 -0.5)
(0.971509806863 0.177056796946 -0.5)
(0.980423053686 0.180372296699 -0.5)
(0.989435762494 0.183724793766 -0.5)
(0.998549043172 0.187114700996 -0.5)
(1.00776401799 0.190542435845 -0.5)
(1.01708182175 0.194008420426 -0.5)
(1.0265036019 0.197513081566 -0.5)
(1.0360305187 0.201056850851 -0.5)
(1.04566374537 0.204640164685 -0.5)
(1.05540446821 0.208263464342 -0.5)
(1.06525388674 0.211927196019 -0.5)
(1.07521321391 0.215631810893 -0.5)
(1.08528367616 0.219377765176 -0.5)
(1.09546651364 0.223165520169 -0.5)
(1.10576298033 0.226995542322 -0.5)
(1.11617434421 0.230868303289 -0.5)
(1.12670188741 0.23478427999 -0.5)
(1.13734690636 0.238743954664 -0.5)
(1.14811071196 0.242747814931 -0.5)
(1.15899462973 0.246796353854 -0.5)
(1.17 0.250890069998 -0.5)
(0.5015 0.00455496494335 -0.5)
(0.505168456756 0.00591186602618 -0.5)
(0.508877849436 0.00728390862566 -0.5)
(0.512628634839 0.0086712617044 -0.5)
(0.516421274862 0.0100740961104 -0.5)
(0.520256236557 0.0114925845982 -0.5)
(0.524133992187 0.0129269018501 -0.5)
(0.528055019284 0.0143772244975 -0.5)
(0.532019800711 0.015843731143 -0.5)
(0.536028824718 0.0173266023821 -0.5)
(0.540082585002 0.0188260208256 -0.5)
(0.544181580772 0.020342171122 -0.5)
(0.548326316805 0.0218752399804 -0.5)
(0.552517303511 0.0234254161931 -0.5)
(0.556755056999 0.0249928906593 -0.5)
(0.561040099132 0.0265778564085 -0.5)
(0.5653729576 0.028180508624 -0.5)
(0.569754165981 0.0298010446672 -0.5)
(0.574184263806 0.0314396641019 -0.5)
(0.578663796628 0.0330965687187 -0.5)
(0.583193316085 0.0347719625602 -0.5)
(0.587773379975 0.0364660519455 -0.5)
(0.592404552316 0.0381790454964 -0.5)
(0.597087403423 0.0399111541623 -0.5)
(0.601822509974 0.041662591247 -0.5)
(0.606610455081 0.043433572434 -0.5)
(0.611451828365 0.0452243158142 -0.5)
(0.616347226025 0.0470350419116 -0.5)
(0.621297250913 0.0488659737114 -0.5)
(0.626302512609 0.0507173366867 -0.5)
(0.631363627495 0.0525893588271 -0.5)
(0.63648121883 0.0544822706659 -0.5)
(0.641655916829 0.0563963053091 -0.5)
(0.646888358739 0.0583316984638 -0.5)
(0.652179188919 0.0602886884675 -0.5)
(0.657529058918 0.0622675163171 -0.5)
(0.662938627553 0.0642684256987 -0.5)
(0.668408560997 0.066291663018 -0.5)
(0.673939532854 0.0683374774301 -0.5)
(0.679532224245 0.0704061208702 -0.5)
(0.685187323892 0.0724978480853 -0.5)
(0.690905528201 0.0746129166646 -0.5)
(0.696687541352 0.076751587072 -0.5)
(0.70253407538 0.0789141226779 -0.5)
(0.708445850267 0.0811007897914 -0.5)
(0.71442359403 0.0833118576936 -0.5)
(0.720468042807 0.0855475986703 -0.5)
(0.726579940953 0.0878082880457 -0.5)
(0.732760041128 0.0900942042164 -0.5)
(0.739009104393 0.0924056286855 -0.5)
(0.745327900297 0.0947428460975 -0.5)
(0.751717206982 0.0971061442731 -0.5)
(0.758177811269 0.0994958142448 -0.5)
(0.76471050876 0.101912150293 -0.5)
(0.771316103937 0.104355449981 -0.5)
(0.777995410256 0.106826014193 -0.5)
(0.784749250253 0.109324147173 -0.5)
(0.791578455642 0.111850156555 -0.5)
(0.798483867415 0.114404353411 -0.5)
(0.805466335954 0.116987052282 -0.5)
(0.812526721125 0.119598571218 -0.5)
(0.819665892393 0.122239231819 -0.5)
(0.826884728923 0.124909359275 -0.5)
(0.834184119692 0.127609282403 -0.5)
(0.841564963596 0.130339333689 -0.5)
(0.849028169561 0.133099849331 -0.5)
(0.856574656658 0.135891169276 -0.5)
(0.864205354212 0.138713637268 -0.5)
(0.871921201919 0.141567600884 -0.5)
(0.879723149959 0.14445341158 -0.5)
(0.887612159118 0.147371424734 -0.5)
(0.895589200902 0.150321999691 -0.5)
(0.903655257657 0.153305499804 -0.5)
(0.911811322693 0.156322292481 -0.5)
(0.920058400401 0.15937274923 -0.5)
(0.928397506383 0.162457245707 -0.5)
(0.936829667573 0.165576161755 -0.5)
(0.945355922364 0.16872988146 -0.5)
(0.953977320737 0.171918793192 -0.5)
(0.962694924388 0.175143289655 -0.5)
(0.971509806863 0.178403767935 -0.5)
(0.980423053686 0.18170062955 -0.5)
(0.989435762494 0.185034280497 -0.5)
(0.998549043172 0.188405131305 -0.5)
(1.00776401799 0.191813597084 -0.5)
(1.01708182175 0.195260097573 -0.5)
(1.0265036019 0.1987450572 -0.5)
(1.0360305187 0.202268905126 -0.5)
(1.04566374537 0.2058320753 -0.5)
(1.05540446821 0.209435006515 -0.5)
(1.06525388674 0.213078142462 -0.5)
(1.07521321391 0.21676193178 -0.5)
(1.08528367616 0.220486828117 -0.5)
(1.09546651364 0.22425329018 -0.5)
(1.10576298033 0.228061781798 -0.5)
(1.11617434421 0.231912771973 -0.5)
(1.12670188741 0.235806734944 -0.5)
(1.13734690636 0.239744150238 -0.5)
(1.14811071196 0.243725502736 -0.5)
(1.15899462973 0.247751282729 -0.5)
(1.17 0.251821985977 -0.5)
(0.5015 0.00699428823907 -0.5)
(0.505168456756 0.008343157712 -0.5)
(0.508877849436 0.0097070790777 -0.5)
(0.512628634839 0.0110862202987 -0.5)
(0.516421274862 0.0124807512116 -0.5)
(0.520256236557 0.0138908435486 -0.5)
(0.524133992187 0.0153166709578 -0.5)
(0.528055019284 0.0167584090254 -0.5)
(0.532019800711 0.0182162352966 -0.5)
(0.536028824718 0.019690329298 -0.5)
(0.540082585002 0.0211808725596 -0.5)
(0.544181580772 0.0226880486368 -0.5)
(0.548326316805 0.0242120431336 -0.5)
(0.552517303511 0.0257530437249 -0.5)
(0.556755056999 0.02731124018 -0.5)
(0.561040099132 0.0288868243856 -0.5)
(0.5653729576 0.0304799903698 -0.5)
(0.569754165981 0.032090934326 -0.5)
(0.574184263806 0.0337198546365 -0.5)
(0.578663796628 0.0353669518977 -0.5)
(0.583193316085 0.0370324289443 -0.5)
(0.587773379975 0.0387164908742 -0.5)
(0.592404552316 0.0404193450744 -0.5)
(0.597087403423 0.0421412012457 -0.5)
(0.601822509974 0.0438822714291 -0.5)
(0.606610455081 0.0456427700319 -0.5)
(0.611451828365 0.0474229138536 -0.5)
(0.616347226025 0.0492229221133 -0.5)
(0.621297250913 0.0510430164761 -0.5)
(0.626302512609 0.0528834210807 -0.5)
(0.631363627495 0.054744362567 -0.5)
(0.63648121883 0.0566260701038 -0.5)
(0.641655916829 0.0585287754174 -0.5)
(0.646888358739 0.0604527128198 -0.5)
(0.652179188919 0.0623981192375 -0.5)
(0.657529058918 0.0643652342411 -0.5)
(0.662938627553 0.0663543000745 -0.5)
(0.668408560997 0.0683655616845 -0.5)
(0.673939532854 0.0703992667516 -0.5)
(0.679532224245 0.0724556657199 -0.5)
(0.685187323892 0.0745350118283 -0.5)
(0.690905528201 0.0766375611415 -0.5)
(0.696687541352 0.0787635725816 -0.5)
(0.70253407538 0.0809133079602 -0.5)
(0.708445850267 0.0830870320099 -0.5)
(0.71442359403 0.0852850124181 -0.5)
(0.720468042807 0.0875075198587 -0.5)
(0.726579940953 0.0897548280265 -0.5)
(0.732760041128 0.09202721367 -0.5)
(0.739009104393 0.0943249566263 -0.5)
(0.745327900297 0.0966483398548 -0.5)
(0.751717206982 0.0989976494728 -0.5)
(0.758177811269 0.10137317479 -0.5)
(0.76471050876 0.103775208345 -0.5)
(0.771316103937 0.10620404594 -0.5)
(0.777995410256 0.108659986678 -0.5)
(0.784749250253 0.111143333001 -0.5)
(0.791578455642 0.113654390725 -0.5)
(0.798483867415 0.116193469079 -0.5)
(0.805466335954 0.118760880741 -0.5)
(0.812526721125 0.12135694188 -0.5)
(0.819665892393 0.123981972192 -0.5)
(0.826884728923 0.126636294942 -0.5)
(0.834184119692 0.129320237001 -0.5)
(0.841564963596 0.132034128888 -0.5)
(0.849028169561 0.134778304809 -0.5)
(0.856574656658 0.137553102701 -0.5)
(0.864205354212 0.140358864271 -0.5)
(0.871921201919 0.143195935039 -0.5)
(0.879723149959 0.146064664383 -0.5)
(0.887612159118 0.148965405576 -0.5)
(0.895589200902 0.151898515835 -0.5)
(0.903655257657 0.154864356363 -0.5)
(0.911811322693 0.157863292395 -0.5)
(0.920058400401 0.160895693238 -0.5)
(0.928397506383 0.163961932324 -0.5)
(0.936829667573 0.16706238725 -0.5)
(0.945355922364 0.170197439827 -0.5)
(0.953977320737 0.173367476126 -0.5)
(0.962694924388 0.176572886527 -0.5)
(0.971509806863 0.179814065767 -0.5)
(0.980423053686 0.183091412985 -0.5)
(0.989435762494 0.186405331776 -0.5)
(0.998549043172 0.189756230239 -0.5)
(1.00776401799 0.193144521026 -0.5)
(1.01708182175 0.196570621394 -0.5)
(1.0265036019 0.200034953256 -0.5)
(1.0360305187 0.203537943234 -0.5)
(1.04566374537 0.207080022708 -0.5)
(1.05540446821 0.210661627876 -0.5)
(1.06525388674 0.214283199799 -0.5)
(1.07521321391 0.217945184463 -0.5)
(1.08528367616 0.22164803283 -0.5)
(1.09546651364 0.225392200892 -0.5)
(1.10576298033 0.229178149733 -0.5)
(1.11617434421 0.233006345578 -0.5)
(1.12670188741 0.23687725986 -0.5)
(1.13734690636 0.240791369267 -0.5)
(1.14811071196 0.24474915581 -0.5)
(1.15899462973 0.248751106877 -0.5)
(1.17 0.252797715296 -0.5)
(0.5015 0.00954829451145 -0.5)
(0.505168456756 0.0108887547743 -0.5)
(0.508877849436 0.0122441730924 -0.5)
(0.512628634839 0.0136147163812 -0.5)
(0.516421274862 0.0150005534186 -0.5)
(0.520256236557 0.0164018548659 -0.5)
(0.524133992187 0.0178187932888 -0.5)
(0.528055019284 0.0192515431789 -0.5)
(0.532019800711 0.0207002809744 -0.5)
(0.536028824718 0.0221651850828 -0.5)
(0.540082585002 0.0236464359023 -0.5)
(0.544181580772 0.0251442158441 -0.5)
(0.548326316805 0.026658709355 -0.5)
(0.552517303511 0.0281901029398 -0.5)
(0.556755056999 0.0297385851849 -0.5)
(0.561040099132 0.0313043467806 -0.5)
(0.5653729576 0.0328875805456 -0.5)
(0.569754165981 0.0344884814498 -0.5)
(0.574184263806 0.0361072466391 -0.5)
(0.578663796628 0.037744075459 -0.5)
(0.583193316085 0.0393991694799 -0.5)
(0.587773379975 0.0410727325211 -0.5)
(0.592404552316 0.0427649706765 -0.5)
(0.597087403423 0.0444760923397 -0.5)
(0.601822509974 0.0462063082298 -0.5)
(0.606610455081 0.0479558314173 -0.5)
(0.611451828365 0.0497248773503 -0.5)
(0.616347226025 0.051513663881 -0.5)
(0.621297250913 0.0533224112928 -0.5)
(0.626302512609 0.0551513423269 -0.5)
(0.631363627495 0.0570006822103 -0.5)
(0.63648121883 0.0588706586833 -0.5)
(0.641655916829 0.0607615020273 -0.5)
(0.646888358739 0.0626734450935 -0.5)
(0.652179188919 0.0646067233316 -0.5)
(0.657529058918 0.0665615748185 -0.5)
(0.662938627553 0.0685382402879 -0.5)
(0.668408560997 0.0705369631595 -0.5)
(0.673939532854 0.0725579895698 -0.5)
(0.679532224245 0.0746015684015 -0.5)
(0.685187323892 0.0766679513147 -0.5)
(0.690905528201 0.0787573927778 -0.5)
(0.696687541352 0.0808701500987 -0.5)
(0.70253407538 0.0830064834566 -0.5)
(0.708445850267 0.0851666559341 -0.5)
(0.71442359403 0.0873509335494 -0.5)
(0.720468042807 0.0895595852891 -0.5)
(0.726579940953 0.0917928831417 -0.5)
(0.732760041128 0.0940511021303 -0.5)
(0.739009104393 0.0963345203475 -0.5)
(0.745327900297 0.0986434189888 -0.5)
(0.751717206982 0.100978082387 -0.5)
(0.758177811269 0.10333879805 -0.5)
(0.76471050876 0.10572585669 -0.5)
(0.771316103937 0.108139552267 -0.5)
(0.777995410256 0.11058018202 -0.5)
(0.784749250253 0.113048046503 -0.5)
(0.791578455642 0.115543449627 -0.5)
(0.798483867415 0.118066698693 -0.5)
(0.805466335954 0.120618104429 -0.5)
(0.812526721125 0.123197981035 -0.5)
(0.819665892393 0.125806646212 -0.5)
(0.826884728923 0.12844442121 -0.5)
(0.834184119692 0.131111630862 -0.5)
(0.841564963596 0.133808603627 -0.5)
(0.849028169561 0.136535671627 -0.5)
(0.856574656658 0.139293170693 -0.5)
(0.864205354212 0.142081440401 -0.5)
(0.871921201919 0.144900824118 -0.5)
(0.879723149959 0.147751669042 -0.5)
(0.887612159118 0.150634326245 -0.5)
(0.895589200902 0.153549150717 -0.5)
(0.903655257657 0.156496501408 -0.5)
(0.911811322693 0.159476741277 -0.5)
(0.920058400401 0.162490237329 -0.5)
(0.928397506383 0.165537360668 -0.5)
(0.936829667573 0.168618486535 -0.5)
(0.945355922364 0.171733994363 -0.5)
(0.953977320737 0.174884267815 -0.5)
(0.962694924388 0.178069694837 -0.5)
(0.971509806863 0.181290667706 -0.5)
(0.980423053686 0.184547583072 -0.5)
(0.989435762494 0.187840842014 -0.5)
(0.998549043172 0.191170850087 -0.5)
(1.00776401799 0.194538017371 -0.5)
(1.01708182175 0.19794275852 -0.5)
(1.0265036019 0.201385492819 -0.5)
(1.0360305187 0.204866644228 -0.5)
(1.04566374537 0.208386641439 -0.5)
(1.05540446821 0.21194591793 -0.5)
(1.06525388674 0.215544912014 -0.5)
(1.07521321391 0.219184066894 -0.5)
(1.08528367616 0.222863830722 -0.5)
(1.09546651364 0.226584656647 -0.5)
(1.10576298033 0.230347002878 -0.5)
(1.11617434421 0.234151332736 -0.5)
(1.12670188741 0.237998114711 -0.5)
(1.13734690636 0.241887822522 -0.5)
(1.14811071196 0.245820935173 -0.5)
(1.15899462973 0.249797937016 -0.5)
(1.17 0.253819317805 -0.5)
(0.5015 0.0122223754956 -0.5)
(0.505168456756 0.0135540311956 -0.5)
(0.508877849436 0.0149005467017 -0.5)
(0.512628634839 0.0162620878329 -0.5)
(0.516421274862 0.0176388222585 -0.5)
(0.520256236557 0.019030919519 -0.5)
(0.524133992187 0.0204385510466 -0.5)
(0.528055019284 0.0218618901866 -0.5)
(0.532019800711 0.0233011122185 -0.5)
(0.536028824718 0.0247563943779 -0.5)
(0.540082585002 0.0262279158781 -0.5)
(0.544181580772 0.0277158579321 -0.5)
(0.548326316805 0.0292204037752 -0.5)
(0.552517303511 0.0307417386874 -0.5)
(0.556755056999 0.032280050016 -0.5)
(0.561040099132 0.0338355271992 -0.5)
(0.5653729576 0.0354083617889 -0.5)
(0.569754165981 0.0369987474745 -0.5)
(0.574184263806 0.038606880107 -0.5)
(0.578663796628 0.0402329577226 -0.5)
(0.583193316085 0.0418771805675 -0.5)
(0.587773379975 0.0435397511225 -0.5)
(0.592404552316 0.0452208741276 -0.5)
(0.597087403423 0.0469207566078 -0.5)
(0.601822509974 0.048639607898 -0.5)
(0.606610455081 0.0503776396692 -0.5)
(0.611451828365 0.0521350659545 -0.5)
(0.616347226025 0.053912103175 -0.5)
(0.621297250913 0.0557089701672 -0.5)
(0.626302512609 0.0575258882094 -0.5)
(0.631363627495 0.0593630810493 -0.5)
(0.63648121883 0.061220774931 -0.5)
(0.641655916829 0.0630991986237 -0.5)
(0.646888358739 0.0649985834491 -0.5)
(0.652179188919 0.0669191633102 -0.5)
(0.657529058918 0.0688611747202 -0.5)
(0.662938627553 0.0708248568316 -0.5)
(0.668408560997 0.0728104514654 -0.5)
(0.673939532854 0.0748182031412 -0.5)
(0.679532224245 0.076848359107 -0.5)
(0.685187323892 0.07890116937 -0.5)
(0.690905528201 0.0809768867272 -0.5)
(0.696687541352 0.0830757667962 -0.5)
(0.70253407538 0.0851980680476 -0.5)
(0.708445850267 0.0873440518356 -0.5)
(0.71442359403 0.0895139824314 -0.5)
(0.720468042807 0.0917081270547 -0.5)
(0.726579940953 0.0939267559074 -0.5)
(0.732760041128 0.0961701422065 -0.5)
(0.739009104393 0.0984385622176 -0.5)
(0.745327900297 0.100732295289 -0.5)
(0.751717206982 0.103051623888 -0.5)
(0.758177811269 0.10539683363 -0.5)
(0.76471050876 0.107768213322 -0.5)
(0.771316103937 0.11016605499 -0.5)
(0.777995410256 0.112590653922 -0.5)
(0.784749250253 0.115042308698 -0.5)
(0.791578455642 0.117521321233 -0.5)
(0.798483867415 0.120027996808 -0.5)
(0.805466335954 0.122562644113 -0.5)
(0.812526721125 0.125125575281 -0.5)
(0.819665892393 0.127717105928 -0.5)
(0.826884728923 0.130337555194 -0.5)
(0.834184119692 0.132987245778 -0.5)
(0.841564963596 0.135666503981 -0.5)
(0.849028169561 0.138375659744 -0.5)
(0.856574656658 0.141115046692 -0.5)
(0.864205354212 0.143885002172 -0.5)
(0.871921201919 0.146685867293 -0.5)
(0.879723149959 0.149517986975 -0.5)
(0.887612159118 0.152381709982 -0.5)
(0.895589200902 0.155277388974 -0.5)
(0.903655257657 0.158205380543 -0.5)
(0.911811322693 0.161166045263 -0.5)
(0.920058400401 0.164159747729 -0.5)
(0.928397506383 0.167186856607 -0.5)
(0.936829667573 0.170247744675 -0.5)
(0.945355922364 0.173342788871 -0.5)
(0.953977320737 0.17647237034 -0.5)
(0.962694924388 0.179636874481 -0.5)
(0.971509806863 0.18283669099 -0.5)
(0.980423053686 0.186072213916 -0.5)
(0.989435762494 0.189343841702 -0.5)
(0.998549043172 0.19265197724 -0.5)
(1.00776401799 0.195997027914 -0.5)
(1.01708182175 0.199379405657 -0.5)
(1.0265036019 0.202799526998 -0.5)
(1.0360305187 0.206257813114 -0.5)
(1.04566374537 0.209754689882 -0.5)
(1.05540446821 0.21329058793 -0.5)
(1.06525388674 0.216865942693 -0.5)
(1.07521321391 0.220481194464 -0.5)
(1.08528367616 0.22413678845 -0.5)
(1.09546651364 0.227833174826 -0.5)
(1.10576298033 0.231570808788 -0.5)
(1.11617434421 0.235350150616 -0.5)
(1.12670188741 0.239171665722 -0.5)
(1.13734690636 0.243035824713 -0.5)
(1.14811071196 0.246943103449 -0.5)
(1.15899462973 0.250893983098 -0.5)
(1.17 0.254888950198 -0.5)
(0.5015 0.0150221764152 -0.5)
(0.505168456756 0.0163446136123 -0.5)
(0.508877849436 0.0176818077472 -0.5)
(0.512628634839 0.0190339234911 -0.5)
(0.516421274862 0.0204011273524 -0.5)
(0.520256236557 0.0217835876981 -0.5)
(0.524133992187 0.0231814747735 -0.5)
(0.528055019284 0.024594960724 -0.5)
(0.532019800711 0.0260242196158 -0.5)
(0.536028824718 0.0274694274574 -0.5)
(0.540082585002 0.0289307622215 -0.5)
(0.544181580772 0.0304084038667 -0.5)
(0.548326316805 0.0319025343598 -0.5)
(0.552517303511 0.0334133376982 -0.5)
(0.556755056999 0.0349409999324 -0.5)
(0.561040099132 0.0364857091889 -0.5)
(0.5653729576 0.0380476556938 -0.5)
(0.569754165981 0.0396270317957 -0.5)
(0.574184263806 0.0412240319896 -0.5)
(0.578663796628 0.042838852941 -0.5)
(0.583193316085 0.0444716935097 -0.5)
(0.587773379975 0.0461227547748 -0.5)
(0.592404552316 0.0477922400592 -0.5)
(0.597087403423 0.0494803549544 -0.5)
(0.601822509974 0.0511873073465 -0.5)
(0.606610455081 0.0529133074411 -0.5)
(0.611451828365 0.0546585677893 -0.5)
(0.616347226025 0.0564233033146 -0.5)
(0.621297250913 0.0582077313381 -0.5)
(0.626302512609 0.0600120716066 -0.5)
(0.631363627495 0.0618365463186 -0.5)
(0.63648121883 0.0636813801522 -0.5)
(0.641655916829 0.0655468002929 -0.5)
(0.646888358739 0.0674330364609 -0.5)
(0.652179188919 0.0693403209403 -0.5)
(0.657529058918 0.0712688886067 -0.5)
(0.662938627553 0.0732189769573 -0.5)
(0.668408560997 0.0751908261389 -0.5)
(0.673939532854 0.0771846789783 -0.5)
(0.679532224245 0.0792007810122 -0.5)
(0.685187323892 0.081239380517 -0.5)
(0.690905528201 0.0833007285395 -0.5)
(0.696687541352 0.085385078928 -0.5)
(0.70253407538 0.0874926883636 -0.5)
(0.708445850267 0.0896238163915 -0.5)
(0.71442359403 0.0917787254532 -0.5)
(0.720468042807 0.0939576809188 -0.5)
(0.726579940953 0.0961609511196 -0.5)
(0.732760041128 0.0983888073811 -0.5)
(0.739009104393 0.100641524057 -0.5)
(0.745327900297 0.102919378561 -0.5)
(0.751717206982 0.105222651404 -0.5)
(0.758177811269 0.107551626228 -0.5)
(0.76471050876 0.109906589836 -0.5)
(0.771316103937 0.112287832236 -0.5)
(0.777995410256 0.11469564667 -0.5)
(0.784749250253 0.117130329653 -0.5)
(0.791578455642 0.119592181007 -0.5)
(0.798483867415 0.122081503901 -0.5)
(0.805466335954 0.124598604889 -0.5)
(0.812526721125 0.127143793942 -0.5)
(0.819665892393 0.129717384492 -0.5)
(0.826884728923 0.132319693469 -0.5)
(0.834184119692 0.134951041338 -0.5)
(0.841564963596 0.137611752142 -0.5)
(0.849028169561 0.140302153538 -0.5)
(0.856574656658 0.143022576841 -0.5)
(0.864205354212 0.145773357062 -0.5)
(0.871921201919 0.14855483295 -0.5)
(0.879723149959 0.151367347036 -0.5)
(0.887612159118 0.154211245671 -0.5)
(0.895589200902 0.157086879072 -0.5)
(0.903655257657 0.159994601364 -0.5)
(0.911811322693 0.162934770624 -0.5)
(0.920058400401 0.165907748923 -0.5)
(0.928397506383 0.168913902376 -0.5)
(0.936829667573 0.171953601178 -0.5)
(0.945355922364 0.175027219661 -0.5)
(0.953977320737 0.178135136329 -0.5)
(0.962694924388 0.181277733913 -0.5)
(0.971509806863 0.184455399414 -0.5)
(0.980423053686 0.18766852415 -0.5)
(0.989435762494 0.190917503807 -0.5)
(0.998549043172 0.194202738487 -0.5)
(1.00776401799 0.197524632756 -0.5)
(1.01708182175 0.200883595694 -0.5)
(1.0265036019 0.204280040946 -0.5)
(1.0360305187 0.207714386775 -0.5)
(1.04566374537 0.211187056107 -0.5)
(1.05540446821 0.214698476593 -0.5)
(1.06525388674 0.21824908065 -0.5)
(1.07521321391 0.221839305525 -0.5)
(1.08528367616 0.225469593343 -0.5)
(1.09546651364 0.229140391161 -0.5)
(1.10576298033 0.232852151026 -0.5)
(1.11617434421 0.23660533003 -0.5)
(1.12670188741 0.240400390364 -0.5)
(1.13734690636 0.244237799377 -0.5)
(1.14811071196 0.248118029635 -0.5)
(1.15899462973 0.252041558975 -0.5)
(1.17 0.256008870566 -0.5)
(0.5015 0.0179536078997 -0.5)
(0.505168456756 0.0192663931929 -0.5)
(0.508877849436 0.0205938277193 -0.5)
(0.512628634839 0.0219360749482 -0.5)
(0.516421274862 0.0232933001728 -0.5)
(0.520256236557 0.0246656705313 -0.5)
(0.524133992187 0.0260533550264 -0.5)
(0.528055019284 0.027456524547 -0.5)
(0.532019800711 0.0288753518889 -0.5)
(0.536028824718 0.0303100117761 -0.5)
(0.540082585002 0.0317606808823 -0.5)
(0.544181580772 0.0332275378526 -0.5)
(0.548326316805 0.0347107633258 -0.5)
(0.552517303511 0.0362105399563 -0.5)
(0.556755056999 0.0377270524367 -0.5)
(0.561040099132 0.0392604875206 -0.5)
(0.5653729576 0.0408110340454 -0.5)
(0.569754165981 0.0423788829561 -0.5)
(0.574184263806 0.0439642273281 -0.5)
(0.578663796628 0.0455672623915 -0.5)
(0.583193316085 0.0471881855547 -0.5)
(0.587773379975 0.0488271964293 -0.5)
(0.592404552316 0.050484496854 -0.5)
(0.597087403423 0.0521602909201 -0.5)
(0.601822509974 0.0538547849962 -0.5)
(0.606610455081 0.0555681877537 -0.5)
(0.611451828365 0.0573007101925 -0.5)
(0.616347226025 0.0590525656673 -0.5)
(0.621297250913 0.0608239699134 -0.5)
(0.626302512609 0.0626151410733 -0.5)
(0.631363627495 0.0644262997241 -0.5)
(0.63648121883 0.066257668904 -0.5)
(0.641655916829 0.0681094741403 -0.5)
(0.646888358739 0.0699819434767 -0.5)
(0.652179188919 0.0718753075017 -0.5)
(0.657529058918 0.073789799377 -0.5)
(0.662938627553 0.0757256548661 -0.5)
(0.668408560997 0.0776831123632 -0.5)
(0.673939532854 0.0796624129229 -0.5)
(0.679532224245 0.0816638002897 -0.5)
(0.685187323892 0.0836875209278 -0.5)
(0.690905528201 0.0857338240521 -0.5)
(0.696687541352 0.0878029616579 -0.5)
(0.70253407538 0.0898951885529 -0.5)
(0.708445850267 0.0920107623882 -0.5)
(0.71442359403 0.0941499436896 -0.5)
(0.720468042807 0.0963129958904 -0.5)
(0.726579940953 0.0985001853636 -0.5)
(0.732760041128 0.100711781454 -0.5)
(0.739009104393 0.102948056514 -0.5)
(0.745327900297 0.105209285931 -0.5)
(0.751717206982 0.107495748171 -0.5)
(0.758177811269 0.109807724802 -0.5)
(0.76471050876 0.112145500538 -0.5)
(0.771316103937 0.114509363267 -0.5)
(0.777995410256 0.116899604093 -0.5)
(0.784749250253 0.119316517364 -0.5)
(0.791578455642 0.121760400718 -0.5)
(0.798483867415 0.124231555108 -0.5)
(0.805466335954 0.126730284851 -0.5)
(0.812526721125 0.129256897657 -0.5)
(0.819665892393 0.13181170467 -0.5)
(0.826884728923 0.134395020506 -0.5)
(0.834184119692 0.137007163291 -0.5)
(0.841564963596 0.139648454704 -0.5)
(0.849028169561 0.142319220011 -0.5)
(0.856574656658 0.145019788106 -0.5)
(0.864205354212 0.147750491558 -0.5)
(0.871921201919 0.150511666642 -0.5)
(0.879723149959 0.15330365339 -0.5)
(0.887612159118 0.156126795624 -0.5)
(0.895589200902 0.158981441006 -0.5)
(0.903655257657 0.161867941075 -0.5)
(0.911811322693 0.164786651296 -0.5)
(0.920058400401 0.167737931098 -0.5)
(0.928397506383 0.170722143921 -0.5)
(0.936829667573 0.173739657261 -0.5)
(0.945355922364 0.176790842716 -0.5)
(0.953977320737 0.179876076029 -0.5)
(0.962694924388 0.182995737136 -0.5)
(0.971509806863 0.186150210214 -0.5)
(0.980423053686 0.189339883725 -0.5)
(0.989435762494 0.192565150469 -0.5)
(0.998549043172 0.195826407625 -0.5)
(1.00776401799 0.199124056807 -0.5)
(1.01708182175 0.20245850411 -0.5)
(1.0265036019 0.20583016016 -0.5)
(1.0360305187 0.209239440166 -0.5)
(1.04566374537 0.21268676397 -0.5)
(1.05540446821 0.216172556097 -0.5)
(1.06525388674 0.219697245813 -0.5)
(1.07521321391 0.223261267171 -0.5)
(1.08528367616 0.22686505907 -0.5)
(1.09546651364 0.230509065303 -0.5)
(1.10576298033 0.234193734619 -0.5)
(1.11617434421 0.237919520773 -0.5)
(1.12670188741 0.241686882584 -0.5)
(1.13734690636 0.245496283989 -0.5)
(1.14811071196 0.249348194105 -0.5)
(1.15899462973 0.25324308728 -0.5)
(1.17 0.25718144316 -0.5)
(0.5015 0.0210228584626 -0.5)
(0.505168456756 0.0223255380748 -0.5)
(0.508877849436 0.0236427541519 -0.5)
(0.512628634839 0.0249746689049 -0.5)
(0.516421274862 0.0263214463547 -0.5)
(0.520256236557 0.0276832523526 -0.5)
(0.524133992187 0.0290602546006 -0.5)
(0.528055019284 0.030452622672 -0.5)
(0.532019800711 0.0318605280325 -0.5)
(0.536028824718 0.033284144061 -0.5)
(0.540082585002 0.0347236460713 -0.5)
(0.544181580772 0.0361792113333 -0.5)
(0.548326316805 0.0376510190951 -0.5)
(0.552517303511 0.0391392506052 -0.5)
(0.556755056999 0.0406440891344 -0.5)
(0.561040099132 0.0421657199987 -0.5)
(0.5653729576 0.043704330582 -0.5)
(0.569754165981 0.0452601103591 -0.5)
(0.574184263806 0.0468332509194 -0.5)
(0.578663796628 0.0484239459899 -0.5)
(0.583193316085 0.0500323914597 -0.5)
(0.587773379975 0.0516587854035 -0.5)
(0.592404552316 0.0533033281065 -0.5)
(0.597087403423 0.0549662220888 -0.5)
(0.601822509974 0.0566476721303 -0.5)
(0.606610455081 0.0583478852963 -0.5)
(0.611451828365 0.0600670709624 -0.5)
(0.616347226025 0.0618054408408 -0.5)
(0.621297250913 0.063563209006 -0.5)
(0.626302512609 0.0653405919216 -0.5)
(0.631363627495 0.0671378084664 -0.5)
(0.63648121883 0.0689550799619 -0.5)
(0.641655916829 0.0707926301991 -0.5)
(0.646888358739 0.0726506854665 -0.5)
(0.652179188919 0.0745294745773 -0.5)
(0.657529058918 0.0764292288986 -0.5)
(0.662938627553 0.0783501823787 -0.5)
(0.668408560997 0.080292571577 -0.5)
(0.673939532854 0.0822566356923 -0.5)
(0.679532224245 0.0842426165928 -0.5)
(0.685187323892 0.0862507588455 -0.5)
(0.690905528201 0.0882813097467 -0.5)
(0.696687541352 0.0903345193521 -0.5)
(0.70253407538 0.0924106405079 -0.5)
(0.708445850267 0.0945099288816 -0.5)
(0.71442359403 0.0966326429937 -0.5)
(0.720468042807 0.0987790442496 -0.5)
(0.726579940953 0.100949396972 -0.5)
(0.732760041128 0.103143968432 -0.5)
(0.739009104393 0.105363028884 -0.5)
(0.745327900297 0.1076068516 -0.5)
(0.751717206982 0.109875712897 -0.5)
(0.758177811269 0.112169892179 -0.5)
(0.76471050876 0.114489671966 -0.5)
(0.771316103937 0.116835337933 -0.5)
(0.777995410256 0.11920717894 -0.5)
(0.784749250253 0.121605487071 -0.5)
(0.791578455642 0.124030557671 -0.5)
(0.798483867415 0.126482689379 -0.5)
(0.805466335954 0.128962184167 -0.5)
(0.812526721125 0.131469347377 -0.5)
(0.819665892393 0.134004487758 -0.5)
(0.826884728923 0.136567917505 -0.5)
(0.834184119692 0.139159952294 -0.5)
(0.841564963596 0.141780911328 -0.5)
(0.849028169561 0.144431117368 -0.5)
(0.856574656658 0.147110896779 -0.5)
(0.864205354212 0.149820579566 -0.5)
(0.871921201919 0.15256049942 -0.5)
(0.879723149959 0.155330993751 -0.5)
(0.887612159118 0.158132403738 -0.5)
(0.895589200902 0.160965074364 -0.5)
(0.903655257657 0.163829354465 -0.5)
(0.911811322693 0.166725596766 -0.5)
(0.920058400401 0.16965415793 -0.5)
(0.928397506383 0.172615398602 -0.5)
(0.936829667573 0.175609683446 -0.5)
(0.945355922364 0.178637381201 -0.5)
(0.953977320737 0.181698864717 -0.5)
(0.962694924388 0.184794511007 -0.5)
(0.971509806863 0.187924701287 -0.5)
(0.980423053686 0.191089821033 -0.5)
(0.989435762494 0.194290260017 -0.5)
(0.998549043172 0.197526412364 -0.5)
(1.00776401799 0.200798676595 -0.5)
(1.01708182175 0.204107455678 -0.5)
(1.0265036019 0.20745315708 -0.5)
(1.0360305187 0.210836192812 -0.5)
(1.04566374537 0.214256979485 -0.5)
(1.05540446821 0.217715938357 -0.5)
(1.06525388674 0.221213495388 -0.5)
(1.07521321391 0.22475008129 -0.5)
(1.08528367616 0.228326131583 -0.5)
(1.09546651364 0.231942086646 -0.5)
(1.10576298033 0.235598391771 -0.5)
(1.11617434421 0.239295497221 -0.5)
(1.12670188741 0.243033858282 -0.5)
(1.13734690636 0.246813935322 -0.5)
(1.14811071196 0.250636193845 -0.5)
(1.15899462973 0.254501104549 -0.5)
(1.17 0.258409143385 -0.5)
(0.5015 0.0242364075658 -0.5)
(0.505168456756 0.0255285063858 -0.5)
(0.508877849436 0.0268350236008 -0.5)
(0.512628634839 0.0281561201042 -0.5)
(0.516421274862 0.0294919585847 -0.5)
(0.520256236557 0.0308427035465 -0.5)
(0.524133992187 0.0322085213295 -0.5)
(0.528055019284 0.0335895801296 -0.5)
(0.532019800711 0.0349860500198 -0.5)
(0.536028824718 0.0363981029708 -0.5)
(0.540082585002 0.0378259128725 -0.5)
(0.544181580772 0.0392696555548 -0.5)
(0.548326316805 0.0407295088101 -0.5)
(0.552517303511 0.0422056524145 -0.5)
(0.556755056999 0.0436982681503 -0.5)
(0.561040099132 0.0452075398284 -0.5)
(0.5653729576 0.0467336533106 -0.5)
(0.569754165981 0.0482767965328 -0.5)
(0.574184263806 0.0498371595282 -0.5)
(0.578663796628 0.0514149344503 -0.5)
(0.583193316085 0.0530103155971 -0.5)
(0.587773379975 0.0546234994345 -0.5)
(0.592404552316 0.0562546846209 -0.5)
(0.597087403423 0.0579040720315 -0.5)
(0.601822509974 0.0595718647829 -0.5)
(0.606610455081 0.0612582682585 -0.5)
(0.611451828365 0.0629634901333 -0.5)
(0.616347226025 0.0646877404 -0.5)
(0.621297250913 0.0664312313942 -0.5)
(0.626302512609 0.0681941778213 -0.5)
(0.631363627495 0.0699767967824 -0.5)
(0.63648121883 0.0717793078013 -0.5)
(0.641655916829 0.0736019328513 -0.5)
(0.646888358739 0.0754448963827 -0.5)
(0.652179188919 0.0773084253507 -0.5)
(0.657529058918 0.0791927492427 -0.5)
(0.662938627553 0.081098100107 -0.5)
(0.668408560997 0.0830247125815 -0.5)
(0.673939532854 0.0849728239223 -0.5)
(0.679532224245 0.0869426740329 -0.5)
(0.685187323892 0.0889345054939 -0.5)
(0.690905528201 0.090948563593 -0.5)
(0.696687541352 0.0929850963549 -0.5)
(0.70253407538 0.095044354572 -0.5)
(0.708445850267 0.0971265918352 -0.5)
(0.71442359403 0.0992320645654 -0.5)
(0.720468042807 0.101361032045 -0.5)
(0.726579940953 0.103513756448 -0.5)
(0.732760041128 0.105690502877 -0.5)
(0.739009104393 0.107891539391 -0.5)
(0.745327900297 0.11011713704 -0.5)
(0.751717206982 0.1123675699 -0.5)
(0.758177811269 0.114643115104 -0.5)
(0.76471050876 0.116944052877 -0.5)
(0.771316103937 0.119270666573 -0.5)
(0.777995410256 0.121623242708 -0.5)
(0.784749250253 0.124002070992 -0.5)
(0.791578455642 0.126407444371 -0.5)
(0.798483867415 0.128839659059 -0.5)
(0.805466335954 0.131299014575 -0.5)
(0.812526721125 0.133785813781 -0.5)
(0.819665892393 0.136300362919 -0.5)
(0.826884728923 0.138842971645 -0.5)
(0.834184119692 0.141413953076 -0.5)
(0.841564963596 0.144013623819 -0.5)
(0.849028169561 0.146642304014 -0.5)
(0.856574656658 0.149300317375 -0.5)
(0.864205354212 0.151987991228 -0.5)
(0.871921201919 0.154705656552 -0.5)
(0.879723149959 0.157453648017 -0.5)
(0.887612159118 0.160232304031 -0.5)
(0.895589200902 0.163041966775 -0.5)
(0.903655257657 0.165882982251 -0.5)
(0.911811322693 0.168755700319 -0.5)
(0.920058400401 0.171660474747 -0.5)
(0.928397506383 0.174597663248 -0.5)
(0.936829667573 0.177567627527 -0.5)
(0.945355922364 0.180570733325 -0.5)
(0.953977320737 0.183607350465 -0.5)
(0.962694924388 0.186677852897 -0.5)
(0.971509806863 0.189782618744 -0.5)
(0.980423053686 0.192922030346 -0.5)
(0.989435762494 0.196096474312 -0.5)
(0.998549043172 0.199306341565 -0.5)
(1.00776401799 0.20255202739 -0.5)
(1.01708182175 0.205833931482 -0.5)
(1.0265036019 0.209152457997 -0.5)
(1.0360305187 0.212508015601 -0.5)
(1.04566374537 0.21590101752 -0.5)
(1.05540446821 0.21933188159 -0.5)
(1.06525388674 0.222801030313 -0.5)
(1.07521321391 0.226308890901 -0.5)
(1.08528367616 0.229855895338 -0.5)
(1.09546651364 0.233442480424 -0.5)
(1.10576298033 0.237069087837 -0.5)
(1.11617434421 0.240736164181 -0.5)
(1.12670188741 0.244444161045 -0.5)
(1.13734690636 0.248193535056 -0.5)
(1.14811071196 0.251984747938 -0.5)
(1.15899462973 0.255818266566 -0.5)
(1.17 0.259694563026 -0.5)
(0.5015 0.027601039298 -0.5)
(0.505168456756 0.0288820598778 -0.5)
(0.508877849436 0.0301773752316 -0.5)
(0.512628634839 0.0314871448735 -0.5)
(0.516421274862 0.0328115300972 -0.5)
(0.520256236557 0.0341506939964 -0.5)
(0.524133992187 0.035504801485 -0.5)
(0.528055019284 0.0368740193169 -0.5)
(0.532019800711 0.0382585161066 -0.5)
(0.536028824718 0.0396584623507 -0.5)
(0.540082585002 0.0410740304478 -0.5)
(0.544181580772 0.0425053947207 -0.5)
(0.548326316805 0.0439527314371 -0.5)
(0.552517303511 0.0454162188319 -0.5)
(0.556755056999 0.0468960371288 -0.5)
(0.561040099132 0.0483923685627 -0.5)
(0.5653729576 0.0499053974019 -0.5)
(0.569754165981 0.0514353099709 -0.5)
(0.574184263806 0.0529822946737 -0.5)
(0.578663796628 0.0545465420162 -0.5)
(0.583193316085 0.0561282446305 -0.5)
(0.587773379975 0.0577275972982 -0.5)
(0.592404552316 0.0593447969743 -0.5)
(0.597087403423 0.0609800428117 -0.5)
(0.601822509974 0.0626335361856 -0.5)
(0.606610455081 0.0643054807185 -0.5)
(0.611451828365 0.0659960823047 -0.5)
(0.616347226025 0.0677055491365 -0.5)
(0.621297250913 0.0694340917291 -0.5)
(0.626302512609 0.071181922947 -0.5)
(0.631363627495 0.0729492580298 -0.5)
(0.63648121883 0.0747363146191 -0.5)
(0.641655916829 0.0765433127853 -0.5)
(0.646888358739 0.0783704750541 -0.5)
(0.652179188919 0.0802180264349 -0.5)
(0.657529058918 0.0820861944474 -0.5)
(0.662938627553 0.0839752091505 -0.5)
(0.668408560997 0.0858853031703 -0.5)
(0.673939532854 0.0878167117286 -0.5)
(0.679532224245 0.0897696726722 -0.5)
(0.685187323892 0.0917444265018 -0.5)
(0.690905528201 0.0937412164019 -0.5)
(0.696687541352 0.0957602882709 -0.5)
(0.70253407538 0.0978018907507 -0.5)
(0.708445850267 0.0998662752581 -0.5)
(0.71442359403 0.101953696015 -0.5)
(0.720468042807 0.104064410082 -0.5)
(0.726579940953 0.106198677385 -0.5)
(0.732760041128 0.108356760752 -0.5)
(0.739009104393 0.110538925945 -0.5)
(0.745327900297 0.112745441691 -0.5)
(0.751717206982 0.114976579714 -0.5)
(0.758177811269 0.117232614771 -0.5)
(0.76471050876 0.119513824687 -0.5)
(0.771316103937 0.121820490385 -0.5)
(0.777995410256 0.124152895923 -0.5)
(0.784749250253 0.126511328529 -0.5)
(0.791578455642 0.128896078637 -0.5)
(0.798483867415 0.131307439921 -0.5)
(0.805466335954 0.133745709332 -0.5)
(0.812526721125 0.136211187136 -0.5)
(0.819665892393 0.138704176948 -0.5)
(0.826884728923 0.14122498577 -0.5)
(0.834184119692 0.143773924034 -0.5)
(0.841564963596 0.146351305632 -0.5)
(0.849028169561 0.148957447961 -0.5)
(0.856574656658 0.151592671958 -0.5)
(0.864205354212 0.154257302143 -0.5)
(0.871921201919 0.156951666656 -0.5)
(0.879723149959 0.1596760973 -0.5)
(0.887612159118 0.16243092958 -0.5)
(0.895589200902 0.165216502743 -0.5)
(0.903655257657 0.168033159825 -0.5)
(0.911811322693 0.170881247687 -0.5)
(0.920058400401 0.173761117062 -0.5)
(0.928397506383 0.176673122598 -0.5)
(0.936829667573 0.179617622897 -0.5)
(0.945355922364 0.182594980566 -0.5)
(0.953977320737 0.185605562256 -0.5)
(0.962694924388 0.188649738711 -0.5)
(0.971509806863 0.191727884812 -0.5)
(0.980423053686 0.194840379621 -0.5)
(0.989435762494 0.197987606434 -0.5)
(0.998549043172 0.201169952819 -0.5)
(1.00776401799 0.204387810674 -0.5)
(1.01708182175 0.207641576266 -0.5)
(1.0265036019 0.210931650287 -0.5)
(1.0360305187 0.214258437899 -0.5)
(1.04566374537 0.217622348783 -0.5)
(1.05540446821 0.221023797197 -0.5)
(1.06525388674 0.224463202015 -0.5)
(1.07521321391 0.227940986791 -0.5)
(1.08528367616 0.231457579802 -0.5)
(1.09546651364 0.235013414105 -0.5)
(1.10576298033 0.238608927589 -0.5)
(1.11617434421 0.242244563031 -0.5)
(1.12670188741 0.245920768146 -0.5)
(1.13734690636 0.249637995649 -0.5)
(1.14811071196 0.253396703302 -0.5)
(1.15899462973 0.25719735398 -0.5)
(1.17 0.261040415719 -0.5)
(0.5015 0.0311238566972 -0.5)
(0.505168456756 0.0323932782015 -0.5)
(0.508877849436 0.033676865047 -0.5)
(0.512628634839 0.0349747753032 -0.5)
(0.516421274862 0.0362871688037 -0.5)
(0.520256236557 0.0376142071654 -0.5)
(0.524133992187 0.0389560538089 -0.5)
(0.528055019284 0.040312873978 -0.5)
(0.532019800711 0.0416848347609 -0.5)
(0.536028824718 0.0430721051101 -0.5)
(0.540082585002 0.0444748558634 -0.5)
(0.544181580772 0.045893259765 -0.5)
(0.548326316805 0.0473274914868 -0.5)
(0.552517303511 0.0487777276497 -0.5)
(0.556755056999 0.0502441468456 -0.5)
(0.561040099132 0.0517269296593 -0.5)
(0.5653729576 0.0532262586906 -0.5)
(0.569754165981 0.0547423185772 -0.5)
(0.574184263806 0.0562752960167 -0.5)
(0.578663796628 0.0578253797905 -0.5)
(0.583193316085 0.0593927607864 -0.5)
(0.587773379975 0.0609776320221 -0.5)
(0.592404552316 0.0625801886694 -0.5)
(0.597087403423 0.0642006280781 -0.5)
(0.601822509974 0.0658391497999 -0.5)
(0.606610455081 0.0674959556136 -0.5)
(0.611451828365 0.0691712495492 -0.5)
(0.616347226025 0.0708652379139 -0.5)
(0.621297250913 0.0725781293169 -0.5)
(0.626302512609 0.0743101346951 -0.5)
(0.631363627495 0.0760614673394 -0.5)
(0.63648121883 0.0778323429207 -0.5)
(0.641655916829 0.0796229795166 -0.5)
(0.646888358739 0.0814335976383 -0.5)
(0.652179188919 0.0832644202573 -0.5)
(0.657529058918 0.0851156728337 -0.5)
(0.662938627553 0.0869875833431 -0.5)
(0.668408560997 0.0888803823052 -0.5)
(0.673939532854 0.0907943028122 -0.5)
(0.679532224245 0.0927295805571 -0.5)
(0.685187323892 0.094686453863 -0.5)
(0.690905528201 0.0966651637127 -0.5)
(0.696687541352 0.0986659537777 -0.5)
(0.70253407538 0.100689070449 -0.5)
(0.708445850267 0.102734762866 -0.5)
(0.71442359403 0.104803282951 -0.5)
(0.720468042807 0.106894885434 -0.5)
(0.726579940953 0.109009827889 -0.5)
(0.732760041128 0.111148370765 -0.5)
(0.739009104393 0.113310777416 -0.5)
(0.745327900297 0.115497314136 -0.5)
(0.751717206982 0.117708250189 -0.5)
(0.758177811269 0.119943857846 -0.5)
(0.76471050876 0.122204412414 -0.5)
(0.771316103937 0.124490192273 -0.5)
(0.777995410256 0.126801478909 -0.5)
(0.784749250253 0.12913855695 -0.5)
(0.791578455642 0.131501714199 -0.5)
(0.798483867415 0.133891241672 -0.5)
(0.805466335954 0.13630743363 -0.5)
(0.812526721125 0.138750587621 -0.5)
(0.819665892393 0.141221004511 -0.5)
(0.826884728923 0.143718988524 -0.5)
(0.834184119692 0.146244847278 -0.5)
(0.841564963596 0.148798891824 -0.5)
(0.849028169561 0.151381436685 -0.5)
(0.856574656658 0.153992799893 -0.5)
(0.864205354212 0.156633303028 -0.5)
(0.871921201919 0.159303271261 -0.5)
(0.879723149959 0.162003033389 -0.5)
(0.887612159118 0.164732921879 -0.5)
(0.895589200902 0.167493272908 -0.5)
(0.903655257657 0.170284426404 -0.5)
(0.911811322693 0.173106726088 -0.5)
(0.920058400401 0.175960519519 -0.5)
(0.928397506383 0.17884615813 -0.5)
(0.936829667573 0.18176399728 -0.5)
(0.945355922364 0.18471439629 -0.5)
(0.953977320737 0.187697718493 -0.5)
(0.962694924388 0.190714331275 -0.5)
(0.971509806863 0.193764606122 -0.5)
(0.980423053686 0.196848918666 -0.5)
(0.989435762494 0.19996764873 -0.5)
(0.998549043172 0.203121180375 -0.5)
(1.00776401799 0.206309901948 -0.5)
(1.01708182175 0.20953420613 -0.5)
(1.0265036019 0.212794489984 -0.5)
(1.0360305187 0.216091155003 -0.5)
(1.04566374537 0.219424607161 -0.5)
(1.05540446821 0.222795256961 -0.5)
(1.06525388674 0.226203519488 -0.5)
(1.07521321391 0.229649814459 -0.5)
(1.08528367616 0.233134566273 -0.5)
(1.09546651364 0.236658204067 -0.5)
(1.10576298033 0.240221161765 -0.5)
(1.11617434421 0.243823878134 -0.5)
(1.12670188741 0.247466796836 -0.5)
(1.13734690636 0.251150366485 -0.5)
(1.14811071196 0.254875040702 -0.5)
(1.15899462973 0.258641278166 -0.5)
(1.17 0.262449542679 -0.5)
(0.5015 0.0348122967452 -0.5)
(0.505168456756 0.0360695738521 -0.5)
(0.508877849436 0.0373408807821 -0.5)
(0.512628634839 0.0386263740925 -0.5)
(0.516421274862 0.0399262120879 -0.5)
(0.520256236557 0.0412405548388 -0.5)
(0.524133992187 0.0425695642025 -0.5)
(0.528055019284 0.0439134038421 -0.5)
(0.532019800711 0.0452722392471 -0.5)
(0.536028824718 0.0466462377536 -0.5)
(0.540082585002 0.0480355685651 -0.5)
(0.544181580772 0.0494404027732 -0.5)
(0.548326316805 0.0508609133787 -0.5)
(0.552517303511 0.0522972753129 -0.5)
(0.556755056999 0.053749665459 -0.5)
(0.561040099132 0.0552182626741 -0.5)
(0.5653729576 0.0567032478114 -0.5)
(0.569754165981 0.0582048037418 -0.5)
(0.574184263806 0.0597231153771 -0.5)
(0.578663796628 0.0612583696925 -0.5)
(0.583193316085 0.0628107557495 -0.5)
(0.587773379975 0.0643804647195 -0.5)
(0.592404552316 0.065967689907 -0.5)
(0.597087403423 0.0675726267737 -0.5)
(0.601822509974 0.0691954729622 -0.5)
(0.606610455081 0.070836428321 -0.5)
(0.611451828365 0.0724956949282 -0.5)
(0.616347226025 0.0741734771172 -0.5)
(0.621297250913 0.0758699815014 -0.5)
(0.626302512609 0.0775854169999 -0.5)
(0.631363627495 0.0793199948629 -0.5)
(0.63648121883 0.081073928698 -0.5)
(0.641655916829 0.0828474344967 -0.5)
(0.646888358739 0.0846407306602 -0.5)
(0.652179188919 0.0864540380273 -0.5)
(0.657529058918 0.0882875799008 -0.5)
(0.662938627553 0.0901415820755 -0.5)
(0.668408560997 0.0920162728657 -0.5)
(0.673939532854 0.0939118831335 -0.5)
(0.679532224245 0.0958286463172 -0.5)
(0.685187323892 0.09776679846 -0.5)
(0.690905528201 0.0997265782389 -0.5)
(0.696687541352 0.101708226995 -0.5)
(0.70253407538 0.10371198876 -0.5)
(0.708445850267 0.105738110293 -0.5)
(0.71442359403 0.107786841104 -0.5)
(0.720468042807 0.109858433486 -0.5)
(0.726579940953 0.11195314255 -0.5)
(0.732760041128 0.114071226253 -0.5)
(0.739009104393 0.116212945429 -0.5)
(0.745327900297 0.118378563824 -0.5)
(0.751717206982 0.120568348128 -0.5)
(0.758177811269 0.122782568005 -0.5)
(0.76471050876 0.125021496128 -0.5)
(0.771316103937 0.127285408216 -0.5)
(0.777995410256 0.129574583061 -0.5)
(0.784749250253 0.131889302567 -0.5)
(0.791578455642 0.134229851785 -0.5)
(0.798483867415 0.136596518946 -0.5)
(0.805466335954 0.138989595497 -0.5)
(0.812526721125 0.141409376138 -0.5)
(0.819665892393 0.143856158858 -0.5)
(0.826884728923 0.146330244968 -0.5)
(0.834184119692 0.148831939146 -0.5)
(0.841564963596 0.151361549466 -0.5)
(0.849028169561 0.153919387442 -0.5)
(0.856574656658 0.156505768063 -0.5)
(0.864205354212 0.159121009834 -0.5)
(0.871921201919 0.161765434813 -0.5)
(0.879723149959 0.164439368653 -0.5)
(0.887612159118 0.16714314064 -0.5)
(0.895589200902 0.169877083734 -0.5)
(0.903655257657 0.172641534612 -0.5)
(0.911811322693 0.175436833707 -0.5)
(0.920058400401 0.178263325251 -0.5)
(0.928397506383 0.181121357318 -0.5)
(0.936829667573 0.184011281863 -0.5)
(0.945355922364 0.186933454774 -0.5)
(0.953977320737 0.189888235905 -0.5)
(0.962694924388 0.192875989128 -0.5)
(0.971509806863 0.195897082376 -0.5)
(0.980423053686 0.198951887686 -0.5)
(0.989435762494 0.202040781247 -0.5)
(0.998549043172 0.205164143447 -0.5)
(1.00776401799 0.208322358918 -0.5)
(1.01708182175 0.211515816584 -0.5)
(1.0265036019 0.214744909708 -0.5)
(1.0360305187 0.218010035944 -0.5)
(1.04566374537 0.22131159738 -0.5)
(1.05540446821 0.224650000593 -0.5)
(1.06525388674 0.228025656697 -0.5)
(1.07521321391 0.231438981393 -0.5)
(1.08528367616 0.234890395021 -0.5)
(1.09546651364 0.238380322611 -0.5)
(1.10576298033 0.241909193936 -0.5)
(1.11617434421 0.245477443566 -0.5)
(1.12670188741 0.249085510919 -0.5)
(1.13734690636 0.252733840316 -0.5)
(1.14811071196 0.256422881038 -0.5)
(1.15899462973 0.260153087378 -0.5)
(1.17 0.263924918698 -0.5)
(0.5015 0.0386741460682 -0.5)
(0.505168456756 0.0399187078177 -0.5)
(0.508877849436 0.0411771575011 -0.5)
(0.512628634839 0.0424496500923 -0.5)
(0.516421274862 0.0437363422947 -0.5)
(0.520256236557 0.0450373925602 -0.5)
(0.524133992187 0.0463529611089 -0.5)
(0.528055019284 0.047683209949 -0.5)
(0.532019800711 0.0490283028961 -0.5)
(0.536028824718 0.0503884055941 -0.5)
(0.540082585002 0.0517636855352 -0.5)
(0.544181580772 0.0531543120808 -0.5)
(0.548326316805 0.0545604564819 -0.5)
(0.552517303511 0.0559822919007 -0.5)
(0.556755056999 0.0574199934316 -0.5)
(0.561040099132 0.0588737381229 -0.5)
(0.5653729576 0.0603437049984 -0.5)
(0.569754165981 0.06183007508 -0.5)
(0.574184263806 0.0633330314091 -0.5)
(0.578663796628 0.0648527590701 -0.5)
(0.583193316085 0.0663894452124 -0.5)
(0.587773379975 0.067943279074 -0.5)
(0.592404552316 0.0695144520044 -0.5)
(0.597087403423 0.0711031574885 -0.5)
(0.601822509974 0.0727095911702 -0.5)
(0.606610455081 0.0743339508767 -0.5)
(0.611451828365 0.0759764366425 -0.5)
(0.616347226025 0.0776372507345 -0.5)
(0.621297250913 0.0793165976764 -0.5)
(0.626302512609 0.0810146842745 -0.5)
(0.631363627495 0.0827317196426 -0.5)
(0.63648121883 0.084467915228 -0.5)
(0.641655916829 0.0862234848375 -0.5)
(0.646888358739 0.087998644664 -0.5)
(0.652179188919 0.0897936133125 -0.5)
(0.657529058918 0.0916086118276 -0.5)
(0.662938627553 0.0934438637204 -0.5)
(0.668408560997 0.0952995949964 -0.5)
(0.673939532854 0.0971760341828 -0.5)
(0.679532224245 0.099073412357 -0.5)
(0.685187323892 0.100991963175 -0.5)
(0.690905528201 0.1029319229 -0.5)
(0.696687541352 0.104893530432 -0.5)
(0.70253407538 0.106877027336 -0.5)
(0.708445850267 0.108882657874 -0.5)
(0.71442359403 0.110910669032 -0.5)
(0.720468042807 0.112961310554 -0.5)
(0.726579940953 0.115034834969 -0.5)
(0.732760041128 0.117131497625 -0.5)
(0.739009104393 0.11925155672 -0.5)
(0.745327900297 0.121395273331 -0.5)
(0.751717206982 0.123562911451 -0.5)
(0.758177811269 0.125754738017 -0.5)
(0.76471050876 0.127971022946 -0.5)
(0.771316103937 0.130212039165 -0.5)
(0.777995410256 0.132478062649 -0.5)
(0.784749250253 0.13476937245 -0.5)
(0.791578455642 0.137086250738 -0.5)
(0.798483867415 0.139428982826 -0.5)
(0.805466335954 0.141797857216 -0.5)
(0.812526721125 0.144193165627 -0.5)
(0.819665892393 0.146615203032 -0.5)
(0.826884728923 0.149064267699 -0.5)
(0.834184119692 0.15154066122 -0.5)
(0.841564963596 0.154044688557 -0.5)
(0.849028169561 0.156576658072 -0.5)
(0.856574656658 0.159136881569 -0.5)
(0.864205354212 0.161725674331 -0.5)
(0.871921201919 0.16434335516 -0.5)
(0.879723149959 0.166990246414 -0.5)
(0.887612159118 0.169666674049 -0.5)
(0.895589200902 0.172372967659 -0.5)
(0.903655257657 0.175109460516 -0.5)
(0.911811322693 0.177876489609 -0.5)
(0.920058400401 0.180674395688 -0.5)
(0.928397506383 0.183503523308 -0.5)
(0.936829667573 0.186364220866 -0.5)
(0.945355922364 0.189256840647 -0.5)
(0.953977320737 0.192181738869 -0.5)
(0.962694924388 0.195139275723 -0.5)
(0.971509806863 0.198129815419 -0.5)
(0.980423053686 0.201153726235 -0.5)
(0.989435762494 0.204211380553 -0.5)
(0.998549043172 0.207303154915 -0.5)
(1.00776401799 0.210429430062 -0.5)
(1.01708182175 0.213590590985 -0.5)
(1.0265036019 0.21678702697 -0.5)
(1.0360305187 0.22001913165 -0.5)
(1.04566374537 0.223287303045 -0.5)
(1.05540446821 0.226591943622 -0.5)
(1.06525388674 0.229933460337 -0.5)
(1.07521321391 0.233312264685 -0.5)
(1.08528367616 0.236728772756 -0.5)
(1.09546651364 0.240183405282 -0.5)
(1.10576298033 0.243676587689 -0.5)
(1.11617434421 0.247208750152 -0.5)
(1.12670188741 0.250780327644 -0.5)
(1.13734690636 0.254391759995 -0.5)
(1.14811071196 0.25804349194 -0.5)
(1.15899462973 0.261735973179 -0.5)
(1.17 0.265469658427 -0.5)
(0.5015 0.0427175573745 -0.5)
(0.505168456756 0.0439488059637 -0.5)
(0.508877849436 0.0451937939265 -0.5)
(0.512628634839 0.0464526745793 -0.5)
(0.516421274862 0.047725602949 -0.5)
(0.520256236557 0.0490127357927 -0.5)
(0.524133992187 0.0503142316166 -0.5)
(0.528055019284 0.0516302506956 -0.5)
(0.532019800711 0.0529609550934 -0.5)
(0.536028824718 0.0543065086818 -0.5)
(0.540082585002 0.0556670771613 -0.5)
(0.544181580772 0.0570428280816 -0.5)
(0.548326316805 0.0584339308619 -0.5)
(0.552517303511 0.059840556812 -0.5)
(0.556755056999 0.0612628791533 -0.5)
(0.561040099132 0.0627010730403 -0.5)
(0.5653729576 0.0641553155817 -0.5)
(0.569754165981 0.065625785863 -0.5)
(0.574184263806 0.0671126649676 -0.5)
(0.578663796628 0.068616136 -0.5)
(0.583193316085 0.0701363841078 -0.5)
(0.587773379975 0.0716735965045 -0.5)
(0.592404552316 0.0732279624928 -0.5)
(0.597087403423 0.074799673488 -0.5)
(0.601822509974 0.076388923041 -0.5)
(0.606610455081 0.0779959068629 -0.5)
(0.611451828365 0.0796208228485 -0.5)
(0.616347226025 0.0812638711009 -0.5)
(0.621297250913 0.0829252539562 -0.5)
(0.626302512609 0.0846051760082 -0.5)
(0.631363627495 0.0863038441339 -0.5)
(0.63648121883 0.0880214675189 -0.5)
(0.641655916829 0.0897582576828 -0.5)
(0.646888358739 0.0915144285057 -0.5)
(0.652179188919 0.0932901962543 -0.5)
(0.657529058918 0.0950857796087 -0.5)
(0.662938627553 0.0969013996892 -0.5)
(0.668408560997 0.0987372800835 -0.5)
(0.673939532854 0.100593646874 -0.5)
(0.679532224245 0.102470728667 -0.5)
(0.685187323892 0.104368756618 -0.5)
(0.690905528201 0.106287964464 -0.5)
(0.696687541352 0.108228588549 -0.5)
(0.70253407538 0.110190867854 -0.5)
(0.708445850267 0.112175044027 -0.5)
(0.71442359403 0.114181361415 -0.5)
(0.720468042807 0.116210067087 -0.5)
(0.726579940953 0.118261410872 -0.5)
(0.732760041128 0.120335645388 -0.5)
(0.739009104393 0.122433026068 -0.5)
(0.745327900297 0.1245538112 -0.5)
(0.751717206982 0.126698261949 -0.5)
(0.758177811269 0.1288666424 -0.5)
(0.76471050876 0.13105921958 -0.5)
(0.771316103937 0.133276263499 -0.5)
(0.777995410256 0.135518047177 -0.5)
(0.784749250253 0.137784846685 -0.5)
(0.791578455642 0.14007694117 -0.5)
(0.798483867415 0.142394612896 -0.5)
(0.805466335954 0.144738147278 -0.5)
(0.812526721125 0.147107832914 -0.5)
(0.819665892393 0.149503961624 -0.5)
(0.826884728923 0.151926828481 -0.5)
(0.834184119692 0.154376731856 -0.5)
(0.841564963596 0.156853973445 -0.5)
(0.849028169561 0.159358858312 -0.5)
(0.856574656658 0.161891694927 -0.5)
(0.864205354212 0.164452795199 -0.5)
(0.871921201919 0.167042474521 -0.5)
(0.879723149959 0.169661051802 -0.5)
(0.887612159118 0.172308849511 -0.5)
(0.895589200902 0.174986193718 -0.5)
(0.903655257657 0.177693414127 -0.5)
(0.911811322693 0.180430844124 -0.5)
(0.920058400401 0.183198820815 -0.5)
(0.928397506383 0.185997685067 -0.5)
(0.936829667573 0.188827781552 -0.5)
(0.945355922364 0.191689458786 -0.5)
(0.953977320737 0.194583069175 -0.5)
(0.962694924388 0.197508969059 -0.5)
(0.971509806863 0.200467518752 -0.5)
(0.980423053686 0.203459082591 -0.5)
(0.989435762494 0.206484028976 -0.5)
(0.998549043172 0.209542730421 -0.5)
(1.00776401799 0.212635563593 -0.5)
(1.01708182175 0.215762909366 -0.5)
(1.0265036019 0.218925152862 -0.5)
(1.0360305187 0.222122683501 -0.5)
(1.04566374537 0.225355895048 -0.5)
(1.05540446821 0.228625185664 -0.5)
(1.06525388674 0.23193095795 -0.5)
(1.07521321391 0.235273619002 -0.5)
(1.08528367616 0.238653580457 -0.5)
(1.09546651364 0.242071258547 -0.5)
(1.10576298033 0.245527074149 -0.5)
(1.11617434421 0.249021452833 -0.5)
(1.12670188741 0.252554824922 -0.5)
(1.13734690636 0.256127625539 -0.5)
(1.14811071196 0.259740294663 -0.5)
(1.15899462973 0.263393277182 -0.5)
(1.17 0.26708702295 -0.5)
(0.5015 0.0469510666664 -0.5)
(0.505168456756 0.0481683761868 -0.5)
(0.508877849436 0.0493992695363 -0.5)
(0.512628634839 0.0506438982953 -0.5)
(0.516421274862 0.051902415736 -0.5)
(0.520256236557 0.0531749768406 -0.5)
(0.524133992187 0.0544617383209 -0.5)
(0.528055019284 0.0557628586374 -0.5)
(0.532019800711 0.0570784980189 -0.5)
(0.536028824718 0.058408818482 -0.5)
(0.540082585002 0.0597539838514 -0.5)
(0.544181580772 0.0611141597799 -0.5)
(0.548326316805 0.0624895137687 -0.5)
(0.552517303511 0.0638802151882 -0.5)
(0.556755056999 0.0652864352988 -0.5)
(0.561040099132 0.0667083472719 -0.5)
(0.5653729576 0.0681461262113 -0.5)
(0.569754165981 0.069599949175 -0.5)
(0.574184263806 0.0710699951963 -0.5)
(0.578663796628 0.0725564453068 -0.5)
(0.583193316085 0.074059482558 -0.5)
(0.587773379975 0.0755792920439 -0.5)
(0.592404552316 0.0771160609243 -0.5)
(0.597087403423 0.0786699784472 -0.5)
(0.601822509974 0.0802412359725 -0.5)
(0.606610455081 0.0818300269955 -0.5)
(0.611451828365 0.0834365471707 -0.5)
(0.616347226025 0.0850609943357 -0.5)
(0.621297250913 0.0867035685361 -0.5)
(0.626302512609 0.0883644720494 -0.5)
(0.631363627495 0.0900439094105 -0.5)
(0.63648121883 0.0917420874368 -0.5)
(0.641655916829 0.0934592152533 -0.5)
(0.646888358739 0.0951955043187 -0.5)
(0.652179188919 0.0969511684514 -0.5)
(0.657529058918 0.0987264238558 -0.5)
(0.662938627553 0.100521489149 -0.5)
(0.668408560997 0.102336585387 -0.5)
(0.673939532854 0.104171936093 -0.5)
(0.679532224245 0.106027767285 -0.5)
(0.685187323892 0.107904307503 -0.5)
(0.690905528201 0.109801787835 -0.5)
(0.696687541352 0.111720441951 -0.5)
(0.70253407538 0.113660506127 -0.5)
(0.708445850267 0.115622219276 -0.5)
(0.71442359403 0.117605822975 -0.5)
(0.720468042807 0.1196115615 -0.5)
(0.726579940953 0.12163968185 -0.5)
(0.732760041128 0.123690433782 -0.5)
(0.739009104393 0.12576406984 -0.5)
(0.745327900297 0.127860845385 -0.5)
(0.751717206982 0.129981018627 -0.5)
(0.758177811269 0.13212485066 -0.5)
(0.76471050876 0.13429260549 -0.5)
(0.771316103937 0.136484550068 -0.5)
(0.777995410256 0.138700954326 -0.5)
(0.784749250253 0.140942091205 -0.5)
(0.791578455642 0.143208236696 -0.5)
(0.798483867415 0.145499669866 -0.5)
(0.805466335954 0.147816672899 -0.5)
(0.812526721125 0.150159531124 -0.5)
(0.819665892393 0.152528533059 -0.5)
(0.826884728923 0.154923970437 -0.5)
(0.834184119692 0.15734613825 -0.5)
(0.841564963596 0.159795334778 -0.5)
(0.849028169561 0.162271861634 -0.5)
(0.856574656658 0.164776023792 -0.5)
(0.864205354212 0.167308129634 -0.5)
(0.871921201919 0.169868490978 -0.5)
(0.879723149959 0.172457423125 -0.5)
(0.887612159118 0.175075244895 -0.5)
(0.895589200902 0.177722278662 -0.5)
(0.903655257657 0.180398850401 -0.5)
(0.911811322693 0.183105289724 -0.5)
(0.920058400401 0.185841929918 -0.5)
(0.928397506383 0.188609107993 -0.5)
(0.936829667573 0.191407164717 -0.5)
(0.945355922364 0.194236444662 -0.5)
(0.953977320737 0.197097296245 -0.5)
(0.962694924388 0.199990071771 -0.5)
(0.971509806863 0.202915127475 -0.5)
(0.980423053686 0.205872823568 -0.5)
(0.989435762494 0.208863524281 -0.5)
(0.998549043172 0.211887597909 -0.5)
(1.00776401799 0.214945416857 -0.5)
(1.01708182175 0.218037357686 -0.5)
(1.0265036019 0.221163801157 -0.5)
(1.0360305187 0.224325132283 -0.5)
(1.04566374537 0.227521740371 -0.5)
(1.05540446821 0.230754019073 -0.5)
(1.06525388674 0.234022366433 -0.5)
(1.07521321391 0.237327184938 -0.5)
(1.08528367616 0.240668881566 -0.5)
(1.09546651364 0.244047867835 -0.5)
(1.10576298033 0.247464559857 -0.5)
(1.11617434421 0.250919378387 -0.5)
(1.12670188741 0.254412748874 -0.5)
(1.13734690636 0.257945101515 -0.5)
(1.14811071196 0.261516871308 -0.5)
(1.15899462973 0.265128498105 -0.5)
(1.17 0.268780426667 -0.5)
(0.5015 0.0513836112596 -0.5)
(0.505168456756 0.0525863263763 -0.5)
(0.508877849436 0.0538024624646 -0.5)
(0.512628634839 0.0550321692878 -0.5)
(0.516421274862 0.0562755982803 -0.5)
(0.520256236557 0.0575329025663 -0.5)
(0.524133992187 0.0588042369787 -0.5)
(0.528055019284 0.0600897580784 -0.5)
(0.532019800711 0.0613896241729 -0.5)
(0.536028824718 0.0627039953367 -0.5)
(0.540082585002 0.0640330334302 -0.5)
(0.544181580772 0.0653769021202 -0.5)
(0.548326316805 0.0667357668998 -0.5)
(0.552517303511 0.0681097951087 -0.5)
(0.556755056999 0.0694991559541 -0.5)
(0.561040099132 0.0709040205313 -0.5)
(0.5653729576 0.0723245618446 -0.5)
(0.569754165981 0.0737609548293 -0.5)
(0.574184263806 0.0752133763724 -0.5)
(0.578663796628 0.076682005335 -0.5)
(0.583193316085 0.0781670225739 -0.5)
(0.587773379975 0.0796686109642 -0.5)
(0.592404552316 0.0811869554216 -0.5)
(0.597087403423 0.0827222429254 -0.5)
(0.601822509974 0.0842746625411 -0.5)
(0.606610455081 0.0858444054442 -0.5)
(0.611451828365 0.0874316649436 -0.5)
(0.616347226025 0.0890366365049 -0.5)
(0.621297250913 0.0906595177754 -0.5)
(0.626302512609 0.0923005086074 -0.5)
(0.631363627495 0.0939598110839 -0.5)
(0.63648121883 0.0956376295423 -0.5)
(0.641655916829 0.0973341706007 -0.5)
(0.646888358739 0.0990496431826 -0.5)
(0.652179188919 0.100784258543 -0.5)
(0.657529058918 0.102538230294 -0.5)
(0.662938627553 0.104311774431 -0.5)
(0.668408560997 0.106105109361 -0.5)
(0.673939532854 0.107918455927 -0.5)
(0.679532224245 0.109752037437 -0.5)
(0.685187323892 0.111606079691 -0.5)
(0.690905528201 0.113480811007 -0.5)
(0.696687541352 0.115376462253 -0.5)
(0.70253407538 0.117293266873 -0.5)
(0.708445850267 0.119231460914 -0.5)
(0.71442359403 0.121191283058 -0.5)
(0.720468042807 0.123172974652 -0.5)
(0.726579940953 0.125176779734 -0.5)
(0.732760041128 0.127202945067 -0.5)
(0.739009104393 0.129251720166 -0.5)
(0.745327900297 0.131323357331 -0.5)
(0.751717206982 0.133418111677 -0.5)
(0.758177811269 0.135536241167 -0.5)
(0.76471050876 0.137678006642 -0.5)
(0.771316103937 0.139843671853 -0.5)
(0.777995410256 0.142033503494 -0.5)
(0.784749250253 0.144247771237 -0.5)
(0.791578455642 0.14648674776 -0.5)
(0.798483867415 0.148750708788 -0.5)
(0.805466335954 0.151039933119 -0.5)
(0.812526721125 0.153354702663 -0.5)
(0.819665892393 0.155695302478 -0.5)
(0.826884728923 0.158062020801 -0.5)
(0.834184119692 0.160455149084 -0.5)
(0.841564963596 0.162874982035 -0.5)
(0.849028169561 0.165321817648 -0.5)
(0.856574656658 0.167795957242 -0.5)
(0.864205354212 0.1702977055 -0.5)
(0.871921201919 0.172827370504 -0.5)
(0.879723149959 0.175385263774 -0.5)
(0.887612159118 0.177971700306 -0.5)
(0.895589200902 0.180586998612 -0.5)
(0.903655257657 0.183231480757 -0.5)
(0.911811322693 0.185905472401 -0.5)
(0.920058400401 0.188609302836 -0.5)
(0.928397506383 0.191343305031 -0.5)
(0.936829667573 0.19410781567 -0.5)
(0.945355922364 0.196903175192 -0.5)
(0.953977320737 0.199729727838 -0.5)
(0.962694924388 0.202587821688 -0.5)
(0.971509806863 0.205477808707 -0.5)
(0.980423053686 0.208400044787 -0.5)
(0.989435762494 0.211354889793 -0.5)
(0.998549043172 0.214342707604 -0.5)
(1.00776401799 0.21736386616 -0.5)
(1.01708182175 0.220418737507 -0.5)
(1.0265036019 0.223507697843 -0.5)
(1.0360305187 0.226631127562 -0.5)
(1.04566374537 0.229789411306 -0.5)
(1.05540446821 0.232982938006 -0.5)
(1.06525388674 0.236212100936 -0.5)
(1.07521321391 0.239477297755 -0.5)
(1.08528367616 0.242778930562 -0.5)
(1.09546651364 0.246117405944 -0.5)
(1.10576298033 0.249493135021 -0.5)
(1.11617434421 0.252906533505 -0.5)
(1.12670188741 0.256358021743 -0.5)
(1.13734690636 0.259848024777 -0.5)
(1.14811071196 0.263376972387 -0.5)
(1.15899462973 0.266945299154 -0.5)
(1.17 0.270553444504 -0.5)
(0.5015 0.0560245486514 -0.5)
(0.505168456756 0.0572119832192 -0.5)
(0.508877849436 0.0584126682447 -0.5)
(0.512628634839 0.0596267515883 -0.5)
(0.516421274862 0.0608543827603 -0.5)
(0.520256236557 0.0620957129397 -0.5)
(0.524133992187 0.0633508949922 -0.5)
(0.528055019284 0.0646200834893 -0.5)
(0.532019800711 0.0659034347276 -0.5)
(0.536028824718 0.0672011067476 -0.5)
(0.540082585002 0.0685132593533 -0.5)
(0.544181580772 0.0698400541321 -0.5)
(0.548326316805 0.0711816544745 -0.5)
(0.552517303511 0.0725382255942 -0.5)
(0.556755056999 0.0739099345485 -0.5)
(0.561040099132 0.075296950259 -0.5)
(0.5653729576 0.0766994435321 -0.5)
(0.569754165981 0.0781175870803 -0.5)
(0.574184263806 0.0795515555434 -0.5)
(0.578663796628 0.08100152551 -0.5)
(0.583193316085 0.0824676755391 -0.5)
(0.587773379975 0.0839501861824 -0.5)
(0.592404552316 0.0854492400063 -0.5)
(0.597087403423 0.0869650216143 -0.5)
(0.601822509974 0.0884977176701 -0.5)
(0.606610455081 0.0900475169201 -0.5)
(0.611451828365 0.0916146102173 -0.5)
(0.616347226025 0.0931991905439 -0.5)
(0.621297250913 0.0948014530359 -0.5)
(0.626302512609 0.0964215950068 -0.5)
(0.631363627495 0.0980598159718 -0.5)
(0.63648121883 0.0997163176725 -0.5)
(0.641655916829 0.101391304102 -0.5)
(0.646888358739 0.103084981528 -0.5)
(0.652179188919 0.104797558524 -0.5)
(0.657529058918 0.106529245986 -0.5)
(0.662938627553 0.108280257166 -0.5)
(0.668408560997 0.110050807697 -0.5)
(0.673939532854 0.111841115615 -0.5)
(0.679532224245 0.11365140139 -0.5)
(0.685187323892 0.115481887955 -0.5)
(0.690905528201 0.117332800727 -0.5)
(0.696687541352 0.11920436764 -0.5)
(0.70253407538 0.121096819172 -0.5)
(0.708445850267 0.123010388372 -0.5)
(0.71442359403 0.124945310889 -0.5)
(0.720468042807 0.126901825003 -0.5)
(0.726579940953 0.128880171653 -0.5)
(0.732760041128 0.130880594466 -0.5)
(0.739009104393 0.132903339786 -0.5)
(0.745327900297 0.134948656709 -0.5)
(0.751717206982 0.137016797109 -0.5)
(0.758177811269 0.13910801567 -0.5)
(0.76471050876 0.14122256992 -0.5)
(0.771316103937 0.143360720258 -0.5)
(0.777995410256 0.145522729991 -0.5)
(0.784749250253 0.147708865364 -0.5)
(0.791578455642 0.149919395592 -0.5)
(0.798483867415 0.152154592895 -0.5)
(0.805466335954 0.154414732529 -0.5)
(0.812526721125 0.156700092824 -0.5)
(0.819665892393 0.159010955215 -0.5)
(0.826884728923 0.161347604276 -0.5)
(0.834184119692 0.163710327759 -0.5)
(0.841564963596 0.166099416625 -0.5)
(0.849028169561 0.168515165083 -0.5)
(0.856574656658 0.170957870624 -0.5)
(0.864205354212 0.173427834059 -0.5)
(0.871921201919 0.175925359557 -0.5)
(0.879723149959 0.17845075468 -0.5)
(0.887612159118 0.181004330422 -0.5)
(0.895589200902 0.183586401247 -0.5)
(0.903655257657 0.186197285129 -0.5)
(0.911811322693 0.188837303591 -0.5)
(0.920058400401 0.191506781741 -0.5)
(0.928397506383 0.194206048317 -0.5)
(0.936829667573 0.196935435726 -0.5)
(0.945355922364 0.199695280081 -0.5)
(0.953977320737 0.202485921251 -0.5)
(0.962694924388 0.205307702892 -0.5)
(0.971509806863 0.208160972497 -0.5)
(0.980423053686 0.211046081439 -0.5)
(0.989435762494 0.213963385008 -0.5)
(0.998549043172 0.216913242462 -0.5)
(1.00776401799 0.219896017065 -0.5)
(1.01708182175 0.222912076136 -0.5)
(1.0265036019 0.225961791094 -0.5)
(1.0360305187 0.2290455375 -0.5)
(1.04566374537 0.232163695109 -0.5)
(1.05540446821 0.235316647911 -0.5)
(1.06525388674 0.238504784183 -0.5)
(1.07521321391 0.241728496532 -0.5)
(1.08528367616 0.244988181948 -0.5)
(1.09546651364 0.248284241852 -0.5)
(1.10576298033 0.251617082142 -0.5)
(1.11617434421 0.254987113247 -0.5)
(1.12670188741 0.258394750175 -0.5)
(1.13734690636 0.261840412565 -0.5)
(1.14811071196 0.26532452474 -0.5)
(1.15899462973 0.268847515757 -0.5)
(1.17 0.272409819461 -0.5)
(0.5015 0.0608836762746 -0.5)
(0.505168456756 0.06205511189 -0.5)
(0.508877849436 0.0632396194324 -0.5)
(0.512628634839 0.06443734477 -0.5)
(0.516421274862 0.0656484353988 -0.5)
(0.520256236557 0.0668730404608 -0.5)
(0.524133992187 0.068111310762 -0.5)
(0.528055019284 0.0693633987915 -0.5)
(0.532019800711 0.0706294587398 -0.5)
(0.536028824718 0.071909646518 -0.5)
(0.540082585002 0.0732041197772 -0.5)
(0.544181580772 0.0745130379275 -0.5)
(0.548326316805 0.075836562158 -0.5)
(0.552517303511 0.0771748554564 -0.5)
(0.556755056999 0.0785280826291 -0.5)
(0.561040099132 0.0798964103217 -0.5)
(0.5653729576 0.0812800070393 -0.5)
(0.569754165981 0.0826790431673 -0.5)
(0.574184263806 0.0840936909925 -0.5)
(0.578663796628 0.0855241247242 -0.5)
(0.583193316085 0.0869705205157 -0.5)
(0.587773379975 0.0884330564859 -0.5)
(0.592404552316 0.0899119127414 -0.5)
(0.597087403423 0.0914072713984 -0.5)
(0.601822509974 0.0929193166057 -0.5)
(0.606610455081 0.0944482345666 -0.5)
(0.611451828365 0.0959942135625 -0.5)
(0.616347226025 0.0975574439756 -0.5)
(0.621297250913 0.0991381183126 -0.5)
(0.626302512609 0.100736431229 -0.5)
(0.631363627495 0.102352579551 -0.5)
(0.63648121883 0.103986762302 -0.5)
(0.641655916829 0.105639180727 -0.5)
(0.646888358739 0.107310038315 -0.5)
(0.652179188919 0.108999540828 -0.5)
(0.657529058918 0.110707896322 -0.5)
(0.662938627553 0.112435315176 -0.5)
(0.668408560997 0.114182010115 -0.5)
(0.673939532854 0.115948196239 -0.5)
(0.679532224245 0.117734091049 -0.5)
(0.685187323892 0.119539914472 -0.5)
(0.690905528201 0.121365888888 -0.5)
(0.696687541352 0.123212239161 -0.5)
(0.70253407538 0.125079192663 -0.5)
(0.708445850267 0.126966979303 -0.5)
(0.71442359403 0.128875831556 -0.5)
(0.720468042807 0.13080598449 -0.5)
(0.726579940953 0.132757675798 -0.5)
(0.732760041128 0.134731145825 -0.5)
(0.739009104393 0.136726637597 -0.5)
(0.745327900297 0.138744396851 -0.5)
(0.751717206982 0.140784672069 -0.5)
(0.758177811269 0.142847714504 -0.5)
(0.76471050876 0.144933778213 -0.5)
(0.771316103937 0.147043120087 -0.5)
(0.777995410256 0.149175999886 -0.5)
(0.784749250253 0.151332680267 -0.5)
(0.791578455642 0.153513426817 -0.5)
(0.798483867415 0.15571850809 -0.5)
(0.805466335954 0.157948195632 -0.5)
(0.812526721125 0.160202764024 -0.5)
(0.819665892393 0.162482490907 -0.5)
(0.826884728923 0.164787657023 -0.5)
(0.834184119692 0.167118546246 -0.5)
(0.841564963596 0.169475445617 -0.5)
(0.849028169561 0.17185864538 -0.5)
(0.856574656658 0.17426843902 -0.5)
(0.864205354212 0.176705123293 -0.5)
(0.871921201919 0.17916899827 -0.5)
(0.879723149959 0.181660367369 -0.5)
(0.887612159118 0.184179537395 -0.5)
(0.895589200902 0.186726818574 -0.5)
(0.903655257657 0.189302524596 -0.5)
(0.911811322693 0.191906972651 -0.5)
(0.920058400401 0.194540483468 -0.5)
(0.928397506383 0.197203381356 -0.5)
(0.936829667573 0.199895994242 -0.5)
(0.945355922364 0.202618653712 -0.5)
(0.953977320737 0.205371695054 -0.5)
(0.962694924388 0.208155457294 -0.5)
(0.971509806863 0.210970283245 -0.5)
(0.980423053686 0.213816519543 -0.5)
(0.989435762494 0.216694516693 -0.5)
(0.998549043172 0.21960462911 -0.5)
(1.00776401799 0.222547215167 -0.5)
(1.01708182175 0.225522637232 -0.5)
(1.0265036019 0.22853126172 -0.5)
(1.0360305187 0.231573459132 -0.5)
(1.04566374537 0.234649604106 -0.5)
(1.05540446821 0.237760075458 -0.5)
(1.06525388674 0.240905256233 -0.5)
(1.07521321391 0.244085533751 -0.5)
(1.08528367616 0.247301299651 -0.5)
(1.09546651364 0.250552949945 -0.5)
(1.10576298033 0.253840885063 -0.5)
(1.11617434421 0.257165509903 -0.5)
(1.12670188741 0.260527233884 -0.5)
(1.13734690636 0.263926470988 -0.5)
(1.14811071196 0.267363639823 -0.5)
(1.15899462973 0.270839163664 -0.5)
(1.17 0.27435347051 -0.5)
(0.5015 0.0659712521814 -0.5)
(0.505168456756 0.0671259366654 -0.5)
(0.508877849436 0.0682935061523 -0.5)
(0.512628634839 0.0694741044244 -0.5)
(0.516421274862 0.0706678768687 -0.5)
(0.520256236557 0.0718749704943 -0.5)
(0.524133992187 0.0730955339508 -0.5)
(0.528055019284 0.0743297175468 -0.5)
(0.532019800711 0.0755776732678 -0.5)
(0.536028824718 0.0768395547957 -0.5)
(0.540082585002 0.078115517527 -0.5)
(0.544181580772 0.0794057185924 -0.5)
(0.548326316805 0.080710316876 -0.5)
(0.552517303511 0.0820294730348 -0.5)
(0.556755056999 0.0833633495186 -0.5)
(0.561040099132 0.08471211059 -0.5)
(0.5653729576 0.0860759223445 -0.5)
(0.569754165981 0.0874549527311 -0.5)
(0.574184263806 0.088849371573 -0.5)
(0.578663796628 0.0902593505883 -0.5)
(0.583193316085 0.0916850634113 -0.5)
(0.587773379975 0.0931266856139 -0.5)
(0.592404552316 0.0945843947272 -0.5)
(0.597087403423 0.0960583702635 -0.5)
(0.601822509974 0.0975487937379 -0.5)
(0.606610455081 0.0990558486914 -0.5)
(0.611451828365 0.100579720713 -0.5)
(0.616347226025 0.102120597462 -0.5)
(0.621297250913 0.103678668693 -0.5)
(0.626302512609 0.105254126277 -0.5)
(0.631363627495 0.106847164227 -0.5)
(0.63648121883 0.10845797872 -0.5)
(0.641655916829 0.110086768123 -0.5)
(0.646888358739 0.111733733016 -0.5)
(0.652179188919 0.113399076216 -0.5)
(0.657529058918 0.115083002807 -0.5)
(0.662938627553 0.116785720158 -0.5)
(0.668408560997 0.118507437953 -0.5)
(0.673939532854 0.120248368215 -0.5)
(0.679532224245 0.122008725336 -0.5)
(0.685187323892 0.123788726097 -0.5)
(0.690905528201 0.1255885897 -0.5)
(0.696687541352 0.127408537791 -0.5)
(0.70253407538 0.129248794492 -0.5)
(0.708445850267 0.131109586424 -0.5)
(0.71442359403 0.132991142738 -0.5)
(0.720468042807 0.134893695141 -0.5)
(0.726579940953 0.136817477927 -0.5)
(0.732760041128 0.138762728003 -0.5)
(0.739009104393 0.140729684919 -0.5)
(0.745327900297 0.142718590902 -0.5)
(0.751717206982 0.144729690878 -0.5)
(0.758177811269 0.146763232506 -0.5)
(0.76471050876 0.148819466213 -0.5)
(0.771316103937 0.150898645215 -0.5)
(0.777995410256 0.153001025557 -0.5)
(0.784749250253 0.155126866141 -0.5)
(0.791578455642 0.157276428757 -0.5)
(0.798483867415 0.159449978116 -0.5)
(0.805466335954 0.161647781884 -0.5)
(0.812526721125 0.163870110713 -0.5)
(0.819665892393 0.166117238277 -0.5)
(0.826884728923 0.168389441301 -0.5)
(0.834184119692 0.170686999599 -0.5)
(0.841564963596 0.17301019611 -0.5)
(0.849028169561 0.175359316926 -0.5)
(0.856574656658 0.177734651335 -0.5)
(0.864205354212 0.180136491851 -0.5)
(0.871921201919 0.182565134253 -0.5)
(0.879723149959 0.18502087762 -0.5)
(0.887612159118 0.18750402437 -0.5)
(0.895589200902 0.190014880293 -0.5)
(0.903655257657 0.192553754594 -0.5)
(0.911811322693 0.195120959927 -0.5)
(0.920058400401 0.197716812434 -0.5)
(0.928397506383 0.200341631787 -0.5)
(0.936829667573 0.202995741223 -0.5)
(0.945355922364 0.205679467588 -0.5)
(0.953977320737 0.208393141373 -0.5)
(0.962694924388 0.211137096759 -0.5)
(0.971509806863 0.213911671655 -0.5)
(0.980423053686 0.216717207741 -0.5)
(0.989435762494 0.219554050509 -0.5)
(0.998549043172 0.222422549308 -0.5)
(1.00776401799 0.225323057383 -0.5)
(1.01708182175 0.228255931924 -0.5)
(1.0265036019 0.231221534103 -0.5)
(1.0360305187 0.234220229126 -0.5)
(1.04566374537 0.237252386271 -0.5)
(1.05540446821 0.24031837894 -0.5)
(1.06525388674 0.243418584698 -0.5)
(1.07521321391 0.246553385327 -0.5)
(1.08528367616 0.249723166867 -0.5)
(1.09546651364 0.252928319667 -0.5)
(1.10576298033 0.256169238429 -0.5)
(1.11617434421 0.259446322264 -0.5)
(1.12670188741 0.262759974733 -0.5)
(1.13734690636 0.266110603902 -0.5)
(1.14811071196 0.26949862239 -0.5)
(1.15899462973 0.272924447421 -0.5)
(1.17 0.276388500873 -0.5)
(0.5015 0.0712980166984 -0.5)
(0.505168456756 0.072435162509 -0.5)
(0.508877849436 0.0735849976103 -0.5)
(0.512628634839 0.0747476636006 -0.5)
(0.516421274862 0.0759233036587 -0.5)
(0.520256236557 0.0771120625607 -0.5)
(0.524133992187 0.0783140866984 -0.5)
(0.528055019284 0.0795295240971 -0.5)
(0.532019800711 0.0807585244342 -0.5)
(0.536028824718 0.0820012390569 -0.5)
(0.540082585002 0.0832578210016 -0.5)
(0.544181580772 0.0845284250122 -0.5)
(0.548326316805 0.0858132075595 -0.5)
(0.552517303511 0.0871123268603 -0.5)
(0.556755056999 0.0884259428969 -0.5)
(0.561040099132 0.0897542174369 -0.5)
(0.5653729576 0.091097314053 -0.5)
(0.569754165981 0.0924553981431 -0.5)
(0.574184263806 0.093828636951 -0.5)
(0.578663796628 0.0952171995865 -0.5)
(0.583193316085 0.0966212570465 -0.5)
(0.587773379975 0.0980409822363 -0.5)
(0.592404552316 0.0994765499904 -0.5)
(0.597087403423 0.100928137094 -0.5)
(0.601822509974 0.102395922306 -0.5)
(0.606610455081 0.103880086379 -0.5)
(0.611451828365 0.105380812083 -0.5)
(0.616347226025 0.106898284227 -0.5)
(0.621297250913 0.108432689684 -0.5)
(0.626302512609 0.10998421741 -0.5)
(0.631363627495 0.111553058471 -0.5)
(0.63648121883 0.113139406064 -0.5)
(0.641655916829 0.114743455544 -0.5)
(0.646888358739 0.116365404443 -0.5)
(0.652179188919 0.1180054525 -0.5)
(0.657529058918 0.11966380168 -0.5)
(0.662938627553 0.121340656206 -0.5)
(0.668408560997 0.123036222574 -0.5)
(0.673939532854 0.12475070959 -0.5)
(0.679532224245 0.126484328386 -0.5)
(0.685187323892 0.128237292452 -0.5)
(0.690905528201 0.13000981766 -0.5)
(0.696687541352 0.131802122291 -0.5)
(0.70253407538 0.13361442706 -0.5)
(0.708445850267 0.135446955149 -0.5)
(0.71442359403 0.137299932225 -0.5)
(0.720468042807 0.139173586479 -0.5)
(0.726579940953 0.141068148643 -0.5)
(0.732760041128 0.142983852028 -0.5)
(0.739009104393 0.144920932545 -0.5)
(0.745327900297 0.146879628741 -0.5)
(0.751717206982 0.148860181821 -0.5)
(0.758177811269 0.150862835685 -0.5)
(0.76471050876 0.152887836954 -0.5)
(0.771316103937 0.154935434999 -0.5)
(0.777995410256 0.157005881975 -0.5)
(0.784749250253 0.159099432852 -0.5)
(0.791578455642 0.161216345443 -0.5)
(0.798483867415 0.16335688044 -0.5)
(0.805466335954 0.165521301441 -0.5)
(0.812526721125 0.167709874989 -0.5)
(0.819665892393 0.1699228706 -0.5)
(0.826884728923 0.172160560796 -0.5)
(0.834184119692 0.174423221142 -0.5)
(0.841564963596 0.176711130277 -0.5)
(0.849028169561 0.17902456995 -0.5)
(0.856574656658 0.181363825053 -0.5)
(0.864205354212 0.183729183658 -0.5)
(0.871921201919 0.186120937051 -0.5)
(0.879723149959 0.188539379769 -0.5)
(0.887612159118 0.190984809636 -0.5)
(0.895589200902 0.193457527797 -0.5)
(0.903655257657 0.195957838761 -0.5)
(0.911811322693 0.198486050432 -0.5)
(0.920058400401 0.201042474152 -0.5)
(0.928397506383 0.203627424735 -0.5)
(0.936829667573 0.206241220511 -0.5)
(0.945355922364 0.208884183359 -0.5)
(0.953977320737 0.211556638751 -0.5)
(0.962694924388 0.214258915793 -0.5)
(0.971509806863 0.216991347261 -0.5)
(0.980423053686 0.219754269644 -0.5)
(0.989435762494 0.222548023188 -0.5)
(0.998549043172 0.225372951934 -0.5)
(1.00776401799 0.228229403763 -0.5)
(1.01708182175 0.231117730439 -0.5)
(1.0265036019 0.234038287648 -0.5)
(1.0360305187 0.236991435049 -0.5)
(1.04566374537 0.239977536311 -0.5)
(1.05540446821 0.242996959163 -0.5)
(1.06525388674 0.246050075438 -0.5)
(1.07521321391 0.249137261117 -0.5)
(1.08528367616 0.252258896376 -0.5)
(1.09546651364 0.255415365636 -0.5)
(1.10576298033 0.258607057604 -0.5)
(1.11617434421 0.261834365328 -0.5)
(1.12670188741 0.265097686239 -0.5)
(1.13734690636 0.268397422206 -0.5)
(1.14811071196 0.27173397958 -0.5)
(1.15899462973 0.275107769248 -0.5)
(1.17 0.278519206679 -0.5)
(0.5015 0.0768752151008 -0.5)
(0.505168456756 0.0779939976703 -0.5)
(0.508877849436 0.0791252646169 -0.5)
(0.512628634839 0.0802691552526 -0.5)
(0.516421274862 0.0814258104438 -0.5)
(0.520256236557 0.0825953726287 -0.5)
(0.524133992187 0.0837779858352 -0.5)
(0.528055019284 0.0849737956983 -0.5)
(0.532019800711 0.086182949478 -0.5)
(0.536028824718 0.0874055960777 -0.5)
(0.540082585002 0.0886418860624 -0.5)
(0.544181580772 0.0898919716772 -0.5)
(0.548326316805 0.0911560068661 -0.5)
(0.552517303511 0.0924341472909 -0.5)
(0.556755056999 0.0937265503504 -0.5)
(0.561040099132 0.0950333751999 -0.5)
(0.5653729576 0.0963547827707 -0.5)
(0.569754165981 0.0976909357897 -0.5)
(0.574184263806 0.0990419988 -0.5)
(0.578663796628 0.10040813818 -0.5)
(0.583193316085 0.101789522167 -0.5)
(0.587773379975 0.103186320872 -0.5)
(0.592404552316 0.104598706307 -0.5)
(0.597087403423 0.106026852403 -0.5)
(0.601822509974 0.107470935031 -0.5)
(0.606610455081 0.108931132025 -0.5)
(0.611451828365 0.110407623205 -0.5)
(0.616347226025 0.111900590394 -0.5)
(0.621297250913 0.113410217448 -0.5)
(0.626302512609 0.114936690271 -0.5)
(0.631363627495 0.116480196844 -0.5)
(0.63648121883 0.118040927245 -0.5)
(0.641655916829 0.119619073672 -0.5)
(0.646888358739 0.12121483047 -0.5)
(0.652179188919 0.12282839415 -0.5)
(0.657529058918 0.124459963417 -0.5)
(0.662938627553 0.126109739195 -0.5)
(0.668408560997 0.127777924648 -0.5)
(0.673939532854 0.129464725206 -0.5)
(0.679532224245 0.131170348595 -0.5)
(0.685187323892 0.132895004856 -0.5)
(0.690905528201 0.134638906376 -0.5)
(0.696687541352 0.136402267909 -0.5)
(0.70253407538 0.138185306608 -0.5)
(0.708445850267 0.139988242049 -0.5)
(0.71442359403 0.141811296257 -0.5)
(0.720468042807 0.143654693735 -0.5)
(0.726579940953 0.145518661492 -0.5)
(0.732760041128 0.14740342907 -0.5)
(0.739009104393 0.149309228571 -0.5)
(0.745327900297 0.151236294689 -0.5)
(0.751717206982 0.153184864735 -0.5)
(0.758177811269 0.155155178669 -0.5)
(0.76471050876 0.15714747913 -0.5)
(0.771316103937 0.159162011462 -0.5)
(0.777995410256 0.161199023749 -0.5)
(0.784749250253 0.163258766842 -0.5)
(0.791578455642 0.165341494392 -0.5)
(0.798483867415 0.16744746288 -0.5)
(0.805466335954 0.169576931649 -0.5)
(0.812526721125 0.171730162936 -0.5)
(0.819665892393 0.173907421906 -0.5)
(0.826884728923 0.176108976679 -0.5)
(0.834184119692 0.178335098371 -0.5)
(0.841564963596 0.18058606112 -0.5)
(0.849028169561 0.182862142127 -0.5)
(0.856574656658 0.185163621683 -0.5)
(0.864205354212 0.187490783207 -0.5)
(0.871921201919 0.189843913282 -0.5)
(0.879723149959 0.192223301689 -0.5)
(0.887612159118 0.194629241441 -0.5)
(0.895589200902 0.197062028822 -0.5)
(0.903655257657 0.199521963422 -0.5)
(0.911811322693 0.202009348173 -0.5)
(0.920058400401 0.20452448939 -0.5)
(0.928397506383 0.207067696804 -0.5)
(0.936829667573 0.209639283601 -0.5)
(0.945355922364 0.212239566466 -0.5)
(0.953977320737 0.214868865614 -0.5)
(0.962694924388 0.217527504835 -0.5)
(0.971509806863 0.220215811532 -0.5)
(0.980423053686 0.222934116761 -0.5)
(0.989435762494 0.225682755273 -0.5)
(0.998549043172 0.228462065553 -0.5)
(1.00776401799 0.231272389865 -0.5)
(1.01708182175 0.23411407429 -0.5)
(1.0265036019 0.236987468773 -0.5)
(1.0360305187 0.239892927164 -0.5)
(1.04566374537 0.242830807259 -0.5)
(1.05540446821 0.24580147085 -0.5)
(1.06525388674 0.248805283764 -0.5)
(1.07521321391 0.251842615911 -0.5)
(1.08528367616 0.254913841328 -0.5)
(1.09546651364 0.258019338227 -0.5)
(1.10576298033 0.26115948904 -0.5)
(1.11617434421 0.264334680466 -0.5)
(1.12670188741 0.267545303519 -0.5)
(1.13734690636 0.270791753578 -0.5)
(1.14811071196 0.274074430432 -0.5)
(1.15899462973 0.277393738332 -0.5)
(1.17 0.28075008604 -0.5)
(0.5015 0.0827146213522 -0.5)
(0.505168456756 0.0838141773464 -0.5)
(0.508877849436 0.0849260031704 -0.5)
(0.512628634839 0.086050235742 -0.5)
(0.516421274862 0.0871870135068 -0.5)
(0.520256236557 0.0883364764552 -0.5)
(0.524133992187 0.08949876614 -0.5)
(0.528055019284 0.0906740256933 -0.5)
(0.532019800711 0.0918623998445 -0.5)
(0.536028824718 0.093064034938 -0.5)
(0.540082585002 0.0942790789513 -0.5)
(0.544181580772 0.0955076815131 -0.5)
(0.548326316805 0.0967499939219 -0.5)
(0.552517303511 0.0980061691644 -0.5)
(0.556755056999 0.0992763619344 -0.5)
(0.561040099132 0.100560728652 -0.5)
(0.5653729576 0.101859427483 -0.5)
(0.569754165981 0.103172618358 -0.5)
(0.574184263806 0.104500462992 -0.5)
(0.578663796628 0.105843124905 -0.5)
(0.583193316085 0.107200769441 -0.5)
(0.587773379975 0.108573563789 -0.5)
(0.592404552316 0.109961677006 -0.5)
(0.597087403423 0.111365280032 -0.5)
(0.601822509974 0.112784545717 -0.5)
(0.606610455081 0.114219648839 -0.5)
(0.611451828365 0.115670766126 -0.5)
(0.616347226025 0.117138076278 -0.5)
(0.621297250913 0.11862175999 -0.5)
(0.626302512609 0.120121999973 -0.5)
(0.631363627495 0.121638980976 -0.5)
(0.63648121883 0.12317288981 -0.5)
(0.641655916829 0.124723915373 -0.5)
(0.646888358739 0.126292248666 -0.5)
(0.652179188919 0.127878082826 -0.5)
(0.657529058918 0.129481613143 -0.5)
(0.662938627553 0.131103037087 -0.5)
(0.668408560997 0.13274255433 -0.5)
(0.673939532854 0.134400366773 -0.5)
(0.679532224245 0.136076678571 -0.5)
(0.685187323892 0.137771696157 -0.5)
(0.690905528201 0.139485628266 -0.5)
(0.696687541352 0.141218685963 -0.5)
(0.70253407538 0.14297108267 -0.5)
(0.708445850267 0.144743034186 -0.5)
(0.71442359403 0.146534758724 -0.5)
(0.720468042807 0.148346476928 -0.5)
(0.726579940953 0.150178411905 -0.5)
(0.732760041128 0.152030789251 -0.5)
(0.739009104393 0.153903837082 -0.5)
(0.745327900297 0.155797786057 -0.5)
(0.751717206982 0.15771286941 -0.5)
(0.758177811269 0.159649322977 -0.5)
(0.76471050876 0.161607385225 -0.5)
(0.771316103937 0.163587297285 -0.5)
(0.777995410256 0.165589302975 -0.5)
(0.784749250253 0.167613648837 -0.5)
(0.791578455642 0.169660584161 -0.5)
(0.798483867415 0.171730361022 -0.5)
(0.805466335954 0.173823234305 -0.5)
(0.812526721125 0.175939461742 -0.5)
(0.819665892393 0.178079303938 -0.5)
(0.826884728923 0.180243024408 -0.5)
(0.834184119692 0.182430889608 -0.5)
(0.841564963596 0.184643168966 -0.5)
(0.849028169561 0.186880134916 -0.5)
(0.856574656658 0.189142062935 -0.5)
(0.864205354212 0.191429231571 -0.5)
(0.871921201919 0.193741922482 -0.5)
(0.879723149959 0.196080420467 -0.5)
(0.887612159118 0.198445013506 -0.5)
(0.895589200902 0.200835992791 -0.5)
(0.903655257657 0.203253652762 -0.5)
(0.911811322693 0.205698291146 -0.5)
(0.920058400401 0.208170208994 -0.5)
(0.928397506383 0.210669710713 -0.5)
(0.936829667573 0.213197104109 -0.5)
(0.945355922364 0.215752700423 -0.5)
(0.953977320737 0.218336814368 -0.5)
(0.962694924388 0.220949764169 -0.5)
(0.971509806863 0.223591871602 -0.5)
(0.980423053686 0.226263462034 -0.5)
(0.989435762494 0.228964864464 -0.5)
(0.998549043172 0.231696411559 -0.5)
(1.00776401799 0.234458439702 -0.5)
(1.01708182175 0.237251289026 -0.5)
(1.0265036019 0.240075303463 -0.5)
(1.0360305187 0.24293083078 -0.5)
(1.04566374537 0.245818222627 -0.5)
(1.05540446821 0.248737834576 -0.5)
(1.06525388674 0.251690026168 -0.5)
(1.07521321391 0.254675160956 -0.5)
(1.08528367616 0.257693606549 -0.5)
(1.09546651364 0.26074573466 -0.5)
(1.10576298033 0.263831921148 -0.5)
(1.11617434421 0.266952546066 -0.5)
(1.12670188741 0.270107993711 -0.5)
(1.13734690636 0.273298652664 -0.5)
(1.14811071196 0.276524915845 -0.5)
(1.15899462973 0.279787180558 -0.5)
(1.17 0.283085848541 -0.5)
(0.5015 0.0888285629602 -0.5)
(0.505168456756 0.0899079884559 -0.5)
(0.508877849436 0.0909994591473 -0.5)
(0.512628634839 0.0921031094455 -0.5)
(0.516421274862 0.0932190752615 -0.5)
(0.520256236557 0.0943474940227 -0.5)
(0.524133992187 0.0954885046905 -0.5)
(0.528055019284 0.0966422477764 -0.5)
(0.532019800711 0.0978088653602 -0.5)
(0.536028824718 0.0989885011071 -0.5)
(0.540082585002 0.100181300285 -0.5)
(0.544181580772 0.101387409784 -0.5)
(0.548326316805 0.102606978133 -0.5)
(0.552517303511 0.103840155516 -0.5)
(0.556755056999 0.105087093796 -0.5)
(0.561040099132 0.10634794653 -0.5)
(0.5653729576 0.107622868987 -0.5)
(0.569754165981 0.108912018169 -0.5)
(0.574184263806 0.110215552832 -0.5)
(0.578663796628 0.111533633501 -0.5)
(0.583193316085 0.112866422494 -0.5)
(0.587773379975 0.11421408394 -0.5)
(0.592404552316 0.115576783798 -0.5)
(0.597087403423 0.11695468988 -0.5)
(0.601822509974 0.118347971872 -0.5)
(0.606610455081 0.119756801351 -0.5)
(0.611451828365 0.12118135181 -0.5)
(0.616347226025 0.122621798678 -0.5)
(0.621297250913 0.124078319342 -0.5)
(0.626302512609 0.125551093167 -0.5)
(0.631363627495 0.12704030152 -0.5)
(0.63648121883 0.128546127792 -0.5)
(0.641655916829 0.130068757422 -0.5)
(0.646888358739 0.131608377916 -0.5)
(0.652179188919 0.133165178873 -0.5)
(0.657529058918 0.134739352009 -0.5)
(0.662938627553 0.136331091177 -0.5)
(0.668408560997 0.137940592396 -0.5)
(0.673939532854 0.13956805387 -0.5)
(0.679532224245 0.141213676015 -0.5)
(0.685187323892 0.142877661485 -0.5)
(0.690905528201 0.144560215194 -0.5)
(0.696687541352 0.146261544343 -0.5)
(0.70253407538 0.147981858445 -0.5)
(0.708445850267 0.149721369352 -0.5)
(0.71442359403 0.151480291278 -0.5)
(0.720468042807 0.153258840829 -0.5)
(0.726579940953 0.155057237028 -0.5)
(0.732760041128 0.156875701342 -0.5)
(0.739009104393 0.158714457707 -0.5)
(0.745327900297 0.160573732562 -0.5)
(0.751717206982 0.162453754869 -0.5)
(0.758177811269 0.164354756148 -0.5)
(0.76471050876 0.1662769705 -0.5)
(0.771316103937 0.168220634641 -0.5)
(0.777995410256 0.170185987925 -0.5)
(0.784749250253 0.172173272381 -0.5)
(0.791578455642 0.174182732735 -0.5)
(0.798483867415 0.176214616445 -0.5)
(0.805466335954 0.178269173733 -0.5)
(0.812526721125 0.18034665761 -0.5)
(0.819665892393 0.182447323911 -0.5)
(0.826884728923 0.184571431327 -0.5)
(0.834184119692 0.186719241434 -0.5)
(0.841564963596 0.188891018729 -0.5)
(0.849028169561 0.191087030658 -0.5)
(0.856574656658 0.193307547654 -0.5)
(0.864205354212 0.195552843166 -0.5)
(0.871921201919 0.197823193694 -0.5)
(0.879723149959 0.200118878826 -0.5)
(0.887612159118 0.202440181267 -0.5)
(0.895589200902 0.204787386878 -0.5)
(0.903655257657 0.20716078471 -0.5)
(0.911811322693 0.209560667039 -0.5)
(0.920058400401 0.211987329403 -0.5)
(0.928397506383 0.214441070637 -0.5)
(0.936829667573 0.216922192912 -0.5)
(0.945355922364 0.219431001769 -0.5)
(0.953977320737 0.221967806162 -0.5)
(0.962694924388 0.224532918488 -0.5)
(0.971509806863 0.227126654633 -0.5)
(0.980423053686 0.229749334007 -0.5)
(0.989435762494 0.232401279585 -0.5)
(0.998549043172 0.235082817945 -0.5)
(1.00776401799 0.23779427931 -0.5)
(1.01708182175 0.240535997588 -0.5)
(1.0265036019 0.243308310412 -0.5)
(1.0360305187 0.246111559183 -0.5)
(1.04566374537 0.248946089113 -0.5)
(1.05540446821 0.251812249265 -0.5)
(1.06525388674 0.254710392597 -0.5)
(1.07521321391 0.257640876006 -0.5)
(1.08528367616 0.260604060372 -0.5)
(1.09546651364 0.2636003106 -0.5)
(1.10576298033 0.26662999567 -0.5)
(1.11617434421 0.269693488678 -0.5)
(1.12670188741 0.272791166882 -0.5)
(1.13734690636 0.275923411752 -0.5)
(1.14811071196 0.279090609014 -0.5)
(1.15899462973 0.282293148697 -0.5)
(1.17 0.285531425184 -0.5)
(0.5015 0.095229947001 -0.5)
(0.505168456756 0.0962882955778 -0.5)
(0.508877849436 0.0973584541551 -0.5)
(0.512628634839 0.0984405545196 -0.5)
(0.516421274862 0.0995347299284 -0.5)
(0.520256236557 0.100641115126 -0.5)
(0.524133992187 0.101759846359 -0.5)
(0.528055019284 0.102891061397 -0.5)
(0.532019800711 0.104034899545 -0.5)
(0.536028824718 0.105191501662 -0.5)
(0.540082585002 0.106361010181 -0.5)
(0.544181580772 0.107543569122 -0.5)
(0.548326316805 0.108739324115 -0.5)
(0.552517303511 0.109948422412 -0.5)
(0.556755056999 0.11117101291 -0.5)
(0.561040099132 0.112407246167 -0.5)
(0.5653729576 0.11365727442 -0.5)
(0.569754165981 0.114921251608 -0.5)
(0.574184263806 0.116199333385 -0.5)
(0.578663796628 0.117491677142 -0.5)
(0.583193316085 0.118798442027 -0.5)
(0.587773379975 0.120119788964 -0.5)
(0.592404552316 0.121455880673 -0.5)
(0.597087403423 0.122806881689 -0.5)
(0.601822509974 0.124172958383 -0.5)
(0.606610455081 0.125554278984 -0.5)
(0.611451828365 0.126951013596 -0.5)
(0.616347226025 0.128363334223 -0.5)
(0.621297250913 0.129791414787 -0.5)
(0.626302512609 0.131235431153 -0.5)
(0.631363627495 0.132695561145 -0.5)
(0.63648121883 0.134171984575 -0.5)
(0.641655916829 0.135664883259 -0.5)
(0.646888358739 0.137174441042 -0.5)
(0.652179188919 0.138700843822 -0.5)
(0.657529058918 0.14024427957 -0.5)
(0.662938627553 0.141804938356 -0.5)
(0.668408560997 0.143383012369 -0.5)
(0.673939532854 0.144978695945 -0.5)
(0.679532224245 0.146592185585 -0.5)
(0.685187323892 0.148223679988 -0.5)
(0.690905528201 0.149873380064 -0.5)
(0.696687541352 0.151541488971 -0.5)
(0.70253407538 0.15322821213 -0.5)
(0.708445850267 0.154933757255 -0.5)
(0.71442359403 0.15665833438 -0.5)
(0.720468042807 0.158402155879 -0.5)
(0.726579940953 0.160165436499 -0.5)
(0.732760041128 0.161948393383 -0.5)
(0.739009104393 0.163751246095 -0.5)
(0.745327900297 0.165574216651 -0.5)
(0.751717206982 0.167417529544 -0.5)
(0.758177811269 0.169281411772 -0.5)
(0.76471050876 0.171166092866 -0.5)
(0.771316103937 0.173071804918 -0.5)
(0.777995410256 0.174998782611 -0.5)
(0.784749250253 0.176947263246 -0.5)
(0.791578455642 0.178917486771 -0.5)
(0.798483867415 0.180909695814 -0.5)
(0.805466335954 0.182924135708 -0.5)
(0.812526721125 0.184961054525 -0.5)
(0.819665892393 0.187020703106 -0.5)
(0.826884728923 0.189103335089 -0.5)
(0.834184119692 0.191209206943 -0.5)
(0.841564963596 0.193338578 -0.5)
(0.849028169561 0.195491710485 -0.5)
(0.856574656658 0.197668869549 -0.5)
(0.864205354212 0.199870323303 -0.5)
(0.871921201919 0.202096342848 -0.5)
(0.879723149959 0.204347202311 -0.5)
(0.887612159118 0.206623178878 -0.5)
(0.895589200902 0.208924552829 -0.5)
(0.903655257657 0.21125160757 -0.5)
(0.911811322693 0.213604629671 -0.5)
(0.920058400401 0.215983908898 -0.5)
(0.928397506383 0.218389738252 -0.5)
(0.936829667573 0.220822414003 -0.5)
(0.945355922364 0.223282235727 -0.5)
(0.953977320737 0.225769506343 -0.5)
(0.962694924388 0.228284532151 -0.5)
(0.971509806863 0.230827622868 -0.5)
(0.980423053686 0.233399091667 -0.5)
(0.989435762494 0.235999255217 -0.5)
(0.998549043172 0.238628433718 -0.5)
(1.00776401799 0.241286950946 -0.5)
(1.01708182175 0.243975134288 -0.5)
(1.0265036019 0.246693314786 -0.5)
(1.0360305187 0.249441827175 -0.5)
(1.04566374537 0.252221009924 -0.5)
(1.05540446821 0.255031205282 -0.5)
(1.06525388674 0.257872759315 -0.5)
(1.07521321391 0.260746021951 -0.5)
(1.08528367616 0.263651347023 -0.5)
(1.09546651364 0.266589092312 -0.5)
(1.10576298033 0.269559619593 -0.5)
(1.11617434421 0.272563294675 -0.5)
(1.12670188741 0.275600487452 -0.5)
(1.13734690636 0.278671571944 -0.5)
(1.14811071196 0.281776926345 -0.5)
(1.15899462973 0.28491693307 -0.5)
(1.17 0.2880919788 -0.5)
(0.5015 0.101932287368 -0.5)
(0.505168456756 0.10296856811 -0.5)
(0.508877849436 0.1040164126 -0.5)
(0.512628634839 0.105075949876 -0.5)
(0.516421274862 0.106147310418 -0.5)
(0.520256236557 0.10723062616 -0.5)
(0.524133992187 0.108326030508 -0.5)
(0.528055019284 0.109433658358 -0.5)
(0.532019800711 0.110553646111 -0.5)
(0.536028824718 0.11168613169 -0.5)
(0.540082585002 0.112831254556 -0.5)
(0.544181580772 0.113989155728 -0.5)
(0.548326316805 0.115159977798 -0.5)
(0.552517303511 0.116343864948 -0.5)
(0.556755056999 0.117540962971 -0.5)
(0.561040099132 0.118751419284 -0.5)
(0.5653729576 0.119975382953 -0.5)
(0.569754165981 0.121213004703 -0.5)
(0.574184263806 0.122464436945 -0.5)
(0.578663796628 0.123729833788 -0.5)
(0.583193316085 0.125009351061 -0.5)
(0.587773379975 0.126303146332 -0.5)
(0.592404552316 0.12761137893 -0.5)
(0.597087403423 0.128934209957 -0.5)
(0.601822509974 0.130271802317 -0.5)
(0.606610455081 0.13162432073 -0.5)
(0.611451828365 0.132991931754 -0.5)
(0.616347226025 0.134374803805 -0.5)
(0.621297250913 0.13577310718 -0.5)
(0.626302512609 0.137187014076 -0.5)
(0.631363627495 0.138616698611 -0.5)
(0.63648121883 0.140062336845 -0.5)
(0.641655916829 0.141524106804 -0.5)
(0.646888358739 0.1430021885 -0.5)
(0.652179188919 0.144496763955 -0.5)
(0.657529058918 0.146008017221 -0.5)
(0.662938627553 0.147536134403 -0.5)
(0.668408560997 0.149081303684 -0.5)
(0.673939532854 0.150643715346 -0.5)
(0.679532224245 0.152223561797 -0.5)
(0.685187323892 0.153821037588 -0.5)
(0.690905528201 0.155436339443 -0.5)
(0.696687541352 0.157069666283 -0.5)
(0.70253407538 0.158721219244 -0.5)
(0.708445850267 0.160391201712 -0.5)
(0.71442359403 0.162079819339 -0.5)
(0.720468042807 0.163787280073 -0.5)
(0.726579940953 0.165513794182 -0.5)
(0.732760041128 0.16725957428 -0.5)
(0.739009104393 0.169024835355 -0.5)
(0.745327900297 0.170809794793 -0.5)
(0.751717206982 0.172614672405 -0.5)
(0.758177811269 0.174439690458 -0.5)
(0.76471050876 0.176285073695 -0.5)
(0.771316103937 0.17815104937 -0.5)
(0.777995410256 0.180037847271 -0.5)
(0.784749250253 0.181945699753 -0.5)
(0.791578455642 0.183874841759 -0.5)
(0.798483867415 0.185825510859 -0.5)
(0.805466335954 0.18779794727 -0.5)
(0.812526721125 0.189792393892 -0.5)
(0.819665892393 0.191809096334 -0.5)
(0.826884728923 0.193848302947 -0.5)
(0.834184119692 0.195910264852 -0.5)
(0.841564963596 0.197995235974 -0.5)
(0.849028169561 0.200103473069 -0.5)
(0.856574656658 0.202235235761 -0.5)
(0.864205354212 0.204390786569 -0.5)
(0.871921201919 0.206570390941 -0.5)
(0.879723149959 0.20877431729 -0.5)
(0.887612159118 0.211002837022 -0.5)
(0.895589200902 0.213256224571 -0.5)
(0.903655257657 0.215534757436 -0.5)
(0.911811322693 0.217838716209 -0.5)
(0.920058400401 0.220168384616 -0.5)
(0.928397506383 0.222524049548 -0.5)
(0.936829667573 0.224906001098 -0.5)
(0.945355922364 0.227314532594 -0.5)
(0.953977320737 0.229749940641 -0.5)
(0.962694924388 0.232212525151 -0.5)
(0.971509806863 0.234702589382 -0.5)
(0.980423053686 0.237220439978 -0.5)
(0.989435762494 0.239766387005 -0.5)
(0.998549043172 0.242340743988 -0.5)
(1.00776401799 0.244943827949 -0.5)
(1.01708182175 0.247575959451 -0.5)
(1.0265036019 0.250237462632 -0.5)
(1.0360305187 0.252928665247 -0.5)
(1.04566374537 0.25564989871 -0.5)
(1.05540446821 0.258401498131 -0.5)
(1.06525388674 0.261183802361 -0.5)
(1.07521321391 0.263997154032 -0.5)
(1.08528367616 0.266841899598 -0.5)
(1.09546651364 0.269718389381 -0.5)
(1.10576298033 0.272626977612 -0.5)
(1.11617434421 0.275568022473 -0.5)
(1.12670188741 0.278541886145 -0.5)
(1.13734690636 0.28154893485 -0.5)
(1.14811071196 0.284589538895 -0.5)
(1.15899462973 0.287664072721 -0.5)
(1.17 0.290772914947 -0.5)
(0.5015 0.108949733299 -0.5)
(0.505168456756 0.109962908703 -0.5)
(0.508877849436 0.110987390026 -0.5)
(0.512628634839 0.112023303428 -0.5)
(0.516421274862 0.113070776478 -0.5)
(0.520256236557 0.114129938171 -0.5)
(0.524133992187 0.115200918937 -0.5)
(0.528055019284 0.116283850666 -0.5)
(0.532019800711 0.117378866716 -0.5)
(0.536028824718 0.118486101935 -0.5)
(0.540082585002 0.119605692675 -0.5)
(0.544181580772 0.120737776811 -0.5)
(0.548326316805 0.121882493755 -0.5)
(0.552517303511 0.123039984475 -0.5)
(0.556755056999 0.124210391512 -0.5)
(0.561040099132 0.125393858999 -0.5)
(0.5653729576 0.126590532675 -0.5)
(0.569754165981 0.127800559907 -0.5)
(0.574184263806 0.129024089705 -0.5)
(0.578663796628 0.130261272744 -0.5)
(0.583193316085 0.131512261379 -0.5)
(0.587773379975 0.132777209664 -0.5)
(0.592404552316 0.134056273375 -0.5)
(0.597087403423 0.135349610023 -0.5)
(0.601822509974 0.136657378879 -0.5)
(0.606610455081 0.13797974099 -0.5)
(0.611451828365 0.139316859201 -0.5)
(0.616347226025 0.140668898174 -0.5)
(0.621297250913 0.142036024408 -0.5)
(0.626302512609 0.143418406259 -0.5)
(0.631363627495 0.144816213965 -0.5)
(0.63648121883 0.14622961966 -0.5)
(0.641655916829 0.1476587974 -0.5)
(0.646888358739 0.149103923185 -0.5)
(0.652179188919 0.150565174977 -0.5)
(0.657529058918 0.152042732724 -0.5)
(0.662938627553 0.153536778383 -0.5)
(0.668408560997 0.15504749594 -0.5)
(0.673939532854 0.156575071436 -0.5)
(0.679532224245 0.158119692986 -0.5)
(0.685187323892 0.159681550806 -0.5)
(0.690905528201 0.161260837234 -0.5)
(0.696687541352 0.162857746753 -0.5)
(0.70253407538 0.164472476017 -0.5)
(0.708445850267 0.166105223875 -0.5)
(0.71442359403 0.167756191396 -0.5)
(0.720468042807 0.169425581889 -0.5)
(0.726579940953 0.171113600936 -0.5)
(0.732760041128 0.17282045641 -0.5)
(0.739009104393 0.174546358505 -0.5)
(0.745327900297 0.17629151976 -0.5)
(0.751717206982 0.178056155086 -0.5)
(0.758177811269 0.179840481793 -0.5)
(0.76471050876 0.181644719614 -0.5)
(0.771316103937 0.183469090735 -0.5)
(0.777995410256 0.185313819822 -0.5)
(0.784749250253 0.187179134047 -0.5)
(0.791578455642 0.189065263117 -0.5)
(0.798483867415 0.190972439304 -0.5)
(0.805466335954 0.192900897469 -0.5)
(0.812526721125 0.194850875097 -0.5)
(0.819665892393 0.19682261232 -0.5)
(0.826884728923 0.198816351952 -0.5)
(0.834184119692 0.200832339514 -0.5)
(0.841564963596 0.202870823271 -0.5)
(0.849028169561 0.204932054253 -0.5)
(0.856574656658 0.207016286295 -0.5)
(0.864205354212 0.209123776064 -0.5)
(0.871921201919 0.21125478309 -0.5)
(0.879723149959 0.213409569799 -0.5)
(0.887612159118 0.215588401547 -0.5)
(0.895589200902 0.21779154665 -0.5)
(0.903655257657 0.220019276417 -0.5)
(0.911811322693 0.222271865187 -0.5)
(0.920058400401 0.224549590358 -0.5)
(0.928397506383 0.226852732425 -0.5)
(0.936829667573 0.229181575013 -0.5)
(0.945355922364 0.23153640491 -0.5)
(0.953977320737 0.233917512107 -0.5)
(0.962694924388 0.236325189829 -0.5)
(0.971509806863 0.238759734574 -0.5)
(0.980423053686 0.241221446148 -0.5)
(0.989435762494 0.243710627703 -0.5)
(0.998549043172 0.246227585773 -0.5)
(1.00776401799 0.248772630314 -0.5)
(1.01708182175 0.25134607474 -0.5)
(1.0265036019 0.253948235962 -0.5)
(1.0360305187 0.256579434427 -0.5)
(1.04566374537 0.25923999416 -0.5)
(1.05540446821 0.2619302428 -0.5)
(1.06525388674 0.264650511641 -0.5)
(1.07521321391 0.267401135677 -0.5)
(1.08528367616 0.270182453637 -0.5)
(1.09546651364 0.272994808033 -0.5)
(1.10576298033 0.275838545195 -0.5)
(1.11617434421 0.278714015322 -0.5)
(1.12670188741 0.281621572518 -0.5)
(1.13734690636 0.28456157484 -0.5)
(1.14811071196 0.287534384339 -0.5)
(1.15899462973 0.290540367106 -0.5)
(1.17 0.29357989332 -0.5)
(0.5015 0.116297099249 -0.5)
(0.505168456756 0.117286083036 -0.5)
(0.508877849436 0.118286102788 -0.5)
(0.512628634839 0.119297281657 -0.5)
(0.516421274862 0.120319744163 -0.5)
(0.520256236557 0.121353616222 -0.5)
(0.524133992187 0.122399025151 -0.5)
(0.528055019284 0.123456099687 -0.5)
(0.532019800711 0.124524970008 -0.5)
(0.536028824718 0.12560576774 -0.5)
(0.540082585002 0.126698625981 -0.5)
(0.544181580772 0.127803679312 -0.5)
(0.548326316805 0.128921063816 -0.5)
(0.552517303511 0.130050917098 -0.5)
(0.556755056999 0.131193378293 -0.5)
(0.561040099132 0.132348588093 -0.5)
(0.5653729576 0.133516688757 -0.5)
(0.569754165981 0.134697824135 -0.5)
(0.574184263806 0.135892139678 -0.5)
(0.578663796628 0.137099782462 -0.5)
(0.583193316085 0.138320901206 -0.5)
(0.587773379975 0.139555646285 -0.5)
(0.592404552316 0.140804169755 -0.5)
(0.597087403423 0.142066625367 -0.5)
(0.601822509974 0.143343168589 -0.5)
(0.606610455081 0.144633956623 -0.5)
(0.611451828365 0.145939148424 -0.5)
(0.616347226025 0.147258904724 -0.5)
(0.621297250913 0.148593388046 -0.5)
(0.626302512609 0.149942762727 -0.5)
(0.631363627495 0.151307194938 -0.5)
(0.63648121883 0.152686852705 -0.5)
(0.641655916829 0.154081905929 -0.5)
(0.646888358739 0.155492526404 -0.5)
(0.652179188919 0.156918887845 -0.5)
(0.657529058918 0.158361165904 -0.5)
(0.662938627553 0.159819538192 -0.5)
(0.668408560997 0.161294184304 -0.5)
(0.673939532854 0.162785285836 -0.5)
(0.679532224245 0.164293026414 -0.5)
(0.685187323892 0.16581759171 -0.5)
(0.690905528201 0.167359169471 -0.5)
(0.696687541352 0.168917949536 -0.5)
(0.70253407538 0.170494123864 -0.5)
(0.708445850267 0.172087886555 -0.5)
(0.71442359403 0.173699433877 -0.5)
(0.720468042807 0.175328964287 -0.5)
(0.726579940953 0.176976678455 -0.5)
(0.732760041128 0.178642779292 -0.5)
(0.739009104393 0.180327471974 -0.5)
(0.745327900297 0.182030963964 -0.5)
(0.751717206982 0.183753465043 -0.5)
(0.758177811269 0.18549518733 -0.5)
(0.76471050876 0.187256345313 -0.5)
(0.771316103937 0.189037155873 -0.5)
(0.777995410256 0.190837838311 -0.5)
(0.784749250253 0.192658614375 -0.5)
(0.791578455642 0.194499708288 -0.5)
(0.798483867415 0.196361346775 -0.5)
(0.805466335954 0.19824375909 -0.5)
(0.812526721125 0.200147177047 -0.5)
(0.819665892393 0.202071835044 -0.5)
(0.826884728923 0.204017970098 -0.5)
(0.834184119692 0.205985821868 -0.5)
(0.841564963596 0.20797563269 -0.5)
(0.849028169561 0.209987647602 -0.5)
(0.856574656658 0.212022114377 -0.5)
(0.864205354212 0.214079283552 -0.5)
(0.871921201919 0.216159408463 -0.5)
(0.879723149959 0.218262745269 -0.5)
(0.887612159118 0.220389552989 -0.5)
(0.895589200902 0.222540093534 -0.5)
(0.903655257657 0.224714631734 -0.5)
(0.911811322693 0.226913435378 -0.5)
(0.920058400401 0.229136775241 -0.5)
(0.928397506383 0.231384925119 -0.5)
(0.936829667573 0.233658161866 -0.5)
(0.945355922364 0.235956765424 -0.5)
(0.953977320737 0.238281018856 -0.5)
(0.962694924388 0.240631208389 -0.5)
(0.971509806863 0.24300762344 -0.5)
(0.980423053686 0.245410556657 -0.5)
(0.989435762494 0.247840303953 -0.5)
(0.998549043172 0.250297164544 -0.5)
(1.00776401799 0.252781440984 -0.5)
(1.01708182175 0.255293439205 -0.5)
(1.0265036019 0.257833468549 -0.5)
(1.0360305187 0.260401841814 -0.5)
(1.04566374537 0.262998875287 -0.5)
(1.05540446821 0.265624888783 -0.5)
(1.06525388674 0.268280205688 -0.5)
(1.07521321391 0.270965152996 -0.5)
(1.08528367616 0.273680061348 -0.5)
(1.09546651364 0.276425265078 -0.5)
(1.10576298033 0.279201102248 -0.5)
(1.11617434421 0.282007914693 -0.5)
(1.12670188741 0.284846048064 -0.5)
(1.13734690636 0.287715851866 -0.5)
(1.14811071196 0.290617679508 -0.5)
(1.15899462973 0.29355188834 -0.5)
(1.17 0.2965188397 -0.5)
(0.5015 0.123989896163 -0.5)
(0.505168456756 0.124953550981 -0.5)
(0.508877849436 0.125927959121 -0.5)
(0.512628634839 0.12691324058 -0.5)
(0.516421274862 0.127909516691 -0.5)
(0.520256236557 0.128916910143 -0.5)
(0.524133992187 0.129935544992 -0.5)
(0.528055019284 0.13096554668 -0.5)
(0.532019800711 0.13200704205 -0.5)
(0.536028824718 0.133060159356 -0.5)
(0.540082585002 0.134125028288 -0.5)
(0.544181580772 0.135201779981 -0.5)
(0.548326316805 0.136290547032 -0.5)
(0.552517303511 0.137391463521 -0.5)
(0.556755056999 0.138504665021 -0.5)
(0.561040099132 0.13963028862 -0.5)
(0.5653729576 0.140768472935 -0.5)
(0.569754165981 0.141919358128 -0.5)
(0.574184263806 0.143083085929 -0.5)
(0.578663796628 0.144259799646 -0.5)
(0.583193316085 0.145449644187 -0.5)
(0.587773379975 0.146652766079 -0.5)
(0.592404552316 0.147869313482 -0.5)
(0.597087403423 0.149099436209 -0.5)
(0.601822509974 0.150343285747 -0.5)
(0.606610455081 0.151601015271 -0.5)
(0.611451828365 0.152872779667 -0.5)
(0.616347226025 0.154158735548 -0.5)
(0.621297250913 0.155459041275 -0.5)
(0.626302512609 0.156773856978 -0.5)
(0.631363627495 0.158103344571 -0.5)
(0.63648121883 0.159447667776 -0.5)
(0.641655916829 0.160806992143 -0.5)
(0.646888358739 0.162181485068 -0.5)
(0.652179188919 0.163571315815 -0.5)
(0.657529058918 0.164976655537 -0.5)
(0.662938627553 0.166397677297 -0.5)
(0.668408560997 0.16783455609 -0.5)
(0.673939532854 0.169287468863 -0.5)
(0.679532224245 0.170756594536 -0.5)
(0.685187323892 0.172242114029 -0.5)
(0.690905528201 0.173744210278 -0.5)
(0.696687541352 0.175263068261 -0.5)
(0.70253407538 0.17679887502 -0.5)
(0.708445850267 0.178351819686 -0.5)
(0.71442359403 0.179922093499 -0.5)
(0.720468042807 0.181509889831 -0.5)
(0.726579940953 0.183115404217 -0.5)
(0.732760041128 0.184738834369 -0.5)
(0.739009104393 0.186380380207 -0.5)
(0.745327900297 0.188040243883 -0.5)
(0.751717206982 0.189718629803 -0.5)
(0.758177811269 0.191415744656 -0.5)
(0.76471050876 0.193131797435 -0.5)
(0.771316103937 0.194866999466 -0.5)
(0.777995410256 0.196621564435 -0.5)
(0.784749250253 0.19839570841 -0.5)
(0.791578455642 0.200189649871 -0.5)
(0.798483867415 0.202003609737 -0.5)
(0.805466335954 0.20383781139 -0.5)
(0.812526721125 0.205692480707 -0.5)
(0.819665892393 0.207567846084 -0.5)
(0.826884728923 0.209464138466 -0.5)
(0.834184119692 0.211381591376 -0.5)
(0.841564963596 0.213320440941 -0.5)
(0.849028169561 0.215280925925 -0.5)
(0.856574656658 0.217263287755 -0.5)
(0.864205354212 0.219267770552 -0.5)
(0.871921201919 0.221294621163 -0.5)
(0.879723149959 0.223344089186 -0.5)
(0.887612159118 0.225416427008 -0.5)
(0.895589200902 0.22751188983 -0.5)
(0.903655257657 0.229630735701 -0.5)
(0.911811322693 0.231773225551 -0.5)
(0.920058400401 0.23393962322 -0.5)
(0.928397506383 0.236130195494 -0.5)
(0.936829667573 0.238345212133 -0.5)
(0.945355922364 0.24058494591 -0.5)
(0.953977320737 0.242849672641 -0.5)
(0.962694924388 0.24513967122 -0.5)
(0.971509806863 0.247455223652 -0.5)
(0.980423053686 0.249796615091 -0.5)
(0.989435762494 0.252164133871 -0.5)
(0.998549043172 0.254558071545 -0.5)
(1.00776401799 0.256978722917 -0.5)
(1.01708182175 0.259426386084 -0.5)
(1.0265036019 0.261901362467 -0.5)
(1.0360305187 0.264403956851 -0.5)
(1.04566374537 0.266934477424 -0.5)
(1.05540446821 0.269493235809 -0.5)
(1.06525388674 0.272080547111 -0.5)
(1.07521321391 0.274696729948 -0.5)
(1.08528367616 0.277342106494 -0.5)
(1.09546651364 0.280017002519 -0.5)
(1.10576298033 0.282721747428 -0.5)
(1.11617434421 0.285456674301 -0.5)
(1.12670188741 0.288222119936 -0.5)
(1.13734690636 0.291018424889 -0.5)
(1.14811071196 0.293845933515 -0.5)
(1.15899462973 0.296704994012 -0.5)
(1.17 0.299595958465 -0.5)
(0.5015 0.132044364222 -0.5)
(0.505168456756 0.132981499248 -0.5)
(0.508877849436 0.133929091666 -0.5)
(0.512628634839 0.134887258167 -0.5)
(0.516421274862 0.135856116749 -0.5)
(0.520256236557 0.136835786721 -0.5)
(0.524133992187 0.137826388727 -0.5)
(0.528055019284 0.138828044758 -0.5)
(0.532019800711 0.139840878162 -0.5)
(0.536028824718 0.140865013669 -0.5)
(0.540082585002 0.141900577396 -0.5)
(0.544181580772 0.142947696869 -0.5)
(0.548326316805 0.144006501039 -0.5)
(0.552517303511 0.145077120294 -0.5)
(0.556755056999 0.146159686476 -0.5)
(0.561040099132 0.147254332901 -0.5)
(0.5653729576 0.14836119437 -0.5)
(0.569754165981 0.14948040719 -0.5)
(0.574184263806 0.150612109188 -0.5)
(0.578663796628 0.15175643973 -0.5)
(0.583193316085 0.152913539736 -0.5)
(0.587773379975 0.1540835517 -0.5)
(0.592404552316 0.155266619704 -0.5)
(0.597087403423 0.15646288944 -0.5)
(0.601822509974 0.157672508224 -0.5)
(0.606610455081 0.158895625018 -0.5)
(0.611451828365 0.160132390443 -0.5)
(0.616347226025 0.161382956803 -0.5)
(0.621297250913 0.162647478102 -0.5)
(0.626302512609 0.163926110062 -0.5)
(0.631363627495 0.165219010141 -0.5)
(0.63648121883 0.166526337556 -0.5)
(0.641655916829 0.167848253301 -0.5)
(0.646888358739 0.169184920165 -0.5)
(0.652179188919 0.170536502754 -0.5)
(0.657529058918 0.171903167511 -0.5)
(0.662938627553 0.173285082736 -0.5)
(0.668408560997 0.174682418608 -0.5)
(0.673939532854 0.176095347205 -0.5)
(0.679532224245 0.177524042523 -0.5)
(0.685187323892 0.178968680503 -0.5)
(0.690905528201 0.180429439045 -0.5)
(0.696687541352 0.181906498039 -0.5)
(0.70253407538 0.183400039379 -0.5)
(0.708445850267 0.18491024699 -0.5)
(0.71442359403 0.18643730685 -0.5)
(0.720468042807 0.187981407009 -0.5)
(0.726579940953 0.18954273762 -0.5)
(0.732760041128 0.191121490956 -0.5)
(0.739009104393 0.192717861434 -0.5)
(0.745327900297 0.194332045643 -0.5)
(0.751717206982 0.195964242363 -0.5)
(0.758177811269 0.197614652596 -0.5)
(0.76471050876 0.199283479583 -0.5)
(0.771316103937 0.200970928835 -0.5)
(0.777995410256 0.202677208156 -0.5)
(0.784749250253 0.204402527668 -0.5)
(0.791578455642 0.20614709984 -0.5)
(0.798483867415 0.207911139509 -0.5)
(0.805466335954 0.209694863912 -0.5)
(0.812526721125 0.211498492708 -0.5)
(0.819665892393 0.213322248009 -0.5)
(0.826884728923 0.215166354403 -0.5)
(0.834184119692 0.217031038987 -0.5)
(0.841564963596 0.21891653139 -0.5)
(0.849028169561 0.220823063805 -0.5)
(0.856574656658 0.222750871014 -0.5)
(0.864205354212 0.224700190422 -0.5)
(0.871921201919 0.226671262081 -0.5)
(0.879723149959 0.228664328721 -0.5)
(0.887612159118 0.230679635782 -0.5)
(0.895589200902 0.232717431444 -0.5)
(0.903655257657 0.234777966653 -0.5)
(0.911811322693 0.236861495157 -0.5)
(0.920058400401 0.238968273538 -0.5)
(0.928397506383 0.241098561237 -0.5)
(0.936829667573 0.243252620593 -0.5)
(0.945355922364 0.245430716872 -0.5)
(0.953977320737 0.247633118297 -0.5)
(0.962694924388 0.249860096089 -0.5)
(0.971509806863 0.252111924492 -0.5)
(0.980423053686 0.254388880812 -0.5)
(0.989435762494 0.256691245448 -0.5)
(0.998549043172 0.259019301929 -0.5)
(1.00776401799 0.261373336948 -0.5)
(1.01708182175 0.263753640397 -0.5)
(1.0265036019 0.266160505402 -0.5)
(1.0360305187 0.26859422836 -0.5)
(1.04566374537 0.271055108978 -0.5)
(1.05540446821 0.273543450303 -0.5)
(1.06525388674 0.276059558768 -0.5)
(1.07521321391 0.278603744224 -0.5)
(1.08528367616 0.281176319977 -0.5)
(1.09546651364 0.283777602833 -0.5)
(1.10576298033 0.286407913132 -0.5)
(1.11617434421 0.289067574786 -0.5)
(1.12670188741 0.291756915326 -0.5)
(1.13734690636 0.294476265934 -0.5)
(1.14811071196 0.29722596149 -0.5)
(1.15899462973 0.30000634061 -0.5)
(1.17 0.302817745689 -0.5)
(0.5015 0.140477507127 -0.5)
(0.505168456756 0.141386875553 -0.5)
(0.508877849436 0.142306391526 -0.5)
(0.512628634839 0.143236168281 -0.5)
(0.516421274862 0.144176320317 -0.5)
(0.520256236557 0.145126963412 -0.5)
(0.524133992187 0.146088214632 -0.5)
(0.528055019284 0.147060192354 -0.5)
(0.532019800711 0.148043016274 -0.5)
(0.536028824718 0.149036807422 -0.5)
(0.540082585002 0.150041688181 -0.5)
(0.544181580772 0.151057782299 -0.5)
(0.548326316805 0.152085214905 -0.5)
(0.552517303511 0.153124112523 -0.5)
(0.556755056999 0.15417460309 -0.5)
(0.561040099132 0.155236815972 -0.5)
(0.5653729576 0.156310881975 -0.5)
(0.569754165981 0.157396933368 -0.5)
(0.574184263806 0.158495103895 -0.5)
(0.578663796628 0.159605528791 -0.5)
(0.583193316085 0.160728344802 -0.5)
(0.587773379975 0.161863690199 -0.5)
(0.592404552316 0.163011704795 -0.5)
(0.597087403423 0.164172529967 -0.5)
(0.601822509974 0.165346308664 -0.5)
(0.606610455081 0.166533185434 -0.5)
(0.611451828365 0.167733306438 -0.5)
(0.616347226025 0.168946819466 -0.5)
(0.621297250913 0.170173873958 -0.5)
(0.626302512609 0.171414621023 -0.5)
(0.631363627495 0.172669213454 -0.5)
(0.63648121883 0.173937805749 -0.5)
(0.641655916829 0.175220554134 -0.5)
(0.646888358739 0.176517616572 -0.5)
(0.652179188919 0.177829152794 -0.5)
(0.657529058918 0.179155324311 -0.5)
(0.662938627553 0.180496294437 -0.5)
(0.668408560997 0.181852228307 -0.5)
(0.673939532854 0.183223292901 -0.5)
(0.679532224245 0.184609657061 -0.5)
(0.685187323892 0.186011491513 -0.5)
(0.690905528201 0.187428968888 -0.5)
(0.696687541352 0.188862263745 -0.5)
(0.70253407538 0.190311552588 -0.5)
(0.708445850267 0.191777013893 -0.5)
(0.71442359403 0.193258828127 -0.5)
(0.720468042807 0.19475717777 -0.5)
(0.726579940953 0.19627224734 -0.5)
(0.732760041128 0.197804223412 -0.5)
(0.739009104393 0.199353294644 -0.5)
(0.745327900297 0.200919651799 -0.5)
(0.751717206982 0.202503487769 -0.5)
(0.758177811269 0.204104997598 -0.5)
(0.76471050876 0.205724378507 -0.5)
(0.771316103937 0.207361829918 -0.5)
(0.777995410256 0.209017553477 -0.5)
(0.784749250253 0.210691753081 -0.5)
(0.791578455642 0.212384634903 -0.5)
(0.798483867415 0.214096407415 -0.5)
(0.805466335954 0.215827281417 -0.5)
(0.812526721125 0.21757747006 -0.5)
(0.819665892393 0.219347188875 -0.5)
(0.826884728923 0.221136655795 -0.5)
(0.834184119692 0.22294609119 -0.5)
(0.841564963596 0.224775717883 -0.5)
(0.849028169561 0.226625761189 -0.5)
(0.856574656658 0.228496448933 -0.5)
(0.864205354212 0.230388011486 -0.5)
(0.871921201919 0.232300681787 -0.5)
(0.879723149959 0.234234695374 -0.5)
(0.887612159118 0.236190290416 -0.5)
(0.895589200902 0.238167707738 -0.5)
(0.903655257657 0.240167190852 -0.5)
(0.911811322693 0.242188985988 -0.5)
(0.920058400401 0.244233342123 -0.5)
(0.928397506383 0.246300511014 -0.5)
(0.936829667573 0.248390747225 -0.5)
(0.945355922364 0.250504308163 -0.5)
(0.953977320737 0.252641454105 -0.5)
(0.962694924388 0.254802448234 -0.5)
(0.971509806863 0.25698755667 -0.5)
(0.980423053686 0.259197048502 -0.5)
(0.989435762494 0.26143119582 -0.5)
(0.998549043172 0.263690273754 -0.5)
(1.00776401799 0.265974560501 -0.5)
(1.01708182175 0.268284337364 -0.5)
(1.0265036019 0.270619888785 -0.5)
(1.0360305187 0.272981502378 -0.5)
(1.04566374537 0.27536946897 -0.5)
(1.05540446821 0.27778408263 -0.5)
(1.06525388674 0.28022564071 -0.5)
(1.07521321391 0.28269444388 -0.5)
(1.08528367616 0.285190796165 -0.5)
(1.09546651364 0.287715004984 -0.5)
(1.10576298033 0.290267381183 -0.5)
(1.11617434421 0.292848239081 -0.5)
(1.12670188741 0.295457896501 -0.5)
(1.13734690636 0.298096674813 -0.5)
(1.14811071196 0.300764898976 -0.5)
(1.15899462973 0.303462897572 -0.5)
(1.17 0.306191002851 -0.5)
(0.5015 0.149307127994 -0.5)
(0.505168456756 0.150187424394 -0.5)
(0.508877849436 0.15107754393 -0.5)
(0.512628634839 0.151977596215 -0.5)
(0.516421274862 0.15288769209 -0.5)
(0.520256236557 0.153807943629 -0.5)
(0.524133992187 0.154738464158 -0.5)
(0.528055019284 0.155679368268 -0.5)
(0.532019800711 0.156630771828 -0.5)
(0.536028824718 0.157592792001 -0.5)
(0.540082585002 0.158565547255 -0.5)
(0.544181580772 0.159549157384 -0.5)
(0.548326316805 0.160543743514 -0.5)
(0.552517303511 0.161549428127 -0.5)
(0.556755056999 0.162566335068 -0.5)
(0.561040099132 0.163594589568 -0.5)
(0.5653729576 0.164634318251 -0.5)
(0.569754165981 0.165685649157 -0.5)
(0.574184263806 0.166748711755 -0.5)
(0.578663796628 0.167823636956 -0.5)
(0.583193316085 0.168910557135 -0.5)
(0.587773379975 0.170009606142 -0.5)
(0.592404552316 0.171120919321 -0.5)
(0.597087403423 0.172244633528 -0.5)
(0.601822509974 0.173380887143 -0.5)
(0.606610455081 0.174529820093 -0.5)
(0.611451828365 0.175691573865 -0.5)
(0.616347226025 0.176866291526 -0.5)
(0.621297250913 0.178054117737 -0.5)
(0.626302512609 0.179255198776 -0.5)
(0.631363627495 0.180469682553 -0.5)
(0.63648121883 0.181697718626 -0.5)
(0.641655916829 0.182939458225 -0.5)
(0.646888358739 0.184195054266 -0.5)
(0.652179188919 0.185464661371 -0.5)
(0.657529058918 0.186748435888 -0.5)
(0.662938627553 0.18804653591 -0.5)
(0.668408560997 0.189359121294 -0.5)
(0.673939532854 0.190686353681 -0.5)
(0.679532224245 0.192028396514 -0.5)
(0.685187323892 0.193385415063 -0.5)
(0.690905528201 0.194757576439 -0.5)
(0.696687541352 0.196145049619 -0.5)
(0.70253407538 0.197548005467 -0.5)
(0.708445850267 0.198966616752 -0.5)
(0.71442359403 0.200401058171 -0.5)
(0.720468042807 0.201851506372 -0.5)
(0.726579940953 0.203318139971 -0.5)
(0.732760041128 0.204801139581 -0.5)
(0.739009104393 0.206300687827 -0.5)
(0.745327900297 0.207816969375 -0.5)
(0.751717206982 0.20935017095 -0.5)
(0.758177811269 0.21090048136 -0.5)
(0.76471050876 0.212468091521 -0.5)
(0.771316103937 0.214053194479 -0.5)
(0.777995410256 0.215655985434 -0.5)
(0.784749250253 0.217276661766 -0.5)
(0.791578455642 0.218915423054 -0.5)
(0.798483867415 0.220572471107 -0.5)
(0.805466335954 0.222248009986 -0.5)
(0.812526721125 0.223942246027 -0.5)
(0.819665892393 0.22565538787 -0.5)
(0.826884728923 0.227387646483 -0.5)
(0.834184119692 0.229139235187 -0.5)
(0.841564963596 0.230910369687 -0.5)
(0.849028169561 0.23270126809 -0.5)
(0.856574656658 0.23451215094 -0.5)
(0.864205354212 0.236343241241 -0.5)
(0.871921201919 0.238194764487 -0.5)
(0.879723149959 0.240066948687 -0.5)
(0.887612159118 0.241960024393 -0.5)
(0.895589200902 0.243874224732 -0.5)
(0.903655257657 0.245809785432 -0.5)
(0.911811322693 0.24776694485 -0.5)
(0.920058400401 0.249745944005 -0.5)
(0.928397506383 0.251747026603 -0.5)
(0.936829667573 0.253770439072 -0.5)
(0.945355922364 0.255816430588 -0.5)
(0.953977320737 0.257885253109 -0.5)
(0.962694924388 0.259977161403 -0.5)
(0.971509806863 0.262092413081 -0.5)
(0.980423053686 0.264231268631 -0.5)
(0.989435762494 0.266393991446 -0.5)
(0.998549043172 0.268580847857 -0.5)
(1.00776401799 0.270792107169 -0.5)
(1.01708182175 0.273028041691 -0.5)
(1.0265036019 0.275288926772 -0.5)
(1.0360305187 0.277575040832 -0.5)
(1.04566374537 0.279886665399 -0.5)
(1.05540446821 0.282224085142 -0.5)
(1.06525388674 0.284587587906 -0.5)
(1.07521321391 0.286977464749 -0.5)
(1.08528367616 0.289394009976 -0.5)
(1.09546651364 0.291837521178 -0.5)
(1.10576298033 0.294308299265 -0.5)
(1.11617434421 0.296806648505 -0.5)
(1.12670188741 0.299332876562 -0.5)
(1.13734690636 0.301887294532 -0.5)
(1.14811071196 0.304470216984 -0.5)
(1.15899462973 0.307081961997 -0.5)
(1.17 0.309722851198 -0.5)
(0.5015 0.158551866942 -0.5)
(0.505168456756 0.159401724516 -0.5)
(0.508877849436 0.160261065562 -0.5)
(0.512628634839 0.161129995905 -0.5)
(0.516421274862 0.162008622549 -0.5)
(0.520256236557 0.162897053697 -0.5)
(0.524133992187 0.163795398754 -0.5)
(0.528055019284 0.164703768349 -0.5)
(0.532019800711 0.165622274345 -0.5)
(0.536028824718 0.166551029853 -0.5)
(0.540082585002 0.167490149246 -0.5)
(0.544181580772 0.168439748174 -0.5)
(0.548326316805 0.169399943577 -0.5)
(0.552517303511 0.170370853699 -0.5)
(0.556755056999 0.171352598105 -0.5)
(0.561040099132 0.172345297694 -0.5)
(0.5653729576 0.173349074713 -0.5)
(0.569754165981 0.174364052775 -0.5)
(0.574184263806 0.175390356871 -0.5)
(0.578663796628 0.176428113386 -0.5)
(0.583193316085 0.177477450116 -0.5)
(0.587773379975 0.178538496286 -0.5)
(0.592404552316 0.179611382558 -0.5)
(0.597087403423 0.180696241055 -0.5)
(0.601822509974 0.181793205374 -0.5)
(0.606610455081 0.182902410603 -0.5)
(0.611451828365 0.184023993336 -0.5)
(0.616347226025 0.185158091694 -0.5)
(0.621297250913 0.186304845336 -0.5)
(0.626302512609 0.187464395481 -0.5)
(0.631363627495 0.188636884925 -0.5)
(0.63648121883 0.189822458055 -0.5)
(0.641655916829 0.191021260871 -0.5)
(0.646888358739 0.192233441002 -0.5)
(0.652179188919 0.193459147723 -0.5)
(0.657529058918 0.194698531977 -0.5)
(0.662938627553 0.19595174639 -0.5)
(0.668408560997 0.197218945291 -0.5)
(0.673939532854 0.198500284732 -0.5)
(0.679532224245 0.199795922504 -0.5)
(0.685187323892 0.201106018162 -0.5)
(0.690905528201 0.202430733041 -0.5)
(0.696687541352 0.203770230273 -0.5)
(0.70253407538 0.205124674814 -0.5)
(0.708445850267 0.20649423346 -0.5)
(0.71442359403 0.207879074867 -0.5)
(0.720468042807 0.209279369573 -0.5)
(0.726579940953 0.210695290021 -0.5)
(0.732760041128 0.212127010577 -0.5)
(0.739009104393 0.213574707552 -0.5)
(0.745327900297 0.215038559225 -0.5)
(0.751717206982 0.216518745866 -0.5)
(0.758177811269 0.218015449754 -0.5)
(0.76471050876 0.219528855203 -0.5)
(0.771316103937 0.221059148585 -0.5)
(0.777995410256 0.222606518349 -0.5)
(0.784749250253 0.224171155051 -0.5)
(0.791578455642 0.225753251369 -0.5)
(0.798483867415 0.227353002134 -0.5)
(0.805466335954 0.228970604349 -0.5)
(0.812526721125 0.230606257218 -0.5)
(0.819665892393 0.232260162165 -0.5)
(0.826884728923 0.233932522864 -0.5)
(0.834184119692 0.23562354526 -0.5)
(0.841564963596 0.237333437597 -0.5)
(0.849028169561 0.239062410444 -0.5)
(0.856574656658 0.240810676717 -0.5)
(0.864205354212 0.242578451709 -0.5)
(0.871921201919 0.244365953117 -0.5)
(0.879723149959 0.246173401066 -0.5)
(0.887612159118 0.248001018136 -0.5)
(0.895589200902 0.249849029393 -0.5)
(0.903655257657 0.251717662414 -0.5)
(0.911811322693 0.253607147314 -0.5)
(0.920058400401 0.255517716778 -0.5)
(0.928397506383 0.257449606086 -0.5)
(0.936829667573 0.259403053144 -0.5)
(0.945355922364 0.261378298512 -0.5)
(0.953977320737 0.263375585436 -0.5)
(0.962694924388 0.265395159875 -0.5)
(0.971509806863 0.267437270532 -0.5)
(0.980423053686 0.269502168889 -0.5)
(0.989435762494 0.271590109229 -0.5)
(0.998549043172 0.273701348676 -0.5)
(1.00776401799 0.275836147222 -0.5)
(1.01708182175 0.277994767761 -0.5)
(1.0265036019 0.28017747612 -0.5)
(1.0360305187 0.282384541092 -0.5)
(1.04566374537 0.28461623447 -0.5)
(1.05540446821 0.286872831081 -0.5)
(1.06525388674 0.289154608816 -0.5)
(1.07521321391 0.291461848669 -0.5)
(1.08528367616 0.293794834769 -0.5)
(1.09546651364 0.296153854416 -0.5)
(1.10576298033 0.298539198115 -0.5)
(1.11617434421 0.300951159614 -0.5)
(1.12670188741 0.303390035939 -0.5)
(1.13734690636 0.305856127428 -0.5)
(1.14811071196 0.308349737773 -0.5)
(1.15899462973 0.310871174053 -0.5)
(1.17 0.313420746777 -0.5)
(0.5015 0.168231240439 -0.5)
(0.505168456756 0.169049228129 -0.5)
(0.508877849436 0.169876343657 -0.5)
(0.512628634839 0.170712688881 -0.5)
(0.516421274862 0.171558366794 -0.5)
(0.520256236557 0.172413481537 -0.5)
(0.524133992187 0.173278138416 -0.5)
(0.528055019284 0.17415244391 -0.5)
(0.532019800711 0.175036505688 -0.5)
(0.536028824718 0.175930432618 -0.5)
(0.540082585002 0.176834334784 -0.5)
(0.544181580772 0.1777483235 -0.5)
(0.548326316805 0.178672511321 -0.5)
(0.552517303511 0.179607012056 -0.5)
(0.556755056999 0.180551940786 -0.5)
(0.561040099132 0.181507413877 -0.5)
(0.5653729576 0.182473548992 -0.5)
(0.569754165981 0.183450465107 -0.5)
(0.574184263806 0.184438282526 -0.5)
(0.578663796628 0.185437122896 -0.5)
(0.583193316085 0.186447109221 -0.5)
(0.587773379975 0.187468365878 -0.5)
(0.592404552316 0.18850101863 -0.5)
(0.597087403423 0.189545194645 -0.5)
(0.601822509974 0.190601022511 -0.5)
(0.606610455081 0.19166863225 -0.5)
(0.611451828365 0.192748155333 -0.5)
(0.616347226025 0.193839724701 -0.5)
(0.621297250913 0.194943474777 -0.5)
(0.626302512609 0.196059541484 -0.5)
(0.631363627495 0.197188062262 -0.5)
(0.63648121883 0.198329176085 -0.5)
(0.641655916829 0.199483023478 -0.5)
(0.646888358739 0.200649746532 -0.5)
(0.652179188919 0.201829488926 -0.5)
(0.657529058918 0.203022395942 -0.5)
(0.662938627553 0.204228614482 -0.5)
(0.668408560997 0.205448293087 -0.5)
(0.673939532854 0.206681581959 -0.5)
(0.679532224245 0.207928632971 -0.5)
(0.685187323892 0.209189599694 -0.5)
(0.690905528201 0.210464637413 -0.5)
(0.696687541352 0.211753903144 -0.5)
(0.70253407538 0.213057555655 -0.5)
(0.708445850267 0.214375755488 -0.5)
(0.71442359403 0.215708664974 -0.5)
(0.720468042807 0.217056448258 -0.5)
(0.726579940953 0.218419271313 -0.5)
(0.732760041128 0.219797301968 -0.5)
(0.739009104393 0.221190709922 -0.5)
(0.745327900297 0.222599666769 -0.5)
(0.751717206982 0.224024346018 -0.5)
(0.758177811269 0.225464923113 -0.5)
(0.76471050876 0.226921575456 -0.5)
(0.771316103937 0.22839448243 -0.5)
(0.777995410256 0.229883825418 -0.5)
(0.784749250253 0.231389787827 -0.5)
(0.791578455642 0.232912555114 -0.5)
(0.798483867415 0.2344523148 -0.5)
(0.805466335954 0.236009256503 -0.5)
(0.812526721125 0.237583571955 -0.5)
(0.819665892393 0.239175455028 -0.5)
(0.826884728923 0.240785101757 -0.5)
(0.834184119692 0.242412710364 -0.5)
(0.841564963596 0.244058481285 -0.5)
(0.849028169561 0.245722617191 -0.5)
(0.856574656658 0.247405323014 -0.5)
(0.864205354212 0.249106805976 -0.5)
(0.871921201919 0.250827275606 -0.5)
(0.879723149959 0.252566943777 -0.5)
(0.887612159118 0.254326024722 -0.5)
(0.895589200902 0.256104735067 -0.5)
(0.903655257657 0.257903293853 -0.5)
(0.911811322693 0.259721922568 -0.5)
(0.920058400401 0.26156084517 -0.5)
(0.928397506383 0.263420288116 -0.5)
(0.936829667573 0.265300480391 -0.5)
(0.945355922364 0.267201653533 -0.5)
(0.953977320737 0.269124041668 -0.5)
(0.962694924388 0.271067881529 -0.5)
(0.971509806863 0.273033412495 -0.5)
(0.980423053686 0.275020876615 -0.5)
(0.989435762494 0.277030518638 -0.5)
(0.998549043172 0.279062586045 -0.5)
(1.00776401799 0.28111732908 -0.5)
(1.01708182175 0.283195000775 -0.5)
(1.0265036019 0.285295856991 -0.5)
(1.0360305187 0.287420156441 -0.5)
(1.04566374537 0.289568160726 -0.5)
(1.05540446821 0.291740134364 -0.5)
(1.06525388674 0.293936344828 -0.5)
(1.07521321391 0.296157062575 -0.5)
(1.08528367616 0.298402561077 -0.5)
(1.09546651364 0.300673116861 -0.5)
(1.10576298033 0.302969009538 -0.5)
(1.11617434421 0.305290521841 -0.5)
(1.12670188741 0.307637939656 -0.5)
(1.13734690636 0.31001155206 -0.5)
(1.14811071196 0.312411651355 -0.5)
(1.15899462973 0.314838533106 -0.5)
(1.17 0.317292496176 -0.5)
(0.5015 0.178365682506 -0.5)
(0.505168456756 0.179150301973 -0.5)
(0.508877849436 0.179943676925 -0.5)
(0.512628634839 0.180745905065 -0.5)
(0.516421274862 0.181557085185 -0.5)
(0.520256236557 0.182377317179 -0.5)
(0.524133992187 0.183206702055 -0.5)
(0.528055019284 0.18404534195 -0.5)
(0.532019800711 0.184893340139 -0.5)
(0.536028824718 0.185750801051 -0.5)
(0.540082585002 0.18661783028 -0.5)
(0.544181580772 0.187494534596 -0.5)
(0.548326316805 0.188381021964 -0.5)
(0.552517303511 0.189277401551 -0.5)
(0.556755056999 0.190183783744 -0.5)
(0.561040099132 0.191100280161 -0.5)
(0.5653729576 0.192027003665 -0.5)
(0.569754165981 0.192964068379 -0.5)
(0.574184263806 0.1939115897 -0.5)
(0.578663796628 0.194869684311 -0.5)
(0.583193316085 0.1958384702 -0.5)
(0.587773379975 0.196818066669 -0.5)
(0.592404552316 0.197808594352 -0.5)
(0.597087403423 0.19881017523 -0.5)
(0.601822509974 0.199822932643 -0.5)
(0.606610455081 0.200846991309 -0.5)
(0.611451828365 0.201882477339 -0.5)
(0.616347226025 0.202929518249 -0.5)
(0.621297250913 0.203988242978 -0.5)
(0.626302512609 0.205058781905 -0.5)
(0.631363627495 0.206141266864 -0.5)
(0.63648121883 0.207235831159 -0.5)
(0.641655916829 0.208342609581 -0.5)
(0.646888358739 0.209461738428 -0.5)
(0.652179188919 0.210593355516 -0.5)
(0.657529058918 0.211737600201 -0.5)
(0.662938627553 0.212894613391 -0.5)
(0.668408560997 0.21406453757 -0.5)
(0.673939532854 0.215247516811 -0.5)
(0.679532224245 0.216443696792 -0.5)
(0.685187323892 0.21765322482 -0.5)
(0.690905528201 0.218876249844 -0.5)
(0.696687541352 0.220112922476 -0.5)
(0.70253407538 0.221363395008 -0.5)
(0.708445850267 0.222627821432 -0.5)
(0.71442359403 0.223906357458 -0.5)
(0.720468042807 0.225199160532 -0.5)
(0.726579940953 0.22650638986 -0.5)
(0.732760041128 0.227828206424 -0.5)
(0.739009104393 0.229164772999 -0.5)
(0.745327900297 0.23051625418 -0.5)
(0.751717206982 0.231882816398 -0.5)
(0.758177811269 0.23326462794 -0.5)
(0.76471050876 0.234661858972 -0.5)
(0.771316103937 0.236074681558 -0.5)
(0.777995410256 0.237503269683 -0.5)
(0.784749250253 0.238947799273 -0.5)
(0.791578455642 0.240408448217 -0.5)
(0.798483867415 0.241885396389 -0.5)
(0.805466335954 0.243378825671 -0.5)
(0.812526721125 0.244888919973 -0.5)
(0.819665892393 0.246415865259 -0.5)
(0.826884728923 0.247959849567 -0.5)
(0.834184119692 0.249521063033 -0.5)
(0.841564963596 0.251099697917 -0.5)
(0.849028169561 0.252695948621 -0.5)
(0.856574656658 0.25431001172 -0.5)
(0.864205354212 0.255942085979 -0.5)
(0.871921201919 0.257592372383 -0.5)
(0.879723149959 0.25926107416 -0.5)
(0.887612159118 0.260948396805 -0.5)
(0.895589200902 0.262654548106 -0.5)
(0.903655257657 0.26437973817 -0.5)
(0.911811322693 0.266124179448 -0.5)
(0.920058400401 0.267888086764 -0.5)
(0.928397506383 0.269671677337 -0.5)
(0.936829667573 0.271475170809 -0.5)
(0.945355922364 0.273298789275 -0.5)
(0.953977320737 0.275142757308 -0.5)
(0.962694924388 0.277007301987 -0.5)
(0.971509806863 0.278892652924 -0.5)
(0.980423053686 0.280799042294 -0.5)
(0.989435762494 0.282726704863 -0.5)
(0.998549043172 0.284675878016 -0.5)
(1.00776401799 0.286646801788 -0.5)
(1.01708182175 0.28863971889 -0.5)
(1.0265036019 0.290654874746 -0.5)
(1.0360305187 0.292692517514 -0.5)
(1.04566374537 0.294752898124 -0.5)
(1.05540446821 0.296836270304 -0.5)
(1.06525388674 0.298942890616 -0.5)
(1.07521321391 0.301073018482 -0.5)
(1.08528367616 0.303226916222 -0.5)
(1.09546651364 0.30540484908 -0.5)
(1.10576298033 0.307607085262 -0.5)
(1.11617434421 0.309833895967 -0.5)
(1.12670188741 0.312085555418 -0.5)
(1.13734690636 0.314362340901 -0.5)
(1.14811071196 0.316664532794 -0.5)
(1.15899462973 0.318992414604 -0.5)
(1.17 0.321346273003 -0.5)
(0.5015 0.188976587856 -0.5)
(0.505168456756 0.189726270316 -0.5)
(0.508877849436 0.190484318404 -0.5)
(0.512628634839 0.191250825471 -0.5)
(0.516421274862 0.19202588591 -0.5)
(0.520256236557 0.192809595167 -0.5)
(0.524133992187 0.193602049754 -0.5)
(0.528055019284 0.194403347258 -0.5)
(0.532019800711 0.195213586356 -0.5)
(0.536028824718 0.196032866828 -0.5)
(0.540082585002 0.196861289564 -0.5)
(0.544181580772 0.197698956582 -0.5)
(0.548326316805 0.198545971039 -0.5)
(0.552517303511 0.199402437241 -0.5)
(0.556755056999 0.20026846066 -0.5)
(0.561040099132 0.201144147943 -0.5)
(0.5653729576 0.202029606928 -0.5)
(0.569754165981 0.202924946657 -0.5)
(0.574184263806 0.203830277388 -0.5)
(0.578663796628 0.20474571061 -0.5)
(0.583193316085 0.205671359055 -0.5)
(0.587773379975 0.206607336713 -0.5)
(0.592404552316 0.207553758848 -0.5)
(0.597087403423 0.208510742009 -0.5)
(0.601822509974 0.209478404043 -0.5)
(0.606610455081 0.210456864117 -0.5)
(0.611451828365 0.211446242724 -0.5)
(0.616347226025 0.212446661703 -0.5)
(0.621297250913 0.213458244252 -0.5)
(0.626302512609 0.214481114945 -0.5)
(0.631363627495 0.215515399744 -0.5)
(0.63648121883 0.216561226019 -0.5)
(0.641655916829 0.217618722559 -0.5)
(0.646888358739 0.218688019592 -0.5)
(0.652179188919 0.219769248798 -0.5)
(0.657529058918 0.220862543328 -0.5)
(0.662938627553 0.221968037816 -0.5)
(0.668408560997 0.223085868401 -0.5)
(0.673939532854 0.22421617274 -0.5)
(0.679532224245 0.225359090027 -0.5)
(0.685187323892 0.226514761008 -0.5)
(0.690905528201 0.227683327999 -0.5)
(0.696687541352 0.228864934907 -0.5)
(0.70253407538 0.230059727243 -0.5)
(0.708445850267 0.23126785214 -0.5)
(0.71442359403 0.232489458376 -0.5)
(0.720468042807 0.233724696388 -0.5)
(0.726579940953 0.234973718292 -0.5)
(0.732760041128 0.236236677899 -0.5)
(0.739009104393 0.23751373074 -0.5)
(0.745327900297 0.23880503408 -0.5)
(0.751717206982 0.240110746938 -0.5)
(0.758177811269 0.241431030109 -0.5)
(0.76471050876 0.24276604618 -0.5)
(0.771316103937 0.244115959556 -0.5)
(0.777995410256 0.245480936474 -0.5)
(0.784749250253 0.246861145025 -0.5)
(0.791578455642 0.248256755179 -0.5)
(0.798483867415 0.2496679388 -0.5)
(0.805466335954 0.251094869671 -0.5)
(0.812526721125 0.252537723513 -0.5)
(0.819665892393 0.25399667801 -0.5)
(0.826884728923 0.255471912827 -0.5)
(0.834184119692 0.256963609634 -0.5)
(0.841564963596 0.25847195213 -0.5)
(0.849028169561 0.25999712606 -0.5)
(0.856574656658 0.261539319247 -0.5)
(0.864205354212 0.263098721605 -0.5)
(0.871921201919 0.26467552517 -0.5)
(0.879723149959 0.266269924121 -0.5)
(0.887612159118 0.267882114802 -0.5)
(0.895589200902 0.26951229575 -0.5)
(0.903655257657 0.271160667715 -0.5)
(0.911811322693 0.27282743369 -0.5)
(0.920058400401 0.274512798932 -0.5)
(0.928397506383 0.276216970987 -0.5)
(0.936829667573 0.27794015972 -0.5)
(0.945355922364 0.279682577334 -0.5)
(0.953977320737 0.281444438403 -0.5)
(0.962694924388 0.283225959896 -0.5)
(0.971509806863 0.285027361199 -0.5)
(0.980423053686 0.28684886415 -0.5)
(0.989435762494 0.288690693061 -0.5)
(0.998549043172 0.290553074748 -0.5)
(1.00776401799 0.292436238557 -0.5)
(1.01708182175 0.294340416392 -0.5)
(1.0265036019 0.296265842748 -0.5)
(1.0360305187 0.298212754734 -0.5)
(1.04566374537 0.300181392107 -0.5)
(1.05540446821 0.302171997297 -0.5)
(1.06525388674 0.304184815442 -0.5)
(1.07521321391 0.306220094413 -0.5)
(1.08528367616 0.308278084848 -0.5)
(1.09546651364 0.310359040182 -0.5)
(1.10576298033 0.312463216679 -0.5)
(1.11617434421 0.31459087346 -0.5)
(1.12670188741 0.316742272539 -0.5)
(1.13734690636 0.318917678854 -0.5)
(1.14811071196 0.321117360301 -0.5)
(1.15899462973 0.323341587761 -0.5)
(1.17 0.325590635142 -0.5)
(0.5015 0.200086357055 -0.5)
(0.505168456756 0.200799459972 -0.5)
(0.508877849436 0.201520520329 -0.5)
(0.512628634839 0.202249626924 -0.5)
(0.516421274862 0.202986869542 -0.5)
(0.520256236557 0.203732338973 -0.5)
(0.524133992187 0.204486127019 -0.5)
(0.528055019284 0.205248326507 -0.5)
(0.532019800711 0.206019031299 -0.5)
(0.536028824718 0.206798336305 -0.5)
(0.540082585002 0.207586337493 -0.5)
(0.544181580772 0.208383131904 -0.5)
(0.548326316805 0.20918881766 -0.5)
(0.552517303511 0.210003493979 -0.5)
(0.556755056999 0.210827261186 -0.5)
(0.561040099132 0.211660220724 -0.5)
(0.5653729576 0.21250247517 -0.5)
(0.569754165981 0.213354128245 -0.5)
(0.574184263806 0.214215284827 -0.5)
(0.578663796628 0.215086050965 -0.5)
(0.583193316085 0.21596653389 -0.5)
(0.587773379975 0.216856842033 -0.5)
(0.592404552316 0.21775708503 -0.5)
(0.597087403423 0.218667373744 -0.5)
(0.601822509974 0.219587820275 -0.5)
(0.606610455081 0.220518537972 -0.5)
(0.611451828365 0.221459641449 -0.5)
(0.616347226025 0.222411246602 -0.5)
(0.621297250913 0.223373470617 -0.5)
(0.626302512609 0.224346431988 -0.5)
(0.631363627495 0.225330250533 -0.5)
(0.63648121883 0.226325047406 -0.5)
(0.641655916829 0.227330945112 -0.5)
(0.646888358739 0.228348067526 -0.5)
(0.652179188919 0.229376539901 -0.5)
(0.657529058918 0.230416488892 -0.5)
(0.662938627553 0.231468042565 -0.5)
(0.668408560997 0.232531330414 -0.5)
(0.673939532854 0.233606483381 -0.5)
(0.679532224245 0.234693633867 -0.5)
(0.685187323892 0.235792915751 -0.5)
(0.690905528201 0.236904464406 -0.5)
(0.696687541352 0.238028416715 -0.5)
(0.70253407538 0.239164911091 -0.5)
(0.708445850267 0.240314087487 -0.5)
(0.71442359403 0.241476087423 -0.5)
(0.720468042807 0.242651053994 -0.5)
(0.726579940953 0.243839131893 -0.5)
(0.732760041128 0.245040467429 -0.5)
(0.739009104393 0.246255208542 -0.5)
(0.745327900297 0.247483504823 -0.5)
(0.751717206982 0.248725507534 -0.5)
(0.758177811269 0.249981369622 -0.5)
(0.76471050876 0.251251245743 -0.5)
(0.771316103937 0.252535292279 -0.5)
(0.777995410256 0.253833667355 -0.5)
(0.784749250253 0.255146530862 -0.5)
(0.791578455642 0.256474044475 -0.5)
(0.798483867415 0.257816371674 -0.5)
(0.805466335954 0.25917367776 -0.5)
(0.812526721125 0.260546129882 -0.5)
(0.819665892393 0.261933897054 -0.5)
(0.826884728923 0.263337150174 -0.5)
(0.834184119692 0.264756062047 -0.5)
(0.841564963596 0.26619080741 -0.5)
(0.849028169561 0.267641562945 -0.5)
(0.856574656658 0.269108507309 -0.5)
(0.864205354212 0.27059182115 -0.5)
(0.871921201919 0.272091687136 -0.5)
(0.879723149959 0.273608289968 -0.5)
(0.887612159118 0.275141816412 -0.5)
(0.895589200902 0.276692455316 -0.5)
(0.903655257657 0.278260397637 -0.5)
(0.911811322693 0.279845836462 -0.5)
(0.920058400401 0.281448967032 -0.5)
(0.928397506383 0.283069986768 -0.5)
(0.936829667573 0.284709095292 -0.5)
(0.945355922364 0.286366494457 -0.5)
(0.953977320737 0.288042388364 -0.5)
(0.962694924388 0.289736983396 -0.5)
(0.971509806863 0.291450488236 -0.5)
(0.980423053686 0.293183113896 -0.5)
(0.989435762494 0.294935073744 -0.5)
(0.998549043172 0.296706583528 -0.5)
(1.00776401799 0.298497861404 -0.5)
(1.01708182175 0.300309127961 -0.5)
(1.0265036019 0.302140606252 -0.5)
(1.0360305187 0.303992521816 -0.5)
(1.04566374537 0.305865102712 -0.5)
(1.05540446821 0.307758579541 -0.5)
(1.06525388674 0.309673185479 -0.5)
(1.07521321391 0.311609156304 -0.5)
(1.08528367616 0.313566730423 -0.5)
(1.09546651364 0.315546148907 -0.5)
(1.10576298033 0.317547655514 -0.5)
(1.11617434421 0.319571496723 -0.5)
(1.12670188741 0.321617921763 -0.5)
(1.13734690636 0.323687182645 -0.5)
(1.14811071196 0.325779534193 -0.5)
(1.15899462973 0.327895234071 -0.5)
(1.17 0.330034542822 -0.5)
(0.5015 0.211718443818 -0.5)
(0.505168456756 0.212393247432 -0.5)
(0.508877849436 0.213075581108 -0.5)
(0.512628634839 0.213765528874 -0.5)
(0.516421274862 0.214463175694 -0.5)
(0.520256236557 0.215168607483 -0.5)
(0.524133992187 0.21588191111 -0.5)
(0.528055019284 0.216603174418 -0.5)
(0.532019800711 0.217332486227 -0.5)
(0.536028824718 0.21806993635 -0.5)
(0.540082585002 0.218815615602 -0.5)
(0.544181580772 0.21956961581 -0.5)
(0.548326316805 0.220332029827 -0.5)
(0.552517303511 0.221102951542 -0.5)
(0.556755056999 0.221882475892 -0.5)
(0.561040099132 0.222670698871 -0.5)
(0.5653729576 0.223467717549 -0.5)
(0.569754165981 0.224273630074 -0.5)
(0.574184263806 0.225088535692 -0.5)
(0.578663796628 0.225912534756 -0.5)
(0.583193316085 0.22674572874 -0.5)
(0.587773379975 0.227588220247 -0.5)
(0.592404552316 0.228440113029 -0.5)
(0.597087403423 0.229301511993 -0.5)
(0.601822509974 0.230172523218 -0.5)
(0.606610455081 0.231053253965 -0.5)
(0.611451828365 0.231943812694 -0.5)
(0.616347226025 0.232844309074 -0.5)
(0.621297250913 0.233754853999 -0.5)
(0.626302512609 0.234675559599 -0.5)
(0.631363627495 0.235606539257 -0.5)
(0.63648121883 0.236547907618 -0.5)
(0.641655916829 0.23749978061 -0.5)
(0.646888358739 0.238462275453 -0.5)
(0.652179188919 0.239435510675 -0.5)
(0.657529058918 0.240419606126 -0.5)
(0.662938627553 0.241414682995 -0.5)
(0.668408560997 0.242420863822 -0.5)
(0.673939532854 0.243438272516 -0.5)
(0.679532224245 0.244467034366 -0.5)
(0.685187323892 0.245507276062 -0.5)
(0.690905528201 0.246559125705 -0.5)
(0.696687541352 0.247622712828 -0.5)
(0.70253407538 0.248698168408 -0.5)
(0.708445850267 0.249785624885 -0.5)
(0.71442359403 0.250885216173 -0.5)
(0.720468042807 0.251997077685 -0.5)
(0.726579940953 0.253121346344 -0.5)
(0.732760041128 0.254258160598 -0.5)
(0.739009104393 0.255407660442 -0.5)
(0.745327900297 0.256569987435 -0.5)
(0.751717206982 0.257745284713 -0.5)
(0.758177811269 0.25893369701 -0.5)
(0.76471050876 0.260135370674 -0.5)
(0.771316103937 0.261350453689 -0.5)
(0.777995410256 0.262579095687 -0.5)
(0.784749250253 0.263821447973 -0.5)
(0.791578455642 0.265077663537 -0.5)
(0.798483867415 0.266347897079 -0.5)
(0.805466335954 0.267632305023 -0.5)
(0.812526721125 0.268931045541 -0.5)
(0.819665892393 0.270244278568 -0.5)
(0.826884728923 0.271572165824 -0.5)
(0.834184119692 0.272914870835 -0.5)
(0.841564963596 0.274272558949 -0.5)
(0.849028169561 0.275645397363 -0.5)
(0.856574656658 0.277033555137 -0.5)
(0.864205354212 0.278437203217 -0.5)
(0.871921201919 0.279856514459 -0.5)
(0.879723149959 0.281291663645 -0.5)
(0.887612159118 0.282742827511 -0.5)
(0.895589200902 0.284210184762 -0.5)
(0.903655257657 0.285693916099 -0.5)
(0.911811322693 0.287194204237 -0.5)
(0.920058400401 0.288711233934 -0.5)
(0.928397506383 0.290245192005 -0.5)
(0.936829667573 0.291796267353 -0.5)
(0.945355922364 0.293364650989 -0.5)
(0.953977320737 0.294950536052 -0.5)
(0.962694924388 0.296554117841 -0.5)
(0.971509806863 0.29817559383 -0.5)
(0.980423053686 0.299815163699 -0.5)
(0.989435762494 0.301473029356 -0.5)
(0.998549043172 0.303149394962 -0.5)
(1.00776401799 0.304844466956 -0.5)
(1.01708182175 0.30655845408 -0.5)
(1.0265036019 0.308291567407 -0.5)
(1.0360305187 0.310044020363 -0.5)
(1.04566374537 0.311816028757 -0.5)
(1.05540446821 0.313607810807 -0.5)
(1.06525388674 0.315419587165 -0.5)
(1.07521321391 0.317251580944 -0.5)
(1.08528367616 0.31910401775 -0.5)
(1.09546651364 0.320977125704 -0.5)
(1.10576298033 0.322871135473 -0.5)
(1.11617434421 0.324786280297 -0.5)
(1.12670188741 0.326722796022 -0.5)
(1.13734690636 0.328680921122 -0.5)
(1.14811071196 0.330660896734 -0.5)
(1.15899462973 0.332662966687 -0.5)
(1.17 0.334687377527 -0.5)
(0.5015 0.223897404519 -0.5)
(0.505168456756 0.224532108215 -0.5)
(0.508877849436 0.225173894504 -0.5)
(0.512628634839 0.225822842418 -0.5)
(0.516421274862 0.226479031874 -0.5)
(0.520256236557 0.22714254368 -0.5)
(0.524133992187 0.227813459543 -0.5)
(0.528055019284 0.228491862087 -0.5)
(0.532019800711 0.229177834853 -0.5)
(0.536028824718 0.229871462317 -0.5)
(0.540082585002 0.230572829897 -0.5)
(0.544181580772 0.231282023965 -0.5)
(0.548326316805 0.231999131854 -0.5)
(0.552517303511 0.232724241875 -0.5)
(0.556755056999 0.233457443323 -0.5)
(0.561040099132 0.234198826488 -0.5)
(0.5653729576 0.234948482671 -0.5)
(0.569754165981 0.235706504188 -0.5)
(0.574184263806 0.236472984387 -0.5)
(0.578663796628 0.237248017659 -0.5)
(0.583193316085 0.238031699445 -0.5)
(0.587773379975 0.238824126255 -0.5)
(0.592404552316 0.239625395671 -0.5)
(0.597087403423 0.240435606369 -0.5)
(0.601822509974 0.241254858123 -0.5)
(0.606610455081 0.242083251822 -0.5)
(0.611451828365 0.242920889478 -0.5)
(0.616347226025 0.243767874245 -0.5)
(0.621297250913 0.244624310427 -0.5)
(0.626302512609 0.245490303489 -0.5)
(0.631363627495 0.246365960078 -0.5)
(0.63648121883 0.247251388026 -0.5)
(0.641655916829 0.248146696371 -0.5)
(0.646888358739 0.249051995369 -0.5)
(0.652179188919 0.249967396503 -0.5)
(0.657529058918 0.250893012502 -0.5)
(0.662938627553 0.251828957352 -0.5)
(0.668408560997 0.252775346313 -0.5)
(0.673939532854 0.253732295929 -0.5)
(0.679532224245 0.254699924046 -0.5)
(0.685187323892 0.255678349822 -0.5)
(0.690905528201 0.256667693749 -0.5)
(0.696687541352 0.257668077662 -0.5)
(0.70253407538 0.258679624753 -0.5)
(0.708445850267 0.259702459592 -0.5)
(0.71442359403 0.260736708137 -0.5)
(0.720468042807 0.261782497753 -0.5)
(0.726579940953 0.262839957226 -0.5)
(0.732760041128 0.263909216778 -0.5)
(0.739009104393 0.264990408085 -0.5)
(0.745327900297 0.266083664293 -0.5)
(0.751717206982 0.267189120031 -0.5)
(0.758177811269 0.268306911434 -0.5)
(0.76471050876 0.269437176154 -0.5)
(0.771316103937 0.270580053379 -0.5)
(0.777995410256 0.271735683851 -0.5)
(0.784749250253 0.272904209882 -0.5)
(0.791578455642 0.274085775372 -0.5)
(0.798483867415 0.275280525827 -0.5)
(0.805466335954 0.276488608378 -0.5)
(0.812526721125 0.277710171794 -0.5)
(0.819665892393 0.278945366509 -0.5)
(0.826884728923 0.280194344631 -0.5)
(0.834184119692 0.281457259969 -0.5)
(0.841564963596 0.282734268047 -0.5)
(0.849028169561 0.284025526124 -0.5)
(0.856574656658 0.285331193214 -0.5)
(0.864205354212 0.286651430106 -0.5)
(0.871921201919 0.287986399383 -0.5)
(0.879723149959 0.289336265442 -0.5)
(0.887612159118 0.290701194514 -0.5)
(0.895589200902 0.292081354686 -0.5)
(0.903655257657 0.293476915921 -0.5)
(0.911811322693 0.294888050077 -0.5)
(0.920058400401 0.296314930931 -0.5)
(0.928397506383 0.297757734198 -0.5)
(0.936829667573 0.299216637556 -0.5)
(0.945355922364 0.300691820663 -0.5)
(0.953977320737 0.302183465183 -0.5)
(0.962694924388 0.303691754808 -0.5)
(0.971509806863 0.305216875278 -0.5)
(0.980423053686 0.306759014408 -0.5)
(0.989435762494 0.308318362106 -0.5)
(0.998549043172 0.309895110401 -0.5)
(1.00776401799 0.311489453464 -0.5)
(1.01708182175 0.313101587635 -0.5)
(1.0265036019 0.314731711441 -0.5)
(1.0360305187 0.316380025628 -0.5)
(1.04566374537 0.31804673318 -0.5)
(1.05540446821 0.319732039346 -0.5)
(1.06525388674 0.321436151667 -0.5)
(1.07521321391 0.323159279998 -0.5)
(1.08528367616 0.324901636537 -0.5)
(1.09546651364 0.326663435849 -0.5)
(1.10576298033 0.328444894895 -0.5)
(1.11617434421 0.330246233056 -0.5)
(1.12670188741 0.33206767216 -0.5)
(1.13734690636 0.333909436511 -0.5)
(1.14811071196 0.335771752918 -0.5)
(1.15899462973 0.337654850717 -0.5)
(1.17 0.339558961807 -0.5)
(0.5015 0.236648950029 -0.5)
(0.505168456756 0.237241668541 -0.5)
(0.508877849436 0.237841001137 -0.5)
(0.512628634839 0.238447021622 -0.5)
(0.516421274862 0.239059804626 -0.5)
(0.520256236557 0.239679425611 -0.5)
(0.524133992187 0.240305960882 -0.5)
(0.528055019284 0.240939487594 -0.5)
(0.532019800711 0.241580083764 -0.5)
(0.536028824718 0.242227828279 -0.5)
(0.540082585002 0.242882800908 -0.5)
(0.544181580772 0.243545082307 -0.5)
(0.548326316805 0.244214754035 -0.5)
(0.552517303511 0.244891898559 -0.5)
(0.556755056999 0.245576599268 -0.5)
(0.561040099132 0.24626894048 -0.5)
(0.5653729576 0.246969007455 -0.5)
(0.569754165981 0.247676886404 -0.5)
(0.574184263806 0.2483926645 -0.5)
(0.578663796628 0.249116429888 -0.5)
(0.583193316085 0.249848271698 -0.5)
(0.587773379975 0.250588280054 -0.5)
(0.592404552316 0.251336546086 -0.5)
(0.597087403423 0.25209316194 -0.5)
(0.601822509974 0.25285822079 -0.5)
(0.606610455081 0.253631816852 -0.5)
(0.611451828365 0.254414045391 -0.5)
(0.616347226025 0.255205002736 -0.5)
(0.621297250913 0.256004786291 -0.5)
(0.626302512609 0.256813494547 -0.5)
(0.631363627495 0.257631227093 -0.5)
(0.63648121883 0.258458084631 -0.5)
(0.641655916829 0.259294168986 -0.5)
(0.646888358739 0.260139583117 -0.5)
(0.652179188919 0.260994431137 -0.5)
(0.657529058918 0.261858818315 -0.5)
(0.662938627553 0.262732851099 -0.5)
(0.668408560997 0.263616637124 -0.5)
(0.673939532854 0.264510285224 -0.5)
(0.679532224245 0.265413905449 -0.5)
(0.685187323892 0.266327609077 -0.5)
(0.690905528201 0.267251508628 -0.5)
(0.696687541352 0.268185717877 -0.5)
(0.70253407538 0.269130351869 -0.5)
(0.708445850267 0.270085526932 -0.5)
(0.71442359403 0.271051360694 -0.5)
(0.720468042807 0.272027972093 -0.5)
(0.726579940953 0.273015481396 -0.5)
(0.732760041128 0.274014010212 -0.5)
(0.739009104393 0.275023681506 -0.5)
(0.745327900297 0.276044619615 -0.5)
(0.751717206982 0.277076950266 -0.5)
(0.758177811269 0.278120800587 -0.5)
(0.76471050876 0.279176299123 -0.5)
(0.771316103937 0.280243575857 -0.5)
(0.777995410256 0.281322762219 -0.5)
(0.784749250253 0.282413991109 -0.5)
(0.791578455642 0.283517396907 -0.5)
(0.798483867415 0.284633115495 -0.5)
(0.805466335954 0.28576128427 -0.5)
(0.812526721125 0.286902042161 -0.5)
(0.819665892393 0.28805552965 -0.5)
(0.826884728923 0.289221888784 -0.5)
(0.834184119692 0.290401263198 -0.5)
(0.841564963596 0.291593798126 -0.5)
(0.849028169561 0.292799640427 -0.5)
(0.856574656658 0.294018938595 -0.5)
(0.864205354212 0.295251842784 -0.5)
(0.871921201919 0.296498504821 -0.5)
(0.879723149959 0.297759078228 -0.5)
(0.887612159118 0.299033718242 -0.5)
(0.895589200902 0.30032258183 -0.5)
(0.903655257657 0.301625827711 -0.5)
(0.911811322693 0.302943616376 -0.5)
(0.920058400401 0.304276110107 -0.5)
(0.928397506383 0.305623472995 -0.5)
(0.936829667573 0.306985870964 -0.5)
(0.945355922364 0.308363471788 -0.5)
(0.953977320737 0.309756445116 -0.5)
(0.962694924388 0.311164962487 -0.5)
(0.971509806863 0.312589197355 -0.5)
(0.980423053686 0.31402932511 -0.5)
(0.989435762494 0.3154855231 -0.5)
(0.998549043172 0.31695797065 -0.5)
(1.00776401799 0.318446849088 -0.5)
(1.01708182175 0.319952341764 -0.5)
(1.0265036019 0.321474634074 -0.5)
(1.0360305187 0.323013913485 -0.5)
(1.04566374537 0.324570369553 -0.5)
(1.05540446821 0.32614419395 -0.5)
(1.06525388674 0.327735580489 -0.5)
(1.07521321391 0.329344725143 -0.5)
(1.08528367616 0.330971826073 -0.5)
(1.09546651364 0.332617083651 -0.5)
(1.10576298033 0.334280700486 -0.5)
(1.11617434421 0.335962881447 -0.5)
(1.12670188741 0.337663833688 -0.5)
(1.13734690636 0.339383766676 -0.5)
(1.14811071196 0.341122892216 -0.5)
(1.15899462973 0.342881424476 -0.5)
(1.17 0.344659580012 -0.5)
(0.505168456756 0.250548759425 -0.5)
(0.508877849436 0.251103642399 -0.5)
(0.512628634839 0.251664717253 -0.5)
(0.516421274862 0.252232053083 -0.5)
(0.520256236557 0.252805719754 -0.5)
(0.524133992187 0.253385787911 -0.5)
(0.528055019284 0.253972328988 -0.5)
(0.532019800711 0.254565415215 -0.5)
(0.536028824718 0.255165119629 -0.5)
(0.540082585002 0.255771516081 -0.5)
(0.544181580772 0.256384679248 -0.5)
(0.548326316805 0.257004684638 -0.5)
(0.552517303511 0.257631608603 -0.5)
(0.556755056999 0.258265528347 -0.5)
(0.561040099132 0.258906521934 -0.5)
(0.5653729576 0.259554668302 -0.5)
(0.569754165981 0.260210047267 -0.5)
(0.574184263806 0.260872739537 -0.5)
(0.578663796628 0.261542826721 -0.5)
(0.583193316085 0.262220391337 -0.5)
(0.587773379975 0.262905516825 -0.5)
(0.592404552316 0.263598287557 -0.5)
(0.597087403423 0.264298788844 -0.5)
(0.601822509974 0.265007106952 -0.5)
(0.606610455081 0.265723329107 -0.5)
(0.611451828365 0.26644754351 -0.5)
(0.616347226025 0.267179839346 -0.5)
(0.621297250913 0.267920306793 -0.5)
(0.626302512609 0.26866903704 -0.5)
(0.631363627495 0.269426122288 -0.5)
(0.63648121883 0.270191655771 -0.5)
(0.641655916829 0.270965731762 -0.5)
(0.646888358739 0.271748445586 -0.5)
(0.652179188919 0.27253989363 -0.5)
(0.657529058918 0.273340173361 -0.5)
(0.662938627553 0.274149383329 -0.5)
(0.668408560997 0.274967623186 -0.5)
(0.673939532854 0.275794993695 -0.5)
(0.679532224245 0.276631596746 -0.5)
(0.685187323892 0.277477535361 -0.5)
(0.690905528201 0.278332913717 -0.5)
(0.696687541352 0.279197837151 -0.5)
(0.70253407538 0.280072412174 -0.5)
(0.708445850267 0.280956746487 -0.5)
(0.71442359403 0.281850948995 -0.5)
(0.720468042807 0.282755129814 -0.5)
(0.726579940953 0.283669400292 -0.5)
(0.732760041128 0.284593873018 -0.5)
(0.739009104393 0.285528661839 -0.5)
(0.745327900297 0.286473881869 -0.5)
(0.751717206982 0.287429649511 -0.5)
(0.758177811269 0.288396082464 -0.5)
(0.76471050876 0.28937329974 -0.5)
(0.771316103937 0.290361421681 -0.5)
(0.777995410256 0.291360569971 -0.5)
(0.784749250253 0.292370867652 -0.5)
(0.791578455642 0.293392439139 -0.5)
(0.798483867415 0.294425410234 -0.5)
(0.805466335954 0.295469908146 -0.5)
(0.812526721125 0.2965260615 -0.5)
(0.819665892393 0.297594000358 -0.5)
(0.826884728923 0.298673856234 -0.5)
(0.834184119692 0.299765762108 -0.5)
(0.841564963596 0.300869852445 -0.5)
(0.849028169561 0.30198626321 -0.5)
(0.856574656658 0.303115131886 -0.5)
(0.864205354212 0.304256597489 -0.5)
(0.871921201919 0.305410800586 -0.5)
(0.879723149959 0.306577883315 -0.5)
(0.887612159118 0.307757989397 -0.5)
(0.895589200902 0.308951264159 -0.5)
(0.903655257657 0.310157854549 -0.5)
(0.911811322693 0.311377909154 -0.5)
(0.920058400401 0.31261157822 -0.5)
(0.928397506383 0.31385901367 -0.5)
(0.936829667573 0.315120369121 -0.5)
(0.945355922364 0.316395799905 -0.5)
(0.953977320737 0.317685463087 -0.5)
(0.962694924388 0.318989517485 -0.5)
(0.971509806863 0.320308123689 -0.5)
(0.980423053686 0.321641444082 -0.5)
(0.989435762494 0.322989642856 -0.5)
(0.998549043172 0.324352886039 -0.5)
(1.00776401799 0.32573134151 -0.5)
(1.01708182175 0.32712517902 -0.5)
(1.0265036019 0.328534570217 -0.5)
(1.0360305187 0.329959688662 -0.5)
(1.04566374537 0.331400709854 -0.5)
(1.05540446821 0.33285781125 -0.5)
(1.06525388674 0.334331172288 -0.5)
(1.07521321391 0.335820974406 -0.5)
(1.08528367616 0.33732740107 -0.5)
(1.09546651364 0.338850637791 -0.5)
(1.10576298033 0.340390872151 -0.5)
(1.11617434421 0.341948293824 -0.5)
(1.12670188741 0.343523094602 -0.5)
(1.13734690636 0.345115468416 -0.5)
(1.14811071196 0.346725611363 -0.5)
(1.15899462973 0.348353721725 -0.5)
(1.17 0.35 -0.5)
(0.5015 0 0.5)
(0.505168456756 0.00137189856249 0.5)
(0.508877849436 0.00275910599693 0.5)
(0.512628634839 0.00416179313343 0.5)
(0.516421274862 0.00558013270835 0.5)
(0.520256236557 0.00701429938561 0.5)
(0.524133992187 0.00846446977818 0.5)
(0.528055019284 0.00993082246984 0.5)
(0.532019800711 0.0114135380372 0.5)
(0.536028824718 0.0129127990718 0.5)
(0.540082585002 0.0144287902028 0.5)
(0.544181580772 0.0159616981196 0.5)
(0.548326316805 0.0175117115948 0.5)
(0.552517303511 0.0190790215076 0.5)
(0.556755056999 0.0206638208671 0.5)
(0.561040099132 0.0222663048362 0.5)
(0.5653729576 0.0238866707556 0.5)
(0.569754165981 0.0255251181681 0.5)
(0.574184263806 0.0271818488431 0.5)
(0.578663796628 0.0288570668017 0.5)
(0.583193316085 0.0305509783416 0.5)
(0.587773379975 0.0322637920624 0.5)
(0.592404552316 0.0339957188917 0.5)
(0.597087403423 0.0357469721105 0.5)
(0.601822509974 0.03751776738 0.5)
(0.606610455081 0.0393083227679 0.5)
(0.611451828365 0.0411188587754 0.5)
(0.616347226025 0.042949598364 0.5)
(0.621297250913 0.0448007669833 0.5)
(0.626302512609 0.0466725925988 0.5)
(0.631363627495 0.0485653057198 0.5)
(0.63648121883 0.0504791394277 0.5)
(0.641655916829 0.0524143294049 0.5)
(0.646888358739 0.0543711139638 0.5)
(0.652179188919 0.056349734076 0.5)
(0.657529058918 0.0583504334023 0.5)
(0.662938627553 0.0603734583222 0.5)
(0.668408560997 0.0624190579647 0.5)
(0.673939532854 0.0644874842387 0.5)
(0.679532224245 0.0665789918642 0.5)
(0.685187323892 0.0686938384037 0.5)
(0.690905528201 0.0708322842936 0.5)
(0.696687541352 0.0729945928765 0.5)
(0.70253407538 0.0751810304338 0.5)
(0.708445850267 0.0773918662181 0.5)
(0.71442359403 0.0796273724868 0.5)
(0.720468042807 0.081887824535 0.5)
(0.726579940953 0.0841735007303 0.5)
(0.732760041128 0.0864846825461 0.5)
(0.739009104393 0.0888216545971 0.5)
(0.745327900297 0.0911847046737 0.5)
(0.751717206982 0.0935741237779 0.5)
(0.758177811269 0.0959902061589 0.5)
(0.76471050876 0.0984332493495 0.5)
(0.771316103937 0.100903554202 0.5)
(0.777995410256 0.103401424928 0.5)
(0.784749250253 0.10592716913 0.5)
(0.791578455642 0.108481097846 0.5)
(0.798483867415 0.111063525585 0.5)
(0.805466335954 0.113674770364 0.5)
(0.812526721125 0.116315153749 0.5)
(0.819665892393 0.118985000895 0.5)
(0.826884728923 0.121684640585 0.5)
(0.834184119692 0.12441440527 0.5)
(0.841564963596 0.127174631113 0.5)
(0.849028169561 0.129965658026 0.5)
(0.856574656658 0.132787829715 0.5)
(0.864205354212 0.135641493722 0.5)
(0.871921201919 0.138527001465 0.5)
(0.879723149959 0.141444708287 0.5)
(0.887612159118 0.144394973492 0.5)
(0.895589200902 0.147378160397 0.5)
(0.903655257657 0.150394636371 0.5)
(0.911811322693 0.153444772884 0.5)
(0.920058400401 0.15652894555 0.5)
(0.928397506383 0.159647534175 0.5)
(0.936829667573 0.162800922802 0.5)
(0.945355922364 0.165989499762 0.5)
(0.953977320737 0.169213657718 0.5)
(0.962694924388 0.172473793713 0.5)
(0.971509806863 0.175770309223 0.5)
(0.980423053686 0.179103610204 0.5)
(0.989435762494 0.18247410714 0.5)
(0.998549043172 0.185882215098 0.5)
(1.00776401799 0.189328353774 0.5)
(1.01708182175 0.19281294755 0.5)
(1.0265036019 0.196336425542 0.5)
(1.0360305187 0.199899221655 0.5)
(1.04566374537 0.203501774635 0.5)
(1.05540446821 0.207144528125 0.5)
(1.06525388674 0.210827930719 0.5)
(1.07521321391 0.214552436016 0.5)
(1.08528367616 0.218318502676 0.5)
(1.09546651364 0.222126594479 0.5)
(1.10576298033 0.225977180377 0.5)
(1.11617434421 0.22987073456 0.5)
(1.12670188741 0.233807736505 0.5)
(1.13734690636 0.23778867104 0.5)
(1.14811071196 0.241814028406 0.5)
(1.15899462973 0.245884304313 0.5)
(1.17 0.25 0.5)
(0.5015 0.00222517499515 0.5)
(0.505168456756 0.00358974704313 0.5)
(0.508877849436 0.00496954620727 0.5)
(0.512628634839 0.00636474240534 0.5)
(0.516421274862 0.00777550745125 0.5)
(0.520256236557 0.00920201507612 0.5)
(0.524133992187 0.0106444409497 0.5)
(0.528055019284 0.0121029627022 0.5)
(0.532019800711 0.0135777599456 0.5)
(0.536028824718 0.0150690142967 0.5)
(0.540082585002 0.0165769093983 0.5)
(0.544181580772 0.0181016309431 0.5)
(0.548326316805 0.0196433666953 0.5)
(0.552517303511 0.021202306515 0.5)
(0.556755056999 0.0227786423803 0.5)
(0.561040099132 0.0243725684119 0.5)
(0.5653729576 0.0259842808968 0.5)
(0.569754165981 0.0276139783119 0.5)
(0.574184263806 0.0292618613494 0.5)
(0.578663796628 0.0309281329405 0.5)
(0.583193316085 0.0326129982814 0.5)
(0.587773379975 0.0343166648576 0.5)
(0.592404552316 0.0360393424701 0.5)
(0.597087403423 0.0377812432613 0.5)
(0.601822509974 0.0395425817403 0.5)
(0.606610455081 0.0413235748105 0.5)
(0.611451828365 0.0431244417952 0.5)
(0.616347226025 0.0449454044655 0.5)
(0.621297250913 0.046786687067 0.5)
(0.626302512609 0.0486485163476 0.5)
(0.631363627495 0.0505311215856 0.5)
(0.63648121883 0.0524347346176 0.5)
(0.641655916829 0.0543595898676 0.5)
(0.646888358739 0.0563059243751 0.5)
(0.652179188919 0.058273977825 0.5)
(0.657529058918 0.0602639925766 0.5)
(0.662938627553 0.0622762136937 0.5)
(0.668408560997 0.064310888975 0.5)
(0.673939532854 0.066368268984 0.5)
(0.679532224245 0.0684486070804 0.5)
(0.685187323892 0.0705521594512 0.5)
(0.690905528201 0.0726791851419 0.5)
(0.696687541352 0.0748299460888 0.5)
(0.70253407538 0.0770047071513 0.5)
(0.708445850267 0.079203736144 0.5)
(0.71442359403 0.0814273038703 0.5)
(0.720468042807 0.0836756841552 0.5)
(0.726579940953 0.0859491538797 0.5)
(0.732760041128 0.0882479930139 0.5)
(0.739009104393 0.0905724846526 0.5)
(0.745327900297 0.0929229150494 0.5)
(0.751717206982 0.095299573652 0.5)
(0.758177811269 0.0977027531384 0.5)
(0.76471050876 0.100132749452 0.5)
(0.771316103937 0.10258986184 0.5)
(0.777995410256 0.105074392886 0.5)
(0.784749250253 0.107586648554 0.5)
(0.791578455642 0.110126938218 0.5)
(0.798483867415 0.112695574708 0.5)
(0.805466335954 0.115292874343 0.5)
(0.812526721125 0.117919156972 0.5)
(0.819665892393 0.120574746013 0.5)
(0.826884728923 0.123259968493 0.5)
(0.834184119692 0.125975155088 0.5)
(0.841564963596 0.128720640166 0.5)
(0.849028169561 0.131496761823 0.5)
(0.856574656658 0.13430386193 0.5)
(0.864205354212 0.137142286173 0.5)
(0.871921201919 0.140012384093 0.5)
(0.879723149959 0.142914509135 0.5)
(0.887612159118 0.145849018685 0.5)
(0.895589200902 0.148816274119 0.5)
(0.903655257657 0.151816640844 0.5)
(0.911811322693 0.154850488347 0.5)
(0.920058400401 0.157918190236 0.5)
(0.928397506383 0.161020124287 0.5)
(0.936829667573 0.164156672495 0.5)
(0.945355922364 0.167328221115 0.5)
(0.953977320737 0.170535160713 0.5)
(0.962694924388 0.173777886213 0.5)
(0.971509806863 0.177056796946 0.5)
(0.980423053686 0.180372296699 0.5)
(0.989435762494 0.183724793766 0.5)
(0.998549043172 0.187114700996 0.5)
(1.00776401799 0.190542435845 0.5)
(1.01708182175 0.194008420426 0.5)
(1.0265036019 0.197513081566 0.5)
(1.0360305187 0.201056850851 0.5)
(1.04566374537 0.204640164685 0.5)
(1.05540446821 0.208263464342 0.5)
(1.06525388674 0.211927196019 0.5)
(1.07521321391 0.215631810893 0.5)
(1.08528367616 0.219377765176 0.5)
(1.09546651364 0.223165520169 0.5)
(1.10576298033 0.226995542322 0.5)
(1.11617434421 0.230868303289 0.5)
(1.12670188741 0.23478427999 0.5)
(1.13734690636 0.238743954664 0.5)
(1.14811071196 0.242747814931 0.5)
(1.15899462973 0.246796353854 0.5)
(1.17 0.250890069998 0.5)
(0.5015 0.00455496494335 0.5)
(0.505168456756 0.00591186602618 0.5)
(0.508877849436 0.00728390862566 0.5)
(0.512628634839 0.0086712617044 0.5)
(0.516421274862 0.0100740961104 0.5)
(0.520256236557 0.0114925845982 0.5)
(0.524133992187 0.0129269018501 0.5)
(0.528055019284 0.0143772244975 0.5)
(0.532019800711 0.015843731143 0.5)
(0.536028824718 0.0173266023821 0.5)
(0.540082585002 0.0188260208256 0.5)
(0.544181580772 0.020342171122 0.5)
(0.548326316805 0.0218752399804 0.5)
(0.552517303511 0.0234254161931 0.5)
(0.556755056999 0.0249928906593 0.5)
(0.561040099132 0.0265778564085 0.5)
(0.5653729576 0.028180508624 0.5)
(0.569754165981 0.0298010446672 0.5)
(0.574184263806 0.0314396641019 0.5)
(0.578663796628 0.0330965687187 0.5)
(0.583193316085 0.0347719625602 0.5)
(0.587773379975 0.0364660519455 0.5)
(0.592404552316 0.0381790454964 0.5)
(0.597087403423 0.0399111541623 0.5)
(0.601822509974 0.041662591247 0.5)
(0.606610455081 0.043433572434 0.5)
(0.611451828365 0.0452243158142 0.5)
(0.616347226025 0.0470350419116 0.5)
(0.621297250913 0.0488659737114 0.5)
(0.626302512609 0.0507173366867 0.5)
(0.631363627495 0.0525893588271 0.5)
(0.63648121883 0.0544822706659 0.5)
(0.641655916829 0.0563963053091 0.5)
(0.646888358739 0.0583316984638 0.5)
(0.652179188919 0.0602886884675 0.5)
(0.657529058918 0.0622675163171 0.5)
(0.662938627553 0.0642684256987 0.5)
(0.668408560997 0.066291663018 0.5)
(0.673939532854 0.0683374774301 0.5)
(0.679532224245 0.0704061208702 0.5)
(0.685187323892 0.0724978480853 0.5)
(0.690905528201 0.0746129166646 0.5)
(0.696687541352 0.076751587072 0.5)
(0.70253407538 0.0789141226779 0.5)
(0.708445850267 0.0811007897914 0.5)
(0.71442359403 0.0833118576936 0.5)
(0.720468042807 0.0855475986703 0.5)
(0.726579940953 0.0878082880457 0.5)
(0.732760041128 0.0900942042164 0.5)
(0.739009104393 0.0924056286855 0.5)
(0.745327900297 0.0947428460975 0.5)
(0.751717206982 0.0971061442731 0.5)
(0.758177811269 0.0994958142448 0.5)
(0.76471050876 0.101912150293 0.5)
(0.771316103937 0.104355449981 0.5)
(0.777995410256 0.106826014193 0.5)
(0.784749250253 0.109324147173 0.5)
(0.791578455642 0.111850156555 0.5)
(0.798483867415 0.114404353411 0.5)
(0.805466335954 0.116987052282 0.5)
(0.812526721125 0.119598571218 0.5)
(0.819665892393 0.122239231819 0.5)
(0.826884728923 0.124909359275 0.5)
(0.834184119692 0.127609282403 0.5)
(0.841564963596 0.130339333689 0.5)
(0.849028169561 0.133099849331 0.5)
(0.856574656658 0.135891169276 0.5)
(0.864205354212 0.138713637268 0.5)
(0.871921201919 0.141567600884 0.5)
(0.879723149959 0.14445341158 0.5)
(0.887612159118 0.147371424734 0.5)
(0.895589200902 0.150321999691 0.5)
(0.903655257657 0.153305499804 0.5)
(0.911811322693 0.156322292481 0.5)
(0.920058400401 0.15937274923 0.5)
(0.928397506383 0.162457245707 0.5)
(0.936829667573 0.165576161755 0.5)
(0.945355922364 0.16872988146 0.5)
(0.953977320737 0.171918793192 0.5)
(0.962694924388 0.175143289655 0.5)
(0.971509806863 0.178403767935 0.5)
(0.980423053686 0.18170062955 0.5)
(0.989435762494 0.185034280497 0.5)
(0.998549043172 0.188405131305 0.5)
(1.00776401799 0.191813597084 0.5)
(1.01708182175 0.195260097573 0.5)
(1.0265036019 0.1987450572 0.5)
(1.0360305187 0.202268905126 0.5)
(1.04566374537 0.2058320753 0.5)
(1.05540446821 0.209435006515 0.5)
(1.06525388674 0.213078142462 0.5)
(1.07521321391 0.21676193178 0.5)
(1.08528367616 0.220486828117 0.5)
(1.09546651364 0.22425329018 0.5)
(1.10576298033 0.228061781798 0.5)
(1.11617434421 0.231912771973 0.5)
(1.12670188741 0.235806734944 0.5)
(1.13734690636 0.239744150238 0.5)
(1.14811071196 0.243725502736 0.5)
(1.15899462973 0.247751282729 0.5)
(1.17 0.251821985977 0.5)
(0.5015 0.00699428823907 0.5)
(0.505168456756 0.008343157712 0.5)
(0.508877849436 0.0097070790777 0.5)
(0.512628634839 0.0110862202987 0.5)
(0.516421274862 0.0124807512116 0.5)
(0.520256236557 0.0138908435486 0.5)
(0.524133992187 0.0153166709578 0.5)
(0.528055019284 0.0167584090254 0.5)
(0.532019800711 0.0182162352966 0.5)
(0.536028824718 0.019690329298 0.5)
(0.540082585002 0.0211808725596 0.5)
(0.544181580772 0.0226880486368 0.5)
(0.548326316805 0.0242120431336 0.5)
(0.552517303511 0.0257530437249 0.5)
(0.556755056999 0.02731124018 0.5)
(0.561040099132 0.0288868243856 0.5)
(0.5653729576 0.0304799903698 0.5)
(0.569754165981 0.032090934326 0.5)
(0.574184263806 0.0337198546365 0.5)
(0.578663796628 0.0353669518977 0.5)
(0.583193316085 0.0370324289443 0.5)
(0.587773379975 0.0387164908742 0.5)
(0.592404552316 0.0404193450744 0.5)
(0.597087403423 0.0421412012457 0.5)
(0.601822509974 0.0438822714291 0.5)
(0.606610455081 0.0456427700319 0.5)
(0.611451828365 0.0474229138536 0.5)
(0.616347226025 0.0492229221133 0.5)
(0.621297250913 0.0510430164761 0.5)
(0.626302512609 0.0528834210807 0.5)
(0.631363627495 0.054744362567 0.5)
(0.63648121883 0.0566260701038 0.5)
(0.641655916829 0.0585287754174 0.5)
(0.646888358739 0.0604527128198 0.5)
(0.652179188919 0.0623981192375 0.5)
(0.657529058918 0.0643652342411 0.5)
(0.662938627553 0.0663543000745 0.5)
(0.668408560997 0.0683655616845 0.5)
(0.673939532854 0.0703992667516 0.5)
(0.679532224245 0.0724556657199 0.5)
(0.685187323892 0.0745350118283 0.5)
(0.690905528201 0.0766375611415 0.5)
(0.696687541352 0.0787635725816 0.5)
(0.70253407538 0.0809133079602 0.5)
(0.708445850267 0.0830870320099 0.5)
(0.71442359403 0.0852850124181 0.5)
(0.720468042807 0.0875075198587 0.5)
(0.726579940953 0.0897548280265 0.5)
(0.732760041128 0.09202721367 0.5)
(0.739009104393 0.0943249566263 0.5)
(0.745327900297 0.0966483398548 0.5)
(0.751717206982 0.0989976494728 0.5)
(0.758177811269 0.10137317479 0.5)
(0.76471050876 0.103775208345 0.5)
(0.771316103937 0.10620404594 0.5)
(0.777995410256 0.108659986678 0.5)
(0.784749250253 0.111143333001 0.5)
(0.791578455642 0.113654390725 0.5)
(0.798483867415 0.116193469079 0.5)
(0.805466335954 0.118760880741 0.5)
(0.812526721125 0.12135694188 0.5)
(0.819665892393 0.123981972192 0.5)
(0.826884728923 0.126636294942 0.5)
(0.834184119692 0.129320237001 0.5)
(0.841564963596 0.132034128888 0.5)
(0.849028169561 0.134778304809 0.5)
(0.856574656658 0.137553102701 0.5)
(0.864205354212 0.140358864271 0.5)
(0.871921201919 0.143195935039 0.5)
(0.879723149959 0.146064664383 0.5)
(0.887612159118 0.148965405576 0.5)
(0.895589200902 0.151898515835 0.5)
(0.903655257657 0.154864356363 0.5)
(0.911811322693 0.157863292395 0.5)
(0.920058400401 0.160895693238 0.5)
(0.928397506383 0.163961932324 0.5)
(0.936829667573 0.16706238725 0.5)
(0.945355922364 0.170197439827 0.5)
(0.953977320737 0.173367476126 0.5)
(0.962694924388 0.176572886527 0.5)
(0.971509806863 0.179814065767 0.5)
(0.980423053686 0.183091412985 0.5)
(0.989435762494 0.186405331776 0.5)
(0.998549043172 0.189756230239 0.5)
(1.00776401799 0.193144521026 0.5)
(1.01708182175 0.196570621394 0.5)
(1.0265036019 0.200034953256 0.5)
(1.0360305187 0.203537943234 0.5)
(1.04566374537 0.207080022708 0.5)
(1.05540446821 0.210661627876 0.5)
(1.06525388674 0.214283199799 0.5)
(1.07521321391 0.217945184463 0.5)
(1.08528367616 0.22164803283 0.5)
(1.09546651364 0.225392200892 0.5)
(1.10576298033 0.229178149733 0.5)
(1.11617434421 0.233006345578 0.5)
(1.12670188741 0.23687725986 0.5)
(1.13734690636 0.240791369267 0.5)
(1.14811071196 0.24474915581 0.5)
(1.15899462973 0.248751106877 0.5)
(1.17 0.252797715296 0.5)
(0.5015 0.00954829451145 0.5)
(0.505168456756 0.0108887547743 0.5)
(0.508877849436 0.0122441730924 0.5)
(0.512628634839 0.0136147163812 0.5)
(0.516421274862 0.0150005534186 0.5)
(0.520256236557 0.0164018548659 0.5)
(0.524133992187 0.0178187932888 0.5)
(0.528055019284 0.0192515431789 0.5)
(0.532019800711 0.0207002809744 0.5)
(0.536028824718 0.0221651850828 0.5)
(0.540082585002 0.0236464359023 0.5)
(0.544181580772 0.0251442158441 0.5)
(0.548326316805 0.026658709355 0.5)
(0.552517303511 0.0281901029398 0.5)
(0.556755056999 0.0297385851849 0.5)
(0.561040099132 0.0313043467806 0.5)
(0.5653729576 0.0328875805456 0.5)
(0.569754165981 0.0344884814498 0.5)
(0.574184263806 0.0361072466391 0.5)
(0.578663796628 0.037744075459 0.5)
(0.583193316085 0.0393991694799 0.5)
(0.587773379975 0.0410727325211 0.5)
(0.592404552316 0.0427649706765 0.5)
(0.597087403423 0.0444760923397 0.5)
(0.601822509974 0.0462063082298 0.5)
(0.606610455081 0.0479558314173 0.5)
(0.611451828365 0.0497248773503 0.5)
(0.616347226025 0.051513663881 0.5)
(0.621297250913 0.0533224112928 0.5)
(0.626302512609 0.0551513423269 0.5)
(0.631363627495 0.0570006822103 0.5)
(0.63648121883 0.0588706586833 0.5)
(0.641655916829 0.0607615020273 0.5)
(0.646888358739 0.0626734450935 0.5)
(0.652179188919 0.0646067233316 0.5)
(0.657529058918 0.0665615748185 0.5)
(0.662938627553 0.0685382402879 0.5)
(0.668408560997 0.0705369631595 0.5)
(0.673939532854 0.0725579895698 0.5)
(0.679532224245 0.0746015684015 0.5)
(0.685187323892 0.0766679513147 0.5)
(0.690905528201 0.0787573927778 0.5)
(0.696687541352 0.0808701500987 0.5)
(0.70253407538 0.0830064834566 0.5)
(0.708445850267 0.0851666559341 0.5)
(0.71442359403 0.0873509335494 0.5)
(0.720468042807 0.0895595852891 0.5)
(0.726579940953 0.0917928831417 0.5)
(0.732760041128 0.0940511021303 0.5)
(0.739009104393 0.0963345203475 0.5)
(0.745327900297 0.0986434189888 0.5)
(0.751717206982 0.100978082387 0.5)
(0.758177811269 0.10333879805 0.5)
(0.76471050876 0.10572585669 0.5)
(0.771316103937 0.108139552267 0.5)
(0.777995410256 0.11058018202 0.5)
(0.784749250253 0.113048046503 0.5)
(0.791578455642 0.115543449627 0.5)
(0.798483867415 0.118066698693 0.5)
(0.805466335954 0.120618104429 0.5)
(0.812526721125 0.123197981035 0.5)
(0.819665892393 0.125806646212 0.5)
(0.826884728923 0.12844442121 0.5)
(0.834184119692 0.131111630862 0.5)
(0.841564963596 0.133808603627 0.5)
(0.849028169561 0.136535671627 0.5)
(0.856574656658 0.139293170693 0.5)
(0.864205354212 0.142081440401 0.5)
(0.871921201919 0.144900824118 0.5)
(0.879723149959 0.147751669042 0.5)
(0.887612159118 0.150634326245 0.5)
(0.895589200902 0.153549150717 0.5)
(0.903655257657 0.156496501408 0.5)
(0.911811322693 0.159476741277 0.5)
(0.920058400401 0.162490237329 0.5)
(0.928397506383 0.165537360668 0.5)
(0.936829667573 0.168618486535 0.5)
(0.945355922364 0.171733994363 0.5)
(0.953977320737 0.174884267815 0.5)
(0.962694924388 0.178069694837 0.5)
(0.971509806863 0.181290667706 0.5)
(0.980423053686 0.184547583072 0.5)
(0.989435762494 0.187840842014 0.5)
(0.998549043172 0.191170850087 0.5)
(1.00776401799 0.194538017371 0.5)
(1.01708182175 0.19794275852 0.5)
(1.0265036019 0.201385492819 0.5)
(1.0360305187 0.204866644228 0.5)
(1.04566374537 0.208386641439 0.5)
(1.05540446821 0.21194591793 0.5)
(1.06525388674 0.215544912014 0.5)
(1.07521321391 0.219184066894 0.5)
(1.08528367616 0.222863830722 0.5)
(1.09546651364 0.226584656647 0.5)
(1.10576298033 0.230347002878 0.5)
(1.11617434421 0.234151332736 0.5)
(1.12670188741 0.237998114711 0.5)
(1.13734690636 0.241887822522 0.5)
(1.14811071196 0.245820935173 0.5)
(1.15899462973 0.249797937016 0.5)
(1.17 0.253819317805 0.5)
(0.5015 0.0122223754956 0.5)
(0.505168456756 0.0135540311956 0.5)
(0.508877849436 0.0149005467017 0.5)
(0.512628634839 0.0162620878329 0.5)
(0.516421274862 0.0176388222585 0.5)
(0.520256236557 0.019030919519 0.5)
(0.524133992187 0.0204385510466 0.5)
(0.528055019284 0.0218618901866 0.5)
(0.532019800711 0.0233011122185 0.5)
(0.536028824718 0.0247563943779 0.5)
(0.540082585002 0.0262279158781 0.5)
(0.544181580772 0.0277158579321 0.5)
(0.548326316805 0.0292204037752 0.5)
(0.552517303511 0.0307417386874 0.5)
(0.556755056999 0.032280050016 0.5)
(0.561040099132 0.0338355271992 0.5)
(0.5653729576 0.0354083617889 0.5)
(0.569754165981 0.0369987474745 0.5)
(0.574184263806 0.038606880107 0.5)
(0.578663796628 0.0402329577226 0.5)
(0.583193316085 0.0418771805675 0.5)
(0.587773379975 0.0435397511225 0.5)
(0.592404552316 0.0452208741276 0.5)
(0.597087403423 0.0469207566078 0.5)
(0.601822509974 0.048639607898 0.5)
(0.606610455081 0.0503776396692 0.5)
(0.611451828365 0.0521350659545 0.5)
(0.616347226025 0.053912103175 0.5)
(0.621297250913 0.0557089701672 0.5)
(0.626302512609 0.0575258882094 0.5)
(0.631363627495 0.0593630810493 0.5)
(0.63648121883 0.061220774931 0.5)
(0.641655916829 0.0630991986237 0.5)
(0.646888358739 0.0649985834491 0.5)
(0.652179188919 0.0669191633102 0.5)
(0.657529058918 0.0688611747202 0.5)
(0.662938627553 0.0708248568316 0.5)
(0.668408560997 0.0728104514654 0.5)
(0.673939532854 0.0748182031412 0.5)
(0.679532224245 0.076848359107 0.5)
(0.685187323892 0.07890116937 0.5)
(0.690905528201 0.0809768867272 0.5)
(0.696687541352 0.0830757667962 0.5)
(0.70253407538 0.0851980680476 0.5)
(0.708445850267 0.0873440518356 0.5)
(0.71442359403 0.0895139824314 0.5)
(0.720468042807 0.0917081270547 0.5)
(0.726579940953 0.0939267559074 0.5)
(0.732760041128 0.0961701422065 0.5)
(0.739009104393 0.0984385622176 0.5)
(0.745327900297 0.100732295289 0.5)
(0.751717206982 0.103051623888 0.5)
(0.758177811269 0.10539683363 0.5)
(0.76471050876 0.107768213322 0.5)
(0.771316103937 0.11016605499 0.5)
(0.777995410256 0.112590653922 0.5)
(0.784749250253 0.115042308698 0.5)
(0.791578455642 0.117521321233 0.5)
(0.798483867415 0.120027996808 0.5)
(0.805466335954 0.122562644113 0.5)
(0.812526721125 0.125125575281 0.5)
(0.819665892393 0.127717105928 0.5)
(0.826884728923 0.130337555194 0.5)
(0.834184119692 0.132987245778 0.5)
(0.841564963596 0.135666503981 0.5)
(0.849028169561 0.138375659744 0.5)
(0.856574656658 0.141115046692 0.5)
(0.864205354212 0.143885002172 0.5)
(0.871921201919 0.146685867293 0.5)
(0.879723149959 0.149517986975 0.5)
(0.887612159118 0.152381709982 0.5)
(0.895589200902 0.155277388974 0.5)
(0.903655257657 0.158205380543 0.5)
(0.911811322693 0.161166045263 0.5)
(0.920058400401 0.164159747729 0.5)
(0.928397506383 0.167186856607 0.5)
(0.936829667573 0.170247744675 0.5)
(0.945355922364 0.173342788871 0.5)
(0.953977320737 0.17647237034 0.5)
(0.962694924388 0.179636874481 0.5)
(0.971509806863 0.18283669099 0.5)
(0.980423053686 0.186072213916 0.5)
(0.989435762494 0.189343841702 0.5)
(0.998549043172 0.19265197724 0.5)
(1.00776401799 0.195997027914 0.5)
(1.01708182175 0.199379405657 0.5)
(1.0265036019 0.202799526998 0.5)
(1.0360305187 0.206257813114 0.5)
(1.04566374537 0.209754689882 0.5)
(1.05540446821 0.21329058793 0.5)
(1.06525388674 0.216865942693 0.5)
(1.07521321391 0.220481194464 0.5)
(1.08528367616 0.22413678845 0.5)
(1.09546651364 0.227833174826 0.5)
(1.10576298033 0.231570808788 0.5)
(1.11617434421 0.235350150616 0.5)
(1.12670188741 0.239171665722 0.5)
(1.13734690636 0.243035824713 0.5)
(1.14811071196 0.246943103449 0.5)
(1.15899462973 0.250893983098 0.5)
(1.17 0.254888950198 0.5)
(0.5015 0.0150221764152 0.5)
(0.505168456756 0.0163446136123 0.5)
(0.508877849436 0.0176818077472 0.5)
(0.512628634839 0.0190339234911 0.5)
(0.516421274862 0.0204011273524 0.5)
(0.520256236557 0.0217835876981 0.5)
(0.524133992187 0.0231814747735 0.5)
(0.528055019284 0.024594960724 0.5)
(0.532019800711 0.0260242196158 0.5)
(0.536028824718 0.0274694274574 0.5)
(0.540082585002 0.0289307622215 0.5)
(0.544181580772 0.0304084038667 0.5)
(0.548326316805 0.0319025343598 0.5)
(0.552517303511 0.0334133376982 0.5)
(0.556755056999 0.0349409999324 0.5)
(0.561040099132 0.0364857091889 0.5)
(0.5653729576 0.0380476556938 0.5)
(0.569754165981 0.0396270317957 0.5)
(0.574184263806 0.0412240319896 0.5)
(0.578663796628 0.042838852941 0.5)
(0.583193316085 0.0444716935097 0.5)
(0.587773379975 0.0461227547748 0.5)
(0.592404552316 0.0477922400592 0.5)
(0.597087403423 0.0494803549544 0.5)
(0.601822509974 0.0511873073465 0.5)
(0.606610455081 0.0529133074411 0.5)
(0.611451828365 0.0546585677893 0.5)
(0.616347226025 0.0564233033146 0.5)
(0.621297250913 0.0582077313381 0.5)
(0.626302512609 0.0600120716066 0.5)
(0.631363627495 0.0618365463186 0.5)
(0.63648121883 0.0636813801522 0.5)
(0.641655916829 0.0655468002929 0.5)
(0.646888358739 0.0674330364609 0.5)
(0.652179188919 0.0693403209403 0.5)
(0.657529058918 0.0712688886067 0.5)
(0.662938627553 0.0732189769573 0.5)
(0.668408560997 0.0751908261389 0.5)
(0.673939532854 0.0771846789783 0.5)
(0.679532224245 0.0792007810122 0.5)
(0.685187323892 0.081239380517 0.5)
(0.690905528201 0.0833007285395 0.5)
(0.696687541352 0.085385078928 0.5)
(0.70253407538 0.0874926883636 0.5)
(0.708445850267 0.0896238163915 0.5)
(0.71442359403 0.0917787254532 0.5)
(0.720468042807 0.0939576809188 0.5)
(0.726579940953 0.0961609511196 0.5)
(0.732760041128 0.0983888073811 0.5)
(0.739009104393 0.100641524057 0.5)
(0.745327900297 0.102919378561 0.5)
(0.751717206982 0.105222651404 0.5)
(0.758177811269 0.107551626228 0.5)
(0.76471050876 0.109906589836 0.5)
(0.771316103937 0.112287832236 0.5)
(0.777995410256 0.11469564667 0.5)
(0.784749250253 0.117130329653 0.5)
(0.791578455642 0.119592181007 0.5)
(0.798483867415 0.122081503901 0.5)
(0.805466335954 0.124598604889 0.5)
(0.812526721125 0.127143793942 0.5)
(0.819665892393 0.129717384492 0.5)
(0.826884728923 0.132319693469 0.5)
(0.834184119692 0.134951041338 0.5)
(0.841564963596 0.137611752142 0.5)
(0.849028169561 0.140302153538 0.5)
(0.856574656658 0.143022576841 0.5)
(0.864205354212 0.145773357062 0.5)
(0.871921201919 0.14855483295 0.5)
(0.879723149959 0.151367347036 0.5)
(0.887612159118 0.154211245671 0.5)
(0.895589200902 0.157086879072 0.5)
(0.903655257657 0.159994601364 0.5)
(0.911811322693 0.162934770624 0.5)
(0.920058400401 0.165907748923 0.5)
(0.928397506383 0.168913902376 0.5)
(0.936829667573 0.171953601178 0.5)
(0.945355922364 0.175027219661 0.5)
(0.953977320737 0.178135136329 0.5)
(0.962694924388 0.181277733913 0.5)
(0.971509806863 0.184455399414 0.5)
(0.980423053686 0.18766852415 0.5)
(0.989435762494 0.190917503807 0.5)
(0.998549043172 0.194202738487 0.5)
(1.00776401799 0.197524632756 0.5)
(1.01708182175 0.200883595694 0.5)
(1.0265036019 0.204280040946 0.5)
(1.0360305187 0.207714386775 0.5)
(1.04566374537 0.211187056107 0.5)
(1.05540446821 0.214698476593 0.5)
(1.06525388674 0.21824908065 0.5)
(1.07521321391 0.221839305525 0.5)
(1.08528367616 0.225469593343 0.5)
(1.09546651364 0.229140391161 0.5)
(1.10576298033 0.232852151026 0.5)
(1.11617434421 0.23660533003 0.5)
(1.12670188741 0.240400390364 0.5)
(1.13734690636 0.244237799377 0.5)
(1.14811071196 0.248118029635 0.5)
(1.15899462973 0.252041558975 0.5)
(1.17 0.256008870566 0.5)
(0.5015 0.0179536078997 0.5)
(0.505168456756 0.0192663931929 0.5)
(0.508877849436 0.0205938277193 0.5)
(0.512628634839 0.0219360749482 0.5)
(0.516421274862 0.0232933001728 0.5)
(0.520256236557 0.0246656705313 0.5)
(0.524133992187 0.0260533550264 0.5)
(0.528055019284 0.027456524547 0.5)
(0.532019800711 0.0288753518889 0.5)
(0.536028824718 0.0303100117761 0.5)
(0.540082585002 0.0317606808823 0.5)
(0.544181580772 0.0332275378526 0.5)
(0.548326316805 0.0347107633258 0.5)
(0.552517303511 0.0362105399563 0.5)
(0.556755056999 0.0377270524367 0.5)
(0.561040099132 0.0392604875206 0.5)
(0.5653729576 0.0408110340454 0.5)
(0.569754165981 0.0423788829561 0.5)
(0.574184263806 0.0439642273281 0.5)
(0.578663796628 0.0455672623915 0.5)
(0.583193316085 0.0471881855547 0.5)
(0.587773379975 0.0488271964293 0.5)
(0.592404552316 0.050484496854 0.5)
(0.597087403423 0.0521602909201 0.5)
(0.601822509974 0.0538547849962 0.5)
(0.606610455081 0.0555681877537 0.5)
(0.611451828365 0.0573007101925 0.5)
(0.616347226025 0.0590525656673 0.5)
(0.621297250913 0.0608239699134 0.5)
(0.626302512609 0.0626151410733 0.5)
(0.631363627495 0.0644262997241 0.5)
(0.63648121883 0.066257668904 0.5)
(0.641655916829 0.0681094741403 0.5)
(0.646888358739 0.0699819434767 0.5)
(0.652179188919 0.0718753075017 0.5)
(0.657529058918 0.073789799377 0.5)
(0.662938627553 0.0757256548661 0.5)
(0.668408560997 0.0776831123632 0.5)
(0.673939532854 0.0796624129229 0.5)
(0.679532224245 0.0816638002897 0.5)
(0.685187323892 0.0836875209278 0.5)
(0.690905528201 0.0857338240521 0.5)
(0.696687541352 0.0878029616579 0.5)
(0.70253407538 0.0898951885529 0.5)
(0.708445850267 0.0920107623882 0.5)
(0.71442359403 0.0941499436896 0.5)
(0.720468042807 0.0963129958904 0.5)
(0.726579940953 0.0985001853636 0.5)
(0.732760041128 0.100711781454 0.5)
(0.739009104393 0.102948056514 0.5)
(0.745327900297 0.105209285931 0.5)
(0.751717206982 0.107495748171 0.5)
(0.758177811269 0.109807724802 0.5)
(0.76471050876 0.112145500538 0.5)
(0.771316103937 0.114509363267 0.5)
(0.777995410256 0.116899604093 0.5)
(0.784749250253 0.119316517364 0.5)
(0.791578455642 0.121760400718 0.5)
(0.798483867415 0.124231555108 0.5)
(0.805466335954 0.126730284851 0.5)
(0.812526721125 0.129256897657 0.5)
(0.819665892393 0.13181170467 0.5)
(0.826884728923 0.134395020506 0.5)
(0.834184119692 0.137007163291 0.5)
(0.841564963596 0.139648454704 0.5)
(0.849028169561 0.142319220011 0.5)
(0.856574656658 0.145019788106 0.5)
(0.864205354212 0.147750491558 0.5)
(0.871921201919 0.150511666642 0.5)
(0.879723149959 0.15330365339 0.5)
(0.887612159118 0.156126795624 0.5)
(0.895589200902 0.158981441006 0.5)
(0.903655257657 0.161867941075 0.5)
(0.911811322693 0.164786651296 0.5)
(0.920058400401 0.167737931098 0.5)
(0.928397506383 0.170722143921 0.5)
(0.936829667573 0.173739657261 0.5)
(0.945355922364 0.176790842716 0.5)
(0.953977320737 0.179876076029 0.5)
(0.962694924388 0.182995737136 0.5)
(0.971509806863 0.186150210214 0.5)
(0.980423053686 0.189339883725 0.5)
(0.989435762494 0.192565150469 0.5)
(0.998549043172 0.195826407625 0.5)
(1.00776401799 0.199124056807 0.5)
(1.01708182175 0.20245850411 0.5)
(1.0265036019 0.20583016016 0.5)
(1.0360305187 0.209239440166 0.5)
(1.04566374537 0.21268676397 0.5)
(1.05540446821 0.216172556097 0.5)
(1.06525388674 0.219697245813 0.5)
(1.07521321391 0.223261267171 0.5)
(1.08528367616 0.22686505907 0.5)
(1.09546651364 0.230509065303 0.5)
(1.10576298033 0.234193734619 0.5)
(1.11617434421 0.237919520773 0.5)
(1.12670188741 0.241686882584 0.5)
(1.13734690636 0.245496283989 0.5)
(1.14811071196 0.249348194105 0.5)
(1.15899462973 0.25324308728 0.5)
(1.17 0.25718144316 0.5)
(0.5015 0.0210228584626 0.5)
(0.505168456756 0.0223255380748 0.5)
(0.508877849436 0.0236427541519 0.5)
(0.512628634839 0.0249746689049 0.5)
(0.516421274862 0.0263214463547 0.5)
(0.520256236557 0.0276832523526 0.5)
(0.524133992187 0.0290602546006 0.5)
(0.528055019284 0.030452622672 0.5)
(0.532019800711 0.0318605280325 0.5)
(0.536028824718 0.033284144061 0.5)
(0.540082585002 0.0347236460713 0.5)
(0.544181580772 0.0361792113333 0.5)
(0.548326316805 0.0376510190951 0.5)
(0.552517303511 0.0391392506052 0.5)
(0.556755056999 0.0406440891344 0.5)
(0.561040099132 0.0421657199987 0.5)
(0.5653729576 0.043704330582 0.5)
(0.569754165981 0.0452601103591 0.5)
(0.574184263806 0.0468332509194 0.5)
(0.578663796628 0.0484239459899 0.5)
(0.583193316085 0.0500323914597 0.5)
(0.587773379975 0.0516587854035 0.5)
(0.592404552316 0.0533033281065 0.5)
(0.597087403423 0.0549662220888 0.5)
(0.601822509974 0.0566476721303 0.5)
(0.606610455081 0.0583478852963 0.5)
(0.611451828365 0.0600670709624 0.5)
(0.616347226025 0.0618054408408 0.5)
(0.621297250913 0.063563209006 0.5)
(0.626302512609 0.0653405919216 0.5)
(0.631363627495 0.0671378084664 0.5)
(0.63648121883 0.0689550799619 0.5)
(0.641655916829 0.0707926301991 0.5)
(0.646888358739 0.0726506854665 0.5)
(0.652179188919 0.0745294745773 0.5)
(0.657529058918 0.0764292288986 0.5)
(0.662938627553 0.0783501823787 0.5)
(0.668408560997 0.080292571577 0.5)
(0.673939532854 0.0822566356923 0.5)
(0.679532224245 0.0842426165928 0.5)
(0.685187323892 0.0862507588455 0.5)
(0.690905528201 0.0882813097467 0.5)
(0.696687541352 0.0903345193521 0.5)
(0.70253407538 0.0924106405079 0.5)
(0.708445850267 0.0945099288816 0.5)
(0.71442359403 0.0966326429937 0.5)
(0.720468042807 0.0987790442496 0.5)
(0.726579940953 0.100949396972 0.5)
(0.732760041128 0.103143968432 0.5)
(0.739009104393 0.105363028884 0.5)
(0.745327900297 0.1076068516 0.5)
(0.751717206982 0.109875712897 0.5)
(0.758177811269 0.112169892179 0.5)
(0.76471050876 0.114489671966 0.5)
(0.771316103937 0.116835337933 0.5)
(0.777995410256 0.11920717894 0.5)
(0.784749250253 0.121605487071 0.5)
(0.791578455642 0.124030557671 0.5)
(0.798483867415 0.126482689379 0.5)
(0.805466335954 0.128962184167 0.5)
(0.812526721125 0.131469347377 0.5)
(0.819665892393 0.134004487758 0.5)
(0.826884728923 0.136567917505 0.5)
(0.834184119692 0.139159952294 0.5)
(0.841564963596 0.141780911328 0.5)
(0.849028169561 0.144431117368 0.5)
(0.856574656658 0.147110896779 0.5)
(0.864205354212 0.149820579566 0.5)
(0.871921201919 0.15256049942 0.5)
(0.879723149959 0.155330993751 0.5)
(0.887612159118 0.158132403738 0.5)
(0.895589200902 0.160965074364 0.5)
(0.903655257657 0.163829354465 0.5)
(0.911811322693 0.166725596766 0.5)
(0.920058400401 0.16965415793 0.5)
(0.928397506383 0.172615398602 0.5)
(0.936829667573 0.175609683446 0.5)
(0.945355922364 0.178637381201 0.5)
(0.953977320737 0.181698864717 0.5)
(0.962694924388 0.184794511007 0.5)
(0.971509806863 0.187924701287 0.5)
(0.980423053686 0.191089821033 0.5)
(0.989435762494 0.194290260017 0.5)
(0.998549043172 0.197526412364 0.5)
(1.00776401799 0.200798676595 0.5)
(1.01708182175 0.204107455678 0.5)
(1.0265036019 0.20745315708 0.5)
(1.0360305187 0.210836192812 0.5)
(1.04566374537 0.214256979485 0.5)
(1.05540446821 0.217715938357 0.5)
(1.06525388674 0.221213495388 0.5)
(1.07521321391 0.22475008129 0.5)
(1.08528367616 0.228326131583 0.5)
(1.09546651364 0.231942086646 0.5)
(1.10576298033 0.235598391771 0.5)
(1.11617434421 0.239295497221 0.5)
(1.12670188741 0.243033858282 0.5)
(1.13734690636 0.246813935322 0.5)
(1.14811071196 0.250636193845 0.5)
(1.15899462973 0.254501104549 0.5)
(1.17 0.258409143385 0.5)
(0.5015 0.0242364075658 0.5)
(0.505168456756 0.0255285063858 0.5)
(0.508877849436 0.0268350236008 0.5)
(0.512628634839 0.0281561201042 0.5)
(0.516421274862 0.0294919585847 0.5)
(0.520256236557 0.0308427035465 0.5)
(0.524133992187 0.0322085213295 0.5)
(0.528055019284 0.0335895801296 0.5)
(0.532019800711 0.0349860500198 0.5)
(0.536028824718 0.0363981029708 0.5)
(0.540082585002 0.0378259128725 0.5)
(0.544181580772 0.0392696555548 0.5)
(0.548326316805 0.0407295088101 0.5)
(0.552517303511 0.0422056524145 0.5)
(0.556755056999 0.0436982681503 0.5)
(0.561040099132 0.0452075398284 0.5)
(0.5653729576 0.0467336533106 0.5)
(0.569754165981 0.0482767965328 0.5)
(0.574184263806 0.0498371595282 0.5)
(0.578663796628 0.0514149344503 0.5)
(0.583193316085 0.0530103155971 0.5)
(0.587773379975 0.0546234994345 0.5)
(0.592404552316 0.0562546846209 0.5)
(0.597087403423 0.0579040720315 0.5)
(0.601822509974 0.0595718647829 0.5)
(0.606610455081 0.0612582682585 0.5)
(0.611451828365 0.0629634901333 0.5)
(0.616347226025 0.0646877404 0.5)
(0.621297250913 0.0664312313942 0.5)
(0.626302512609 0.0681941778213 0.5)
(0.631363627495 0.0699767967824 0.5)
(0.63648121883 0.0717793078013 0.5)
(0.641655916829 0.0736019328513 0.5)
(0.646888358739 0.0754448963827 0.5)
(0.652179188919 0.0773084253507 0.5)
(0.657529058918 0.0791927492427 0.5)
(0.662938627553 0.081098100107 0.5)
(0.668408560997 0.0830247125815 0.5)
(0.673939532854 0.0849728239223 0.5)
(0.679532224245 0.0869426740329 0.5)
(0.685187323892 0.0889345054939 0.5)
(0.690905528201 0.090948563593 0.5)
(0.696687541352 0.0929850963549 0.5)
(0.70253407538 0.095044354572 0.5)
(0.708445850267 0.0971265918352 0.5)
(0.71442359403 0.0992320645654 0.5)
(0.720468042807 0.101361032045 0.5)
(0.726579940953 0.103513756448 0.5)
(0.732760041128 0.105690502877 0.5)
(0.739009104393 0.107891539391 0.5)
(0.745327900297 0.11011713704 0.5)
(0.751717206982 0.1123675699 0.5)
(0.758177811269 0.114643115104 0.5)
(0.76471050876 0.116944052877 0.5)
(0.771316103937 0.119270666573 0.5)
(0.777995410256 0.121623242708 0.5)
(0.784749250253 0.124002070992 0.5)
(0.791578455642 0.126407444371 0.5)
(0.798483867415 0.128839659059 0.5)
(0.805466335954 0.131299014575 0.5)
(0.812526721125 0.133785813781 0.5)
(0.819665892393 0.136300362919 0.5)
(0.826884728923 0.138842971645 0.5)
(0.834184119692 0.141413953076 0.5)
(0.841564963596 0.144013623819 0.5)
(0.849028169561 0.146642304014 0.5)
(0.856574656658 0.149300317375 0.5)
(0.864205354212 0.151987991228 0.5)
(0.871921201919 0.154705656552 0.5)
(0.879723149959 0.157453648017 0.5)
(0.887612159118 0.160232304031 0.5)
(0.895589200902 0.163041966775 0.5)
(0.903655257657 0.165882982251 0.5)
(0.911811322693 0.168755700319 0.5)
(0.920058400401 0.171660474747 0.5)
(0.928397506383 0.174597663248 0.5)
(0.936829667573 0.177567627527 0.5)
(0.945355922364 0.180570733325 0.5)
(0.953977320737 0.183607350465 0.5)
(0.962694924388 0.186677852897 0.5)
(0.971509806863 0.189782618744 0.5)
(0.980423053686 0.192922030346 0.5)
(0.989435762494 0.196096474312 0.5)
(0.998549043172 0.199306341565 0.5)
(1.00776401799 0.20255202739 0.5)
(1.01708182175 0.205833931482 0.5)
(1.0265036019 0.209152457997 0.5)
(1.0360305187 0.212508015601 0.5)
(1.04566374537 0.21590101752 0.5)
(1.05540446821 0.21933188159 0.5)
(1.06525388674 0.222801030313 0.5)
(1.07521321391 0.226308890901 0.5)
(1.08528367616 0.229855895338 0.5)
(1.09546651364 0.233442480424 0.5)
(1.10576298033 0.237069087837 0.5)
(1.11617434421 0.240736164181 0.5)
(1.12670188741 0.244444161045 0.5)
(1.13734690636 0.248193535056 0.5)
(1.14811071196 0.251984747938 0.5)
(1.15899462973 0.255818266566 0.5)
(1.17 0.259694563026 0.5)
(0.5015 0.027601039298 0.5)
(0.505168456756 0.0288820598778 0.5)
(0.508877849436 0.0301773752316 0.5)
(0.512628634839 0.0314871448735 0.5)
(0.516421274862 0.0328115300972 0.5)
(0.520256236557 0.0341506939964 0.5)
(0.524133992187 0.035504801485 0.5)
(0.528055019284 0.0368740193169 0.5)
(0.532019800711 0.0382585161066 0.5)
(0.536028824718 0.0396584623507 0.5)
(0.540082585002 0.0410740304478 0.5)
(0.544181580772 0.0425053947207 0.5)
(0.548326316805 0.0439527314371 0.5)
(0.552517303511 0.0454162188319 0.5)
(0.556755056999 0.0468960371288 0.5)
(0.561040099132 0.0483923685627 0.5)
(0.5653729576 0.0499053974019 0.5)
(0.569754165981 0.0514353099709 0.5)
(0.574184263806 0.0529822946737 0.5)
(0.578663796628 0.0545465420162 0.5)
(0.583193316085 0.0561282446305 0.5)
(0.587773379975 0.0577275972982 0.5)
(0.592404552316 0.0593447969743 0.5)
(0.597087403423 0.0609800428117 0.5)
(0.601822509974 0.0626335361856 0.5)
(0.606610455081 0.0643054807185 0.5)
(0.611451828365 0.0659960823047 0.5)
(0.616347226025 0.0677055491365 0.5)
(0.621297250913 0.0694340917291 0.5)
(0.626302512609 0.071181922947 0.5)
(0.631363627495 0.0729492580298 0.5)
(0.63648121883 0.0747363146191 0.5)
(0.641655916829 0.0765433127853 0.5)
(0.646888358739 0.0783704750541 0.5)
(0.652179188919 0.0802180264349 0.5)
(0.657529058918 0.0820861944474 0.5)
(0.662938627553 0.0839752091505 0.5)
(0.668408560997 0.0858853031703 0.5)
(0.673939532854 0.0878167117286 0.5)
(0.679532224245 0.0897696726722 0.5)
(0.685187323892 0.0917444265018 0.5)
(0.690905528201 0.0937412164019 0.5)
(0.696687541352 0.0957602882709 0.5)
(0.70253407538 0.0978018907507 0.5)
(0.708445850267 0.0998662752581 0.5)
(0.71442359403 0.101953696015 0.5)
(0.720468042807 0.104064410082 0.5)
(0.726579940953 0.106198677385 0.5)
(0.732760041128 0.108356760752 0.5)
(0.739009104393 0.110538925945 0.5)
(0.745327900297 0.112745441691 0.5)
(0.751717206982 0.114976579714 0.5)
(0.758177811269 0.117232614771 0.5)
(0.76471050876 0.119513824687 0.5)
(0.771316103937 0.121820490385 0.5)
(0.777995410256 0.124152895923 0.5)
(0.784749250253 0.126511328529 0.5)
(0.791578455642 0.128896078637 0.5)
(0.798483867415 0.131307439921 0.5)
(0.805466335954 0.133745709332 0.5)
(0.812526721125 0.136211187136 0.5)
(0.819665892393 0.138704176948 0.5)
(0.826884728923 0.14122498577 0.5)
(0.834184119692 0.143773924034 0.5)
(0.841564963596 0.146351305632 0.5)
(0.849028169561 0.148957447961 0.5)
(0.856574656658 0.151592671958 0.5)
(0.864205354212 0.154257302143 0.5)
(0.871921201919 0.156951666656 0.5)
(0.879723149959 0.1596760973 0.5)
(0.887612159118 0.16243092958 0.5)
(0.895589200902 0.165216502743 0.5)
(0.903655257657 0.168033159825 0.5)
(0.911811322693 0.170881247687 0.5)
(0.920058400401 0.173761117062 0.5)
(0.928397506383 0.176673122598 0.5)
(0.936829667573 0.179617622897 0.5)
(0.945355922364 0.182594980566 0.5)
(0.953977320737 0.185605562256 0.5)
(0.962694924388 0.188649738711 0.5)
(0.971509806863 0.191727884812 0.5)
(0.980423053686 0.194840379621 0.5)
(0.989435762494 0.197987606434 0.5)
(0.998549043172 0.201169952819 0.5)
(1.00776401799 0.204387810674 0.5)
(1.01708182175 0.207641576266 0.5)
(1.0265036019 0.210931650287 0.5)
(1.0360305187 0.214258437899 0.5)
(1.04566374537 0.217622348783 0.5)
(1.05540446821 0.221023797197 0.5)
(1.06525388674 0.224463202015 0.5)
(1.07521321391 0.227940986791 0.5)
(1.08528367616 0.231457579802 0.5)
(1.09546651364 0.235013414105 0.5)
(1.10576298033 0.238608927589 0.5)
(1.11617434421 0.242244563031 0.5)
(1.12670188741 0.245920768146 0.5)
(1.13734690636 0.249637995649 0.5)
(1.14811071196 0.253396703302 0.5)
(1.15899462973 0.25719735398 0.5)
(1.17 0.261040415719 0.5)
(0.5015 0.0311238566972 0.5)
(0.505168456756 0.0323932782015 0.5)
(0.508877849436 0.033676865047 0.5)
(0.512628634839 0.0349747753032 0.5)
(0.516421274862 0.0362871688037 0.5)
(0.520256236557 0.0376142071654 0.5)
(0.524133992187 0.0389560538089 0.5)
(0.528055019284 0.040312873978 0.5)
(0.532019800711 0.0416848347609 0.5)
(0.536028824718 0.0430721051101 0.5)
(0.540082585002 0.0444748558634 0.5)
(0.544181580772 0.045893259765 0.5)
(0.548326316805 0.0473274914868 0.5)
(0.552517303511 0.0487777276497 0.5)
(0.556755056999 0.0502441468456 0.5)
(0.561040099132 0.0517269296593 0.5)
(0.5653729576 0.0532262586906 0.5)
(0.569754165981 0.0547423185772 0.5)
(0.574184263806 0.0562752960167 0.5)
(0.578663796628 0.0578253797905 0.5)
(0.583193316085 0.0593927607864 0.5)
(0.587773379975 0.0609776320221 0.5)
(0.592404552316 0.0625801886694 0.5)
(0.597087403423 0.0642006280781 0.5)
(0.601822509974 0.0658391497999 0.5)
(0.606610455081 0.0674959556136 0.5)
(0.611451828365 0.0691712495492 0.5)
(0.616347226025 0.0708652379139 0.5)
(0.621297250913 0.0725781293169 0.5)
(0.626302512609 0.0743101346951 0.5)
(0.631363627495 0.0760614673394 0.5)
(0.63648121883 0.0778323429207 0.5)
(0.641655916829 0.0796229795166 0.5)
(0.646888358739 0.0814335976383 0.5)
(0.652179188919 0.0832644202573 0.5)
(0.657529058918 0.0851156728337 0.5)
(0.662938627553 0.0869875833431 0.5)
(0.668408560997 0.0888803823052 0.5)
(0.673939532854 0.0907943028122 0.5)
(0.679532224245 0.0927295805571 0.5)
(0.685187323892 0.094686453863 0.5)
(0.690905528201 0.0966651637127 0.5)
(0.696687541352 0.0986659537777 0.5)
(0.70253407538 0.100689070449 0.5)
(0.708445850267 0.102734762866 0.5)
(0.71442359403 0.104803282951 0.5)
(0.720468042807 0.106894885434 0.5)
(0.726579940953 0.109009827889 0.5)
(0.732760041128 0.111148370765 0.5)
(0.739009104393 0.113310777416 0.5)
(0.745327900297 0.115497314136 0.5)
(0.751717206982 0.117708250189 0.5)
(0.758177811269 0.119943857846 0.5)
(0.76471050876 0.122204412414 0.5)
(0.771316103937 0.124490192273 0.5)
(0.777995410256 0.126801478909 0.5)
(0.784749250253 0.12913855695 0.5)
(0.791578455642 0.131501714199 0.5)
(0.798483867415 0.133891241672 0.5)
(0.805466335954 0.13630743363 0.5)
(0.812526721125 0.138750587621 0.5)
(0.819665892393 0.141221004511 0.5)
(0.826884728923 0.143718988524 0.5)
(0.834184119692 0.146244847278 0.5)
(0.841564963596 0.148798891824 0.5)
(0.849028169561 0.151381436685 0.5)
(0.856574656658 0.153992799893 0.5)
(0.864205354212 0.156633303028 0.5)
(0.871921201919 0.159303271261 0.5)
(0.879723149959 0.162003033389 0.5)
(0.887612159118 0.164732921879 0.5)
(0.895589200902 0.167493272908 0.5)
(0.903655257657 0.170284426404 0.5)
(0.911811322693 0.173106726088 0.5)
(0.920058400401 0.175960519519 0.5)
(0.928397506383 0.17884615813 0.5)
(0.936829667573 0.18176399728 0.5)
(0.945355922364 0.18471439629 0.5)
(0.953977320737 0.187697718493 0.5)
(0.962694924388 0.190714331275 0.5)
(0.971509806863 0.193764606122 0.5)
(0.980423053686 0.196848918666 0.5)
(0.989435762494 0.19996764873 0.5)
(0.998549043172 0.203121180375 0.5)
(1.00776401799 0.206309901948 0.5)
(1.01708182175 0.20953420613 0.5)
(1.0265036019 0.212794489984 0.5)
(1.0360305187 0.216091155003 0.5)
(1.04566374537 0.219424607161 0.5)
(1.05540446821 0.222795256961 0.5)
(1.06525388674 0.226203519488 0.5)
(1.07521321391 0.229649814459 0.5)
(1.08528367616 0.233134566273 0.5)
(1.09546651364 0.236658204067 0.5)
(1.10576298033 0.240221161765 0.5)
(1.11617434421 0.243823878134 0.5)
(1.12670188741 0.247466796836 0.5)
(1.13734690636 0.251150366485 0.5)
(1.14811071196 0.254875040702 0.5)
(1.15899462973 0.258641278166 0.5)
(1.17 0.262449542679 0.5)
(0.5015 0.0348122967452 0.5)
(0.505168456756 0.0360695738521 0.5)
(0.508877849436 0.0373408807821 0.5)
(0.512628634839 0.0386263740925 0.5)
(0.516421274862 0.0399262120879 0.5)
(0.520256236557 0.0412405548388 0.5)
(0.524133992187 0.0425695642025 0.5)
(0.528055019284 0.0439134038421 0.5)
(0.532019800711 0.0452722392471 0.5)
(0.536028824718 0.0466462377536 0.5)
(0.540082585002 0.0480355685651 0.5)
(0.544181580772 0.0494404027732 0.5)
(0.548326316805 0.0508609133787 0.5)
(0.552517303511 0.0522972753129 0.5)
(0.556755056999 0.053749665459 0.5)
(0.561040099132 0.0552182626741 0.5)
(0.5653729576 0.0567032478114 0.5)
(0.569754165981 0.0582048037418 0.5)
(0.574184263806 0.0597231153771 0.5)
(0.578663796628 0.0612583696925 0.5)
(0.583193316085 0.0628107557495 0.5)
(0.587773379975 0.0643804647195 0.5)
(0.592404552316 0.065967689907 0.5)
(0.597087403423 0.0675726267737 0.5)
(0.601822509974 0.0691954729622 0.5)
(0.606610455081 0.070836428321 0.5)
(0.611451828365 0.0724956949282 0.5)
(0.616347226025 0.0741734771172 0.5)
(0.621297250913 0.0758699815014 0.5)
(0.626302512609 0.0775854169999 0.5)
(0.631363627495 0.0793199948629 0.5)
(0.63648121883 0.081073928698 0.5)
(0.641655916829 0.0828474344967 0.5)
(0.646888358739 0.0846407306602 0.5)
(0.652179188919 0.0864540380273 0.5)
(0.657529058918 0.0882875799008 0.5)
(0.662938627553 0.0901415820755 0.5)
(0.668408560997 0.0920162728657 0.5)
(0.673939532854 0.0939118831335 0.5)
(0.679532224245 0.0958286463172 0.5)
(0.685187323892 0.09776679846 0.5)
(0.690905528201 0.0997265782389 0.5)
(0.696687541352 0.101708226995 0.5)
(0.70253407538 0.10371198876 0.5)
(0.708445850267 0.105738110293 0.5)
(0.71442359403 0.107786841104 0.5)
(0.720468042807 0.109858433486 0.5)
(0.726579940953 0.11195314255 0.5)
(0.732760041128 0.114071226253 0.5)
(0.739009104393 0.116212945429 0.5)
(0.745327900297 0.118378563824 0.5)
(0.751717206982 0.120568348128 0.5)
(0.758177811269 0.122782568005 0.5)
(0.76471050876 0.125021496128 0.5)
(0.771316103937 0.127285408216 0.5)
(0.777995410256 0.129574583061 0.5)
(0.784749250253 0.131889302567 0.5)
(0.791578455642 0.134229851785 0.5)
(0.798483867415 0.136596518946 0.5)
(0.805466335954 0.138989595497 0.5)
(0.812526721125 0.141409376138 0.5)
(0.819665892393 0.143856158858 0.5)
(0.826884728923 0.146330244968 0.5)
(0.834184119692 0.148831939146 0.5)
(0.841564963596 0.151361549466 0.5)
(0.849028169561 0.153919387442 0.5)
(0.856574656658 0.156505768063 0.5)
(0.864205354212 0.159121009834 0.5)
(0.871921201919 0.161765434813 0.5)
(0.879723149959 0.164439368653 0.5)
(0.887612159118 0.16714314064 0.5)
(0.895589200902 0.169877083734 0.5)
(0.903655257657 0.172641534612 0.5)
(0.911811322693 0.175436833707 0.5)
(0.920058400401 0.178263325251 0.5)
(0.928397506383 0.181121357318 0.5)
(0.936829667573 0.184011281863 0.5)
(0.945355922364 0.186933454774 0.5)
(0.953977320737 0.189888235905 0.5)
(0.962694924388 0.192875989128 0.5)
(0.971509806863 0.195897082376 0.5)
(0.980423053686 0.198951887686 0.5)
(0.989435762494 0.202040781247 0.5)
(0.998549043172 0.205164143447 0.5)
(1.00776401799 0.208322358918 0.5)
(1.01708182175 0.211515816584 0.5)
(1.0265036019 0.214744909708 0.5)
(1.0360305187 0.218010035944 0.5)
(1.04566374537 0.22131159738 0.5)
(1.05540446821 0.224650000593 0.5)
(1.06525388674 0.228025656697 0.5)
(1.07521321391 0.231438981393 0.5)
(1.08528367616 0.234890395021 0.5)
(1.09546651364 0.238380322611 0.5)
(1.10576298033 0.241909193936 0.5)
(1.11617434421 0.245477443566 0.5)
(1.12670188741 0.249085510919 0.5)
(1.13734690636 0.252733840316 0.5)
(1.14811071196 0.256422881038 0.5)
(1.15899462973 0.260153087378 0.5)
(1.17 0.263924918698 0.5)
(0.5015 0.0386741460682 0.5)
(0.505168456756 0.0399187078177 0.5)
(0.508877849436 0.0411771575011 0.5)
(0.512628634839 0.0424496500923 0.5)
(0.516421274862 0.0437363422947 0.5)
(0.520256236557 0.0450373925602 0.5)
(0.524133992187 0.0463529611089 0.5)
(0.528055019284 0.047683209949 0.5)
(0.532019800711 0.0490283028961 0.5)
(0.536028824718 0.0503884055941 0.5)
(0.540082585002 0.0517636855352 0.5)
(0.544181580772 0.0531543120808 0.5)
(0.548326316805 0.0545604564819 0.5)
(0.552517303511 0.0559822919007 0.5)
(0.556755056999 0.0574199934316 0.5)
(0.561040099132 0.0588737381229 0.5)
(0.5653729576 0.0603437049984 0.5)
(0.569754165981 0.06183007508 0.5)
(0.574184263806 0.0633330314091 0.5)
(0.578663796628 0.0648527590701 0.5)
(0.583193316085 0.0663894452124 0.5)
(0.587773379975 0.067943279074 0.5)
(0.592404552316 0.0695144520044 0.5)
(0.597087403423 0.0711031574885 0.5)
(0.601822509974 0.0727095911702 0.5)
(0.606610455081 0.0743339508767 0.5)
(0.611451828365 0.0759764366425 0.5)
(0.616347226025 0.0776372507345 0.5)
(0.621297250913 0.0793165976764 0.5)
(0.626302512609 0.0810146842745 0.5)
(0.631363627495 0.0827317196426 0.5)
(0.63648121883 0.084467915228 0.5)
(0.641655916829 0.0862234848375 0.5)
(0.646888358739 0.087998644664 0.5)
(0.652179188919 0.0897936133125 0.5)
(0.657529058918 0.0916086118276 0.5)
(0.662938627553 0.0934438637204 0.5)
(0.668408560997 0.0952995949964 0.5)
(0.673939532854 0.0971760341828 0.5)
(0.679532224245 0.099073412357 0.5)
(0.685187323892 0.100991963175 0.5)
(0.690905528201 0.1029319229 0.5)
(0.696687541352 0.104893530432 0.5)
(0.70253407538 0.106877027336 0.5)
(0.708445850267 0.108882657874 0.5)
(0.71442359403 0.110910669032 0.5)
(0.720468042807 0.112961310554 0.5)
(0.726579940953 0.115034834969 0.5)
(0.732760041128 0.117131497625 0.5)
(0.739009104393 0.11925155672 0.5)
(0.745327900297 0.121395273331 0.5)
(0.751717206982 0.123562911451 0.5)
(0.758177811269 0.125754738017 0.5)
(0.76471050876 0.127971022946 0.5)
(0.771316103937 0.130212039165 0.5)
(0.777995410256 0.132478062649 0.5)
(0.784749250253 0.13476937245 0.5)
(0.791578455642 0.137086250738 0.5)
(0.798483867415 0.139428982826 0.5)
(0.805466335954 0.141797857216 0.5)
(0.812526721125 0.144193165627 0.5)
(0.819665892393 0.146615203032 0.5)
(0.826884728923 0.149064267699 0.5)
(0.834184119692 0.15154066122 0.5)
(0.841564963596 0.154044688557 0.5)
(0.849028169561 0.156576658072 0.5)
(0.856574656658 0.159136881569 0.5)
(0.864205354212 0.161725674331 0.5)
(0.871921201919 0.16434335516 0.5)
(0.879723149959 0.166990246414 0.5)
(0.887612159118 0.169666674049 0.5)
(0.895589200902 0.172372967659 0.5)
(0.903655257657 0.175109460516 0.5)
(0.911811322693 0.177876489609 0.5)
(0.920058400401 0.180674395688 0.5)
(0.928397506383 0.183503523308 0.5)
(0.936829667573 0.186364220866 0.5)
(0.945355922364 0.189256840647 0.5)
(0.953977320737 0.192181738869 0.5)
(0.962694924388 0.195139275723 0.5)
(0.971509806863 0.198129815419 0.5)
(0.980423053686 0.201153726235 0.5)
(0.989435762494 0.204211380553 0.5)
(0.998549043172 0.207303154915 0.5)
(1.00776401799 0.210429430062 0.5)
(1.01708182175 0.213590590985 0.5)
(1.0265036019 0.21678702697 0.5)
(1.0360305187 0.22001913165 0.5)
(1.04566374537 0.223287303045 0.5)
(1.05540446821 0.226591943622 0.5)
(1.06525388674 0.229933460337 0.5)
(1.07521321391 0.233312264685 0.5)
(1.08528367616 0.236728772756 0.5)
(1.09546651364 0.240183405282 0.5)
(1.10576298033 0.243676587689 0.5)
(1.11617434421 0.247208750152 0.5)
(1.12670188741 0.250780327644 0.5)
(1.13734690636 0.254391759995 0.5)
(1.14811071196 0.25804349194 0.5)
(1.15899462973 0.261735973179 0.5)
(1.17 0.265469658427 0.5)
(0.5015 0.0427175573745 0.5)
(0.505168456756 0.0439488059637 0.5)
(0.508877849436 0.0451937939265 0.5)
(0.512628634839 0.0464526745793 0.5)
(0.516421274862 0.047725602949 0.5)
(0.520256236557 0.0490127357927 0.5)
(0.524133992187 0.0503142316166 0.5)
(0.528055019284 0.0516302506956 0.5)
(0.532019800711 0.0529609550934 0.5)
(0.536028824718 0.0543065086818 0.5)
(0.540082585002 0.0556670771613 0.5)
(0.544181580772 0.0570428280816 0.5)
(0.548326316805 0.0584339308619 0.5)
(0.552517303511 0.059840556812 0.5)
(0.556755056999 0.0612628791533 0.5)
(0.561040099132 0.0627010730403 0.5)
(0.5653729576 0.0641553155817 0.5)
(0.569754165981 0.065625785863 0.5)
(0.574184263806 0.0671126649676 0.5)
(0.578663796628 0.068616136 0.5)
(0.583193316085 0.0701363841078 0.5)
(0.587773379975 0.0716735965045 0.5)
(0.592404552316 0.0732279624928 0.5)
(0.597087403423 0.074799673488 0.5)
(0.601822509974 0.076388923041 0.5)
(0.606610455081 0.0779959068629 0.5)
(0.611451828365 0.0796208228485 0.5)
(0.616347226025 0.0812638711009 0.5)
(0.621297250913 0.0829252539562 0.5)
(0.626302512609 0.0846051760082 0.5)
(0.631363627495 0.0863038441339 0.5)
(0.63648121883 0.0880214675189 0.5)
(0.641655916829 0.0897582576828 0.5)
(0.646888358739 0.0915144285057 0.5)
(0.652179188919 0.0932901962543 0.5)
(0.657529058918 0.0950857796087 0.5)
(0.662938627553 0.0969013996892 0.5)
(0.668408560997 0.0987372800835 0.5)
(0.673939532854 0.100593646874 0.5)
(0.679532224245 0.102470728667 0.5)
(0.685187323892 0.104368756618 0.5)
(0.690905528201 0.106287964464 0.5)
(0.696687541352 0.108228588549 0.5)
(0.70253407538 0.110190867854 0.5)
(0.708445850267 0.112175044027 0.5)
(0.71442359403 0.114181361415 0.5)
(0.720468042807 0.116210067087 0.5)
(0.726579940953 0.118261410872 0.5)
(0.732760041128 0.120335645388 0.5)
(0.739009104393 0.122433026068 0.5)
(0.745327900297 0.1245538112 0.5)
(0.751717206982 0.126698261949 0.5)
(0.758177811269 0.1288666424 0.5)
(0.76471050876 0.13105921958 0.5)
(0.771316103937 0.133276263499 0.5)
(0.777995410256 0.135518047177 0.5)
(0.784749250253 0.137784846685 0.5)
(0.791578455642 0.14007694117 0.5)
(0.798483867415 0.142394612896 0.5)
(0.805466335954 0.144738147278 0.5)
(0.812526721125 0.147107832914 0.5)
(0.819665892393 0.149503961624 0.5)
(0.826884728923 0.151926828481 0.5)
(0.834184119692 0.154376731856 0.5)
(0.841564963596 0.156853973445 0.5)
(0.849028169561 0.159358858312 0.5)
(0.856574656658 0.161891694927 0.5)
(0.864205354212 0.164452795199 0.5)
(0.871921201919 0.167042474521 0.5)
(0.879723149959 0.169661051802 0.5)
(0.887612159118 0.172308849511 0.5)
(0.895589200902 0.174986193718 0.5)
(0.903655257657 0.177693414127 0.5)
(0.911811322693 0.180430844124 0.5)
(0.920058400401 0.183198820815 0.5)
(0.928397506383 0.185997685067 0.5)
(0.936829667573 0.188827781552 0.5)
(0.945355922364 0.191689458786 0.5)
(0.953977320737 0.194583069175 0.5)
(0.962694924388 0.197508969059 0.5)
(0.971509806863 0.200467518752 0.5)
(0.980423053686 0.203459082591 0.5)
(0.989435762494 0.206484028976 0.5)
(0.998549043172 0.209542730421 0.5)
(1.00776401799 0.212635563593 0.5)
(1.01708182175 0.215762909366 0.5)
(1.0265036019 0.218925152862 0.5)
(1.0360305187 0.222122683501 0.5)
(1.04566374537 0.225355895048 0.5)
(1.05540446821 0.228625185664 0.5)
(1.06525388674 0.23193095795 0.5)
(1.07521321391 0.235273619002 0.5)
(1.08528367616 0.238653580457 0.5)
(1.09546651364 0.242071258547 0.5)
(1.10576298033 0.245527074149 0.5)
(1.11617434421 0.249021452833 0.5)
(1.12670188741 0.252554824922 0.5)
(1.13734690636 0.256127625539 0.5)
(1.14811071196 0.259740294663 0.5)
(1.15899462973 0.263393277182 0.5)
(1.17 0.26708702295 0.5)
(0.5015 0.0469510666664 0.5)
(0.505168456756 0.0481683761868 0.5)
(0.508877849436 0.0493992695363 0.5)
(0.512628634839 0.0506438982953 0.5)
(0.516421274862 0.051902415736 0.5)
(0.520256236557 0.0531749768406 0.5)
(0.524133992187 0.0544617383209 0.5)
(0.528055019284 0.0557628586374 0.5)
(0.532019800711 0.0570784980189 0.5)
(0.536028824718 0.058408818482 0.5)
(0.540082585002 0.0597539838514 0.5)
(0.544181580772 0.0611141597799 0.5)
(0.548326316805 0.0624895137687 0.5)
(0.552517303511 0.0638802151882 0.5)
(0.556755056999 0.0652864352988 0.5)
(0.561040099132 0.0667083472719 0.5)
(0.5653729576 0.0681461262113 0.5)
(0.569754165981 0.069599949175 0.5)
(0.574184263806 0.0710699951963 0.5)
(0.578663796628 0.0725564453068 0.5)
(0.583193316085 0.074059482558 0.5)
(0.587773379975 0.0755792920439 0.5)
(0.592404552316 0.0771160609243 0.5)
(0.597087403423 0.0786699784472 0.5)
(0.601822509974 0.0802412359725 0.5)
(0.606610455081 0.0818300269955 0.5)
(0.611451828365 0.0834365471707 0.5)
(0.616347226025 0.0850609943357 0.5)
(0.621297250913 0.0867035685361 0.5)
(0.626302512609 0.0883644720494 0.5)
(0.631363627495 0.0900439094105 0.5)
(0.63648121883 0.0917420874368 0.5)
(0.641655916829 0.0934592152533 0.5)
(0.646888358739 0.0951955043187 0.5)
(0.652179188919 0.0969511684514 0.5)
(0.657529058918 0.0987264238558 0.5)
(0.662938627553 0.100521489149 0.5)
(0.668408560997 0.102336585387 0.5)
(0.673939532854 0.104171936093 0.5)
(0.679532224245 0.106027767285 0.5)
(0.685187323892 0.107904307503 0.5)
(0.690905528201 0.109801787835 0.5)
(0.696687541352 0.111720441951 0.5)
(0.70253407538 0.113660506127 0.5)
(0.708445850267 0.115622219276 0.5)
(0.71442359403 0.117605822975 0.5)
(0.720468042807 0.1196115615 0.5)
(0.726579940953 0.12163968185 0.5)
(0.732760041128 0.123690433782 0.5)
(0.739009104393 0.12576406984 0.5)
(0.745327900297 0.127860845385 0.5)
(0.751717206982 0.129981018627 0.5)
(0.758177811269 0.13212485066 0.5)
(0.76471050876 0.13429260549 0.5)
(0.771316103937 0.136484550068 0.5)
(0.777995410256 0.138700954326 0.5)
(0.784749250253 0.140942091205 0.5)
(0.791578455642 0.143208236696 0.5)
(0.798483867415 0.145499669866 0.5)
(0.805466335954 0.147816672899 0.5)
(0.812526721125 0.150159531124 0.5)
(0.819665892393 0.152528533059 0.5)
(0.826884728923 0.154923970437 0.5)
(0.834184119692 0.15734613825 0.5)
(0.841564963596 0.159795334778 0.5)
(0.849028169561 0.162271861634 0.5)
(0.856574656658 0.164776023792 0.5)
(0.864205354212 0.167308129634 0.5)
(0.871921201919 0.169868490978 0.5)
(0.879723149959 0.172457423125 0.5)
(0.887612159118 0.175075244895 0.5)
(0.895589200902 0.177722278662 0.5)
(0.903655257657 0.180398850401 0.5)
(0.911811322693 0.183105289724 0.5)
(0.920058400401 0.185841929918 0.5)
(0.928397506383 0.188609107993 0.5)
(0.936829667573 0.191407164717 0.5)
(0.945355922364 0.194236444662 0.5)
(0.953977320737 0.197097296245 0.5)
(0.962694924388 0.199990071771 0.5)
(0.971509806863 0.202915127475 0.5)
(0.980423053686 0.205872823568 0.5)
(0.989435762494 0.208863524281 0.5)
(0.998549043172 0.211887597909 0.5)
(1.00776401799 0.214945416857 0.5)
(1.01708182175 0.218037357686 0.5)
(1.0265036019 0.221163801157 0.5)
(1.0360305187 0.224325132283 0.5)
(1.04566374537 0.227521740371 0.5)
(1.05540446821 0.230754019073 0.5)
(1.06525388674 0.234022366433 0.5)
(1.07521321391 0.237327184938 0.5)
(1.08528367616 0.240668881566 0.5)
(1.09546651364 0.244047867835 0.5)
(1.10576298033 0.247464559857 0.5)
(1.11617434421 0.250919378387 0.5)
(1.12670188741 0.254412748874 0.5)
(1.13734690636 0.257945101515 0.5)
(1.14811071196 0.261516871308 0.5)
(1.15899462973 0.265128498105 0.5)
(1.17 0.268780426667 0.5)
(0.5015 0.0513836112596 0.5)
(0.505168456756 0.0525863263763 0.5)
(0.508877849436 0.0538024624646 0.5)
(0.512628634839 0.0550321692878 0.5)
(0.516421274862 0.0562755982803 0.5)
(0.520256236557 0.0575329025663 0.5)
(0.524133992187 0.0588042369787 0.5)
(0.528055019284 0.0600897580784 0.5)
(0.532019800711 0.0613896241729 0.5)
(0.536028824718 0.0627039953367 0.5)
(0.540082585002 0.0640330334302 0.5)
(0.544181580772 0.0653769021202 0.5)
(0.548326316805 0.0667357668998 0.5)
(0.552517303511 0.0681097951087 0.5)
(0.556755056999 0.0694991559541 0.5)
(0.561040099132 0.0709040205313 0.5)
(0.5653729576 0.0723245618446 0.5)
(0.569754165981 0.0737609548293 0.5)
(0.574184263806 0.0752133763724 0.5)
(0.578663796628 0.076682005335 0.5)
(0.583193316085 0.0781670225739 0.5)
(0.587773379975 0.0796686109642 0.5)
(0.592404552316 0.0811869554216 0.5)
(0.597087403423 0.0827222429254 0.5)
(0.601822509974 0.0842746625411 0.5)
(0.606610455081 0.0858444054442 0.5)
(0.611451828365 0.0874316649436 0.5)
(0.616347226025 0.0890366365049 0.5)
(0.621297250913 0.0906595177754 0.5)
(0.626302512609 0.0923005086074 0.5)
(0.631363627495 0.0939598110839 0.5)
(0.63648121883 0.0956376295423 0.5)
(0.641655916829 0.0973341706007 0.5)
(0.646888358739 0.0990496431826 0.5)
(0.652179188919 0.100784258543 0.5)
(0.657529058918 0.102538230294 0.5)
(0.662938627553 0.104311774431 0.5)
(0.668408560997 0.106105109361 0.5)
(0.673939532854 0.107918455927 0.5)
(0.679532224245 0.109752037437 0.5)
(0.685187323892 0.111606079691 0.5)
(0.690905528201 0.113480811007 0.5)
(0.696687541352 0.115376462253 0.5)
(0.70253407538 0.117293266873 0.5)
(0.708445850267 0.119231460914 0.5)
(0.71442359403 0.121191283058 0.5)
(0.720468042807 0.123172974652 0.5)
(0.726579940953 0.125176779734 0.5)
(0.732760041128 0.127202945067 0.5)
(0.739009104393 0.129251720166 0.5)
(0.745327900297 0.131323357331 0.5)
(0.751717206982 0.133418111677 0.5)
(0.758177811269 0.135536241167 0.5)
(0.76471050876 0.137678006642 0.5)
(0.771316103937 0.139843671853 0.5)
(0.777995410256 0.142033503494 0.5)
(0.784749250253 0.144247771237 0.5)
(0.791578455642 0.14648674776 0.5)
(0.798483867415 0.148750708788 0.5)
(0.805466335954 0.151039933119 0.5)
(0.812526721125 0.153354702663 0.5)
(0.819665892393 0.155695302478 0.5)
(0.826884728923 0.158062020801 0.5)
(0.834184119692 0.160455149084 0.5)
(0.841564963596 0.162874982035 0.5)
(0.849028169561 0.165321817648 0.5)
(0.856574656658 0.167795957242 0.5)
(0.864205354212 0.1702977055 0.5)
(0.871921201919 0.172827370504 0.5)
(0.879723149959 0.175385263774 0.5)
(0.887612159118 0.177971700306 0.5)
(0.895589200902 0.180586998612 0.5)
(0.903655257657 0.183231480757 0.5)
(0.911811322693 0.185905472401 0.5)
(0.920058400401 0.188609302836 0.5)
(0.928397506383 0.191343305031 0.5)
(0.936829667573 0.19410781567 0.5)
(0.945355922364 0.196903175192 0.5)
(0.953977320737 0.199729727838 0.5)
(0.962694924388 0.202587821688 0.5)
(0.971509806863 0.205477808707 0.5)
(0.980423053686 0.208400044787 0.5)
(0.989435762494 0.211354889793 0.5)
(0.998549043172 0.214342707604 0.5)
(1.00776401799 0.21736386616 0.5)
(1.01708182175 0.220418737507 0.5)
(1.0265036019 0.223507697843 0.5)
(1.0360305187 0.226631127562 0.5)
(1.04566374537 0.229789411306 0.5)
(1.05540446821 0.232982938006 0.5)
(1.06525388674 0.236212100936 0.5)
(1.07521321391 0.239477297755 0.5)
(1.08528367616 0.242778930562 0.5)
(1.09546651364 0.246117405944 0.5)
(1.10576298033 0.249493135021 0.5)
(1.11617434421 0.252906533505 0.5)
(1.12670188741 0.256358021743 0.5)
(1.13734690636 0.259848024777 0.5)
(1.14811071196 0.263376972387 0.5)
(1.15899462973 0.266945299154 0.5)
(1.17 0.270553444504 0.5)
(0.5015 0.0560245486514 0.5)
(0.505168456756 0.0572119832192 0.5)
(0.508877849436 0.0584126682447 0.5)
(0.512628634839 0.0596267515883 0.5)
(0.516421274862 0.0608543827603 0.5)
(0.520256236557 0.0620957129397 0.5)
(0.524133992187 0.0633508949922 0.5)
(0.528055019284 0.0646200834893 0.5)
(0.532019800711 0.0659034347276 0.5)
(0.536028824718 0.0672011067476 0.5)
(0.540082585002 0.0685132593533 0.5)
(0.544181580772 0.0698400541321 0.5)
(0.548326316805 0.0711816544745 0.5)
(0.552517303511 0.0725382255942 0.5)
(0.556755056999 0.0739099345485 0.5)
(0.561040099132 0.075296950259 0.5)
(0.5653729576 0.0766994435321 0.5)
(0.569754165981 0.0781175870803 0.5)
(0.574184263806 0.0795515555434 0.5)
(0.578663796628 0.08100152551 0.5)
(0.583193316085 0.0824676755391 0.5)
(0.587773379975 0.0839501861824 0.5)
(0.592404552316 0.0854492400063 0.5)
(0.597087403423 0.0869650216143 0.5)
(0.601822509974 0.0884977176701 0.5)
(0.606610455081 0.0900475169201 0.5)
(0.611451828365 0.0916146102173 0.5)
(0.616347226025 0.0931991905439 0.5)
(0.621297250913 0.0948014530359 0.5)
(0.626302512609 0.0964215950068 0.5)
(0.631363627495 0.0980598159718 0.5)
(0.63648121883 0.0997163176725 0.5)
(0.641655916829 0.101391304102 0.5)
(0.646888358739 0.103084981528 0.5)
(0.652179188919 0.104797558524 0.5)
(0.657529058918 0.106529245986 0.5)
(0.662938627553 0.108280257166 0.5)
(0.668408560997 0.110050807697 0.5)
(0.673939532854 0.111841115615 0.5)
(0.679532224245 0.11365140139 0.5)
(0.685187323892 0.115481887955 0.5)
(0.690905528201 0.117332800727 0.5)
(0.696687541352 0.11920436764 0.5)
(0.70253407538 0.121096819172 0.5)
(0.708445850267 0.123010388372 0.5)
(0.71442359403 0.124945310889 0.5)
(0.720468042807 0.126901825003 0.5)
(0.726579940953 0.128880171653 0.5)
(0.732760041128 0.130880594466 0.5)
(0.739009104393 0.132903339786 0.5)
(0.745327900297 0.134948656709 0.5)
(0.751717206982 0.137016797109 0.5)
(0.758177811269 0.13910801567 0.5)
(0.76471050876 0.14122256992 0.5)
(0.771316103937 0.143360720258 0.5)
(0.777995410256 0.145522729991 0.5)
(0.784749250253 0.147708865364 0.5)
(0.791578455642 0.149919395592 0.5)
(0.798483867415 0.152154592895 0.5)
(0.805466335954 0.154414732529 0.5)
(0.812526721125 0.156700092824 0.5)
(0.819665892393 0.159010955215 0.5)
(0.826884728923 0.161347604276 0.5)
(0.834184119692 0.163710327759 0.5)
(0.841564963596 0.166099416625 0.5)
(0.849028169561 0.168515165083 0.5)
(0.856574656658 0.170957870624 0.5)
(0.864205354212 0.173427834059 0.5)
(0.871921201919 0.175925359557 0.5)
(0.879723149959 0.17845075468 0.5)
(0.887612159118 0.181004330422 0.5)
(0.895589200902 0.183586401247 0.5)
(0.903655257657 0.186197285129 0.5)
(0.911811322693 0.188837303591 0.5)
(0.920058400401 0.191506781741 0.5)
(0.928397506383 0.194206048317 0.5)
(0.936829667573 0.196935435726 0.5)
(0.945355922364 0.199695280081 0.5)
(0.953977320737 0.202485921251 0.5)
(0.962694924388 0.205307702892 0.5)
(0.971509806863 0.208160972497 0.5)
(0.980423053686 0.211046081439 0.5)
(0.989435762494 0.213963385008 0.5)
(0.998549043172 0.216913242462 0.5)
(1.00776401799 0.219896017065 0.5)
(1.01708182175 0.222912076136 0.5)
(1.0265036019 0.225961791094 0.5)
(1.0360305187 0.2290455375 0.5)
(1.04566374537 0.232163695109 0.5)
(1.05540446821 0.235316647911 0.5)
(1.06525388674 0.238504784183 0.5)
(1.07521321391 0.241728496532 0.5)
(1.08528367616 0.244988181948 0.5)
(1.09546651364 0.248284241852 0.5)
(1.10576298033 0.251617082142 0.5)
(1.11617434421 0.254987113247 0.5)
(1.12670188741 0.258394750175 0.5)
(1.13734690636 0.261840412565 0.5)
(1.14811071196 0.26532452474 0.5)
(1.15899462973 0.268847515757 0.5)
(1.17 0.272409819461 0.5)
(0.5015 0.0608836762746 0.5)
(0.505168456756 0.06205511189 0.5)
(0.508877849436 0.0632396194324 0.5)
(0.512628634839 0.06443734477 0.5)
(0.516421274862 0.0656484353988 0.5)
(0.520256236557 0.0668730404608 0.5)
(0.524133992187 0.068111310762 0.5)
(0.528055019284 0.0693633987915 0.5)
(0.532019800711 0.0706294587398 0.5)
(0.536028824718 0.071909646518 0.5)
(0.540082585002 0.0732041197772 0.5)
(0.544181580772 0.0745130379275 0.5)
(0.548326316805 0.075836562158 0.5)
(0.552517303511 0.0771748554564 0.5)
(0.556755056999 0.0785280826291 0.5)
(0.561040099132 0.0798964103217 0.5)
(0.5653729576 0.0812800070393 0.5)
(0.569754165981 0.0826790431673 0.5)
(0.574184263806 0.0840936909925 0.5)
(0.578663796628 0.0855241247242 0.5)
(0.583193316085 0.0869705205157 0.5)
(0.587773379975 0.0884330564859 0.5)
(0.592404552316 0.0899119127414 0.5)
(0.597087403423 0.0914072713984 0.5)
(0.601822509974 0.0929193166057 0.5)
(0.606610455081 0.0944482345666 0.5)
(0.611451828365 0.0959942135625 0.5)
(0.616347226025 0.0975574439756 0.5)
(0.621297250913 0.0991381183126 0.5)
(0.626302512609 0.100736431229 0.5)
(0.631363627495 0.102352579551 0.5)
(0.63648121883 0.103986762302 0.5)
(0.641655916829 0.105639180727 0.5)
(0.646888358739 0.107310038315 0.5)
(0.652179188919 0.108999540828 0.5)
(0.657529058918 0.110707896322 0.5)
(0.662938627553 0.112435315176 0.5)
(0.668408560997 0.114182010115 0.5)
(0.673939532854 0.115948196239 0.5)
(0.679532224245 0.117734091049 0.5)
(0.685187323892 0.119539914472 0.5)
(0.690905528201 0.121365888888 0.5)
(0.696687541352 0.123212239161 0.5)
(0.70253407538 0.125079192663 0.5)
(0.708445850267 0.126966979303 0.5)
(0.71442359403 0.128875831556 0.5)
(0.720468042807 0.13080598449 0.5)
(0.726579940953 0.132757675798 0.5)
(0.732760041128 0.134731145825 0.5)
(0.739009104393 0.136726637597 0.5)
(0.745327900297 0.138744396851 0.5)
(0.751717206982 0.140784672069 0.5)
(0.758177811269 0.142847714504 0.5)
(0.76471050876 0.144933778213 0.5)
(0.771316103937 0.147043120087 0.5)
(0.777995410256 0.149175999886 0.5)
(0.784749250253 0.151332680267 0.5)
(0.791578455642 0.153513426817 0.5)
(0.798483867415 0.15571850809 0.5)
(0.805466335954 0.157948195632 0.5)
(0.812526721125 0.160202764024 0.5)
(0.819665892393 0.162482490907 0.5)
(0.826884728923 0.164787657023 0.5)
(0.834184119692 0.167118546246 0.5)
(0.841564963596 0.169475445617 0.5)
(0.849028169561 0.17185864538 0.5)
(0.856574656658 0.17426843902 0.5)
(0.864205354212 0.176705123293 0.5)
(0.871921201919 0.17916899827 0.5)
(0.879723149959 0.181660367369 0.5)
(0.887612159118 0.184179537395 0.5)
(0.895589200902 0.186726818574 0.5)
(0.903655257657 0.189302524596 0.5)
(0.911811322693 0.191906972651 0.5)
(0.920058400401 0.194540483468 0.5)
(0.928397506383 0.197203381356 0.5)
(0.936829667573 0.199895994242 0.5)
(0.945355922364 0.202618653712 0.5)
(0.953977320737 0.205371695054 0.5)
(0.962694924388 0.208155457294 0.5)
(0.971509806863 0.210970283245 0.5)
(0.980423053686 0.213816519543 0.5)
(0.989435762494 0.216694516693 0.5)
(0.998549043172 0.21960462911 0.5)
(1.00776401799 0.222547215167 0.5)
(1.01708182175 0.225522637232 0.5)
(1.0265036019 0.22853126172 0.5)
(1.0360305187 0.231573459132 0.5)
(1.04566374537 0.234649604106 0.5)
(1.05540446821 0.237760075458 0.5)
(1.06525388674 0.240905256233 0.5)
(1.07521321391 0.244085533751 0.5)
(1.08528367616 0.247301299651 0.5)
(1.09546651364 0.250552949945 0.5)
(1.10576298033 0.253840885063 0.5)
(1.11617434421 0.257165509903 0.5)
(1.12670188741 0.260527233884 0.5)
(1.13734690636 0.263926470988 0.5)
(1.14811071196 0.267363639823 0.5)
(1.15899462973 0.270839163664 0.5)
(1.17 0.27435347051 0.5)
(0.5015 0.0659712521814 0.5)
(0.505168456756 0.0671259366654 0.5)
(0.508877849436 0.0682935061523 0.5)
(0.512628634839 0.0694741044244 0.5)
(0.516421274862 0.0706678768687 0.5)
(0.520256236557 0.0718749704943 0.5)
(0.524133992187 0.0730955339508 0.5)
(0.528055019284 0.0743297175468 0.5)
(0.532019800711 0.0755776732678 0.5)
(0.536028824718 0.0768395547957 0.5)
(0.540082585002 0.078115517527 0.5)
(0.544181580772 0.0794057185924 0.5)
(0.548326316805 0.080710316876 0.5)
(0.552517303511 0.0820294730348 0.5)
(0.556755056999 0.0833633495186 0.5)
(0.561040099132 0.08471211059 0.5)
(0.5653729576 0.0860759223445 0.5)
(0.569754165981 0.0874549527311 0.5)
(0.574184263806 0.088849371573 0.5)
(0.578663796628 0.0902593505883 0.5)
(0.583193316085 0.0916850634113 0.5)
(0.587773379975 0.0931266856139 0.5)
(0.592404552316 0.0945843947272 0.5)
(0.597087403423 0.0960583702635 0.5)
(0.601822509974 0.0975487937379 0.5)
(0.606610455081 0.0990558486914 0.5)
(0.611451828365 0.100579720713 0.5)
(0.616347226025 0.102120597462 0.5)
(0.621297250913 0.103678668693 0.5)
(0.626302512609 0.105254126277 0.5)
(0.631363627495 0.106847164227 0.5)
(0.63648121883 0.10845797872 0.5)
(0.641655916829 0.110086768123 0.5)
(0.646888358739 0.111733733016 0.5)
(0.652179188919 0.113399076216 0.5)
(0.657529058918 0.115083002807 0.5)
(0.662938627553 0.116785720158 0.5)
(0.668408560997 0.118507437953 0.5)
(0.673939532854 0.120248368215 0.5)
(0.679532224245 0.122008725336 0.5)
(0.685187323892 0.123788726097 0.5)
(0.690905528201 0.1255885897 0.5)
(0.696687541352 0.127408537791 0.5)
(0.70253407538 0.129248794492 0.5)
(0.708445850267 0.131109586424 0.5)
(0.71442359403 0.132991142738 0.5)
(0.720468042807 0.134893695141 0.5)
(0.726579940953 0.136817477927 0.5)
(0.732760041128 0.138762728003 0.5)
(0.739009104393 0.140729684919 0.5)
(0.745327900297 0.142718590902 0.5)
(0.751717206982 0.144729690878 0.5)
(0.758177811269 0.146763232506 0.5)
(0.76471050876 0.148819466213 0.5)
(0.771316103937 0.150898645215 0.5)
(0.777995410256 0.153001025557 0.5)
(0.784749250253 0.155126866141 0.5)
(0.791578455642 0.157276428757 0.5)
(0.798483867415 0.159449978116 0.5)
(0.805466335954 0.161647781884 0.5)
(0.812526721125 0.163870110713 0.5)
(0.819665892393 0.166117238277 0.5)
(0.826884728923 0.168389441301 0.5)
(0.834184119692 0.170686999599 0.5)
(0.841564963596 0.17301019611 0.5)
(0.849028169561 0.175359316926 0.5)
(0.856574656658 0.177734651335 0.5)
(0.864205354212 0.180136491851 0.5)
(0.871921201919 0.182565134253 0.5)
(0.879723149959 0.18502087762 0.5)
(0.887612159118 0.18750402437 0.5)
(0.895589200902 0.190014880293 0.5)
(0.903655257657 0.192553754594 0.5)
(0.911811322693 0.195120959927 0.5)
(0.920058400401 0.197716812434 0.5)
(0.928397506383 0.200341631787 0.5)
(0.936829667573 0.202995741223 0.5)
(0.945355922364 0.205679467588 0.5)
(0.953977320737 0.208393141373 0.5)
(0.962694924388 0.211137096759 0.5)
(0.971509806863 0.213911671655 0.5)
(0.980423053686 0.216717207741 0.5)
(0.989435762494 0.219554050509 0.5)
(0.998549043172 0.222422549308 0.5)
(1.00776401799 0.225323057383 0.5)
(1.01708182175 0.228255931924 0.5)
(1.0265036019 0.231221534103 0.5)
(1.0360305187 0.234220229126 0.5)
(1.04566374537 0.237252386271 0.5)
(1.05540446821 0.24031837894 0.5)
(1.06525388674 0.243418584698 0.5)
(1.07521321391 0.246553385327 0.5)
(1.08528367616 0.249723166867 0.5)
(1.09546651364 0.252928319667 0.5)
(1.10576298033 0.256169238429 0.5)
(1.11617434421 0.259446322264 0.5)
(1.12670188741 0.262759974733 0.5)
(1.13734690636 0.266110603902 0.5)
(1.14811071196 0.26949862239 0.5)
(1.15899462973 0.272924447421 0.5)
(1.17 0.276388500873 0.5)
(0.5015 0.0712980166984 0.5)
(0.505168456756 0.072435162509 0.5)
(0.508877849436 0.0735849976103 0.5)
(0.512628634839 0.0747476636006 0.5)
(0.516421274862 0.0759233036587 0.5)
(0.520256236557 0.0771120625607 0.5)
(0.524133992187 0.0783140866984 0.5)
(0.528055019284 0.0795295240971 0.5)
(0.532019800711 0.0807585244342 0.5)
(0.536028824718 0.0820012390569 0.5)
(0.540082585002 0.0832578210016 0.5)
(0.544181580772 0.0845284250122 0.5)
(0.548326316805 0.0858132075595 0.5)
(0.552517303511 0.0871123268603 0.5)
(0.556755056999 0.0884259428969 0.5)
(0.561040099132 0.0897542174369 0.5)
(0.5653729576 0.091097314053 0.5)
(0.569754165981 0.0924553981431 0.5)
(0.574184263806 0.093828636951 0.5)
(0.578663796628 0.0952171995865 0.5)
(0.583193316085 0.0966212570465 0.5)
(0.587773379975 0.0980409822363 0.5)
(0.592404552316 0.0994765499904 0.5)
(0.597087403423 0.100928137094 0.5)
(0.601822509974 0.102395922306 0.5)
(0.606610455081 0.103880086379 0.5)
(0.611451828365 0.105380812083 0.5)
(0.616347226025 0.106898284227 0.5)
(0.621297250913 0.108432689684 0.5)
(0.626302512609 0.10998421741 0.5)
(0.631363627495 0.111553058471 0.5)
(0.63648121883 0.113139406064 0.5)
(0.641655916829 0.114743455544 0.5)
(0.646888358739 0.116365404443 0.5)
(0.652179188919 0.1180054525 0.5)
(0.657529058918 0.11966380168 0.5)
(0.662938627553 0.121340656206 0.5)
(0.668408560997 0.123036222574 0.5)
(0.673939532854 0.12475070959 0.5)
(0.679532224245 0.126484328386 0.5)
(0.685187323892 0.128237292452 0.5)
(0.690905528201 0.13000981766 0.5)
(0.696687541352 0.131802122291 0.5)
(0.70253407538 0.13361442706 0.5)
(0.708445850267 0.135446955149 0.5)
(0.71442359403 0.137299932225 0.5)
(0.720468042807 0.139173586479 0.5)
(0.726579940953 0.141068148643 0.5)
(0.732760041128 0.142983852028 0.5)
(0.739009104393 0.144920932545 0.5)
(0.745327900297 0.146879628741 0.5)
(0.751717206982 0.148860181821 0.5)
(0.758177811269 0.150862835685 0.5)
(0.76471050876 0.152887836954 0.5)
(0.771316103937 0.154935434999 0.5)
(0.777995410256 0.157005881975 0.5)
(0.784749250253 0.159099432852 0.5)
(0.791578455642 0.161216345443 0.5)
(0.798483867415 0.16335688044 0.5)
(0.805466335954 0.165521301441 0.5)
(0.812526721125 0.167709874989 0.5)
(0.819665892393 0.1699228706 0.5)
(0.826884728923 0.172160560796 0.5)
(0.834184119692 0.174423221142 0.5)
(0.841564963596 0.176711130277 0.5)
(0.849028169561 0.17902456995 0.5)
(0.856574656658 0.181363825053 0.5)
(0.864205354212 0.183729183658 0.5)
(0.871921201919 0.186120937051 0.5)
(0.879723149959 0.188539379769 0.5)
(0.887612159118 0.190984809636 0.5)
(0.895589200902 0.193457527797 0.5)
(0.903655257657 0.195957838761 0.5)
(0.911811322693 0.198486050432 0.5)
(0.920058400401 0.201042474152 0.5)
(0.928397506383 0.203627424735 0.5)
(0.936829667573 0.206241220511 0.5)
(0.945355922364 0.208884183359 0.5)
(0.953977320737 0.211556638751 0.5)
(0.962694924388 0.214258915793 0.5)
(0.971509806863 0.216991347261 0.5)
(0.980423053686 0.219754269644 0.5)
(0.989435762494 0.222548023188 0.5)
(0.998549043172 0.225372951934 0.5)
(1.00776401799 0.228229403763 0.5)
(1.01708182175 0.231117730439 0.5)
(1.0265036019 0.234038287648 0.5)
(1.0360305187 0.236991435049 0.5)
(1.04566374537 0.239977536311 0.5)
(1.05540446821 0.242996959163 0.5)
(1.06525388674 0.246050075438 0.5)
(1.07521321391 0.249137261117 0.5)
(1.08528367616 0.252258896376 0.5)
(1.09546651364 0.255415365636 0.5)
(1.10576298033 0.258607057604 0.5)
(1.11617434421 0.261834365328 0.5)
(1.12670188741 0.265097686239 0.5)
(1.13734690636 0.268397422206 0.5)
(1.14811071196 0.27173397958 0.5)
(1.15899462973 0.275107769248 0.5)
(1.17 0.278519206679 0.5)
(0.5015 0.0768752151008 0.5)
(0.505168456756 0.0779939976703 0.5)
(0.508877849436 0.0791252646169 0.5)
(0.512628634839 0.0802691552526 0.5)
(0.516421274862 0.0814258104438 0.5)
(0.520256236557 0.0825953726287 0.5)
(0.524133992187 0.0837779858352 0.5)
(0.528055019284 0.0849737956983 0.5)
(0.532019800711 0.086182949478 0.5)
(0.536028824718 0.0874055960777 0.5)
(0.540082585002 0.0886418860624 0.5)
(0.544181580772 0.0898919716772 0.5)
(0.548326316805 0.0911560068661 0.5)
(0.552517303511 0.0924341472909 0.5)
(0.556755056999 0.0937265503504 0.5)
(0.561040099132 0.0950333751999 0.5)
(0.5653729576 0.0963547827707 0.5)
(0.569754165981 0.0976909357897 0.5)
(0.574184263806 0.0990419988 0.5)
(0.578663796628 0.10040813818 0.5)
(0.583193316085 0.101789522167 0.5)
(0.587773379975 0.103186320872 0.5)
(0.592404552316 0.104598706307 0.5)
(0.597087403423 0.106026852403 0.5)
(0.601822509974 0.107470935031 0.5)
(0.606610455081 0.108931132025 0.5)
(0.611451828365 0.110407623205 0.5)
(0.616347226025 0.111900590394 0.5)
(0.621297250913 0.113410217448 0.5)
(0.626302512609 0.114936690271 0.5)
(0.631363627495 0.116480196844 0.5)
(0.63648121883 0.118040927245 0.5)
(0.641655916829 0.119619073672 0.5)
(0.646888358739 0.12121483047 0.5)
(0.652179188919 0.12282839415 0.5)
(0.657529058918 0.124459963417 0.5)
(0.662938627553 0.126109739195 0.5)
(0.668408560997 0.127777924648 0.5)
(0.673939532854 0.129464725206 0.5)
(0.679532224245 0.131170348595 0.5)
(0.685187323892 0.132895004856 0.5)
(0.690905528201 0.134638906376 0.5)
(0.696687541352 0.136402267909 0.5)
(0.70253407538 0.138185306608 0.5)
(0.708445850267 0.139988242049 0.5)
(0.71442359403 0.141811296257 0.5)
(0.720468042807 0.143654693735 0.5)
(0.726579940953 0.145518661492 0.5)
(0.732760041128 0.14740342907 0.5)
(0.739009104393 0.149309228571 0.5)
(0.745327900297 0.151236294689 0.5)
(0.751717206982 0.153184864735 0.5)
(0.758177811269 0.155155178669 0.5)
(0.76471050876 0.15714747913 0.5)
(0.771316103937 0.159162011462 0.5)
(0.777995410256 0.161199023749 0.5)
(0.784749250253 0.163258766842 0.5)
(0.791578455642 0.165341494392 0.5)
(0.798483867415 0.16744746288 0.5)
(0.805466335954 0.169576931649 0.5)
(0.812526721125 0.171730162936 0.5)
(0.819665892393 0.173907421906 0.5)
(0.826884728923 0.176108976679 0.5)
(0.834184119692 0.178335098371 0.5)
(0.841564963596 0.18058606112 0.5)
(0.849028169561 0.182862142127 0.5)
(0.856574656658 0.185163621683 0.5)
(0.864205354212 0.187490783207 0.5)
(0.871921201919 0.189843913282 0.5)
(0.879723149959 0.192223301689 0.5)
(0.887612159118 0.194629241441 0.5)
(0.895589200902 0.197062028822 0.5)
(0.903655257657 0.199521963422 0.5)
(0.911811322693 0.202009348173 0.5)
(0.920058400401 0.20452448939 0.5)
(0.928397506383 0.207067696804 0.5)
(0.936829667573 0.209639283601 0.5)
(0.945355922364 0.212239566466 0.5)
(0.953977320737 0.214868865614 0.5)
(0.962694924388 0.217527504835 0.5)
(0.971509806863 0.220215811532 0.5)
(0.980423053686 0.222934116761 0.5)
(0.989435762494 0.225682755273 0.5)
(0.998549043172 0.228462065553 0.5)
(1.00776401799 0.231272389865 0.5)
(1.01708182175 0.23411407429 0.5)
(1.0265036019 0.236987468773 0.5)
(1.0360305187 0.239892927164 0.5)
(1.04566374537 0.242830807259 0.5)
(1.05540446821 0.24580147085 0.5)
(1.06525388674 0.248805283764 0.5)
(1.07521321391 0.251842615911 0.5)
(1.08528367616 0.254913841328 0.5)
(1.09546651364 0.258019338227 0.5)
(1.10576298033 0.26115948904 0.5)
(1.11617434421 0.264334680466 0.5)
(1.12670188741 0.267545303519 0.5)
(1.13734690636 0.270791753578 0.5)
(1.14811071196 0.274074430432 0.5)
(1.15899462973 0.277393738332 0.5)
(1.17 0.28075008604 0.5)
(0.5015 0.0827146213522 0.5)
(0.505168456756 0.0838141773464 0.5)
(0.508877849436 0.0849260031704 0.5)
(0.512628634839 0.086050235742 0.5)
(0.516421274862 0.0871870135068 0.5)
(0.520256236557 0.0883364764552 0.5)
(0.524133992187 0.08949876614 0.5)
(0.528055019284 0.0906740256933 0.5)
(0.532019800711 0.0918623998445 0.5)
(0.536028824718 0.093064034938 0.5)
(0.540082585002 0.0942790789513 0.5)
(0.544181580772 0.0955076815131 0.5)
(0.548326316805 0.0967499939219 0.5)
(0.552517303511 0.0980061691644 0.5)
(0.556755056999 0.0992763619344 0.5)
(0.561040099132 0.100560728652 0.5)
(0.5653729576 0.101859427483 0.5)
(0.569754165981 0.103172618358 0.5)
(0.574184263806 0.104500462992 0.5)
(0.578663796628 0.105843124905 0.5)
(0.583193316085 0.107200769441 0.5)
(0.587773379975 0.108573563789 0.5)
(0.592404552316 0.109961677006 0.5)
(0.597087403423 0.111365280032 0.5)
(0.601822509974 0.112784545717 0.5)
(0.606610455081 0.114219648839 0.5)
(0.611451828365 0.115670766126 0.5)
(0.616347226025 0.117138076278 0.5)
(0.621297250913 0.11862175999 0.5)
(0.626302512609 0.120121999973 0.5)
(0.631363627495 0.121638980976 0.5)
(0.63648121883 0.12317288981 0.5)
(0.641655916829 0.124723915373 0.5)
(0.646888358739 0.126292248666 0.5)
(0.652179188919 0.127878082826 0.5)
(0.657529058918 0.129481613143 0.5)
(0.662938627553 0.131103037087 0.5)
(0.668408560997 0.13274255433 0.5)
(0.673939532854 0.134400366773 0.5)
(0.679532224245 0.136076678571 0.5)
(0.685187323892 0.137771696157 0.5)
(0.690905528201 0.139485628266 0.5)
(0.696687541352 0.141218685963 0.5)
(0.70253407538 0.14297108267 0.5)
(0.708445850267 0.144743034186 0.5)
(0.71442359403 0.146534758724 0.5)
(0.720468042807 0.148346476928 0.5)
(0.726579940953 0.150178411905 0.5)
(0.732760041128 0.152030789251 0.5)
(0.739009104393 0.153903837082 0.5)
(0.745327900297 0.155797786057 0.5)
(0.751717206982 0.15771286941 0.5)
(0.758177811269 0.159649322977 0.5)
(0.76471050876 0.161607385225 0.5)
(0.771316103937 0.163587297285 0.5)
(0.777995410256 0.165589302975 0.5)
(0.784749250253 0.167613648837 0.5)
(0.791578455642 0.169660584161 0.5)
(0.798483867415 0.171730361022 0.5)
(0.805466335954 0.173823234305 0.5)
(0.812526721125 0.175939461742 0.5)
(0.819665892393 0.178079303938 0.5)
(0.826884728923 0.180243024408 0.5)
(0.834184119692 0.182430889608 0.5)
(0.841564963596 0.184643168966 0.5)
(0.849028169561 0.186880134916 0.5)
(0.856574656658 0.189142062935 0.5)
(0.864205354212 0.191429231571 0.5)
(0.871921201919 0.193741922482 0.5)
(0.879723149959 0.196080420467 0.5)
(0.887612159118 0.198445013506 0.5)
(0.895589200902 0.200835992791 0.5)
(0.903655257657 0.203253652762 0.5)
(0.911811322693 0.205698291146 0.5)
(0.920058400401 0.208170208994 0.5)
(0.928397506383 0.210669710713 0.5)
(0.936829667573 0.213197104109 0.5)
(0.945355922364 0.215752700423 0.5)
(0.953977320737 0.218336814368 0.5)
(0.962694924388 0.220949764169 0.5)
(0.971509806863 0.223591871602 0.5)
(0.980423053686 0.226263462034 0.5)
(0.989435762494 0.228964864464 0.5)
(0.998549043172 0.231696411559 0.5)
(1.00776401799 0.234458439702 0.5)
(1.01708182175 0.237251289026 0.5)
(1.0265036019 0.240075303463 0.5)
(1.0360305187 0.24293083078 0.5)
(1.04566374537 0.245818222627 0.5)
(1.05540446821 0.248737834576 0.5)
(1.06525388674 0.251690026168 0.5)
(1.07521321391 0.254675160956 0.5)
(1.08528367616 0.257693606549 0.5)
(1.09546651364 0.26074573466 0.5)
(1.10576298033 0.263831921148 0.5)
(1.11617434421 0.266952546066 0.5)
(1.12670188741 0.270107993711 0.5)
(1.13734690636 0.273298652664 0.5)
(1.14811071196 0.276524915845 0.5)
(1.15899462973 0.279787180558 0.5)
(1.17 0.283085848541 0.5)
(0.5015 0.0888285629602 0.5)
(0.505168456756 0.0899079884559 0.5)
(0.508877849436 0.0909994591473 0.5)
(0.512628634839 0.0921031094455 0.5)
(0.516421274862 0.0932190752615 0.5)
(0.520256236557 0.0943474940227 0.5)
(0.524133992187 0.0954885046905 0.5)
(0.528055019284 0.0966422477764 0.5)
(0.532019800711 0.0978088653602 0.5)
(0.536028824718 0.0989885011071 0.5)
(0.540082585002 0.100181300285 0.5)
(0.544181580772 0.101387409784 0.5)
(0.548326316805 0.102606978133 0.5)
(0.552517303511 0.103840155516 0.5)
(0.556755056999 0.105087093796 0.5)
(0.561040099132 0.10634794653 0.5)
(0.5653729576 0.107622868987 0.5)
(0.569754165981 0.108912018169 0.5)
(0.574184263806 0.110215552832 0.5)
(0.578663796628 0.111533633501 0.5)
(0.583193316085 0.112866422494 0.5)
(0.587773379975 0.11421408394 0.5)
(0.592404552316 0.115576783798 0.5)
(0.597087403423 0.11695468988 0.5)
(0.601822509974 0.118347971872 0.5)
(0.606610455081 0.119756801351 0.5)
(0.611451828365 0.12118135181 0.5)
(0.616347226025 0.122621798678 0.5)
(0.621297250913 0.124078319342 0.5)
(0.626302512609 0.125551093167 0.5)
(0.631363627495 0.12704030152 0.5)
(0.63648121883 0.128546127792 0.5)
(0.641655916829 0.130068757422 0.5)
(0.646888358739 0.131608377916 0.5)
(0.652179188919 0.133165178873 0.5)
(0.657529058918 0.134739352009 0.5)
(0.662938627553 0.136331091177 0.5)
(0.668408560997 0.137940592396 0.5)
(0.673939532854 0.13956805387 0.5)
(0.679532224245 0.141213676015 0.5)
(0.685187323892 0.142877661485 0.5)
(0.690905528201 0.144560215194 0.5)
(0.696687541352 0.146261544343 0.5)
(0.70253407538 0.147981858445 0.5)
(0.708445850267 0.149721369352 0.5)
(0.71442359403 0.151480291278 0.5)
(0.720468042807 0.153258840829 0.5)
(0.726579940953 0.155057237028 0.5)
(0.732760041128 0.156875701342 0.5)
(0.739009104393 0.158714457707 0.5)
(0.745327900297 0.160573732562 0.5)
(0.751717206982 0.162453754869 0.5)
(0.758177811269 0.164354756148 0.5)
(0.76471050876 0.1662769705 0.5)
(0.771316103937 0.168220634641 0.5)
(0.777995410256 0.170185987925 0.5)
(0.784749250253 0.172173272381 0.5)
(0.791578455642 0.174182732735 0.5)
(0.798483867415 0.176214616445 0.5)
(0.805466335954 0.178269173733 0.5)
(0.812526721125 0.18034665761 0.5)
(0.819665892393 0.182447323911 0.5)
(0.826884728923 0.184571431327 0.5)
(0.834184119692 0.186719241434 0.5)
(0.841564963596 0.188891018729 0.5)
(0.849028169561 0.191087030658 0.5)
(0.856574656658 0.193307547654 0.5)
(0.864205354212 0.195552843166 0.5)
(0.871921201919 0.197823193694 0.5)
(0.879723149959 0.200118878826 0.5)
(0.887612159118 0.202440181267 0.5)
(0.895589200902 0.204787386878 0.5)
(0.903655257657 0.20716078471 0.5)
(0.911811322693 0.209560667039 0.5)
(0.920058400401 0.211987329403 0.5)
(0.928397506383 0.214441070637 0.5)
(0.936829667573 0.216922192912 0.5)
(0.945355922364 0.219431001769 0.5)
(0.953977320737 0.221967806162 0.5)
(0.962694924388 0.224532918488 0.5)
(0.971509806863 0.227126654633 0.5)
(0.980423053686 0.229749334007 0.5)
(0.989435762494 0.232401279585 0.5)
(0.998549043172 0.235082817945 0.5)
(1.00776401799 0.23779427931 0.5)
(1.01708182175 0.240535997588 0.5)
(1.0265036019 0.243308310412 0.5)
(1.0360305187 0.246111559183 0.5)
(1.04566374537 0.248946089113 0.5)
(1.05540446821 0.251812249265 0.5)
(1.06525388674 0.254710392597 0.5)
(1.07521321391 0.257640876006 0.5)
(1.08528367616 0.260604060372 0.5)
(1.09546651364 0.2636003106 0.5)
(1.10576298033 0.26662999567 0.5)
(1.11617434421 0.269693488678 0.5)
(1.12670188741 0.272791166882 0.5)
(1.13734690636 0.275923411752 0.5)
(1.14811071196 0.279090609014 0.5)
(1.15899462973 0.282293148697 0.5)
(1.17 0.285531425184 0.5)
(0.5015 0.095229947001 0.5)
(0.505168456756 0.0962882955778 0.5)
(0.508877849436 0.0973584541551 0.5)
(0.512628634839 0.0984405545196 0.5)
(0.516421274862 0.0995347299284 0.5)
(0.520256236557 0.100641115126 0.5)
(0.524133992187 0.101759846359 0.5)
(0.528055019284 0.102891061397 0.5)
(0.532019800711 0.104034899545 0.5)
(0.536028824718 0.105191501662 0.5)
(0.540082585002 0.106361010181 0.5)
(0.544181580772 0.107543569122 0.5)
(0.548326316805 0.108739324115 0.5)
(0.552517303511 0.109948422412 0.5)
(0.556755056999 0.11117101291 0.5)
(0.561040099132 0.112407246167 0.5)
(0.5653729576 0.11365727442 0.5)
(0.569754165981 0.114921251608 0.5)
(0.574184263806 0.116199333385 0.5)
(0.578663796628 0.117491677142 0.5)
(0.583193316085 0.118798442027 0.5)
(0.587773379975 0.120119788964 0.5)
(0.592404552316 0.121455880673 0.5)
(0.597087403423 0.122806881689 0.5)
(0.601822509974 0.124172958383 0.5)
(0.606610455081 0.125554278984 0.5)
(0.611451828365 0.126951013596 0.5)
(0.616347226025 0.128363334223 0.5)
(0.621297250913 0.129791414787 0.5)
(0.626302512609 0.131235431153 0.5)
(0.631363627495 0.132695561145 0.5)
(0.63648121883 0.134171984575 0.5)
(0.641655916829 0.135664883259 0.5)
(0.646888358739 0.137174441042 0.5)
(0.652179188919 0.138700843822 0.5)
(0.657529058918 0.14024427957 0.5)
(0.662938627553 0.141804938356 0.5)
(0.668408560997 0.143383012369 0.5)
(0.673939532854 0.144978695945 0.5)
(0.679532224245 0.146592185585 0.5)
(0.685187323892 0.148223679988 0.5)
(0.690905528201 0.149873380064 0.5)
(0.696687541352 0.151541488971 0.5)
(0.70253407538 0.15322821213 0.5)
(0.708445850267 0.154933757255 0.5)
(0.71442359403 0.15665833438 0.5)
(0.720468042807 0.158402155879 0.5)
(0.726579940953 0.160165436499 0.5)
(0.732760041128 0.161948393383 0.5)
(0.739009104393 0.163751246095 0.5)
(0.745327900297 0.165574216651 0.5)
(0.751717206982 0.167417529544 0.5)
(0.758177811269 0.169281411772 0.5)
(0.76471050876 0.171166092866 0.5)
(0.771316103937 0.173071804918 0.5)
(0.777995410256 0.174998782611 0.5)
(0.784749250253 0.176947263246 0.5)
(0.791578455642 0.178917486771 0.5)
(0.798483867415 0.180909695814 0.5)
(0.805466335954 0.182924135708 0.5)
(0.812526721125 0.184961054525 0.5)
(0.819665892393 0.187020703106 0.5)
(0.826884728923 0.189103335089 0.5)
(0.834184119692 0.191209206943 0.5)
(0.841564963596 0.193338578 0.5)
(0.849028169561 0.195491710485 0.5)
(0.856574656658 0.197668869549 0.5)
(0.864205354212 0.199870323303 0.5)
(0.871921201919 0.202096342848 0.5)
(0.879723149959 0.204347202311 0.5)
(0.887612159118 0.206623178878 0.5)
(0.895589200902 0.208924552829 0.5)
(0.903655257657 0.21125160757 0.5)
(0.911811322693 0.213604629671 0.5)
(0.920058400401 0.215983908898 0.5)
(0.928397506383 0.218389738252 0.5)
(0.936829667573 0.220822414003 0.5)
(0.945355922364 0.223282235727 0.5)
(0.953977320737 0.225769506343 0.5)
(0.962694924388 0.228284532151 0.5)
(0.971509806863 0.230827622868 0.5)
(0.980423053686 0.233399091667 0.5)
(0.989435762494 0.235999255217 0.5)
(0.998549043172 0.238628433718 0.5)
(1.00776401799 0.241286950946 0.5)
(1.01708182175 0.243975134288 0.5)
(1.0265036019 0.246693314786 0.5)
(1.0360305187 0.249441827175 0.5)
(1.04566374537 0.252221009924 0.5)
(1.05540446821 0.255031205282 0.5)
(1.06525388674 0.257872759315 0.5)
(1.07521321391 0.260746021951 0.5)
(1.08528367616 0.263651347023 0.5)
(1.09546651364 0.266589092312 0.5)
(1.10576298033 0.269559619593 0.5)
(1.11617434421 0.272563294675 0.5)
(1.12670188741 0.275600487452 0.5)
(1.13734690636 0.278671571944 0.5)
(1.14811071196 0.281776926345 0.5)
(1.15899462973 0.28491693307 0.5)
(1.17 0.2880919788 0.5)
(0.5015 0.101932287368 0.5)
(0.505168456756 0.10296856811 0.5)
(0.508877849436 0.1040164126 0.5)
(0.512628634839 0.105075949876 0.5)
(0.516421274862 0.106147310418 0.5)
(0.520256236557 0.10723062616 0.5)
(0.524133992187 0.108326030508 0.5)
(0.528055019284 0.109433658358 0.5)
(0.532019800711 0.110553646111 0.5)
(0.536028824718 0.11168613169 0.5)
(0.540082585002 0.112831254556 0.5)
(0.544181580772 0.113989155728 0.5)
(0.548326316805 0.115159977798 0.5)
(0.552517303511 0.116343864948 0.5)
(0.556755056999 0.117540962971 0.5)
(0.561040099132 0.118751419284 0.5)
(0.5653729576 0.119975382953 0.5)
(0.569754165981 0.121213004703 0.5)
(0.574184263806 0.122464436945 0.5)
(0.578663796628 0.123729833788 0.5)
(0.583193316085 0.125009351061 0.5)
(0.587773379975 0.126303146332 0.5)
(0.592404552316 0.12761137893 0.5)
(0.597087403423 0.128934209957 0.5)
(0.601822509974 0.130271802317 0.5)
(0.606610455081 0.13162432073 0.5)
(0.611451828365 0.132991931754 0.5)
(0.616347226025 0.134374803805 0.5)
(0.621297250913 0.13577310718 0.5)
(0.626302512609 0.137187014076 0.5)
(0.631363627495 0.138616698611 0.5)
(0.63648121883 0.140062336845 0.5)
(0.641655916829 0.141524106804 0.5)
(0.646888358739 0.1430021885 0.5)
(0.652179188919 0.144496763955 0.5)
(0.657529058918 0.146008017221 0.5)
(0.662938627553 0.147536134403 0.5)
(0.668408560997 0.149081303684 0.5)
(0.673939532854 0.150643715346 0.5)
(0.679532224245 0.152223561797 0.5)
(0.685187323892 0.153821037588 0.5)
(0.690905528201 0.155436339443 0.5)
(0.696687541352 0.157069666283 0.5)
(0.70253407538 0.158721219244 0.5)
(0.708445850267 0.160391201712 0.5)
(0.71442359403 0.162079819339 0.5)
(0.720468042807 0.163787280073 0.5)
(0.726579940953 0.165513794182 0.5)
(0.732760041128 0.16725957428 0.5)
(0.739009104393 0.169024835355 0.5)
(0.745327900297 0.170809794793 0.5)
(0.751717206982 0.172614672405 0.5)
(0.758177811269 0.174439690458 0.5)
(0.76471050876 0.176285073695 0.5)
(0.771316103937 0.17815104937 0.5)
(0.777995410256 0.180037847271 0.5)
(0.784749250253 0.181945699753 0.5)
(0.791578455642 0.183874841759 0.5)
(0.798483867415 0.185825510859 0.5)
(0.805466335954 0.18779794727 0.5)
(0.812526721125 0.189792393892 0.5)
(0.819665892393 0.191809096334 0.5)
(0.826884728923 0.193848302947 0.5)
(0.834184119692 0.195910264852 0.5)
(0.841564963596 0.197995235974 0.5)
(0.849028169561 0.200103473069 0.5)
(0.856574656658 0.202235235761 0.5)
(0.864205354212 0.204390786569 0.5)
(0.871921201919 0.206570390941 0.5)
(0.879723149959 0.20877431729 0.5)
(0.887612159118 0.211002837022 0.5)
(0.895589200902 0.213256224571 0.5)
(0.903655257657 0.215534757436 0.5)
(0.911811322693 0.217838716209 0.5)
(0.920058400401 0.220168384616 0.5)
(0.928397506383 0.222524049548 0.5)
(0.936829667573 0.224906001098 0.5)
(0.945355922364 0.227314532594 0.5)
(0.953977320737 0.229749940641 0.5)
(0.962694924388 0.232212525151 0.5)
(0.971509806863 0.234702589382 0.5)
(0.980423053686 0.237220439978 0.5)
(0.989435762494 0.239766387005 0.5)
(0.998549043172 0.242340743988 0.5)
(1.00776401799 0.244943827949 0.5)
(1.01708182175 0.247575959451 0.5)
(1.0265036019 0.250237462632 0.5)
(1.0360305187 0.252928665247 0.5)
(1.04566374537 0.25564989871 0.5)
(1.05540446821 0.258401498131 0.5)
(1.06525388674 0.261183802361 0.5)
(1.07521321391 0.263997154032 0.5)
(1.08528367616 0.266841899598 0.5)
(1.09546651364 0.269718389381 0.5)
(1.10576298033 0.272626977612 0.5)
(1.11617434421 0.275568022473 0.5)
(1.12670188741 0.278541886145 0.5)
(1.13734690636 0.28154893485 0.5)
(1.14811071196 0.284589538895 0.5)
(1.15899462973 0.287664072721 0.5)
(1.17 0.290772914947 0.5)
(0.5015 0.108949733299 0.5)
(0.505168456756 0.109962908703 0.5)
(0.508877849436 0.110987390026 0.5)
(0.512628634839 0.112023303428 0.5)
(0.516421274862 0.113070776478 0.5)
(0.520256236557 0.114129938171 0.5)
(0.524133992187 0.115200918937 0.5)
(0.528055019284 0.116283850666 0.5)
(0.532019800711 0.117378866716 0.5)
(0.536028824718 0.118486101935 0.5)
(0.540082585002 0.119605692675 0.5)
(0.544181580772 0.120737776811 0.5)
(0.548326316805 0.121882493755 0.5)
(0.552517303511 0.123039984475 0.5)
(0.556755056999 0.124210391512 0.5)
(0.561040099132 0.125393858999 0.5)
(0.5653729576 0.126590532675 0.5)
(0.569754165981 0.127800559907 0.5)
(0.574184263806 0.129024089705 0.5)
(0.578663796628 0.130261272744 0.5)
(0.583193316085 0.131512261379 0.5)
(0.587773379975 0.132777209664 0.5)
(0.592404552316 0.134056273375 0.5)
(0.597087403423 0.135349610023 0.5)
(0.601822509974 0.136657378879 0.5)
(0.606610455081 0.13797974099 0.5)
(0.611451828365 0.139316859201 0.5)
(0.616347226025 0.140668898174 0.5)
(0.621297250913 0.142036024408 0.5)
(0.626302512609 0.143418406259 0.5)
(0.631363627495 0.144816213965 0.5)
(0.63648121883 0.14622961966 0.5)
(0.641655916829 0.1476587974 0.5)
(0.646888358739 0.149103923185 0.5)
(0.652179188919 0.150565174977 0.5)
(0.657529058918 0.152042732724 0.5)
(0.662938627553 0.153536778383 0.5)
(0.668408560997 0.15504749594 0.5)
(0.673939532854 0.156575071436 0.5)
(0.679532224245 0.158119692986 0.5)
(0.685187323892 0.159681550806 0.5)
(0.690905528201 0.161260837234 0.5)
(0.696687541352 0.162857746753 0.5)
(0.70253407538 0.164472476017 0.5)
(0.708445850267 0.166105223875 0.5)
(0.71442359403 0.167756191396 0.5)
(0.720468042807 0.169425581889 0.5)
(0.726579940953 0.171113600936 0.5)
(0.732760041128 0.17282045641 0.5)
(0.739009104393 0.174546358505 0.5)
(0.745327900297 0.17629151976 0.5)
(0.751717206982 0.178056155086 0.5)
(0.758177811269 0.179840481793 0.5)
(0.76471050876 0.181644719614 0.5)
(0.771316103937 0.183469090735 0.5)
(0.777995410256 0.185313819822 0.5)
(0.784749250253 0.187179134047 0.5)
(0.791578455642 0.189065263117 0.5)
(0.798483867415 0.190972439304 0.5)
(0.805466335954 0.192900897469 0.5)
(0.812526721125 0.194850875097 0.5)
(0.819665892393 0.19682261232 0.5)
(0.826884728923 0.198816351952 0.5)
(0.834184119692 0.200832339514 0.5)
(0.841564963596 0.202870823271 0.5)
(0.849028169561 0.204932054253 0.5)
(0.856574656658 0.207016286295 0.5)
(0.864205354212 0.209123776064 0.5)
(0.871921201919 0.21125478309 0.5)
(0.879723149959 0.213409569799 0.5)
(0.887612159118 0.215588401547 0.5)
(0.895589200902 0.21779154665 0.5)
(0.903655257657 0.220019276417 0.5)
(0.911811322693 0.222271865187 0.5)
(0.920058400401 0.224549590358 0.5)
(0.928397506383 0.226852732425 0.5)
(0.936829667573 0.229181575013 0.5)
(0.945355922364 0.23153640491 0.5)
(0.953977320737 0.233917512107 0.5)
(0.962694924388 0.236325189829 0.5)
(0.971509806863 0.238759734574 0.5)
(0.980423053686 0.241221446148 0.5)
(0.989435762494 0.243710627703 0.5)
(0.998549043172 0.246227585773 0.5)
(1.00776401799 0.248772630314 0.5)
(1.01708182175 0.25134607474 0.5)
(1.0265036019 0.253948235962 0.5)
(1.0360305187 0.256579434427 0.5)
(1.04566374537 0.25923999416 0.5)
(1.05540446821 0.2619302428 0.5)
(1.06525388674 0.264650511641 0.5)
(1.07521321391 0.267401135677 0.5)
(1.08528367616 0.270182453637 0.5)
(1.09546651364 0.272994808033 0.5)
(1.10576298033 0.275838545195 0.5)
(1.11617434421 0.278714015322 0.5)
(1.12670188741 0.281621572518 0.5)
(1.13734690636 0.28456157484 0.5)
(1.14811071196 0.287534384339 0.5)
(1.15899462973 0.290540367106 0.5)
(1.17 0.29357989332 0.5)
(0.5015 0.116297099249 0.5)
(0.505168456756 0.117286083036 0.5)
(0.508877849436 0.118286102788 0.5)
(0.512628634839 0.119297281657 0.5)
(0.516421274862 0.120319744163 0.5)
(0.520256236557 0.121353616222 0.5)
(0.524133992187 0.122399025151 0.5)
(0.528055019284 0.123456099687 0.5)
(0.532019800711 0.124524970008 0.5)
(0.536028824718 0.12560576774 0.5)
(0.540082585002 0.126698625981 0.5)
(0.544181580772 0.127803679312 0.5)
(0.548326316805 0.128921063816 0.5)
(0.552517303511 0.130050917098 0.5)
(0.556755056999 0.131193378293 0.5)
(0.561040099132 0.132348588093 0.5)
(0.5653729576 0.133516688757 0.5)
(0.569754165981 0.134697824135 0.5)
(0.574184263806 0.135892139678 0.5)
(0.578663796628 0.137099782462 0.5)
(0.583193316085 0.138320901206 0.5)
(0.587773379975 0.139555646285 0.5)
(0.592404552316 0.140804169755 0.5)
(0.597087403423 0.142066625367 0.5)
(0.601822509974 0.143343168589 0.5)
(0.606610455081 0.144633956623 0.5)
(0.611451828365 0.145939148424 0.5)
(0.616347226025 0.147258904724 0.5)
(0.621297250913 0.148593388046 0.5)
(0.626302512609 0.149942762727 0.5)
(0.631363627495 0.151307194938 0.5)
(0.63648121883 0.152686852705 0.5)
(0.641655916829 0.154081905929 0.5)
(0.646888358739 0.155492526404 0.5)
(0.652179188919 0.156918887845 0.5)
(0.657529058918 0.158361165904 0.5)
(0.662938627553 0.159819538192 0.5)
(0.668408560997 0.161294184304 0.5)
(0.673939532854 0.162785285836 0.5)
(0.679532224245 0.164293026414 0.5)
(0.685187323892 0.16581759171 0.5)
(0.690905528201 0.167359169471 0.5)
(0.696687541352 0.168917949536 0.5)
(0.70253407538 0.170494123864 0.5)
(0.708445850267 0.172087886555 0.5)
(0.71442359403 0.173699433877 0.5)
(0.720468042807 0.175328964287 0.5)
(0.726579940953 0.176976678455 0.5)
(0.732760041128 0.178642779292 0.5)
(0.739009104393 0.180327471974 0.5)
(0.745327900297 0.182030963964 0.5)
(0.751717206982 0.183753465043 0.5)
(0.758177811269 0.18549518733 0.5)
(0.76471050876 0.187256345313 0.5)
(0.771316103937 0.189037155873 0.5)
(0.777995410256 0.190837838311 0.5)
(0.784749250253 0.192658614375 0.5)
(0.791578455642 0.194499708288 0.5)
(0.798483867415 0.196361346775 0.5)
(0.805466335954 0.19824375909 0.5)
(0.812526721125 0.200147177047 0.5)
(0.819665892393 0.202071835044 0.5)
(0.826884728923 0.204017970098 0.5)
(0.834184119692 0.205985821868 0.5)
(0.841564963596 0.20797563269 0.5)
(0.849028169561 0.209987647602 0.5)
(0.856574656658 0.212022114377 0.5)
(0.864205354212 0.214079283552 0.5)
(0.871921201919 0.216159408463 0.5)
(0.879723149959 0.218262745269 0.5)
(0.887612159118 0.220389552989 0.5)
(0.895589200902 0.222540093534 0.5)
(0.903655257657 0.224714631734 0.5)
(0.911811322693 0.226913435378 0.5)
(0.920058400401 0.229136775241 0.5)
(0.928397506383 0.231384925119 0.5)
(0.936829667573 0.233658161866 0.5)
(0.945355922364 0.235956765424 0.5)
(0.953977320737 0.238281018856 0.5)
(0.962694924388 0.240631208389 0.5)
(0.971509806863 0.24300762344 0.5)
(0.980423053686 0.245410556657 0.5)
(0.989435762494 0.247840303953 0.5)
(0.998549043172 0.250297164544 0.5)
(1.00776401799 0.252781440984 0.5)
(1.01708182175 0.255293439205 0.5)
(1.0265036019 0.257833468549 0.5)
(1.0360305187 0.260401841814 0.5)
(1.04566374537 0.262998875287 0.5)
(1.05540446821 0.265624888783 0.5)
(1.06525388674 0.268280205688 0.5)
(1.07521321391 0.270965152996 0.5)
(1.08528367616 0.273680061348 0.5)
(1.09546651364 0.276425265078 0.5)
(1.10576298033 0.279201102248 0.5)
(1.11617434421 0.282007914693 0.5)
(1.12670188741 0.284846048064 0.5)
(1.13734690636 0.287715851866 0.5)
(1.14811071196 0.290617679508 0.5)
(1.15899462973 0.29355188834 0.5)
(1.17 0.2965188397 0.5)
(0.5015 0.123989896163 0.5)
(0.505168456756 0.124953550981 0.5)
(0.508877849436 0.125927959121 0.5)
(0.512628634839 0.12691324058 0.5)
(0.516421274862 0.127909516691 0.5)
(0.520256236557 0.128916910143 0.5)
(0.524133992187 0.129935544992 0.5)
(0.528055019284 0.13096554668 0.5)
(0.532019800711 0.13200704205 0.5)
(0.536028824718 0.133060159356 0.5)
(0.540082585002 0.134125028288 0.5)
(0.544181580772 0.135201779981 0.5)
(0.548326316805 0.136290547032 0.5)
(0.552517303511 0.137391463521 0.5)
(0.556755056999 0.138504665021 0.5)
(0.561040099132 0.13963028862 0.5)
(0.5653729576 0.140768472935 0.5)
(0.569754165981 0.141919358128 0.5)
(0.574184263806 0.143083085929 0.5)
(0.578663796628 0.144259799646 0.5)
(0.583193316085 0.145449644187 0.5)
(0.587773379975 0.146652766079 0.5)
(0.592404552316 0.147869313482 0.5)
(0.597087403423 0.149099436209 0.5)
(0.601822509974 0.150343285747 0.5)
(0.606610455081 0.151601015271 0.5)
(0.611451828365 0.152872779667 0.5)
(0.616347226025 0.154158735548 0.5)
(0.621297250913 0.155459041275 0.5)
(0.626302512609 0.156773856978 0.5)
(0.631363627495 0.158103344571 0.5)
(0.63648121883 0.159447667776 0.5)
(0.641655916829 0.160806992143 0.5)
(0.646888358739 0.162181485068 0.5)
(0.652179188919 0.163571315815 0.5)
(0.657529058918 0.164976655537 0.5)
(0.662938627553 0.166397677297 0.5)
(0.668408560997 0.16783455609 0.5)
(0.673939532854 0.169287468863 0.5)
(0.679532224245 0.170756594536 0.5)
(0.685187323892 0.172242114029 0.5)
(0.690905528201 0.173744210278 0.5)
(0.696687541352 0.175263068261 0.5)
(0.70253407538 0.17679887502 0.5)
(0.708445850267 0.178351819686 0.5)
(0.71442359403 0.179922093499 0.5)
(0.720468042807 0.181509889831 0.5)
(0.726579940953 0.183115404217 0.5)
(0.732760041128 0.184738834369 0.5)
(0.739009104393 0.186380380207 0.5)
(0.745327900297 0.188040243883 0.5)
(0.751717206982 0.189718629803 0.5)
(0.758177811269 0.191415744656 0.5)
(0.76471050876 0.193131797435 0.5)
(0.771316103937 0.194866999466 0.5)
(0.777995410256 0.196621564435 0.5)
(0.784749250253 0.19839570841 0.5)
(0.791578455642 0.200189649871 0.5)
(0.798483867415 0.202003609737 0.5)
(0.805466335954 0.20383781139 0.5)
(0.812526721125 0.205692480707 0.5)
(0.819665892393 0.207567846084 0.5)
(0.826884728923 0.209464138466 0.5)
(0.834184119692 0.211381591376 0.5)
(0.841564963596 0.213320440941 0.5)
(0.849028169561 0.215280925925 0.5)
(0.856574656658 0.217263287755 0.5)
(0.864205354212 0.219267770552 0.5)
(0.871921201919 0.221294621163 0.5)
(0.879723149959 0.223344089186 0.5)
(0.887612159118 0.225416427008 0.5)
(0.895589200902 0.22751188983 0.5)
(0.903655257657 0.229630735701 0.5)
(0.911811322693 0.231773225551 0.5)
(0.920058400401 0.23393962322 0.5)
(0.928397506383 0.236130195494 0.5)
(0.936829667573 0.238345212133 0.5)
(0.945355922364 0.24058494591 0.5)
(0.953977320737 0.242849672641 0.5)
(0.962694924388 0.24513967122 0.5)
(0.971509806863 0.247455223652 0.5)
(0.980423053686 0.249796615091 0.5)
(0.989435762494 0.252164133871 0.5)
(0.998549043172 0.254558071545 0.5)
(1.00776401799 0.256978722917 0.5)
(1.01708182175 0.259426386084 0.5)
(1.0265036019 0.261901362467 0.5)
(1.0360305187 0.264403956851 0.5)
(1.04566374537 0.266934477424 0.5)
(1.05540446821 0.269493235809 0.5)
(1.06525388674 0.272080547111 0.5)
(1.07521321391 0.274696729948 0.5)
(1.08528367616 0.277342106494 0.5)
(1.09546651364 0.280017002519 0.5)
(1.10576298033 0.282721747428 0.5)
(1.11617434421 0.285456674301 0.5)
(1.12670188741 0.288222119936 0.5)
(1.13734690636 0.291018424889 0.5)
(1.14811071196 0.293845933515 0.5)
(1.15899462973 0.296704994012 0.5)
(1.17 0.299595958465 0.5)
(0.5015 0.132044364222 0.5)
(0.505168456756 0.132981499248 0.5)
(0.508877849436 0.133929091666 0.5)
(0.512628634839 0.134887258167 0.5)
(0.516421274862 0.135856116749 0.5)
(0.520256236557 0.136835786721 0.5)
(0.524133992187 0.137826388727 0.5)
(0.528055019284 0.138828044758 0.5)
(0.532019800711 0.139840878162 0.5)
(0.536028824718 0.140865013669 0.5)
(0.540082585002 0.141900577396 0.5)
(0.544181580772 0.142947696869 0.5)
(0.548326316805 0.144006501039 0.5)
(0.552517303511 0.145077120294 0.5)
(0.556755056999 0.146159686476 0.5)
(0.561040099132 0.147254332901 0.5)
(0.5653729576 0.14836119437 0.5)
(0.569754165981 0.14948040719 0.5)
(0.574184263806 0.150612109188 0.5)
(0.578663796628 0.15175643973 0.5)
(0.583193316085 0.152913539736 0.5)
(0.587773379975 0.1540835517 0.5)
(0.592404552316 0.155266619704 0.5)
(0.597087403423 0.15646288944 0.5)
(0.601822509974 0.157672508224 0.5)
(0.606610455081 0.158895625018 0.5)
(0.611451828365 0.160132390443 0.5)
(0.616347226025 0.161382956803 0.5)
(0.621297250913 0.162647478102 0.5)
(0.626302512609 0.163926110062 0.5)
(0.631363627495 0.165219010141 0.5)
(0.63648121883 0.166526337556 0.5)
(0.641655916829 0.167848253301 0.5)
(0.646888358739 0.169184920165 0.5)
(0.652179188919 0.170536502754 0.5)
(0.657529058918 0.171903167511 0.5)
(0.662938627553 0.173285082736 0.5)
(0.668408560997 0.174682418608 0.5)
(0.673939532854 0.176095347205 0.5)
(0.679532224245 0.177524042523 0.5)
(0.685187323892 0.178968680503 0.5)
(0.690905528201 0.180429439045 0.5)
(0.696687541352 0.181906498039 0.5)
(0.70253407538 0.183400039379 0.5)
(0.708445850267 0.18491024699 0.5)
(0.71442359403 0.18643730685 0.5)
(0.720468042807 0.187981407009 0.5)
(0.726579940953 0.18954273762 0.5)
(0.732760041128 0.191121490956 0.5)
(0.739009104393 0.192717861434 0.5)
(0.745327900297 0.194332045643 0.5)
(0.751717206982 0.195964242363 0.5)
(0.758177811269 0.197614652596 0.5)
(0.76471050876 0.199283479583 0.5)
(0.771316103937 0.200970928835 0.5)
(0.777995410256 0.202677208156 0.5)
(0.784749250253 0.204402527668 0.5)
(0.791578455642 0.20614709984 0.5)
(0.798483867415 0.207911139509 0.5)
(0.805466335954 0.209694863912 0.5)
(0.812526721125 0.211498492708 0.5)
(0.819665892393 0.213322248009 0.5)
(0.826884728923 0.215166354403 0.5)
(0.834184119692 0.217031038987 0.5)
(0.841564963596 0.21891653139 0.5)
(0.849028169561 0.220823063805 0.5)
(0.856574656658 0.222750871014 0.5)
(0.864205354212 0.224700190422 0.5)
(0.871921201919 0.226671262081 0.5)
(0.879723149959 0.228664328721 0.5)
(0.887612159118 0.230679635782 0.5)
(0.895589200902 0.232717431444 0.5)
(0.903655257657 0.234777966653 0.5)
(0.911811322693 0.236861495157 0.5)
(0.920058400401 0.238968273538 0.5)
(0.928397506383 0.241098561237 0.5)
(0.936829667573 0.243252620593 0.5)
(0.945355922364 0.245430716872 0.5)
(0.953977320737 0.247633118297 0.5)
(0.962694924388 0.249860096089 0.5)
(0.971509806863 0.252111924492 0.5)
(0.980423053686 0.254388880812 0.5)
(0.989435762494 0.256691245448 0.5)
(0.998549043172 0.259019301929 0.5)
(1.00776401799 0.261373336948 0.5)
(1.01708182175 0.263753640397 0.5)
(1.0265036019 0.266160505402 0.5)
(1.0360305187 0.26859422836 0.5)
(1.04566374537 0.271055108978 0.5)
(1.05540446821 0.273543450303 0.5)
(1.06525388674 0.276059558768 0.5)
(1.07521321391 0.278603744224 0.5)
(1.08528367616 0.281176319977 0.5)
(1.09546651364 0.283777602833 0.5)
(1.10576298033 0.286407913132 0.5)
(1.11617434421 0.289067574786 0.5)
(1.12670188741 0.291756915326 0.5)
(1.13734690636 0.294476265934 0.5)
(1.14811071196 0.29722596149 0.5)
(1.15899462973 0.30000634061 0.5)
(1.17 0.302817745689 0.5)
(0.5015 0.140477507127 0.5)
(0.505168456756 0.141386875553 0.5)
(0.508877849436 0.142306391526 0.5)
(0.512628634839 0.143236168281 0.5)
(0.516421274862 0.144176320317 0.5)
(0.520256236557 0.145126963412 0.5)
(0.524133992187 0.146088214632 0.5)
(0.528055019284 0.147060192354 0.5)
(0.532019800711 0.148043016274 0.5)
(0.536028824718 0.149036807422 0.5)
(0.540082585002 0.150041688181 0.5)
(0.544181580772 0.151057782299 0.5)
(0.548326316805 0.152085214905 0.5)
(0.552517303511 0.153124112523 0.5)
(0.556755056999 0.15417460309 0.5)
(0.561040099132 0.155236815972 0.5)
(0.5653729576 0.156310881975 0.5)
(0.569754165981 0.157396933368 0.5)
(0.574184263806 0.158495103895 0.5)
(0.578663796628 0.159605528791 0.5)
(0.583193316085 0.160728344802 0.5)
(0.587773379975 0.161863690199 0.5)
(0.592404552316 0.163011704795 0.5)
(0.597087403423 0.164172529967 0.5)
(0.601822509974 0.165346308664 0.5)
(0.606610455081 0.166533185434 0.5)
(0.611451828365 0.167733306438 0.5)
(0.616347226025 0.168946819466 0.5)
(0.621297250913 0.170173873958 0.5)
(0.626302512609 0.171414621023 0.5)
(0.631363627495 0.172669213454 0.5)
(0.63648121883 0.173937805749 0.5)
(0.641655916829 0.175220554134 0.5)
(0.646888358739 0.176517616572 0.5)
(0.652179188919 0.177829152794 0.5)
(0.657529058918 0.179155324311 0.5)
(0.662938627553 0.180496294437 0.5)
(0.668408560997 0.181852228307 0.5)
(0.673939532854 0.183223292901 0.5)
(0.679532224245 0.184609657061 0.5)
(0.685187323892 0.186011491513 0.5)
(0.690905528201 0.187428968888 0.5)
(0.696687541352 0.188862263745 0.5)
(0.70253407538 0.190311552588 0.5)
(0.708445850267 0.191777013893 0.5)
(0.71442359403 0.193258828127 0.5)
(0.720468042807 0.19475717777 0.5)
(0.726579940953 0.19627224734 0.5)
(0.732760041128 0.197804223412 0.5)
(0.739009104393 0.199353294644 0.5)
(0.745327900297 0.200919651799 0.5)
(0.751717206982 0.202503487769 0.5)
(0.758177811269 0.204104997598 0.5)
(0.76471050876 0.205724378507 0.5)
(0.771316103937 0.207361829918 0.5)
(0.777995410256 0.209017553477 0.5)
(0.784749250253 0.210691753081 0.5)
(0.791578455642 0.212384634903 0.5)
(0.798483867415 0.214096407415 0.5)
(0.805466335954 0.215827281417 0.5)
(0.812526721125 0.21757747006 0.5)
(0.819665892393 0.219347188875 0.5)
(0.826884728923 0.221136655795 0.5)
(0.834184119692 0.22294609119 0.5)
(0.841564963596 0.224775717883 0.5)
(0.849028169561 0.226625761189 0.5)
(0.856574656658 0.228496448933 0.5)
(0.864205354212 0.230388011486 0.5)
(0.871921201919 0.232300681787 0.5)
(0.879723149959 0.234234695374 0.5)
(0.887612159118 0.236190290416 0.5)
(0.895589200902 0.238167707738 0.5)
(0.903655257657 0.240167190852 0.5)
(0.911811322693 0.242188985988 0.5)
(0.920058400401 0.244233342123 0.5)
(0.928397506383 0.246300511014 0.5)
(0.936829667573 0.248390747225 0.5)
(0.945355922364 0.250504308163 0.5)
(0.953977320737 0.252641454105 0.5)
(0.962694924388 0.254802448234 0.5)
(0.971509806863 0.25698755667 0.5)
(0.980423053686 0.259197048502 0.5)
(0.989435762494 0.26143119582 0.5)
(0.998549043172 0.263690273754 0.5)
(1.00776401799 0.265974560501 0.5)
(1.01708182175 0.268284337364 0.5)
(1.0265036019 0.270619888785 0.5)
(1.0360305187 0.272981502378 0.5)
(1.04566374537 0.27536946897 0.5)
(1.05540446821 0.27778408263 0.5)
(1.06525388674 0.28022564071 0.5)
(1.07521321391 0.28269444388 0.5)
(1.08528367616 0.285190796165 0.5)
(1.09546651364 0.287715004984 0.5)
(1.10576298033 0.290267381183 0.5)
(1.11617434421 0.292848239081 0.5)
(1.12670188741 0.295457896501 0.5)
(1.13734690636 0.298096674813 0.5)
(1.14811071196 0.300764898976 0.5)
(1.15899462973 0.303462897572 0.5)
(1.17 0.306191002851 0.5)
(0.5015 0.149307127994 0.5)
(0.505168456756 0.150187424394 0.5)
(0.508877849436 0.15107754393 0.5)
(0.512628634839 0.151977596215 0.5)
(0.516421274862 0.15288769209 0.5)
(0.520256236557 0.153807943629 0.5)
(0.524133992187 0.154738464158 0.5)
(0.528055019284 0.155679368268 0.5)
(0.532019800711 0.156630771828 0.5)
(0.536028824718 0.157592792001 0.5)
(0.540082585002 0.158565547255 0.5)
(0.544181580772 0.159549157384 0.5)
(0.548326316805 0.160543743514 0.5)
(0.552517303511 0.161549428127 0.5)
(0.556755056999 0.162566335068 0.5)
(0.561040099132 0.163594589568 0.5)
(0.5653729576 0.164634318251 0.5)
(0.569754165981 0.165685649157 0.5)
(0.574184263806 0.166748711755 0.5)
(0.578663796628 0.167823636956 0.5)
(0.583193316085 0.168910557135 0.5)
(0.587773379975 0.170009606142 0.5)
(0.592404552316 0.171120919321 0.5)
(0.597087403423 0.172244633528 0.5)
(0.601822509974 0.173380887143 0.5)
(0.606610455081 0.174529820093 0.5)
(0.611451828365 0.175691573865 0.5)
(0.616347226025 0.176866291526 0.5)
(0.621297250913 0.178054117737 0.5)
(0.626302512609 0.179255198776 0.5)
(0.631363627495 0.180469682553 0.5)
(0.63648121883 0.181697718626 0.5)
(0.641655916829 0.182939458225 0.5)
(0.646888358739 0.184195054266 0.5)
(0.652179188919 0.185464661371 0.5)
(0.657529058918 0.186748435888 0.5)
(0.662938627553 0.18804653591 0.5)
(0.668408560997 0.189359121294 0.5)
(0.673939532854 0.190686353681 0.5)
(0.679532224245 0.192028396514 0.5)
(0.685187323892 0.193385415063 0.5)
(0.690905528201 0.194757576439 0.5)
(0.696687541352 0.196145049619 0.5)
(0.70253407538 0.197548005467 0.5)
(0.708445850267 0.198966616752 0.5)
(0.71442359403 0.200401058171 0.5)
(0.720468042807 0.201851506372 0.5)
(0.726579940953 0.203318139971 0.5)
(0.732760041128 0.204801139581 0.5)
(0.739009104393 0.206300687827 0.5)
(0.745327900297 0.207816969375 0.5)
(0.751717206982 0.20935017095 0.5)
(0.758177811269 0.21090048136 0.5)
(0.76471050876 0.212468091521 0.5)
(0.771316103937 0.214053194479 0.5)
(0.777995410256 0.215655985434 0.5)
(0.784749250253 0.217276661766 0.5)
(0.791578455642 0.218915423054 0.5)
(0.798483867415 0.220572471107 0.5)
(0.805466335954 0.222248009986 0.5)
(0.812526721125 0.223942246027 0.5)
(0.819665892393 0.22565538787 0.5)
(0.826884728923 0.227387646483 0.5)
(0.834184119692 0.229139235187 0.5)
(0.841564963596 0.230910369687 0.5)
(0.849028169561 0.23270126809 0.5)
(0.856574656658 0.23451215094 0.5)
(0.864205354212 0.236343241241 0.5)
(0.871921201919 0.238194764487 0.5)
(0.879723149959 0.240066948687 0.5)
(0.887612159118 0.241960024393 0.5)
(0.895589200902 0.243874224732 0.5)
(0.903655257657 0.245809785432 0.5)
(0.911811322693 0.24776694485 0.5)
(0.920058400401 0.249745944005 0.5)
(0.928397506383 0.251747026603 0.5)
(0.936829667573 0.253770439072 0.5)
(0.945355922364 0.255816430588 0.5)
(0.953977320737 0.257885253109 0.5)
(0.962694924388 0.259977161403 0.5)
(0.971509806863 0.262092413081 0.5)
(0.980423053686 0.264231268631 0.5)
(0.989435762494 0.266393991446 0.5)
(0.998549043172 0.268580847857 0.5)
(1.00776401799 0.270792107169 0.5)
(1.01708182175 0.273028041691 0.5)
(1.0265036019 0.275288926772 0.5)
(1.0360305187 0.277575040832 0.5)
(1.04566374537 0.279886665399 0.5)
(1.05540446821 0.282224085142 0.5)
(1.06525388674 0.284587587906 0.5)
(1.07521321391 0.286977464749 0.5)
(1.08528367616 0.289394009976 0.5)
(1.09546651364 0.291837521178 0.5)
(1.10576298033 0.294308299265 0.5)
(1.11617434421 0.296806648505 0.5)
(1.12670188741 0.299332876562 0.5)
(1.13734690636 0.301887294532 0.5)
(1.14811071196 0.304470216984 0.5)
(1.15899462973 0.307081961997 0.5)
(1.17 0.309722851198 0.5)
(0.5015 0.158551866942 0.5)
(0.505168456756 0.159401724516 0.5)
(0.508877849436 0.160261065562 0.5)
(0.512628634839 0.161129995905 0.5)
(0.516421274862 0.162008622549 0.5)
(0.520256236557 0.162897053697 0.5)
(0.524133992187 0.163795398754 0.5)
(0.528055019284 0.164703768349 0.5)
(0.532019800711 0.165622274345 0.5)
(0.536028824718 0.166551029853 0.5)
(0.540082585002 0.167490149246 0.5)
(0.544181580772 0.168439748174 0.5)
(0.548326316805 0.169399943577 0.5)
(0.552517303511 0.170370853699 0.5)
(0.556755056999 0.171352598105 0.5)
(0.561040099132 0.172345297694 0.5)
(0.5653729576 0.173349074713 0.5)
(0.569754165981 0.174364052775 0.5)
(0.574184263806 0.175390356871 0.5)
(0.578663796628 0.176428113386 0.5)
(0.583193316085 0.177477450116 0.5)
(0.587773379975 0.178538496286 0.5)
(0.592404552316 0.179611382558 0.5)
(0.597087403423 0.180696241055 0.5)
(0.601822509974 0.181793205374 0.5)
(0.606610455081 0.182902410603 0.5)
(0.611451828365 0.184023993336 0.5)
(0.616347226025 0.185158091694 0.5)
(0.621297250913 0.186304845336 0.5)
(0.626302512609 0.187464395481 0.5)
(0.631363627495 0.188636884925 0.5)
(0.63648121883 0.189822458055 0.5)
(0.641655916829 0.191021260871 0.5)
(0.646888358739 0.192233441002 0.5)
(0.652179188919 0.193459147723 0.5)
(0.657529058918 0.194698531977 0.5)
(0.662938627553 0.19595174639 0.5)
(0.668408560997 0.197218945291 0.5)
(0.673939532854 0.198500284732 0.5)
(0.679532224245 0.199795922504 0.5)
(0.685187323892 0.201106018162 0.5)
(0.690905528201 0.202430733041 0.5)
(0.696687541352 0.203770230273 0.5)
(0.70253407538 0.205124674814 0.5)
(0.708445850267 0.20649423346 0.5)
(0.71442359403 0.207879074867 0.5)
(0.720468042807 0.209279369573 0.5)
(0.726579940953 0.210695290021 0.5)
(0.732760041128 0.212127010577 0.5)
(0.739009104393 0.213574707552 0.5)
(0.745327900297 0.215038559225 0.5)
(0.751717206982 0.216518745866 0.5)
(0.758177811269 0.218015449754 0.5)
(0.76471050876 0.219528855203 0.5)
(0.771316103937 0.221059148585 0.5)
(0.777995410256 0.222606518349 0.5)
(0.784749250253 0.224171155051 0.5)
(0.791578455642 0.225753251369 0.5)
(0.798483867415 0.227353002134 0.5)
(0.805466335954 0.228970604349 0.5)
(0.812526721125 0.230606257218 0.5)
(0.819665892393 0.232260162165 0.5)
(0.826884728923 0.233932522864 0.5)
(0.834184119692 0.23562354526 0.5)
(0.841564963596 0.237333437597 0.5)
(0.849028169561 0.239062410444 0.5)
(0.856574656658 0.240810676717 0.5)
(0.864205354212 0.242578451709 0.5)
(0.871921201919 0.244365953117 0.5)
(0.879723149959 0.246173401066 0.5)
(0.887612159118 0.248001018136 0.5)
(0.895589200902 0.249849029393 0.5)
(0.903655257657 0.251717662414 0.5)
(0.911811322693 0.253607147314 0.5)
(0.920058400401 0.255517716778 0.5)
(0.928397506383 0.257449606086 0.5)
(0.936829667573 0.259403053144 0.5)
(0.945355922364 0.261378298512 0.5)
(0.953977320737 0.263375585436 0.5)
(0.962694924388 0.265395159875 0.5)
(0.971509806863 0.267437270532 0.5)
(0.980423053686 0.269502168889 0.5)
(0.989435762494 0.271590109229 0.5)
(0.998549043172 0.273701348676 0.5)
(1.00776401799 0.275836147222 0.5)
(1.01708182175 0.277994767761 0.5)
(1.0265036019 0.28017747612 0.5)
(1.0360305187 0.282384541092 0.5)
(1.04566374537 0.28461623447 0.5)
(1.05540446821 0.286872831081 0.5)
(1.06525388674 0.289154608816 0.5)
(1.07521321391 0.291461848669 0.5)
(1.08528367616 0.293794834769 0.5)
(1.09546651364 0.296153854416 0.5)
(1.10576298033 0.298539198115 0.5)
(1.11617434421 0.300951159614 0.5)
(1.12670188741 0.303390035939 0.5)
(1.13734690636 0.305856127428 0.5)
(1.14811071196 0.308349737773 0.5)
(1.15899462973 0.310871174053 0.5)
(1.17 0.313420746777 0.5)
(0.5015 0.168231240439 0.5)
(0.505168456756 0.169049228129 0.5)
(0.508877849436 0.169876343657 0.5)
(0.512628634839 0.170712688881 0.5)
(0.516421274862 0.171558366794 0.5)
(0.520256236557 0.172413481537 0.5)
(0.524133992187 0.173278138416 0.5)
(0.528055019284 0.17415244391 0.5)
(0.532019800711 0.175036505688 0.5)
(0.536028824718 0.175930432618 0.5)
(0.540082585002 0.176834334784 0.5)
(0.544181580772 0.1777483235 0.5)
(0.548326316805 0.178672511321 0.5)
(0.552517303511 0.179607012056 0.5)
(0.556755056999 0.180551940786 0.5)
(0.561040099132 0.181507413877 0.5)
(0.5653729576 0.182473548992 0.5)
(0.569754165981 0.183450465107 0.5)
(0.574184263806 0.184438282526 0.5)
(0.578663796628 0.185437122896 0.5)
(0.583193316085 0.186447109221 0.5)
(0.587773379975 0.187468365878 0.5)
(0.592404552316 0.18850101863 0.5)
(0.597087403423 0.189545194645 0.5)
(0.601822509974 0.190601022511 0.5)
(0.606610455081 0.19166863225 0.5)
(0.611451828365 0.192748155333 0.5)
(0.616347226025 0.193839724701 0.5)
(0.621297250913 0.194943474777 0.5)
(0.626302512609 0.196059541484 0.5)
(0.631363627495 0.197188062262 0.5)
(0.63648121883 0.198329176085 0.5)
(0.641655916829 0.199483023478 0.5)
(0.646888358739 0.200649746532 0.5)
(0.652179188919 0.201829488926 0.5)
(0.657529058918 0.203022395942 0.5)
(0.662938627553 0.204228614482 0.5)
(0.668408560997 0.205448293087 0.5)
(0.673939532854 0.206681581959 0.5)
(0.679532224245 0.207928632971 0.5)
(0.685187323892 0.209189599694 0.5)
(0.690905528201 0.210464637413 0.5)
(0.696687541352 0.211753903144 0.5)
(0.70253407538 0.213057555655 0.5)
(0.708445850267 0.214375755488 0.5)
(0.71442359403 0.215708664974 0.5)
(0.720468042807 0.217056448258 0.5)
(0.726579940953 0.218419271313 0.5)
(0.732760041128 0.219797301968 0.5)
(0.739009104393 0.221190709922 0.5)
(0.745327900297 0.222599666769 0.5)
(0.751717206982 0.224024346018 0.5)
(0.758177811269 0.225464923113 0.5)
(0.76471050876 0.226921575456 0.5)
(0.771316103937 0.22839448243 0.5)
(0.777995410256 0.229883825418 0.5)
(0.784749250253 0.231389787827 0.5)
(0.791578455642 0.232912555114 0.5)
(0.798483867415 0.2344523148 0.5)
(0.805466335954 0.236009256503 0.5)
(0.812526721125 0.237583571955 0.5)
(0.819665892393 0.239175455028 0.5)
(0.826884728923 0.240785101757 0.5)
(0.834184119692 0.242412710364 0.5)
(0.841564963596 0.244058481285 0.5)
(0.849028169561 0.245722617191 0.5)
(0.856574656658 0.247405323014 0.5)
(0.864205354212 0.249106805976 0.5)
(0.871921201919 0.250827275606 0.5)
(0.879723149959 0.252566943777 0.5)
(0.887612159118 0.254326024722 0.5)
(0.895589200902 0.256104735067 0.5)
(0.903655257657 0.257903293853 0.5)
(0.911811322693 0.259721922568 0.5)
(0.920058400401 0.26156084517 0.5)
(0.928397506383 0.263420288116 0.5)
(0.936829667573 0.265300480391 0.5)
(0.945355922364 0.267201653533 0.5)
(0.953977320737 0.269124041668 0.5)
(0.962694924388 0.271067881529 0.5)
(0.971509806863 0.273033412495 0.5)
(0.980423053686 0.275020876615 0.5)
(0.989435762494 0.277030518638 0.5)
(0.998549043172 0.279062586045 0.5)
(1.00776401799 0.28111732908 0.5)
(1.01708182175 0.283195000775 0.5)
(1.0265036019 0.285295856991 0.5)
(1.0360305187 0.287420156441 0.5)
(1.04566374537 0.289568160726 0.5)
(1.05540446821 0.291740134364 0.5)
(1.06525388674 0.293936344828 0.5)
(1.07521321391 0.296157062575 0.5)
(1.08528367616 0.298402561077 0.5)
(1.09546651364 0.300673116861 0.5)
(1.10576298033 0.302969009538 0.5)
(1.11617434421 0.305290521841 0.5)
(1.12670188741 0.307637939656 0.5)
(1.13734690636 0.31001155206 0.5)
(1.14811071196 0.312411651355 0.5)
(1.15899462973 0.314838533106 0.5)
(1.17 0.317292496176 0.5)
(0.5015 0.178365682506 0.5)
(0.505168456756 0.179150301973 0.5)
(0.508877849436 0.179943676925 0.5)
(0.512628634839 0.180745905065 0.5)
(0.516421274862 0.181557085185 0.5)
(0.520256236557 0.182377317179 0.5)
(0.524133992187 0.183206702055 0.5)
(0.528055019284 0.18404534195 0.5)
(0.532019800711 0.184893340139 0.5)
(0.536028824718 0.185750801051 0.5)
(0.540082585002 0.18661783028 0.5)
(0.544181580772 0.187494534596 0.5)
(0.548326316805 0.188381021964 0.5)
(0.552517303511 0.189277401551 0.5)
(0.556755056999 0.190183783744 0.5)
(0.561040099132 0.191100280161 0.5)
(0.5653729576 0.192027003665 0.5)
(0.569754165981 0.192964068379 0.5)
(0.574184263806 0.1939115897 0.5)
(0.578663796628 0.194869684311 0.5)
(0.583193316085 0.1958384702 0.5)
(0.587773379975 0.196818066669 0.5)
(0.592404552316 0.197808594352 0.5)
(0.597087403423 0.19881017523 0.5)
(0.601822509974 0.199822932643 0.5)
(0.606610455081 0.200846991309 0.5)
(0.611451828365 0.201882477339 0.5)
(0.616347226025 0.202929518249 0.5)
(0.621297250913 0.203988242978 0.5)
(0.626302512609 0.205058781905 0.5)
(0.631363627495 0.206141266864 0.5)
(0.63648121883 0.207235831159 0.5)
(0.641655916829 0.208342609581 0.5)
(0.646888358739 0.209461738428 0.5)
(0.652179188919 0.210593355516 0.5)
(0.657529058918 0.211737600201 0.5)
(0.662938627553 0.212894613391 0.5)
(0.668408560997 0.21406453757 0.5)
(0.673939532854 0.215247516811 0.5)
(0.679532224245 0.216443696792 0.5)
(0.685187323892 0.21765322482 0.5)
(0.690905528201 0.218876249844 0.5)
(0.696687541352 0.220112922476 0.5)
(0.70253407538 0.221363395008 0.5)
(0.708445850267 0.222627821432 0.5)
(0.71442359403 0.223906357458 0.5)
(0.720468042807 0.225199160532 0.5)
(0.726579940953 0.22650638986 0.5)
(0.732760041128 0.227828206424 0.5)
(0.739009104393 0.229164772999 0.5)
(0.745327900297 0.23051625418 0.5)
(0.751717206982 0.231882816398 0.5)
(0.758177811269 0.23326462794 0.5)
(0.76471050876 0.234661858972 0.5)
(0.771316103937 0.236074681558 0.5)
(0.777995410256 0.237503269683 0.5)
(0.784749250253 0.238947799273 0.5)
(0.791578455642 0.240408448217 0.5)
(0.798483867415 0.241885396389 0.5)
(0.805466335954 0.243378825671 0.5)
(0.812526721125 0.244888919973 0.5)
(0.819665892393 0.246415865259 0.5)
(0.826884728923 0.247959849567 0.5)
(0.834184119692 0.249521063033 0.5)
(0.841564963596 0.251099697917 0.5)
(0.849028169561 0.252695948621 0.5)
(0.856574656658 0.25431001172 0.5)
(0.864205354212 0.255942085979 0.5)
(0.871921201919 0.257592372383 0.5)
(0.879723149959 0.25926107416 0.5)
(0.887612159118 0.260948396805 0.5)
(0.895589200902 0.262654548106 0.5)
(0.903655257657 0.26437973817 0.5)
(0.911811322693 0.266124179448 0.5)
(0.920058400401 0.267888086764 0.5)
(0.928397506383 0.269671677337 0.5)
(0.936829667573 0.271475170809 0.5)
(0.945355922364 0.273298789275 0.5)
(0.953977320737 0.275142757308 0.5)
(0.962694924388 0.277007301987 0.5)
(0.971509806863 0.278892652924 0.5)
(0.980423053686 0.280799042294 0.5)
(0.989435762494 0.282726704863 0.5)
(0.998549043172 0.284675878016 0.5)
(1.00776401799 0.286646801788 0.5)
(1.01708182175 0.28863971889 0.5)
(1.0265036019 0.290654874746 0.5)
(1.0360305187 0.292692517514 0.5)
(1.04566374537 0.294752898124 0.5)
(1.05540446821 0.296836270304 0.5)
(1.06525388674 0.298942890616 0.5)
(1.07521321391 0.301073018482 0.5)
(1.08528367616 0.303226916222 0.5)
(1.09546651364 0.30540484908 0.5)
(1.10576298033 0.307607085262 0.5)
(1.11617434421 0.309833895967 0.5)
(1.12670188741 0.312085555418 0.5)
(1.13734690636 0.314362340901 0.5)
(1.14811071196 0.316664532794 0.5)
(1.15899462973 0.318992414604 0.5)
(1.17 0.321346273003 0.5)
(0.5015 0.188976587856 0.5)
(0.505168456756 0.189726270316 0.5)
(0.508877849436 0.190484318404 0.5)
(0.512628634839 0.191250825471 0.5)
(0.516421274862 0.19202588591 0.5)
(0.520256236557 0.192809595167 0.5)
(0.524133992187 0.193602049754 0.5)
(0.528055019284 0.194403347258 0.5)
(0.532019800711 0.195213586356 0.5)
(0.536028824718 0.196032866828 0.5)
(0.540082585002 0.196861289564 0.5)
(0.544181580772 0.197698956582 0.5)
(0.548326316805 0.198545971039 0.5)
(0.552517303511 0.199402437241 0.5)
(0.556755056999 0.20026846066 0.5)
(0.561040099132 0.201144147943 0.5)
(0.5653729576 0.202029606928 0.5)
(0.569754165981 0.202924946657 0.5)
(0.574184263806 0.203830277388 0.5)
(0.578663796628 0.20474571061 0.5)
(0.583193316085 0.205671359055 0.5)
(0.587773379975 0.206607336713 0.5)
(0.592404552316 0.207553758848 0.5)
(0.597087403423 0.208510742009 0.5)
(0.601822509974 0.209478404043 0.5)
(0.606610455081 0.210456864117 0.5)
(0.611451828365 0.211446242724 0.5)
(0.616347226025 0.212446661703 0.5)
(0.621297250913 0.213458244252 0.5)
(0.626302512609 0.214481114945 0.5)
(0.631363627495 0.215515399744 0.5)
(0.63648121883 0.216561226019 0.5)
(0.641655916829 0.217618722559 0.5)
(0.646888358739 0.218688019592 0.5)
(0.652179188919 0.219769248798 0.5)
(0.657529058918 0.220862543328 0.5)
(0.662938627553 0.221968037816 0.5)
(0.668408560997 0.223085868401 0.5)
(0.673939532854 0.22421617274 0.5)
(0.679532224245 0.225359090027 0.5)
(0.685187323892 0.226514761008 0.5)
(0.690905528201 0.227683327999 0.5)
(0.696687541352 0.228864934907 0.5)
(0.70253407538 0.230059727243 0.5)
(0.708445850267 0.23126785214 0.5)
(0.71442359403 0.232489458376 0.5)
(0.720468042807 0.233724696388 0.5)
(0.726579940953 0.234973718292 0.5)
(0.732760041128 0.236236677899 0.5)
(0.739009104393 0.23751373074 0.5)
(0.745327900297 0.23880503408 0.5)
(0.751717206982 0.240110746938 0.5)
(0.758177811269 0.241431030109 0.5)
(0.76471050876 0.24276604618 0.5)
(0.771316103937 0.244115959556 0.5)
(0.777995410256 0.245480936474 0.5)
(0.784749250253 0.246861145025 0.5)
(0.791578455642 0.248256755179 0.5)
(0.798483867415 0.2496679388 0.5)
(0.805466335954 0.251094869671 0.5)
(0.812526721125 0.252537723513 0.5)
(0.819665892393 0.25399667801 0.5)
(0.826884728923 0.255471912827 0.5)
(0.834184119692 0.256963609634 0.5)
(0.841564963596 0.25847195213 0.5)
(0.849028169561 0.25999712606 0.5)
(0.856574656658 0.261539319247 0.5)
(0.864205354212 0.263098721605 0.5)
(0.871921201919 0.26467552517 0.5)
(0.879723149959 0.266269924121 0.5)
(0.887612159118 0.267882114802 0.5)
(0.895589200902 0.26951229575 0.5)
(0.903655257657 0.271160667715 0.5)
(0.911811322693 0.27282743369 0.5)
(0.920058400401 0.274512798932 0.5)
(0.928397506383 0.276216970987 0.5)
(0.936829667573 0.27794015972 0.5)
(0.945355922364 0.279682577334 0.5)
(0.953977320737 0.281444438403 0.5)
(0.962694924388 0.283225959896 0.5)
(0.971509806863 0.285027361199 0.5)
(0.980423053686 0.28684886415 0.5)
(0.989435762494 0.288690693061 0.5)
(0.998549043172 0.290553074748 0.5)
(1.00776401799 0.292436238557 0.5)
(1.01708182175 0.294340416392 0.5)
(1.0265036019 0.296265842748 0.5)
(1.0360305187 0.298212754734 0.5)
(1.04566374537 0.300181392107 0.5)
(1.05540446821 0.302171997297 0.5)
(1.06525388674 0.304184815442 0.5)
(1.07521321391 0.306220094413 0.5)
(1.08528367616 0.308278084848 0.5)
(1.09546651364 0.310359040182 0.5)
(1.10576298033 0.312463216679 0.5)
(1.11617434421 0.31459087346 0.5)
(1.12670188741 0.316742272539 0.5)
(1.13734690636 0.318917678854 0.5)
(1.14811071196 0.321117360301 0.5)
(1.15899462973 0.323341587761 0.5)
(1.17 0.325590635142 0.5)
(0.5015 0.200086357055 0.5)
(0.505168456756 0.200799459972 0.5)
(0.508877849436 0.201520520329 0.5)
(0.512628634839 0.202249626924 0.5)
(0.516421274862 0.202986869542 0.5)
(0.520256236557 0.203732338973 0.5)
(0.524133992187 0.204486127019 0.5)
(0.528055019284 0.205248326507 0.5)
(0.532019800711 0.206019031299 0.5)
(0.536028824718 0.206798336305 0.5)
(0.540082585002 0.207586337493 0.5)
(0.544181580772 0.208383131904 0.5)
(0.548326316805 0.20918881766 0.5)
(0.552517303511 0.210003493979 0.5)
(0.556755056999 0.210827261186 0.5)
(0.561040099132 0.211660220724 0.5)
(0.5653729576 0.21250247517 0.5)
(0.569754165981 0.213354128245 0.5)
(0.574184263806 0.214215284827 0.5)
(0.578663796628 0.215086050965 0.5)
(0.583193316085 0.21596653389 0.5)
(0.587773379975 0.216856842033 0.5)
(0.592404552316 0.21775708503 0.5)
(0.597087403423 0.218667373744 0.5)
(0.601822509974 0.219587820275 0.5)
(0.606610455081 0.220518537972 0.5)
(0.611451828365 0.221459641449 0.5)
(0.616347226025 0.222411246602 0.5)
(0.621297250913 0.223373470617 0.5)
(0.626302512609 0.224346431988 0.5)
(0.631363627495 0.225330250533 0.5)
(0.63648121883 0.226325047406 0.5)
(0.641655916829 0.227330945112 0.5)
(0.646888358739 0.228348067526 0.5)
(0.652179188919 0.229376539901 0.5)
(0.657529058918 0.230416488892 0.5)
(0.662938627553 0.231468042565 0.5)
(0.668408560997 0.232531330414 0.5)
(0.673939532854 0.233606483381 0.5)
(0.679532224245 0.234693633867 0.5)
(0.685187323892 0.235792915751 0.5)
(0.690905528201 0.236904464406 0.5)
(0.696687541352 0.238028416715 0.5)
(0.70253407538 0.239164911091 0.5)
(0.708445850267 0.240314087487 0.5)
(0.71442359403 0.241476087423 0.5)
(0.720468042807 0.242651053994 0.5)
(0.726579940953 0.243839131893 0.5)
(0.732760041128 0.245040467429 0.5)
(0.739009104393 0.246255208542 0.5)
(0.745327900297 0.247483504823 0.5)
(0.751717206982 0.248725507534 0.5)
(0.758177811269 0.249981369622 0.5)
(0.76471050876 0.251251245743 0.5)
(0.771316103937 0.252535292279 0.5)
(0.777995410256 0.253833667355 0.5)
(0.784749250253 0.255146530862 0.5)
(0.791578455642 0.256474044475 0.5)
(0.798483867415 0.257816371674 0.5)
(0.805466335954 0.25917367776 0.5)
(0.812526721125 0.260546129882 0.5)
(0.819665892393 0.261933897054 0.5)
(0.826884728923 0.263337150174 0.5)
(0.834184119692 0.264756062047 0.5)
(0.841564963596 0.26619080741 0.5)
(0.849028169561 0.267641562945 0.5)
(0.856574656658 0.269108507309 0.5)
(0.864205354212 0.27059182115 0.5)
(0.871921201919 0.272091687136 0.5)
(0.879723149959 0.273608289968 0.5)
(0.887612159118 0.275141816412 0.5)
(0.895589200902 0.276692455316 0.5)
(0.903655257657 0.278260397637 0.5)
(0.911811322693 0.279845836462 0.5)
(0.920058400401 0.281448967032 0.5)
(0.928397506383 0.283069986768 0.5)
(0.936829667573 0.284709095292 0.5)
(0.945355922364 0.286366494457 0.5)
(0.953977320737 0.288042388364 0.5)
(0.962694924388 0.289736983396 0.5)
(0.971509806863 0.291450488236 0.5)
(0.980423053686 0.293183113896 0.5)
(0.989435762494 0.294935073744 0.5)
(0.998549043172 0.296706583528 0.5)
(1.00776401799 0.298497861404 0.5)
(1.01708182175 0.300309127961 0.5)
(1.0265036019 0.302140606252 0.5)
(1.0360305187 0.303992521816 0.5)
(1.04566374537 0.305865102712 0.5)
(1.05540446821 0.307758579541 0.5)
(1.06525388674 0.309673185479 0.5)
(1.07521321391 0.311609156304 0.5)
(1.08528367616 0.313566730423 0.5)
(1.09546651364 0.315546148907 0.5)
(1.10576298033 0.317547655514 0.5)
(1.11617434421 0.319571496723 0.5)
(1.12670188741 0.321617921763 0.5)
(1.13734690636 0.323687182645 0.5)
(1.14811071196 0.325779534193 0.5)
(1.15899462973 0.327895234071 0.5)
(1.17 0.330034542822 0.5)
(0.5015 0.211718443818 0.5)
(0.505168456756 0.212393247432 0.5)
(0.508877849436 0.213075581108 0.5)
(0.512628634839 0.213765528874 0.5)
(0.516421274862 0.214463175694 0.5)
(0.520256236557 0.215168607483 0.5)
(0.524133992187 0.21588191111 0.5)
(0.528055019284 0.216603174418 0.5)
(0.532019800711 0.217332486227 0.5)
(0.536028824718 0.21806993635 0.5)
(0.540082585002 0.218815615602 0.5)
(0.544181580772 0.21956961581 0.5)
(0.548326316805 0.220332029827 0.5)
(0.552517303511 0.221102951542 0.5)
(0.556755056999 0.221882475892 0.5)
(0.561040099132 0.222670698871 0.5)
(0.5653729576 0.223467717549 0.5)
(0.569754165981 0.224273630074 0.5)
(0.574184263806 0.225088535692 0.5)
(0.578663796628 0.225912534756 0.5)
(0.583193316085 0.22674572874 0.5)
(0.587773379975 0.227588220247 0.5)
(0.592404552316 0.228440113029 0.5)
(0.597087403423 0.229301511993 0.5)
(0.601822509974 0.230172523218 0.5)
(0.606610455081 0.231053253965 0.5)
(0.611451828365 0.231943812694 0.5)
(0.616347226025 0.232844309074 0.5)
(0.621297250913 0.233754853999 0.5)
(0.626302512609 0.234675559599 0.5)
(0.631363627495 0.235606539257 0.5)
(0.63648121883 0.236547907618 0.5)
(0.641655916829 0.23749978061 0.5)
(0.646888358739 0.238462275453 0.5)
(0.652179188919 0.239435510675 0.5)
(0.657529058918 0.240419606126 0.5)
(0.662938627553 0.241414682995 0.5)
(0.668408560997 0.242420863822 0.5)
(0.673939532854 0.243438272516 0.5)
(0.679532224245 0.244467034366 0.5)
(0.685187323892 0.245507276062 0.5)
(0.690905528201 0.246559125705 0.5)
(0.696687541352 0.247622712828 0.5)
(0.70253407538 0.248698168408 0.5)
(0.708445850267 0.249785624885 0.5)
(0.71442359403 0.250885216173 0.5)
(0.720468042807 0.251997077685 0.5)
(0.726579940953 0.253121346344 0.5)
(0.732760041128 0.254258160598 0.5)
(0.739009104393 0.255407660442 0.5)
(0.745327900297 0.256569987435 0.5)
(0.751717206982 0.257745284713 0.5)
(0.758177811269 0.25893369701 0.5)
(0.76471050876 0.260135370674 0.5)
(0.771316103937 0.261350453689 0.5)
(0.777995410256 0.262579095687 0.5)
(0.784749250253 0.263821447973 0.5)
(0.791578455642 0.265077663537 0.5)
(0.798483867415 0.266347897079 0.5)
(0.805466335954 0.267632305023 0.5)
(0.812526721125 0.268931045541 0.5)
(0.819665892393 0.270244278568 0.5)
(0.826884728923 0.271572165824 0.5)
(0.834184119692 0.272914870835 0.5)
(0.841564963596 0.274272558949 0.5)
(0.849028169561 0.275645397363 0.5)
(0.856574656658 0.277033555137 0.5)
(0.864205354212 0.278437203217 0.5)
(0.871921201919 0.279856514459 0.5)
(0.879723149959 0.281291663645 0.5)
(0.887612159118 0.282742827511 0.5)
(0.895589200902 0.284210184762 0.5)
(0.903655257657 0.285693916099 0.5)
(0.911811322693 0.287194204237 0.5)
(0.920058400401 0.288711233934 0.5)
(0.928397506383 0.290245192005 0.5)
(0.936829667573 0.291796267353 0.5)
(0.945355922364 0.293364650989 0.5)
(0.953977320737 0.294950536052 0.5)
(0.962694924388 0.296554117841 0.5)
(0.971509806863 0.29817559383 0.5)
(0.980423053686 0.299815163699 0.5)
(0.989435762494 0.301473029356 0.5)
(0.998549043172 0.303149394962 0.5)
(1.00776401799 0.304844466956 0.5)
(1.01708182175 0.30655845408 0.5)
(1.0265036019 0.308291567407 0.5)
(1.0360305187 0.310044020363 0.5)
(1.04566374537 0.311816028757 0.5)
(1.05540446821 0.313607810807 0.5)
(1.06525388674 0.315419587165 0.5)
(1.07521321391 0.317251580944 0.5)
(1.08528367616 0.31910401775 0.5)
(1.09546651364 0.320977125704 0.5)
(1.10576298033 0.322871135473 0.5)
(1.11617434421 0.324786280297 0.5)
(1.12670188741 0.326722796022 0.5)
(1.13734690636 0.328680921122 0.5)
(1.14811071196 0.330660896734 0.5)
(1.15899462973 0.332662966687 0.5)
(1.17 0.334687377527 0.5)
(0.5015 0.223897404519 0.5)
(0.505168456756 0.224532108215 0.5)
(0.508877849436 0.225173894504 0.5)
(0.512628634839 0.225822842418 0.5)
(0.516421274862 0.226479031874 0.5)
(0.520256236557 0.22714254368 0.5)
(0.524133992187 0.227813459543 0.5)
(0.528055019284 0.228491862087 0.5)
(0.532019800711 0.229177834853 0.5)
(0.536028824718 0.229871462317 0.5)
(0.540082585002 0.230572829897 0.5)
(0.544181580772 0.231282023965 0.5)
(0.548326316805 0.231999131854 0.5)
(0.552517303511 0.232724241875 0.5)
(0.556755056999 0.233457443323 0.5)
(0.561040099132 0.234198826488 0.5)
(0.5653729576 0.234948482671 0.5)
(0.569754165981 0.235706504188 0.5)
(0.574184263806 0.236472984387 0.5)
(0.578663796628 0.237248017659 0.5)
(0.583193316085 0.238031699445 0.5)
(0.587773379975 0.238824126255 0.5)
(0.592404552316 0.239625395671 0.5)
(0.597087403423 0.240435606369 0.5)
(0.601822509974 0.241254858123 0.5)
(0.606610455081 0.242083251822 0.5)
(0.611451828365 0.242920889478 0.5)
(0.616347226025 0.243767874245 0.5)
(0.621297250913 0.244624310427 0.5)
(0.626302512609 0.245490303489 0.5)
(0.631363627495 0.246365960078 0.5)
(0.63648121883 0.247251388026 0.5)
(0.641655916829 0.248146696371 0.5)
(0.646888358739 0.249051995369 0.5)
(0.652179188919 0.249967396503 0.5)
(0.657529058918 0.250893012502 0.5)
(0.662938627553 0.251828957352 0.5)
(0.668408560997 0.252775346313 0.5)
(0.673939532854 0.253732295929 0.5)
(0.679532224245 0.254699924046 0.5)
(0.685187323892 0.255678349822 0.5)
(0.690905528201 0.256667693749 0.5)
(0.696687541352 0.257668077662 0.5)
(0.70253407538 0.258679624753 0.5)
(0.708445850267 0.259702459592 0.5)
(0.71442359403 0.260736708137 0.5)
(0.720468042807 0.261782497753 0.5)
(0.726579940953 0.262839957226 0.5)
(0.732760041128 0.263909216778 0.5)
(0.739009104393 0.264990408085 0.5)
(0.745327900297 0.266083664293 0.5)
(0.751717206982 0.267189120031 0.5)
(0.758177811269 0.268306911434 0.5)
(0.76471050876 0.269437176154 0.5)
(0.771316103937 0.270580053379 0.5)
(0.777995410256 0.271735683851 0.5)
(0.784749250253 0.272904209882 0.5)
(0.791578455642 0.274085775372 0.5)
(0.798483867415 0.275280525827 0.5)
(0.805466335954 0.276488608378 0.5)
(0.812526721125 0.277710171794 0.5)
(0.819665892393 0.278945366509 0.5)
(0.826884728923 0.280194344631 0.5)
(0.834184119692 0.281457259969 0.5)
(0.841564963596 0.282734268047 0.5)
(0.849028169561 0.284025526124 0.5)
(0.856574656658 0.285331193214 0.5)
(0.864205354212 0.286651430106 0.5)
(0.871921201919 0.287986399383 0.5)
(0.879723149959 0.289336265442 0.5)
(0.887612159118 0.290701194514 0.5)
(0.895589200902 0.292081354686 0.5)
(0.903655257657 0.293476915921 0.5)
(0.911811322693 0.294888050077 0.5)
(0.920058400401 0.296314930931 0.5)
(0.928397506383 0.297757734198 0.5)
(0.936829667573 0.299216637556 0.5)
(0.945355922364 0.300691820663 0.5)
(0.953977320737 0.302183465183 0.5)
(0.962694924388 0.303691754808 0.5)
(0.971509806863 0.305216875278 0.5)
(0.980423053686 0.306759014408 0.5)
(0.989435762494 0.308318362106 0.5)
(0.998549043172 0.309895110401 0.5)
(1.00776401799 0.311489453464 0.5)
(1.01708182175 0.313101587635 0.5)
(1.0265036019 0.314731711441 0.5)
(1.0360305187 0.316380025628 0.5)
(1.04566374537 0.31804673318 0.5)
(1.05540446821 0.319732039346 0.5)
(1.06525388674 0.321436151667 0.5)
(1.07521321391 0.323159279998 0.5)
(1.08528367616 0.324901636537 0.5)
(1.09546651364 0.326663435849 0.5)
(1.10576298033 0.328444894895 0.5)
(1.11617434421 0.330246233056 0.5)
(1.12670188741 0.33206767216 0.5)
(1.13734690636 0.333909436511 0.5)
(1.14811071196 0.335771752918 0.5)
(1.15899462973 0.337654850717 0.5)
(1.17 0.339558961807 0.5)
(0.5015 0.236648950029 0.5)
(0.505168456756 0.237241668541 0.5)
(0.508877849436 0.237841001137 0.5)
(0.512628634839 0.238447021622 0.5)
(0.516421274862 0.239059804626 0.5)
(0.520256236557 0.239679425611 0.5)
(0.524133992187 0.240305960882 0.5)
(0.528055019284 0.240939487594 0.5)
(0.532019800711 0.241580083764 0.5)
(0.536028824718 0.242227828279 0.5)
(0.540082585002 0.242882800908 0.5)
(0.544181580772 0.243545082307 0.5)
(0.548326316805 0.244214754035 0.5)
(0.552517303511 0.244891898559 0.5)
(0.556755056999 0.245576599268 0.5)
(0.561040099132 0.24626894048 0.5)
(0.5653729576 0.246969007455 0.5)
(0.569754165981 0.247676886404 0.5)
(0.574184263806 0.2483926645 0.5)
(0.578663796628 0.249116429888 0.5)
(0.583193316085 0.249848271698 0.5)
(0.587773379975 0.250588280054 0.5)
(0.592404552316 0.251336546086 0.5)
(0.597087403423 0.25209316194 0.5)
(0.601822509974 0.25285822079 0.5)
(0.606610455081 0.253631816852 0.5)
(0.611451828365 0.254414045391 0.5)
(0.616347226025 0.255205002736 0.5)
(0.621297250913 0.256004786291 0.5)
(0.626302512609 0.256813494547 0.5)
(0.631363627495 0.257631227093 0.5)
(0.63648121883 0.258458084631 0.5)
(0.641655916829 0.259294168986 0.5)
(0.646888358739 0.260139583117 0.5)
(0.652179188919 0.260994431137 0.5)
(0.657529058918 0.261858818315 0.5)
(0.662938627553 0.262732851099 0.5)
(0.668408560997 0.263616637124 0.5)
(0.673939532854 0.264510285224 0.5)
(0.679532224245 0.265413905449 0.5)
(0.685187323892 0.266327609077 0.5)
(0.690905528201 0.267251508628 0.5)
(0.696687541352 0.268185717877 0.5)
(0.70253407538 0.269130351869 0.5)
(0.708445850267 0.270085526932 0.5)
(0.71442359403 0.271051360694 0.5)
(0.720468042807 0.272027972093 0.5)
(0.726579940953 0.273015481396 0.5)
(0.732760041128 0.274014010212 0.5)
(0.739009104393 0.275023681506 0.5)
(0.745327900297 0.276044619615 0.5)
(0.751717206982 0.277076950266 0.5)
(0.758177811269 0.278120800587 0.5)
(0.76471050876 0.279176299123 0.5)
(0.771316103937 0.280243575857 0.5)
(0.777995410256 0.281322762219 0.5)
(0.784749250253 0.282413991109 0.5)
(0.791578455642 0.283517396907 0.5)
(0.798483867415 0.284633115495 0.5)
(0.805466335954 0.28576128427 0.5)
(0.812526721125 0.286902042161 0.5)
(0.819665892393 0.28805552965 0.5)
(0.826884728923 0.289221888784 0.5)
(0.834184119692 0.290401263198 0.5)
(0.841564963596 0.291593798126 0.5)
(0.849028169561 0.292799640427 0.5)
(0.856574656658 0.294018938595 0.5)
(0.864205354212 0.295251842784 0.5)
(0.871921201919 0.296498504821 0.5)
(0.879723149959 0.297759078228 0.5)
(0.887612159118 0.299033718242 0.5)
(0.895589200902 0.30032258183 0.5)
(0.903655257657 0.301625827711 0.5)
(0.911811322693 0.302943616376 0.5)
(0.920058400401 0.304276110107 0.5)
(0.928397506383 0.305623472995 0.5)
(0.936829667573 0.306985870964 0.5)
(0.945355922364 0.308363471788 0.5)
(0.953977320737 0.309756445116 0.5)
(0.962694924388 0.311164962487 0.5)
(0.971509806863 0.312589197355 0.5)
(0.980423053686 0.31402932511 0.5)
(0.989435762494 0.3154855231 0.5)
(0.998549043172 0.31695797065 0.5)
(1.00776401799 0.318446849088 0.5)
(1.01708182175 0.319952341764 0.5)
(1.0265036019 0.321474634074 0.5)
(1.0360305187 0.323013913485 0.5)
(1.04566374537 0.324570369553 0.5)
(1.05540446821 0.32614419395 0.5)
(1.06525388674 0.327735580489 0.5)
(1.07521321391 0.329344725143 0.5)
(1.08528367616 0.330971826073 0.5)
(1.09546651364 0.332617083651 0.5)
(1.10576298033 0.334280700486 0.5)
(1.11617434421 0.335962881447 0.5)
(1.12670188741 0.337663833688 0.5)
(1.13734690636 0.339383766676 0.5)
(1.14811071196 0.341122892216 0.5)
(1.15899462973 0.342881424476 0.5)
(1.17 0.344659580012 0.5)
(0.505168456756 0.250548759425 0.5)
(0.508877849436 0.251103642399 0.5)
(0.512628634839 0.251664717253 0.5)
(0.516421274862 0.252232053083 0.5)
(0.520256236557 0.252805719754 0.5)
(0.524133992187 0.253385787911 0.5)
(0.528055019284 0.253972328988 0.5)
(0.532019800711 0.254565415215 0.5)
(0.536028824718 0.255165119629 0.5)
(0.540082585002 0.255771516081 0.5)
(0.544181580772 0.256384679248 0.5)
(0.548326316805 0.257004684638 0.5)
(0.552517303511 0.257631608603 0.5)
(0.556755056999 0.258265528347 0.5)
(0.561040099132 0.258906521934 0.5)
(0.5653729576 0.259554668302 0.5)
(0.569754165981 0.260210047267 0.5)
(0.574184263806 0.260872739537 0.5)
(0.578663796628 0.261542826721 0.5)
(0.583193316085 0.262220391337 0.5)
(0.587773379975 0.262905516825 0.5)
(0.592404552316 0.263598287557 0.5)
(0.597087403423 0.264298788844 0.5)
(0.601822509974 0.265007106952 0.5)
(0.606610455081 0.265723329107 0.5)
(0.611451828365 0.26644754351 0.5)
(0.616347226025 0.267179839346 0.5)
(0.621297250913 0.267920306793 0.5)
(0.626302512609 0.26866903704 0.5)
(0.631363627495 0.269426122288 0.5)
(0.63648121883 0.270191655771 0.5)
(0.641655916829 0.270965731762 0.5)
(0.646888358739 0.271748445586 0.5)
(0.652179188919 0.27253989363 0.5)
(0.657529058918 0.273340173361 0.5)
(0.662938627553 0.274149383329 0.5)
(0.668408560997 0.274967623186 0.5)
(0.673939532854 0.275794993695 0.5)
(0.679532224245 0.276631596746 0.5)
(0.685187323892 0.277477535361 0.5)
(0.690905528201 0.278332913717 0.5)
(0.696687541352 0.279197837151 0.5)
(0.70253407538 0.280072412174 0.5)
(0.708445850267 0.280956746487 0.5)
(0.71442359403 0.281850948995 0.5)
(0.720468042807 0.282755129814 0.5)
(0.726579940953 0.283669400292 0.5)
(0.732760041128 0.284593873018 0.5)
(0.739009104393 0.285528661839 0.5)
(0.745327900297 0.286473881869 0.5)
(0.751717206982 0.287429649511 0.5)
(0.758177811269 0.288396082464 0.5)
(0.76471050876 0.28937329974 0.5)
(0.771316103937 0.290361421681 0.5)
(0.777995410256 0.291360569971 0.5)
(0.784749250253 0.292370867652 0.5)
(0.791578455642 0.293392439139 0.5)
(0.798483867415 0.294425410234 0.5)
(0.805466335954 0.295469908146 0.5)
(0.812526721125 0.2965260615 0.5)
(0.819665892393 0.297594000358 0.5)
(0.826884728923 0.298673856234 0.5)
(0.834184119692 0.299765762108 0.5)
(0.841564963596 0.300869852445 0.5)
(0.849028169561 0.30198626321 0.5)
(0.856574656658 0.303115131886 0.5)
(0.864205354212 0.304256597489 0.5)
(0.871921201919 0.305410800586 0.5)
(0.879723149959 0.306577883315 0.5)
(0.887612159118 0.307757989397 0.5)
(0.895589200902 0.308951264159 0.5)
(0.903655257657 0.310157854549 0.5)
(0.911811322693 0.311377909154 0.5)
(0.920058400401 0.31261157822 0.5)
(0.928397506383 0.31385901367 0.5)
(0.936829667573 0.315120369121 0.5)
(0.945355922364 0.316395799905 0.5)
(0.953977320737 0.317685463087 0.5)
(0.962694924388 0.318989517485 0.5)
(0.971509806863 0.320308123689 0.5)
(0.980423053686 0.321641444082 0.5)
(0.989435762494 0.322989642856 0.5)
(0.998549043172 0.324352886039 0.5)
(1.00776401799 0.32573134151 0.5)
(1.01708182175 0.32712517902 0.5)
(1.0265036019 0.328534570217 0.5)
(1.0360305187 0.329959688662 0.5)
(1.04566374537 0.331400709854 0.5)
(1.05540446821 0.33285781125 0.5)
(1.06525388674 0.334331172288 0.5)
(1.07521321391 0.335820974406 0.5)
(1.08528367616 0.33732740107 0.5)
(1.09546651364 0.338850637791 0.5)
(1.10576298033 0.340390872151 0.5)
(1.11617434421 0.341948293824 0.5)
(1.12670188741 0.343523094602 0.5)
(1.13734690636 0.345115468416 0.5)
(1.14811071196 0.346725611363 0.5)
(1.15899462973 0.348353721725 0.5)
(1.17 0.35 0.5)
(0.505168456756 0.275493883482 -0.5)
(0.508877849436 0.275993278159 -0.5)
(0.512628634839 0.276498245528 -0.5)
(0.516421274862 0.277008847775 -0.5)
(0.520256236557 0.277525147779 -0.5)
(0.524133992187 0.27804720912 -0.5)
(0.528055019284 0.278575096089 -0.5)
(0.532019800711 0.279108873693 -0.5)
(0.536028824718 0.279648607666 -0.5)
(0.540082585002 0.280194364473 -0.5)
(0.544181580772 0.280746211323 -0.5)
(0.548326316805 0.281304216174 -0.5)
(0.552517303511 0.281868447743 -0.5)
(0.556755056999 0.282438975512 -0.5)
(0.561040099132 0.283015869741 -0.5)
(0.5653729576 0.283599201472 -0.5)
(0.569754165981 0.28418904254 -0.5)
(0.574184263806 0.284785465584 -0.5)
(0.578663796628 0.285388544049 -0.5)
(0.583193316085 0.285998352203 -0.5)
(0.587773379975 0.286614965142 -0.5)
(0.592404552316 0.287238458801 -0.5)
(0.597087403423 0.28786890996 -0.5)
(0.601822509974 0.288506396257 -0.5)
(0.606610455081 0.289150996196 -0.5)
(0.611451828365 0.289802789159 -0.5)
(0.616347226025 0.290461855411 -0.5)
(0.621297250913 0.291128276114 -0.5)
(0.626302512609 0.291802133336 -0.5)
(0.631363627495 0.292483510059 -0.5)
(0.63648121883 0.293172490194 -0.5)
(0.641655916829 0.293869158586 -0.5)
(0.646888358739 0.294573601027 -0.5)
(0.652179188919 0.295285904267 -0.5)
(0.657529058918 0.296006156025 -0.5)
(0.662938627553 0.296734444996 -0.5)
(0.668408560997 0.297470860867 -0.5)
(0.673939532854 0.298215494326 -0.5)
(0.679532224245 0.298968437071 -0.5)
(0.685187323892 0.299729781825 -0.5)
(0.690905528201 0.300499622346 -0.5)
(0.696687541352 0.301278053436 -0.5)
(0.70253407538 0.302065170956 -0.5)
(0.708445850267 0.302861071839 -0.5)
(0.71442359403 0.303665854095 -0.5)
(0.720468042807 0.304479616833 -0.5)
(0.726579940953 0.305302460263 -0.5)
(0.732760041128 0.306134485717 -0.5)
(0.739009104393 0.306975795655 -0.5)
(0.745327900297 0.307826493683 -0.5)
(0.751717206982 0.30868668456 -0.5)
(0.758177811269 0.309556474217 -0.5)
(0.76471050876 0.310435969766 -0.5)
(0.771316103937 0.311325279513 -0.5)
(0.777995410256 0.312224512974 -0.5)
(0.784749250253 0.313133780887 -0.5)
(0.791578455642 0.314053195225 -0.5)
(0.798483867415 0.314982869211 -0.5)
(0.805466335954 0.315922917331 -0.5)
(0.812526721125 0.31687345535 -0.5)
(0.819665892393 0.317834600322 -0.5)
(0.826884728923 0.31880647061 -0.5)
(0.834184119692 0.319789185897 -0.5)
(0.841564963596 0.320782867201 -0.5)
(0.849028169561 0.321787636889 -0.5)
(0.856574656658 0.322803618697 -0.5)
(0.864205354212 0.32383093774 -0.5)
(0.871921201919 0.324869720528 -0.5)
(0.879723149959 0.325920094983 -0.5)
(0.887612159118 0.326982190457 -0.5)
(0.895589200902 0.328056137743 -0.5)
(0.903655257657 0.329142069094 -0.5)
(0.911811322693 0.330240118238 -0.5)
(0.920058400401 0.331350420398 -0.5)
(0.928397506383 0.332473112303 -0.5)
(0.936829667573 0.333608332209 -0.5)
(0.945355922364 0.334756219914 -0.5)
(0.953977320737 0.335916916778 -0.5)
(0.962694924388 0.337090565737 -0.5)
(0.971509806863 0.33827731132 -0.5)
(0.980423053686 0.339477299673 -0.5)
(0.989435762494 0.340690678571 -0.5)
(0.998549043172 0.341917597435 -0.5)
(1.00776401799 0.343158207359 -0.5)
(1.01708182175 0.344412661118 -0.5)
(1.0265036019 0.345681113195 -0.5)
(1.0360305187 0.346963719796 -0.5)
(1.04566374537 0.348260638869 -0.5)
(1.05540446821 0.349572030125 -0.5)
(1.06525388674 0.350898055059 -0.5)
(1.07521321391 0.352238876966 -0.5)
(1.08528367616 0.353594660963 -0.5)
(1.09546651364 0.354965574012 -0.5)
(1.10576298033 0.356351784936 -0.5)
(1.11617434421 0.357753464442 -0.5)
(1.12670188741 0.359170785142 -0.5)
(1.13734690636 0.360603921575 -0.5)
(1.14811071196 0.362053050226 -0.5)
(1.15899462973 0.363518349553 -0.5)
(1.17 0.365 -0.5)
(0.505168456756 0.30043900754 -0.5)
(0.508877849436 0.300882913919 -0.5)
(0.512628634839 0.301331773803 -0.5)
(0.516421274862 0.301785642467 -0.5)
(0.520256236557 0.302244575803 -0.5)
(0.524133992187 0.302708630329 -0.5)
(0.528055019284 0.30317786319 -0.5)
(0.532019800711 0.303652332172 -0.5)
(0.536028824718 0.304132095703 -0.5)
(0.540082585002 0.304617212865 -0.5)
(0.544181580772 0.305107743398 -0.5)
(0.548326316805 0.30560374771 -0.5)
(0.552517303511 0.306105286882 -0.5)
(0.556755056999 0.306612422677 -0.5)
(0.561040099132 0.307125217548 -0.5)
(0.5653729576 0.307643734642 -0.5)
(0.569754165981 0.308168037814 -0.5)
(0.574184263806 0.30869819163 -0.5)
(0.578663796628 0.309234261377 -0.5)
(0.583193316085 0.309776313069 -0.5)
(0.587773379975 0.31032441346 -0.5)
(0.592404552316 0.310878630045 -0.5)
(0.597087403423 0.311439031075 -0.5)
(0.601822509974 0.312005685562 -0.5)
(0.606610455081 0.312578663286 -0.5)
(0.611451828365 0.313158034808 -0.5)
(0.616347226025 0.313743871476 -0.5)
(0.621297250913 0.314336245435 -0.5)
(0.626302512609 0.314935229632 -0.5)
(0.631363627495 0.31554089783 -0.5)
(0.63648121883 0.316153324617 -0.5)
(0.641655916829 0.31677258541 -0.5)
(0.646888358739 0.317398756468 -0.5)
(0.652179188919 0.318031914904 -0.5)
(0.657529058918 0.318672138689 -0.5)
(0.662938627553 0.319319506663 -0.5)
(0.668408560997 0.319974098549 -0.5)
(0.673939532854 0.320635994956 -0.5)
(0.679532224245 0.321305277397 -0.5)
(0.685187323892 0.321982028289 -0.5)
(0.690905528201 0.322666330974 -0.5)
(0.696687541352 0.32335826972 -0.5)
(0.70253407538 0.324057929739 -0.5)
(0.708445850267 0.32476539719 -0.5)
(0.71442359403 0.325480759196 -0.5)
(0.720468042807 0.326204103851 -0.5)
(0.726579940953 0.326935520234 -0.5)
(0.732760041128 0.327675098415 -0.5)
(0.739009104393 0.328422929471 -0.5)
(0.745327900297 0.329179105496 -0.5)
(0.751717206982 0.329943719609 -0.5)
(0.758177811269 0.330716865971 -0.5)
(0.76471050876 0.331498639792 -0.5)
(0.771316103937 0.332289137345 -0.5)
(0.777995410256 0.333088455977 -0.5)
(0.784749250253 0.333896694122 -0.5)
(0.791578455642 0.334713951311 -0.5)
(0.798483867415 0.335540328187 -0.5)
(0.805466335954 0.336375926517 -0.5)
(0.812526721125 0.3372208492 -0.5)
(0.819665892393 0.338075200286 -0.5)
(0.826884728923 0.338939084987 -0.5)
(0.834184119692 0.339812609686 -0.5)
(0.841564963596 0.340695881956 -0.5)
(0.849028169561 0.341589010568 -0.5)
(0.856574656658 0.342492105509 -0.5)
(0.864205354212 0.343405277991 -0.5)
(0.871921201919 0.344328640469 -0.5)
(0.879723149959 0.345262306652 -0.5)
(0.887612159118 0.346206391518 -0.5)
(0.895589200902 0.347161011327 -0.5)
(0.903655257657 0.348126283639 -0.5)
(0.911811322693 0.349102327323 -0.5)
(0.920058400401 0.350089262576 -0.5)
(0.928397506383 0.351087210936 -0.5)
(0.936829667573 0.352096295297 -0.5)
(0.945355922364 0.353116639924 -0.5)
(0.953977320737 0.35414837047 -0.5)
(0.962694924388 0.355191613988 -0.5)
(0.971509806863 0.356246498951 -0.5)
(0.980423053686 0.357313155265 -0.5)
(0.989435762494 0.358391714285 -0.5)
(0.998549043172 0.359482308831 -0.5)
(1.00776401799 0.360585073208 -0.5)
(1.01708182175 0.361700143216 -0.5)
(1.0265036019 0.362827656173 -0.5)
(1.0360305187 0.363967750929 -0.5)
(1.04566374537 0.365120567883 -0.5)
(1.05540446821 0.366286249 -0.5)
(1.06525388674 0.36746493783 -0.5)
(1.07521321391 0.368656779525 -0.5)
(1.08528367616 0.369861920856 -0.5)
(1.09546651364 0.371080510233 -0.5)
(1.10576298033 0.372312697721 -0.5)
(1.11617434421 0.373558635059 -0.5)
(1.12670188741 0.374818475681 -0.5)
(1.13734690636 0.376092374733 -0.5)
(1.14811071196 0.37738048909 -0.5)
(1.15899462973 0.37868297738 -0.5)
(1.17 0.38 -0.5)
(0.505168456756 0.325384131597 -0.5)
(0.508877849436 0.325772549679 -0.5)
(0.512628634839 0.326165302077 -0.5)
(0.516421274862 0.326562437158 -0.5)
(0.520256236557 0.326964003828 -0.5)
(0.524133992187 0.327370051538 -0.5)
(0.528055019284 0.327780630292 -0.5)
(0.532019800711 0.32819579065 -0.5)
(0.536028824718 0.32861558374 -0.5)
(0.540082585002 0.329040061257 -0.5)
(0.544181580772 0.329469275473 -0.5)
(0.548326316805 0.329903279247 -0.5)
(0.552517303511 0.330342126022 -0.5)
(0.556755056999 0.330785869843 -0.5)
(0.561040099132 0.331234565354 -0.5)
(0.5653729576 0.331688267812 -0.5)
(0.569754165981 0.332147033087 -0.5)
(0.574184263806 0.332610917676 -0.5)
(0.578663796628 0.333079978704 -0.5)
(0.583193316085 0.333554273936 -0.5)
(0.587773379975 0.334033861777 -0.5)
(0.592404552316 0.33451880129 -0.5)
(0.597087403423 0.335009152191 -0.5)
(0.601822509974 0.335504974866 -0.5)
(0.606610455081 0.336006330375 -0.5)
(0.611451828365 0.336513280457 -0.5)
(0.616347226025 0.337025887542 -0.5)
(0.621297250913 0.337544214755 -0.5)
(0.626302512609 0.338068325928 -0.5)
(0.631363627495 0.338598285602 -0.5)
(0.63648121883 0.33913415904 -0.5)
(0.641655916829 0.339676012233 -0.5)
(0.646888358739 0.34022391191 -0.5)
(0.652179188919 0.340777925541 -0.5)
(0.657529058918 0.341338121353 -0.5)
(0.662938627553 0.34190456833 -0.5)
(0.668408560997 0.34247733623 -0.5)
(0.673939532854 0.343056495587 -0.5)
(0.679532224245 0.343642117722 -0.5)
(0.685187323892 0.344234274753 -0.5)
(0.690905528201 0.344833039602 -0.5)
(0.696687541352 0.345438486005 -0.5)
(0.70253407538 0.346050688521 -0.5)
(0.708445850267 0.346669722541 -0.5)
(0.71442359403 0.347295664296 -0.5)
(0.720468042807 0.34792859087 -0.5)
(0.726579940953 0.348568580204 -0.5)
(0.732760041128 0.349215711113 -0.5)
(0.739009104393 0.349870063287 -0.5)
(0.745327900297 0.350531717309 -0.5)
(0.751717206982 0.351200754658 -0.5)
(0.758177811269 0.351877257724 -0.5)
(0.76471050876 0.352561309818 -0.5)
(0.771316103937 0.353252995177 -0.5)
(0.777995410256 0.35395239898 -0.5)
(0.784749250253 0.354659607356 -0.5)
(0.791578455642 0.355374707397 -0.5)
(0.798483867415 0.356097787164 -0.5)
(0.805466335954 0.356828935702 -0.5)
(0.812526721125 0.35756824305 -0.5)
(0.819665892393 0.358315800251 -0.5)
(0.826884728923 0.359071699364 -0.5)
(0.834184119692 0.359836033476 -0.5)
(0.841564963596 0.360608896712 -0.5)
(0.849028169561 0.361390384247 -0.5)
(0.856574656658 0.36218059232 -0.5)
(0.864205354212 0.362979618242 -0.5)
(0.871921201919 0.36378756041 -0.5)
(0.879723149959 0.36460451832 -0.5)
(0.887612159118 0.365430592578 -0.5)
(0.895589200902 0.366265884911 -0.5)
(0.903655257657 0.367110498184 -0.5)
(0.911811322693 0.367964536408 -0.5)
(0.920058400401 0.368828104754 -0.5)
(0.928397506383 0.369701309569 -0.5)
(0.936829667573 0.370584258385 -0.5)
(0.945355922364 0.371477059933 -0.5)
(0.953977320737 0.372379824161 -0.5)
(0.962694924388 0.37329266224 -0.5)
(0.971509806863 0.374215686583 -0.5)
(0.980423053686 0.375149010857 -0.5)
(0.989435762494 0.376092749999 -0.5)
(0.998549043172 0.377047020227 -0.5)
(1.00776401799 0.378011939057 -0.5)
(1.01708182175 0.378987625314 -0.5)
(1.0265036019 0.379974199152 -0.5)
(1.0360305187 0.380971782063 -0.5)
(1.04566374537 0.381980496898 -0.5)
(1.05540446821 0.383000467875 -0.5)
(1.06525388674 0.384031820601 -0.5)
(1.07521321391 0.385074682085 -0.5)
(1.08528367616 0.386129180749 -0.5)
(1.09546651364 0.387195446454 -0.5)
(1.10576298033 0.388273610506 -0.5)
(1.11617434421 0.389363805677 -0.5)
(1.12670188741 0.390466166221 -0.5)
(1.13734690636 0.391580827891 -0.5)
(1.14811071196 0.392707927954 -0.5)
(1.15899462973 0.393847605208 -0.5)
(1.17 0.395 -0.5)
(0.505168456756 0.350329255655 -0.5)
(0.508877849436 0.350662185439 -0.5)
(0.512628634839 0.350998830352 -0.5)
(0.516421274862 0.35133923185 -0.5)
(0.520256236557 0.351683431853 -0.5)
(0.524133992187 0.352031472747 -0.5)
(0.528055019284 0.352383397393 -0.5)
(0.532019800711 0.352739249129 -0.5)
(0.536028824718 0.353099071777 -0.5)
(0.540082585002 0.353462909649 -0.5)
(0.544181580772 0.353830807549 -0.5)
(0.548326316805 0.354202810783 -0.5)
(0.552517303511 0.354578965162 -0.5)
(0.556755056999 0.354959317008 -0.5)
(0.561040099132 0.355343913161 -0.5)
(0.5653729576 0.355732800981 -0.5)
(0.569754165981 0.35612602836 -0.5)
(0.574184263806 0.356523643722 -0.5)
(0.578663796628 0.356925696032 -0.5)
(0.583193316085 0.357332234802 -0.5)
(0.587773379975 0.357743310095 -0.5)
(0.592404552316 0.358158972534 -0.5)
(0.597087403423 0.358579273307 -0.5)
(0.601822509974 0.359004264171 -0.5)
(0.606610455081 0.359433997464 -0.5)
(0.611451828365 0.359868526106 -0.5)
(0.616347226025 0.360307903607 -0.5)
(0.621297250913 0.360752184076 -0.5)
(0.626302512609 0.361201422224 -0.5)
(0.631363627495 0.361655673373 -0.5)
(0.63648121883 0.362114993463 -0.5)
(0.641655916829 0.362579439057 -0.5)
(0.646888358739 0.363049067351 -0.5)
(0.652179188919 0.363523936178 -0.5)
(0.657529058918 0.364004104017 -0.5)
(0.662938627553 0.364489629997 -0.5)
(0.668408560997 0.364980573912 -0.5)
(0.673939532854 0.365476996217 -0.5)
(0.679532224245 0.365978958047 -0.5)
(0.685187323892 0.366486521217 -0.5)
(0.690905528201 0.36699974823 -0.5)
(0.696687541352 0.36751870229 -0.5)
(0.70253407538 0.368043447304 -0.5)
(0.708445850267 0.368574047892 -0.5)
(0.71442359403 0.369110569397 -0.5)
(0.720468042807 0.369653077888 -0.5)
(0.726579940953 0.370201640175 -0.5)
(0.732760041128 0.370756323811 -0.5)
(0.739009104393 0.371317197103 -0.5)
(0.745327900297 0.371884329122 -0.5)
(0.751717206982 0.372457789707 -0.5)
(0.758177811269 0.373037649478 -0.5)
(0.76471050876 0.373623979844 -0.5)
(0.771316103937 0.374216853009 -0.5)
(0.777995410256 0.374816341983 -0.5)
(0.784749250253 0.375422520591 -0.5)
(0.791578455642 0.376035463483 -0.5)
(0.798483867415 0.37665524614 -0.5)
(0.805466335954 0.377281944887 -0.5)
(0.812526721125 0.3779156369 -0.5)
(0.819665892393 0.378556400215 -0.5)
(0.826884728923 0.37920431374 -0.5)
(0.834184119692 0.379859457265 -0.5)
(0.841564963596 0.380521911467 -0.5)
(0.849028169561 0.381191757926 -0.5)
(0.856574656658 0.381869079132 -0.5)
(0.864205354212 0.382553958493 -0.5)
(0.871921201919 0.383246480352 -0.5)
(0.879723149959 0.383946729989 -0.5)
(0.887612159118 0.384654793638 -0.5)
(0.895589200902 0.385370758495 -0.5)
(0.903655257657 0.386094712729 -0.5)
(0.911811322693 0.386826745492 -0.5)
(0.920058400401 0.387566946932 -0.5)
(0.928397506383 0.388315408202 -0.5)
(0.936829667573 0.389072221473 -0.5)
(0.945355922364 0.389837479943 -0.5)
(0.953977320737 0.390611277852 -0.5)
(0.962694924388 0.391393710491 -0.5)
(0.971509806863 0.392184874214 -0.5)
(0.980423053686 0.392984866449 -0.5)
(0.989435762494 0.393793785714 -0.5)
(0.998549043172 0.394611731624 -0.5)
(1.00776401799 0.395438804906 -0.5)
(1.01708182175 0.396275107412 -0.5)
(1.0265036019 0.39712074213 -0.5)
(1.0360305187 0.397975813197 -0.5)
(1.04566374537 0.398840425912 -0.5)
(1.05540446821 0.39971468675 -0.5)
(1.06525388674 0.400598703373 -0.5)
(1.07521321391 0.401492584644 -0.5)
(1.08528367616 0.402396440642 -0.5)
(1.09546651364 0.403310382675 -0.5)
(1.10576298033 0.404234523291 -0.5)
(1.11617434421 0.405168976294 -0.5)
(1.12670188741 0.406113856761 -0.5)
(1.13734690636 0.40706928105 -0.5)
(1.14811071196 0.408035366818 -0.5)
(1.15899462973 0.409012233035 -0.5)
(1.17 0.41 -0.5)
(0.505168456756 0.375274379712 -0.5)
(0.508877849436 0.375551821199 -0.5)
(0.512628634839 0.375832358627 -0.5)
(0.516421274862 0.376116026542 -0.5)
(0.520256236557 0.376402859877 -0.5)
(0.524133992187 0.376692893956 -0.5)
(0.528055019284 0.376986164494 -0.5)
(0.532019800711 0.377282707607 -0.5)
(0.536028824718 0.377582559814 -0.5)
(0.540082585002 0.377885758041 -0.5)
(0.544181580772 0.378192339624 -0.5)
(0.548326316805 0.378502342319 -0.5)
(0.552517303511 0.378815804302 -0.5)
(0.556755056999 0.379132764173 -0.5)
(0.561040099132 0.379453260967 -0.5)
(0.5653729576 0.379777334151 -0.5)
(0.569754165981 0.380105023634 -0.5)
(0.574184263806 0.380436369769 -0.5)
(0.578663796628 0.38077141336 -0.5)
(0.583193316085 0.381110195668 -0.5)
(0.587773379975 0.381452758412 -0.5)
(0.592404552316 0.381799143778 -0.5)
(0.597087403423 0.382149394422 -0.5)
(0.601822509974 0.382503553476 -0.5)
(0.606610455081 0.382861664554 -0.5)
(0.611451828365 0.383223771755 -0.5)
(0.616347226025 0.383589919673 -0.5)
(0.621297250913 0.383960153397 -0.5)
(0.626302512609 0.38433451852 -0.5)
(0.631363627495 0.384713061144 -0.5)
(0.63648121883 0.385095827886 -0.5)
(0.641655916829 0.385482865881 -0.5)
(0.646888358739 0.385874222793 -0.5)
(0.652179188919 0.386269946815 -0.5)
(0.657529058918 0.38667008668 -0.5)
(0.662938627553 0.387074691664 -0.5)
(0.668408560997 0.387483811593 -0.5)
(0.673939532854 0.387897496848 -0.5)
(0.679532224245 0.388315798373 -0.5)
(0.685187323892 0.388738767681 -0.5)
(0.690905528201 0.389166456859 -0.5)
(0.696687541352 0.389598918575 -0.5)
(0.70253407538 0.390036206087 -0.5)
(0.708445850267 0.390478373244 -0.5)
(0.71442359403 0.390925474497 -0.5)
(0.720468042807 0.391377564907 -0.5)
(0.726579940953 0.391834700146 -0.5)
(0.732760041128 0.392296936509 -0.5)
(0.739009104393 0.392764330919 -0.5)
(0.745327900297 0.393236940935 -0.5)
(0.751717206982 0.393714824756 -0.5)
(0.758177811269 0.394198041232 -0.5)
(0.76471050876 0.39468664987 -0.5)
(0.771316103937 0.39518071084 -0.5)
(0.777995410256 0.395680284986 -0.5)
(0.784749250253 0.396185433826 -0.5)
(0.791578455642 0.396696219569 -0.5)
(0.798483867415 0.397212705117 -0.5)
(0.805466335954 0.397734954073 -0.5)
(0.812526721125 0.39826303075 -0.5)
(0.819665892393 0.398797000179 -0.5)
(0.826884728923 0.399336928117 -0.5)
(0.834184119692 0.399882881054 -0.5)
(0.841564963596 0.400434926223 -0.5)
(0.849028169561 0.400993131605 -0.5)
(0.856574656658 0.401557565943 -0.5)
(0.864205354212 0.402128298744 -0.5)
(0.871921201919 0.402705400293 -0.5)
(0.879723149959 0.403288941657 -0.5)
(0.887612159118 0.403878994698 -0.5)
(0.895589200902 0.404475632079 -0.5)
(0.903655257657 0.405078927274 -0.5)
(0.911811322693 0.405688954577 -0.5)
(0.920058400401 0.40630578911 -0.5)
(0.928397506383 0.406929506835 -0.5)
(0.936829667573 0.40756018456 -0.5)
(0.945355922364 0.408197899952 -0.5)
(0.953977320737 0.408842731544 -0.5)
(0.962694924388 0.409494758743 -0.5)
(0.971509806863 0.410154061845 -0.5)
(0.980423053686 0.410820722041 -0.5)
(0.989435762494 0.411494821428 -0.5)
(0.998549043172 0.41217644302 -0.5)
(1.00776401799 0.412865670755 -0.5)
(1.01708182175 0.41356258951 -0.5)
(1.0265036019 0.414267285108 -0.5)
(1.0360305187 0.414979844331 -0.5)
(1.04566374537 0.415700354927 -0.5)
(1.05540446821 0.416428905625 -0.5)
(1.06525388674 0.417165586144 -0.5)
(1.07521321391 0.417910487203 -0.5)
(1.08528367616 0.418663700535 -0.5)
(1.09546651364 0.419425318896 -0.5)
(1.10576298033 0.420195436075 -0.5)
(1.11617434421 0.420974146912 -0.5)
(1.12670188741 0.421761547301 -0.5)
(1.13734690636 0.422557734208 -0.5)
(1.14811071196 0.423362805681 -0.5)
(1.15899462973 0.424176860863 -0.5)
(1.17 0.425 -0.5)
(0.505168456756 0.40021950377 -0.5)
(0.508877849436 0.40044145696 -0.5)
(0.512628634839 0.400665886901 -0.5)
(0.516421274862 0.400892821233 -0.5)
(0.520256236557 0.401122287902 -0.5)
(0.524133992187 0.401354315165 -0.5)
(0.528055019284 0.401588931595 -0.5)
(0.532019800711 0.401826166086 -0.5)
(0.536028824718 0.402066047851 -0.5)
(0.540082585002 0.402308606432 -0.5)
(0.544181580772 0.402553871699 -0.5)
(0.548326316805 0.402801873855 -0.5)
(0.552517303511 0.403052643441 -0.5)
(0.556755056999 0.403306211339 -0.5)
(0.561040099132 0.403562608774 -0.5)
(0.5653729576 0.403821867321 -0.5)
(0.569754165981 0.404084018907 -0.5)
(0.574184263806 0.404349095815 -0.5)
(0.578663796628 0.404617130688 -0.5)
(0.583193316085 0.404888156535 -0.5)
(0.587773379975 0.40516220673 -0.5)
(0.592404552316 0.405439315023 -0.5)
(0.597087403423 0.405719515538 -0.5)
(0.601822509974 0.406002842781 -0.5)
(0.606610455081 0.406289331643 -0.5)
(0.611451828365 0.406579017404 -0.5)
(0.616347226025 0.406871935738 -0.5)
(0.621297250913 0.407168122717 -0.5)
(0.626302512609 0.407467614816 -0.5)
(0.631363627495 0.407770448915 -0.5)
(0.63648121883 0.408076662308 -0.5)
(0.641655916829 0.408386292705 -0.5)
(0.646888358739 0.408699378234 -0.5)
(0.652179188919 0.409015957452 -0.5)
(0.657529058918 0.409336069344 -0.5)
(0.662938627553 0.409659753332 -0.5)
(0.668408560997 0.409987049274 -0.5)
(0.673939532854 0.410317997478 -0.5)
(0.679532224245 0.410652638698 -0.5)
(0.685187323892 0.410991014145 -0.5)
(0.690905528201 0.411333165487 -0.5)
(0.696687541352 0.41167913486 -0.5)
(0.70253407538 0.412028964869 -0.5)
(0.708445850267 0.412382698595 -0.5)
(0.71442359403 0.412740379598 -0.5)
(0.720468042807 0.413102051926 -0.5)
(0.726579940953 0.413467760117 -0.5)
(0.732760041128 0.413837549207 -0.5)
(0.739009104393 0.414211464736 -0.5)
(0.745327900297 0.414589552748 -0.5)
(0.751717206982 0.414971859804 -0.5)
(0.758177811269 0.415358432985 -0.5)
(0.76471050876 0.415749319896 -0.5)
(0.771316103937 0.416144568672 -0.5)
(0.777995410256 0.416544227988 -0.5)
(0.784749250253 0.416948347061 -0.5)
(0.791578455642 0.417356975655 -0.5)
(0.798483867415 0.417770164094 -0.5)
(0.805466335954 0.418187963258 -0.5)
(0.812526721125 0.4186104246 -0.5)
(0.819665892393 0.419037600143 -0.5)
(0.826884728923 0.419469542494 -0.5)
(0.834184119692 0.419906304843 -0.5)
(0.841564963596 0.420347940978 -0.5)
(0.849028169561 0.420794505284 -0.5)
(0.856574656658 0.421246052754 -0.5)
(0.864205354212 0.421702638995 -0.5)
(0.871921201919 0.422164320234 -0.5)
(0.879723149959 0.422631153326 -0.5)
(0.887612159118 0.423103195759 -0.5)
(0.895589200902 0.423580505664 -0.5)
(0.903655257657 0.424063141819 -0.5)
(0.911811322693 0.424551163661 -0.5)
(0.920058400401 0.425044631288 -0.5)
(0.928397506383 0.425543605468 -0.5)
(0.936829667573 0.426048147648 -0.5)
(0.945355922364 0.426558319962 -0.5)
(0.953977320737 0.427074185235 -0.5)
(0.962694924388 0.427595806994 -0.5)
(0.971509806863 0.428123249476 -0.5)
(0.980423053686 0.428656577633 -0.5)
(0.989435762494 0.429195857142 -0.5)
(0.998549043172 0.429741154416 -0.5)
(1.00776401799 0.430292536604 -0.5)
(1.01708182175 0.430850071608 -0.5)
(1.0265036019 0.431413828087 -0.5)
(1.0360305187 0.431983875465 -0.5)
(1.04566374537 0.432560283942 -0.5)
(1.05540446821 0.4331431245 -0.5)
(1.06525388674 0.433732468915 -0.5)
(1.07521321391 0.434328389763 -0.5)
(1.08528367616 0.434930960428 -0.5)
(1.09546651364 0.435540255117 -0.5)
(1.10576298033 0.43615634886 -0.5)
(1.11617434421 0.43677931753 -0.5)
(1.12670188741 0.437409237841 -0.5)
(1.13734690636 0.438046187366 -0.5)
(1.14811071196 0.438690244545 -0.5)
(1.15899462973 0.43934148869 -0.5)
(1.17 0.44 -0.5)
(0.505168456756 0.425164627827 -0.5)
(0.508877849436 0.42533109272 -0.5)
(0.512628634839 0.425499415176 -0.5)
(0.516421274862 0.425669615925 -0.5)
(0.520256236557 0.425841715926 -0.5)
(0.524133992187 0.426015736373 -0.5)
(0.528055019284 0.426191698696 -0.5)
(0.532019800711 0.426369624564 -0.5)
(0.536028824718 0.426549535889 -0.5)
(0.540082585002 0.426731454824 -0.5)
(0.544181580772 0.426915403774 -0.5)
(0.548326316805 0.427101405391 -0.5)
(0.552517303511 0.427289482581 -0.5)
(0.556755056999 0.427479658504 -0.5)
(0.561040099132 0.42767195658 -0.5)
(0.5653729576 0.427866400491 -0.5)
(0.569754165981 0.42806301418 -0.5)
(0.574184263806 0.428261821861 -0.5)
(0.578663796628 0.428462848016 -0.5)
(0.583193316085 0.428666117401 -0.5)
(0.587773379975 0.428871655047 -0.5)
(0.592404552316 0.429079486267 -0.5)
(0.597087403423 0.429289636653 -0.5)
(0.601822509974 0.429502132086 -0.5)
(0.606610455081 0.429716998732 -0.5)
(0.611451828365 0.429934263053 -0.5)
(0.616347226025 0.430153951804 -0.5)
(0.621297250913 0.430376092038 -0.5)
(0.626302512609 0.430600711112 -0.5)
(0.631363627495 0.430827836686 -0.5)
(0.63648121883 0.431057496731 -0.5)
(0.641655916829 0.431289719529 -0.5)
(0.646888358739 0.431524533676 -0.5)
(0.652179188919 0.431761968089 -0.5)
(0.657529058918 0.432002052008 -0.5)
(0.662938627553 0.432244814999 -0.5)
(0.668408560997 0.432490286956 -0.5)
(0.673939532854 0.432738498109 -0.5)
(0.679532224245 0.432989479024 -0.5)
(0.685187323892 0.433243260608 -0.5)
(0.690905528201 0.433499874115 -0.5)
(0.696687541352 0.433759351145 -0.5)
(0.70253407538 0.434021723652 -0.5)
(0.708445850267 0.434287023946 -0.5)
(0.71442359403 0.434555284698 -0.5)
(0.720468042807 0.434826538944 -0.5)
(0.726579940953 0.435100820088 -0.5)
(0.732760041128 0.435378161906 -0.5)
(0.739009104393 0.435658598552 -0.5)
(0.745327900297 0.435942164561 -0.5)
(0.751717206982 0.436228894853 -0.5)
(0.758177811269 0.436518824739 -0.5)
(0.76471050876 0.436811989922 -0.5)
(0.771316103937 0.437108426504 -0.5)
(0.777995410256 0.437408170991 -0.5)
(0.784749250253 0.437711260296 -0.5)
(0.791578455642 0.438017731742 -0.5)
(0.798483867415 0.43832762307 -0.5)
(0.805466335954 0.438640972444 -0.5)
(0.812526721125 0.43895781845 -0.5)
(0.819665892393 0.439278200107 -0.5)
(0.826884728923 0.43960215687 -0.5)
(0.834184119692 0.439929728632 -0.5)
(0.841564963596 0.440260955734 -0.5)
(0.849028169561 0.440595878963 -0.5)
(0.856574656658 0.440934539566 -0.5)
(0.864205354212 0.441276979247 -0.5)
(0.871921201919 0.441623240176 -0.5)
(0.879723149959 0.441973364994 -0.5)
(0.887612159118 0.442327396819 -0.5)
(0.895589200902 0.442685379248 -0.5)
(0.903655257657 0.443047356365 -0.5)
(0.911811322693 0.443413372746 -0.5)
(0.920058400401 0.443783473466 -0.5)
(0.928397506383 0.444157704101 -0.5)
(0.936829667573 0.444536110736 -0.5)
(0.945355922364 0.444918739971 -0.5)
(0.953977320737 0.445305638926 -0.5)
(0.962694924388 0.445696855246 -0.5)
(0.971509806863 0.446092437107 -0.5)
(0.980423053686 0.446492433224 -0.5)
(0.989435762494 0.446896892857 -0.5)
(0.998549043172 0.447305865812 -0.5)
(1.00776401799 0.447719402453 -0.5)
(1.01708182175 0.448137553706 -0.5)
(1.0265036019 0.448560371065 -0.5)
(1.0360305187 0.448987906599 -0.5)
(1.04566374537 0.449420212956 -0.5)
(1.05540446821 0.449857343375 -0.5)
(1.06525388674 0.450299351686 -0.5)
(1.07521321391 0.450746292322 -0.5)
(1.08528367616 0.451198220321 -0.5)
(1.09546651364 0.451655191337 -0.5)
(1.10576298033 0.452117261645 -0.5)
(1.11617434421 0.452584488147 -0.5)
(1.12670188741 0.453056928381 -0.5)
(1.13734690636 0.453534640525 -0.5)
(1.14811071196 0.454017683409 -0.5)
(1.15899462973 0.454506116518 -0.5)
(1.17 0.455 -0.5)
(0.505168456756 0.450109751885 -0.5)
(0.508877849436 0.45022072848 -0.5)
(0.512628634839 0.450332943451 -0.5)
(0.516421274862 0.450446410617 -0.5)
(0.520256236557 0.450561143951 -0.5)
(0.524133992187 0.450677157582 -0.5)
(0.528055019284 0.450794465798 -0.5)
(0.532019800711 0.450913083043 -0.5)
(0.536028824718 0.451033023926 -0.5)
(0.540082585002 0.451154303216 -0.5)
(0.544181580772 0.45127693585 -0.5)
(0.548326316805 0.451400936928 -0.5)
(0.552517303511 0.451526321721 -0.5)
(0.556755056999 0.451653105669 -0.5)
(0.561040099132 0.451781304387 -0.5)
(0.5653729576 0.45191093366 -0.5)
(0.569754165981 0.452042009453 -0.5)
(0.574184263806 0.452174547907 -0.5)
(0.578663796628 0.452308565344 -0.5)
(0.583193316085 0.452444078267 -0.5)
(0.587773379975 0.452581103365 -0.5)
(0.592404552316 0.452719657511 -0.5)
(0.597087403423 0.452859757769 -0.5)
(0.601822509974 0.45300142139 -0.5)
(0.606610455081 0.453144665821 -0.5)
(0.611451828365 0.453289508702 -0.5)
(0.616347226025 0.453435967869 -0.5)
(0.621297250913 0.453584061359 -0.5)
(0.626302512609 0.453733807408 -0.5)
(0.631363627495 0.453885224458 -0.5)
(0.63648121883 0.454038331154 -0.5)
(0.641655916829 0.454193146352 -0.5)
(0.646888358739 0.454349689117 -0.5)
(0.652179188919 0.454507978726 -0.5)
(0.657529058918 0.454668034672 -0.5)
(0.662938627553 0.454829876666 -0.5)
(0.668408560997 0.454993524637 -0.5)
(0.673939532854 0.455158998739 -0.5)
(0.679532224245 0.455326319349 -0.5)
(0.685187323892 0.455495507072 -0.5)
(0.690905528201 0.455666582743 -0.5)
(0.696687541352 0.45583956743 -0.5)
(0.70253407538 0.456014482435 -0.5)
(0.708445850267 0.456191349297 -0.5)
(0.71442359403 0.456370189799 -0.5)
(0.720468042807 0.456551025963 -0.5)
(0.726579940953 0.456733880058 -0.5)
(0.732760041128 0.456918774604 -0.5)
(0.739009104393 0.457105732368 -0.5)
(0.745327900297 0.457294776374 -0.5)
(0.751717206982 0.457485929902 -0.5)
(0.758177811269 0.457679216493 -0.5)
(0.76471050876 0.457874659948 -0.5)
(0.771316103937 0.458072284336 -0.5)
(0.777995410256 0.458272113994 -0.5)
(0.784749250253 0.45847417353 -0.5)
(0.791578455642 0.458678487828 -0.5)
(0.798483867415 0.458885082047 -0.5)
(0.805466335954 0.459093981629 -0.5)
(0.812526721125 0.4593052123 -0.5)
(0.819665892393 0.459518800072 -0.5)
(0.826884728923 0.459734771247 -0.5)
(0.834184119692 0.459953152422 -0.5)
(0.841564963596 0.460173970489 -0.5)
(0.849028169561 0.460397252642 -0.5)
(0.856574656658 0.460623026377 -0.5)
(0.864205354212 0.460851319498 -0.5)
(0.871921201919 0.461082160117 -0.5)
(0.879723149959 0.461315576663 -0.5)
(0.887612159118 0.461551597879 -0.5)
(0.895589200902 0.461790252832 -0.5)
(0.903655257657 0.46203157091 -0.5)
(0.911811322693 0.462275581831 -0.5)
(0.920058400401 0.462522315644 -0.5)
(0.928397506383 0.462771802734 -0.5)
(0.936829667573 0.463024073824 -0.5)
(0.945355922364 0.463279159981 -0.5)
(0.953977320737 0.463537092617 -0.5)
(0.962694924388 0.463797903497 -0.5)
(0.971509806863 0.464061624738 -0.5)
(0.980423053686 0.464328288816 -0.5)
(0.989435762494 0.464597928571 -0.5)
(0.998549043172 0.464870577208 -0.5)
(1.00776401799 0.465146268302 -0.5)
(1.01708182175 0.465425035804 -0.5)
(1.0265036019 0.465706914043 -0.5)
(1.0360305187 0.465991937732 -0.5)
(1.04566374537 0.466280141971 -0.5)
(1.05540446821 0.46657156225 -0.5)
(1.06525388674 0.466866234458 -0.5)
(1.07521321391 0.467164194881 -0.5)
(1.08528367616 0.467465480214 -0.5)
(1.09546651364 0.467770127558 -0.5)
(1.10576298033 0.46807817443 -0.5)
(1.11617434421 0.468389658765 -0.5)
(1.12670188741 0.46870461892 -0.5)
(1.13734690636 0.469023093683 -0.5)
(1.14811071196 0.469345122273 -0.5)
(1.15899462973 0.469670744345 -0.5)
(1.17 0.47 -0.5)
(0.505168456756 0.475054875942 -0.5)
(0.508877849436 0.47511036424 -0.5)
(0.512628634839 0.475166471725 -0.5)
(0.516421274862 0.475223205308 -0.5)
(0.520256236557 0.475280571975 -0.5)
(0.524133992187 0.475338578791 -0.5)
(0.528055019284 0.475397232899 -0.5)
(0.532019800711 0.475456541521 -0.5)
(0.536028824718 0.475516511963 -0.5)
(0.540082585002 0.475577151608 -0.5)
(0.544181580772 0.475638467925 -0.5)
(0.548326316805 0.475700468464 -0.5)
(0.552517303511 0.47576316086 -0.5)
(0.556755056999 0.475826552835 -0.5)
(0.561040099132 0.475890652193 -0.5)
(0.5653729576 0.47595546683 -0.5)
(0.569754165981 0.476021004727 -0.5)
(0.574184263806 0.476087273954 -0.5)
(0.578663796628 0.476154282672 -0.5)
(0.583193316085 0.476222039134 -0.5)
(0.587773379975 0.476290551682 -0.5)
(0.592404552316 0.476359828756 -0.5)
(0.597087403423 0.476429878884 -0.5)
(0.601822509974 0.476500710695 -0.5)
(0.606610455081 0.476572332911 -0.5)
(0.611451828365 0.476644754351 -0.5)
(0.616347226025 0.476717983935 -0.5)
(0.621297250913 0.476792030679 -0.5)
(0.626302512609 0.476866903704 -0.5)
(0.631363627495 0.476942612229 -0.5)
(0.63648121883 0.477019165577 -0.5)
(0.641655916829 0.477096573176 -0.5)
(0.646888358739 0.477174844559 -0.5)
(0.652179188919 0.477253989363 -0.5)
(0.657529058918 0.477334017336 -0.5)
(0.662938627553 0.477414938333 -0.5)
(0.668408560997 0.477496762319 -0.5)
(0.673939532854 0.47757949937 -0.5)
(0.679532224245 0.477663159675 -0.5)
(0.685187323892 0.477747753536 -0.5)
(0.690905528201 0.477833291372 -0.5)
(0.696687541352 0.477919783715 -0.5)
(0.70253407538 0.478007241217 -0.5)
(0.708445850267 0.478095674649 -0.5)
(0.71442359403 0.478185094899 -0.5)
(0.720468042807 0.478275512981 -0.5)
(0.726579940953 0.478366940029 -0.5)
(0.732760041128 0.478459387302 -0.5)
(0.739009104393 0.478552866184 -0.5)
(0.745327900297 0.478647388187 -0.5)
(0.751717206982 0.478742964951 -0.5)
(0.758177811269 0.478839608246 -0.5)
(0.76471050876 0.478937329974 -0.5)
(0.771316103937 0.479036142168 -0.5)
(0.777995410256 0.479136056997 -0.5)
(0.784749250253 0.479237086765 -0.5)
(0.791578455642 0.479339243914 -0.5)
(0.798483867415 0.479442541023 -0.5)
(0.805466335954 0.479546990815 -0.5)
(0.812526721125 0.47965260615 -0.5)
(0.819665892393 0.479759400036 -0.5)
(0.826884728923 0.479867385623 -0.5)
(0.834184119692 0.479976576211 -0.5)
(0.841564963596 0.480086985245 -0.5)
(0.849028169561 0.480198626321 -0.5)
(0.856574656658 0.480311513189 -0.5)
(0.864205354212 0.480425659749 -0.5)
(0.871921201919 0.480541080059 -0.5)
(0.879723149959 0.480657788331 -0.5)
(0.887612159118 0.48077579894 -0.5)
(0.895589200902 0.480895126416 -0.5)
(0.903655257657 0.481015785455 -0.5)
(0.911811322693 0.481137790915 -0.5)
(0.920058400401 0.481261157822 -0.5)
(0.928397506383 0.481385901367 -0.5)
(0.936829667573 0.481512036912 -0.5)
(0.945355922364 0.48163957999 -0.5)
(0.953977320737 0.481768546309 -0.5)
(0.962694924388 0.481898951749 -0.5)
(0.971509806863 0.482030812369 -0.5)
(0.980423053686 0.482164144408 -0.5)
(0.989435762494 0.482298964286 -0.5)
(0.998549043172 0.482435288604 -0.5)
(1.00776401799 0.482573134151 -0.5)
(1.01708182175 0.482712517902 -0.5)
(1.0265036019 0.482853457022 -0.5)
(1.0360305187 0.482995968866 -0.5)
(1.04566374537 0.483140070985 -0.5)
(1.05540446821 0.483285781125 -0.5)
(1.06525388674 0.483433117229 -0.5)
(1.07521321391 0.483582097441 -0.5)
(1.08528367616 0.483732740107 -0.5)
(1.09546651364 0.483885063779 -0.5)
(1.10576298033 0.484039087215 -0.5)
(1.11617434421 0.484194829382 -0.5)
(1.12670188741 0.48435230946 -0.5)
(1.13734690636 0.484511546842 -0.5)
(1.14811071196 0.484672561136 -0.5)
(1.15899462973 0.484835372173 -0.5)
(1.17 0.485 -0.5)
(0.505168456756 0.5 -0.5)
(0.508877849436 0.5 -0.5)
(0.512628634839 0.5 -0.5)
(0.516421274862 0.5 -0.5)
(0.520256236557 0.5 -0.5)
(0.524133992187 0.5 -0.5)
(0.528055019284 0.5 -0.5)
(0.532019800711 0.5 -0.5)
(0.536028824718 0.5 -0.5)
(0.540082585002 0.5 -0.5)
(0.544181580772 0.5 -0.5)
(0.548326316805 0.5 -0.5)
(0.552517303511 0.5 -0.5)
(0.556755056999 0.5 -0.5)
(0.561040099132 0.5 -0.5)
(0.5653729576 0.5 -0.5)
(0.569754165981 0.5 -0.5)
(0.574184263806 0.5 -0.5)
(0.578663796628 0.5 -0.5)
(0.583193316085 0.5 -0.5)
(0.587773379975 0.5 -0.5)
(0.592404552316 0.5 -0.5)
(0.597087403423 0.5 -0.5)
(0.601822509974 0.5 -0.5)
(0.606610455081 0.5 -0.5)
(0.611451828365 0.5 -0.5)
(0.616347226025 0.5 -0.5)
(0.621297250913 0.5 -0.5)
(0.626302512609 0.5 -0.5)
(0.631363627495 0.5 -0.5)
(0.63648121883 0.5 -0.5)
(0.641655916829 0.5 -0.5)
(0.646888358739 0.5 -0.5)
(0.652179188919 0.5 -0.5)
(0.657529058918 0.5 -0.5)
(0.662938627553 0.5 -0.5)
(0.668408560997 0.5 -0.5)
(0.673939532854 0.5 -0.5)
(0.679532224245 0.5 -0.5)
(0.685187323892 0.5 -0.5)
(0.690905528201 0.5 -0.5)
(0.696687541352 0.5 -0.5)
(0.70253407538 0.5 -0.5)
(0.708445850267 0.5 -0.5)
(0.71442359403 0.5 -0.5)
(0.720468042807 0.5 -0.5)
(0.726579940953 0.5 -0.5)
(0.732760041128 0.5 -0.5)
(0.739009104393 0.5 -0.5)
(0.745327900297 0.5 -0.5)
(0.751717206982 0.5 -0.5)
(0.758177811269 0.5 -0.5)
(0.76471050876 0.5 -0.5)
(0.771316103937 0.5 -0.5)
(0.777995410256 0.5 -0.5)
(0.784749250253 0.5 -0.5)
(0.791578455642 0.5 -0.5)
(0.798483867415 0.5 -0.5)
(0.805466335954 0.5 -0.5)
(0.812526721125 0.5 -0.5)
(0.819665892393 0.5 -0.5)
(0.826884728923 0.5 -0.5)
(0.834184119692 0.5 -0.5)
(0.841564963596 0.5 -0.5)
(0.849028169561 0.5 -0.5)
(0.856574656658 0.5 -0.5)
(0.864205354212 0.5 -0.5)
(0.871921201919 0.5 -0.5)
(0.879723149959 0.5 -0.5)
(0.887612159118 0.5 -0.5)
(0.895589200902 0.5 -0.5)
(0.903655257657 0.5 -0.5)
(0.911811322693 0.5 -0.5)
(0.920058400401 0.5 -0.5)
(0.928397506383 0.5 -0.5)
(0.936829667573 0.5 -0.5)
(0.945355922364 0.5 -0.5)
(0.953977320737 0.5 -0.5)
(0.962694924388 0.5 -0.5)
(0.971509806863 0.5 -0.5)
(0.980423053686 0.5 -0.5)
(0.989435762494 0.5 -0.5)
(0.998549043172 0.5 -0.5)
(1.00776401799 0.5 -0.5)
(1.01708182175 0.5 -0.5)
(1.0265036019 0.5 -0.5)
(1.0360305187 0.5 -0.5)
(1.04566374537 0.5 -0.5)
(1.05540446821 0.5 -0.5)
(1.06525388674 0.5 -0.5)
(1.07521321391 0.5 -0.5)
(1.08528367616 0.5 -0.5)
(1.09546651364 0.5 -0.5)
(1.10576298033 0.5 -0.5)
(1.11617434421 0.5 -0.5)
(1.12670188741 0.5 -0.5)
(1.13734690636 0.5 -0.5)
(1.14811071196 0.5 -0.5)
(1.15899462973 0.5 -0.5)
(1.17 0.5 -0.5)
(0.505168456756 0.275493883482 0.5)
(0.508877849436 0.275993278159 0.5)
(0.512628634839 0.276498245528 0.5)
(0.516421274862 0.277008847775 0.5)
(0.520256236557 0.277525147779 0.5)
(0.524133992187 0.27804720912 0.5)
(0.528055019284 0.278575096089 0.5)
(0.532019800711 0.279108873693 0.5)
(0.536028824718 0.279648607666 0.5)
(0.540082585002 0.280194364473 0.5)
(0.544181580772 0.280746211323 0.5)
(0.548326316805 0.281304216174 0.5)
(0.552517303511 0.281868447743 0.5)
(0.556755056999 0.282438975512 0.5)
(0.561040099132 0.283015869741 0.5)
(0.5653729576 0.283599201472 0.5)
(0.569754165981 0.28418904254 0.5)
(0.574184263806 0.284785465584 0.5)
(0.578663796628 0.285388544049 0.5)
(0.583193316085 0.285998352203 0.5)
(0.587773379975 0.286614965142 0.5)
(0.592404552316 0.287238458801 0.5)
(0.597087403423 0.28786890996 0.5)
(0.601822509974 0.288506396257 0.5)
(0.606610455081 0.289150996196 0.5)
(0.611451828365 0.289802789159 0.5)
(0.616347226025 0.290461855411 0.5)
(0.621297250913 0.291128276114 0.5)
(0.626302512609 0.291802133336 0.5)
(0.631363627495 0.292483510059 0.5)
(0.63648121883 0.293172490194 0.5)
(0.641655916829 0.293869158586 0.5)
(0.646888358739 0.294573601027 0.5)
(0.652179188919 0.295285904267 0.5)
(0.657529058918 0.296006156025 0.5)
(0.662938627553 0.296734444996 0.5)
(0.668408560997 0.297470860867 0.5)
(0.673939532854 0.298215494326 0.5)
(0.679532224245 0.298968437071 0.5)
(0.685187323892 0.299729781825 0.5)
(0.690905528201 0.300499622346 0.5)
(0.696687541352 0.301278053436 0.5)
(0.70253407538 0.302065170956 0.5)
(0.708445850267 0.302861071839 0.5)
(0.71442359403 0.303665854095 0.5)
(0.720468042807 0.304479616833 0.5)
(0.726579940953 0.305302460263 0.5)
(0.732760041128 0.306134485717 0.5)
(0.739009104393 0.306975795655 0.5)
(0.745327900297 0.307826493683 0.5)
(0.751717206982 0.30868668456 0.5)
(0.758177811269 0.309556474217 0.5)
(0.76471050876 0.310435969766 0.5)
(0.771316103937 0.311325279513 0.5)
(0.777995410256 0.312224512974 0.5)
(0.784749250253 0.313133780887 0.5)
(0.791578455642 0.314053195225 0.5)
(0.798483867415 0.314982869211 0.5)
(0.805466335954 0.315922917331 0.5)
(0.812526721125 0.31687345535 0.5)
(0.819665892393 0.317834600322 0.5)
(0.826884728923 0.31880647061 0.5)
(0.834184119692 0.319789185897 0.5)
(0.841564963596 0.320782867201 0.5)
(0.849028169561 0.321787636889 0.5)
(0.856574656658 0.322803618697 0.5)
(0.864205354212 0.32383093774 0.5)
(0.871921201919 0.324869720528 0.5)
(0.879723149959 0.325920094983 0.5)
(0.887612159118 0.326982190457 0.5)
(0.895589200902 0.328056137743 0.5)
(0.903655257657 0.329142069094 0.5)
(0.911811322693 0.330240118238 0.5)
(0.920058400401 0.331350420398 0.5)
(0.928397506383 0.332473112303 0.5)
(0.936829667573 0.333608332209 0.5)
(0.945355922364 0.334756219914 0.5)
(0.953977320737 0.335916916778 0.5)
(0.962694924388 0.337090565737 0.5)
(0.971509806863 0.33827731132 0.5)
(0.980423053686 0.339477299673 0.5)
(0.989435762494 0.340690678571 0.5)
(0.998549043172 0.341917597435 0.5)
(1.00776401799 0.343158207359 0.5)
(1.01708182175 0.344412661118 0.5)
(1.0265036019 0.345681113195 0.5)
(1.0360305187 0.346963719796 0.5)
(1.04566374537 0.348260638869 0.5)
(1.05540446821 0.349572030125 0.5)
(1.06525388674 0.350898055059 0.5)
(1.07521321391 0.352238876966 0.5)
(1.08528367616 0.353594660963 0.5)
(1.09546651364 0.354965574012 0.5)
(1.10576298033 0.356351784936 0.5)
(1.11617434421 0.357753464442 0.5)
(1.12670188741 0.359170785142 0.5)
(1.13734690636 0.360603921575 0.5)
(1.14811071196 0.362053050226 0.5)
(1.15899462973 0.363518349553 0.5)
(1.17 0.365 0.5)
(0.505168456756 0.30043900754 0.5)
(0.508877849436 0.300882913919 0.5)
(0.512628634839 0.301331773803 0.5)
(0.516421274862 0.301785642467 0.5)
(0.520256236557 0.302244575803 0.5)
(0.524133992187 0.302708630329 0.5)
(0.528055019284 0.30317786319 0.5)
(0.532019800711 0.303652332172 0.5)
(0.536028824718 0.304132095703 0.5)
(0.540082585002 0.304617212865 0.5)
(0.544181580772 0.305107743398 0.5)
(0.548326316805 0.30560374771 0.5)
(0.552517303511 0.306105286882 0.5)
(0.556755056999 0.306612422677 0.5)
(0.561040099132 0.307125217548 0.5)
(0.5653729576 0.307643734642 0.5)
(0.569754165981 0.308168037814 0.5)
(0.574184263806 0.30869819163 0.5)
(0.578663796628 0.309234261377 0.5)
(0.583193316085 0.309776313069 0.5)
(0.587773379975 0.31032441346 0.5)
(0.592404552316 0.310878630045 0.5)
(0.597087403423 0.311439031075 0.5)
(0.601822509974 0.312005685562 0.5)
(0.606610455081 0.312578663286 0.5)
(0.611451828365 0.313158034808 0.5)
(0.616347226025 0.313743871476 0.5)
(0.621297250913 0.314336245435 0.5)
(0.626302512609 0.314935229632 0.5)
(0.631363627495 0.31554089783 0.5)
(0.63648121883 0.316153324617 0.5)
(0.641655916829 0.31677258541 0.5)
(0.646888358739 0.317398756468 0.5)
(0.652179188919 0.318031914904 0.5)
(0.657529058918 0.318672138689 0.5)
(0.662938627553 0.319319506663 0.5)
(0.668408560997 0.319974098549 0.5)
(0.673939532854 0.320635994956 0.5)
(0.679532224245 0.321305277397 0.5)
(0.685187323892 0.321982028289 0.5)
(0.690905528201 0.322666330974 0.5)
(0.696687541352 0.32335826972 0.5)
(0.70253407538 0.324057929739 0.5)
(0.708445850267 0.32476539719 0.5)
(0.71442359403 0.325480759196 0.5)
(0.720468042807 0.326204103851 0.5)
(0.726579940953 0.326935520234 0.5)
(0.732760041128 0.327675098415 0.5)
(0.739009104393 0.328422929471 0.5)
(0.745327900297 0.329179105496 0.5)
(0.751717206982 0.329943719609 0.5)
(0.758177811269 0.330716865971 0.5)
(0.76471050876 0.331498639792 0.5)
(0.771316103937 0.332289137345 0.5)
(0.777995410256 0.333088455977 0.5)
(0.784749250253 0.333896694122 0.5)
(0.791578455642 0.334713951311 0.5)
(0.798483867415 0.335540328187 0.5)
(0.805466335954 0.336375926517 0.5)
(0.812526721125 0.3372208492 0.5)
(0.819665892393 0.338075200286 0.5)
(0.826884728923 0.338939084987 0.5)
(0.834184119692 0.339812609686 0.5)
(0.841564963596 0.340695881956 0.5)
(0.849028169561 0.341589010568 0.5)
(0.856574656658 0.342492105509 0.5)
(0.864205354212 0.343405277991 0.5)
(0.871921201919 0.344328640469 0.5)
(0.879723149959 0.345262306652 0.5)
(0.887612159118 0.346206391518 0.5)
(0.895589200902 0.347161011327 0.5)
(0.903655257657 0.348126283639 0.5)
(0.911811322693 0.349102327323 0.5)
(0.920058400401 0.350089262576 0.5)
(0.928397506383 0.351087210936 0.5)
(0.936829667573 0.352096295297 0.5)
(0.945355922364 0.353116639924 0.5)
(0.953977320737 0.35414837047 0.5)
(0.962694924388 0.355191613988 0.5)
(0.971509806863 0.356246498951 0.5)
(0.980423053686 0.357313155265 0.5)
(0.989435762494 0.358391714285 0.5)
(0.998549043172 0.359482308831 0.5)
(1.00776401799 0.360585073208 0.5)
(1.01708182175 0.361700143216 0.5)
(1.0265036019 0.362827656173 0.5)
(1.0360305187 0.363967750929 0.5)
(1.04566374537 0.365120567883 0.5)
(1.05540446821 0.366286249 0.5)
(1.06525388674 0.36746493783 0.5)
(1.07521321391 0.368656779525 0.5)
(1.08528367616 0.369861920856 0.5)
(1.09546651364 0.371080510233 0.5)
(1.10576298033 0.372312697721 0.5)
(1.11617434421 0.373558635059 0.5)
(1.12670188741 0.374818475681 0.5)
(1.13734690636 0.376092374733 0.5)
(1.14811071196 0.37738048909 0.5)
(1.15899462973 0.37868297738 0.5)
(1.17 0.38 0.5)
(0.505168456756 0.325384131597 0.5)
(0.508877849436 0.325772549679 0.5)
(0.512628634839 0.326165302077 0.5)
(0.516421274862 0.326562437158 0.5)
(0.520256236557 0.326964003828 0.5)
(0.524133992187 0.327370051538 0.5)
(0.528055019284 0.327780630292 0.5)
(0.532019800711 0.32819579065 0.5)
(0.536028824718 0.32861558374 0.5)
(0.540082585002 0.329040061257 0.5)
(0.544181580772 0.329469275473 0.5)
(0.548326316805 0.329903279247 0.5)
(0.552517303511 0.330342126022 0.5)
(0.556755056999 0.330785869843 0.5)
(0.561040099132 0.331234565354 0.5)
(0.5653729576 0.331688267812 0.5)
(0.569754165981 0.332147033087 0.5)
(0.574184263806 0.332610917676 0.5)
(0.578663796628 0.333079978704 0.5)
(0.583193316085 0.333554273936 0.5)
(0.587773379975 0.334033861777 0.5)
(0.592404552316 0.33451880129 0.5)
(0.597087403423 0.335009152191 0.5)
(0.601822509974 0.335504974866 0.5)
(0.606610455081 0.336006330375 0.5)
(0.611451828365 0.336513280457 0.5)
(0.616347226025 0.337025887542 0.5)
(0.621297250913 0.337544214755 0.5)
(0.626302512609 0.338068325928 0.5)
(0.631363627495 0.338598285602 0.5)
(0.63648121883 0.33913415904 0.5)
(0.641655916829 0.339676012233 0.5)
(0.646888358739 0.34022391191 0.5)
(0.652179188919 0.340777925541 0.5)
(0.657529058918 0.341338121353 0.5)
(0.662938627553 0.34190456833 0.5)
(0.668408560997 0.34247733623 0.5)
(0.673939532854 0.343056495587 0.5)
(0.679532224245 0.343642117722 0.5)
(0.685187323892 0.344234274753 0.5)
(0.690905528201 0.344833039602 0.5)
(0.696687541352 0.345438486005 0.5)
(0.70253407538 0.346050688521 0.5)
(0.708445850267 0.346669722541 0.5)
(0.71442359403 0.347295664296 0.5)
(0.720468042807 0.34792859087 0.5)
(0.726579940953 0.348568580204 0.5)
(0.732760041128 0.349215711113 0.5)
(0.739009104393 0.349870063287 0.5)
(0.745327900297 0.350531717309 0.5)
(0.751717206982 0.351200754658 0.5)
(0.758177811269 0.351877257724 0.5)
(0.76471050876 0.352561309818 0.5)
(0.771316103937 0.353252995177 0.5)
(0.777995410256 0.35395239898 0.5)
(0.784749250253 0.354659607356 0.5)
(0.791578455642 0.355374707397 0.5)
(0.798483867415 0.356097787164 0.5)
(0.805466335954 0.356828935702 0.5)
(0.812526721125 0.35756824305 0.5)
(0.819665892393 0.358315800251 0.5)
(0.826884728923 0.359071699364 0.5)
(0.834184119692 0.359836033476 0.5)
(0.841564963596 0.360608896712 0.5)
(0.849028169561 0.361390384247 0.5)
(0.856574656658 0.36218059232 0.5)
(0.864205354212 0.362979618242 0.5)
(0.871921201919 0.36378756041 0.5)
(0.879723149959 0.36460451832 0.5)
(0.887612159118 0.365430592578 0.5)
(0.895589200902 0.366265884911 0.5)
(0.903655257657 0.367110498184 0.5)
(0.911811322693 0.367964536408 0.5)
(0.920058400401 0.368828104754 0.5)
(0.928397506383 0.369701309569 0.5)
(0.936829667573 0.370584258385 0.5)
(0.945355922364 0.371477059933 0.5)
(0.953977320737 0.372379824161 0.5)
(0.962694924388 0.37329266224 0.5)
(0.971509806863 0.374215686583 0.5)
(0.980423053686 0.375149010857 0.5)
(0.989435762494 0.376092749999 0.5)
(0.998549043172 0.377047020227 0.5)
(1.00776401799 0.378011939057 0.5)
(1.01708182175 0.378987625314 0.5)
(1.0265036019 0.379974199152 0.5)
(1.0360305187 0.380971782063 0.5)
(1.04566374537 0.381980496898 0.5)
(1.05540446821 0.383000467875 0.5)
(1.06525388674 0.384031820601 0.5)
(1.07521321391 0.385074682085 0.5)
(1.08528367616 0.386129180749 0.5)
(1.09546651364 0.387195446454 0.5)
(1.10576298033 0.388273610506 0.5)
(1.11617434421 0.389363805677 0.5)
(1.12670188741 0.390466166221 0.5)
(1.13734690636 0.391580827891 0.5)
(1.14811071196 0.392707927954 0.5)
(1.15899462973 0.393847605208 0.5)
(1.17 0.395 0.5)
(0.505168456756 0.350329255655 0.5)
(0.508877849436 0.350662185439 0.5)
(0.512628634839 0.350998830352 0.5)
(0.516421274862 0.35133923185 0.5)
(0.520256236557 0.351683431853 0.5)
(0.524133992187 0.352031472747 0.5)
(0.528055019284 0.352383397393 0.5)
(0.532019800711 0.352739249129 0.5)
(0.536028824718 0.353099071777 0.5)
(0.540082585002 0.353462909649 0.5)
(0.544181580772 0.353830807549 0.5)
(0.548326316805 0.354202810783 0.5)
(0.552517303511 0.354578965162 0.5)
(0.556755056999 0.354959317008 0.5)
(0.561040099132 0.355343913161 0.5)
(0.5653729576 0.355732800981 0.5)
(0.569754165981 0.35612602836 0.5)
(0.574184263806 0.356523643722 0.5)
(0.578663796628 0.356925696032 0.5)
(0.583193316085 0.357332234802 0.5)
(0.587773379975 0.357743310095 0.5)
(0.592404552316 0.358158972534 0.5)
(0.597087403423 0.358579273307 0.5)
(0.601822509974 0.359004264171 0.5)
(0.606610455081 0.359433997464 0.5)
(0.611451828365 0.359868526106 0.5)
(0.616347226025 0.360307903607 0.5)
(0.621297250913 0.360752184076 0.5)
(0.626302512609 0.361201422224 0.5)
(0.631363627495 0.361655673373 0.5)
(0.63648121883 0.362114993463 0.5)
(0.641655916829 0.362579439057 0.5)
(0.646888358739 0.363049067351 0.5)
(0.652179188919 0.363523936178 0.5)
(0.657529058918 0.364004104017 0.5)
(0.662938627553 0.364489629997 0.5)
(0.668408560997 0.364980573912 0.5)
(0.673939532854 0.365476996217 0.5)
(0.679532224245 0.365978958047 0.5)
(0.685187323892 0.366486521217 0.5)
(0.690905528201 0.36699974823 0.5)
(0.696687541352 0.36751870229 0.5)
(0.70253407538 0.368043447304 0.5)
(0.708445850267 0.368574047892 0.5)
(0.71442359403 0.369110569397 0.5)
(0.720468042807 0.369653077888 0.5)
(0.726579940953 0.370201640175 0.5)
(0.732760041128 0.370756323811 0.5)
(0.739009104393 0.371317197103 0.5)
(0.745327900297 0.371884329122 0.5)
(0.751717206982 0.372457789707 0.5)
(0.758177811269 0.373037649478 0.5)
(0.76471050876 0.373623979844 0.5)
(0.771316103937 0.374216853009 0.5)
(0.777995410256 0.374816341983 0.5)
(0.784749250253 0.375422520591 0.5)
(0.791578455642 0.376035463483 0.5)
(0.798483867415 0.37665524614 0.5)
(0.805466335954 0.377281944887 0.5)
(0.812526721125 0.3779156369 0.5)
(0.819665892393 0.378556400215 0.5)
(0.826884728923 0.37920431374 0.5)
(0.834184119692 0.379859457265 0.5)
(0.841564963596 0.380521911467 0.5)
(0.849028169561 0.381191757926 0.5)
(0.856574656658 0.381869079132 0.5)
(0.864205354212 0.382553958493 0.5)
(0.871921201919 0.383246480352 0.5)
(0.879723149959 0.383946729989 0.5)
(0.887612159118 0.384654793638 0.5)
(0.895589200902 0.385370758495 0.5)
(0.903655257657 0.386094712729 0.5)
(0.911811322693 0.386826745492 0.5)
(0.920058400401 0.387566946932 0.5)
(0.928397506383 0.388315408202 0.5)
(0.936829667573 0.389072221473 0.5)
(0.945355922364 0.389837479943 0.5)
(0.953977320737 0.390611277852 0.5)
(0.962694924388 0.391393710491 0.5)
(0.971509806863 0.392184874214 0.5)
(0.980423053686 0.392984866449 0.5)
(0.989435762494 0.393793785714 0.5)
(0.998549043172 0.394611731624 0.5)
(1.00776401799 0.395438804906 0.5)
(1.01708182175 0.396275107412 0.5)
(1.0265036019 0.39712074213 0.5)
(1.0360305187 0.397975813197 0.5)
(1.04566374537 0.398840425912 0.5)
(1.05540446821 0.39971468675 0.5)
(1.06525388674 0.400598703373 0.5)
(1.07521321391 0.401492584644 0.5)
(1.08528367616 0.402396440642 0.5)
(1.09546651364 0.403310382675 0.5)
(1.10576298033 0.404234523291 0.5)
(1.11617434421 0.405168976294 0.5)
(1.12670188741 0.406113856761 0.5)
(1.13734690636 0.40706928105 0.5)
(1.14811071196 0.408035366818 0.5)
(1.15899462973 0.409012233035 0.5)
(1.17 0.41 0.5)
(0.505168456756 0.375274379712 0.5)
(0.508877849436 0.375551821199 0.5)
(0.512628634839 0.375832358627 0.5)
(0.516421274862 0.376116026542 0.5)
(0.520256236557 0.376402859877 0.5)
(0.524133992187 0.376692893956 0.5)
(0.528055019284 0.376986164494 0.5)
(0.532019800711 0.377282707607 0.5)
(0.536028824718 0.377582559814 0.5)
(0.540082585002 0.377885758041 0.5)
(0.544181580772 0.378192339624 0.5)
(0.548326316805 0.378502342319 0.5)
(0.552517303511 0.378815804302 0.5)
(0.556755056999 0.379132764173 0.5)
(0.561040099132 0.379453260967 0.5)
(0.5653729576 0.379777334151 0.5)
(0.569754165981 0.380105023634 0.5)
(0.574184263806 0.380436369769 0.5)
(0.578663796628 0.38077141336 0.5)
(0.583193316085 0.381110195668 0.5)
(0.587773379975 0.381452758412 0.5)
(0.592404552316 0.381799143778 0.5)
(0.597087403423 0.382149394422 0.5)
(0.601822509974 0.382503553476 0.5)
(0.606610455081 0.382861664554 0.5)
(0.611451828365 0.383223771755 0.5)
(0.616347226025 0.383589919673 0.5)
(0.621297250913 0.383960153397 0.5)
(0.626302512609 0.38433451852 0.5)
(0.631363627495 0.384713061144 0.5)
(0.63648121883 0.385095827886 0.5)
(0.641655916829 0.385482865881 0.5)
(0.646888358739 0.385874222793 0.5)
(0.652179188919 0.386269946815 0.5)
(0.657529058918 0.38667008668 0.5)
(0.662938627553 0.387074691664 0.5)
(0.668408560997 0.387483811593 0.5)
(0.673939532854 0.387897496848 0.5)
(0.679532224245 0.388315798373 0.5)
(0.685187323892 0.388738767681 0.5)
(0.690905528201 0.389166456859 0.5)
(0.696687541352 0.389598918575 0.5)
(0.70253407538 0.390036206087 0.5)
(0.708445850267 0.390478373244 0.5)
(0.71442359403 0.390925474497 0.5)
(0.720468042807 0.391377564907 0.5)
(0.726579940953 0.391834700146 0.5)
(0.732760041128 0.392296936509 0.5)
(0.739009104393 0.392764330919 0.5)
(0.745327900297 0.393236940935 0.5)
(0.751717206982 0.393714824756 0.5)
(0.758177811269 0.394198041232 0.5)
(0.76471050876 0.39468664987 0.5)
(0.771316103937 0.39518071084 0.5)
(0.777995410256 0.395680284986 0.5)
(0.784749250253 0.396185433826 0.5)
(0.791578455642 0.396696219569 0.5)
(0.798483867415 0.397212705117 0.5)
(0.805466335954 0.397734954073 0.5)
(0.812526721125 0.39826303075 0.5)
(0.819665892393 0.398797000179 0.5)
(0.826884728923 0.399336928117 0.5)
(0.834184119692 0.399882881054 0.5)
(0.841564963596 0.400434926223 0.5)
(0.849028169561 0.400993131605 0.5)
(0.856574656658 0.401557565943 0.5)
(0.864205354212 0.402128298744 0.5)
(0.871921201919 0.402705400293 0.5)
(0.879723149959 0.403288941657 0.5)
(0.887612159118 0.403878994698 0.5)
(0.895589200902 0.404475632079 0.5)
(0.903655257657 0.405078927274 0.5)
(0.911811322693 0.405688954577 0.5)
(0.920058400401 0.40630578911 0.5)
(0.928397506383 0.406929506835 0.5)
(0.936829667573 0.40756018456 0.5)
(0.945355922364 0.408197899952 0.5)
(0.953977320737 0.408842731544 0.5)
(0.962694924388 0.409494758743 0.5)
(0.971509806863 0.410154061845 0.5)
(0.980423053686 0.410820722041 0.5)
(0.989435762494 0.411494821428 0.5)
(0.998549043172 0.41217644302 0.5)
(1.00776401799 0.412865670755 0.5)
(1.01708182175 0.41356258951 0.5)
(1.0265036019 0.414267285108 0.5)
(1.0360305187 0.414979844331 0.5)
(1.04566374537 0.415700354927 0.5)
(1.05540446821 0.416428905625 0.5)
(1.06525388674 0.417165586144 0.5)
(1.07521321391 0.417910487203 0.5)
(1.08528367616 0.418663700535 0.5)
(1.09546651364 0.419425318896 0.5)
(1.10576298033 0.420195436075 0.5)
(1.11617434421 0.420974146912 0.5)
(1.12670188741 0.421761547301 0.5)
(1.13734690636 0.422557734208 0.5)
(1.14811071196 0.423362805681 0.5)
(1.15899462973 0.424176860863 0.5)
(1.17 0.425 0.5)
(0.505168456756 0.40021950377 0.5)
(0.508877849436 0.40044145696 0.5)
(0.512628634839 0.400665886901 0.5)
(0.516421274862 0.400892821233 0.5)
(0.520256236557 0.401122287902 0.5)
(0.524133992187 0.401354315165 0.5)
(0.528055019284 0.401588931595 0.5)
(0.532019800711 0.401826166086 0.5)
(0.536028824718 0.402066047851 0.5)
(0.540082585002 0.402308606432 0.5)
(0.544181580772 0.402553871699 0.5)
(0.548326316805 0.402801873855 0.5)
(0.552517303511 0.403052643441 0.5)
(0.556755056999 0.403306211339 0.5)
(0.561040099132 0.403562608774 0.5)
(0.5653729576 0.403821867321 0.5)
(0.569754165981 0.404084018907 0.5)
(0.574184263806 0.404349095815 0.5)
(0.578663796628 0.404617130688 0.5)
(0.583193316085 0.404888156535 0.5)
(0.587773379975 0.40516220673 0.5)
(0.592404552316 0.405439315023 0.5)
(0.597087403423 0.405719515538 0.5)
(0.601822509974 0.406002842781 0.5)
(0.606610455081 0.406289331643 0.5)
(0.611451828365 0.406579017404 0.5)
(0.616347226025 0.406871935738 0.5)
(0.621297250913 0.407168122717 0.5)
(0.626302512609 0.407467614816 0.5)
(0.631363627495 0.407770448915 0.5)
(0.63648121883 0.408076662308 0.5)
(0.641655916829 0.408386292705 0.5)
(0.646888358739 0.408699378234 0.5)
(0.652179188919 0.409015957452 0.5)
(0.657529058918 0.409336069344 0.5)
(0.662938627553 0.409659753332 0.5)
(0.668408560997 0.409987049274 0.5)
(0.673939532854 0.410317997478 0.5)
(0.679532224245 0.410652638698 0.5)
(0.685187323892 0.410991014145 0.5)
(0.690905528201 0.411333165487 0.5)
(0.696687541352 0.41167913486 0.5)
(0.70253407538 0.412028964869 0.5)
(0.708445850267 0.412382698595 0.5)
(0.71442359403 0.412740379598 0.5)
(0.720468042807 0.413102051926 0.5)
(0.726579940953 0.413467760117 0.5)
(0.732760041128 0.413837549207 0.5)
(0.739009104393 0.414211464736 0.5)
(0.745327900297 0.414589552748 0.5)
(0.751717206982 0.414971859804 0.5)
(0.758177811269 0.415358432985 0.5)
(0.76471050876 0.415749319896 0.5)
(0.771316103937 0.416144568672 0.5)
(0.777995410256 0.416544227988 0.5)
(0.784749250253 0.416948347061 0.5)
(0.791578455642 0.417356975655 0.5)
(0.798483867415 0.417770164094 0.5)
(0.805466335954 0.418187963258 0.5)
(0.812526721125 0.4186104246 0.5)
(0.819665892393 0.419037600143 0.5)
(0.826884728923 0.419469542494 0.5)
(0.834184119692 0.419906304843 0.5)
(0.841564963596 0.420347940978 0.5)
(0.849028169561 0.420794505284 0.5)
(0.856574656658 0.421246052754 0.5)
(0.864205354212 0.421702638995 0.5)
(0.871921201919 0.422164320234 0.5)
(0.879723149959 0.422631153326 0.5)
(0.887612159118 0.423103195759 0.5)
(0.895589200902 0.423580505664 0.5)
(0.903655257657 0.424063141819 0.5)
(0.911811322693 0.424551163661 0.5)
(0.920058400401 0.425044631288 0.5)
(0.928397506383 0.425543605468 0.5)
(0.936829667573 0.426048147648 0.5)
(0.945355922364 0.426558319962 0.5)
(0.953977320737 0.427074185235 0.5)
(0.962694924388 0.427595806994 0.5)
(0.971509806863 0.428123249476 0.5)
(0.980423053686 0.428656577633 0.5)
(0.989435762494 0.429195857142 0.5)
(0.998549043172 0.429741154416 0.5)
(1.00776401799 0.430292536604 0.5)
(1.01708182175 0.430850071608 0.5)
(1.0265036019 0.431413828087 0.5)
(1.0360305187 0.431983875465 0.5)
(1.04566374537 0.432560283942 0.5)
(1.05540446821 0.4331431245 0.5)
(1.06525388674 0.433732468915 0.5)
(1.07521321391 0.434328389763 0.5)
(1.08528367616 0.434930960428 0.5)
(1.09546651364 0.435540255117 0.5)
(1.10576298033 0.43615634886 0.5)
(1.11617434421 0.43677931753 0.5)
(1.12670188741 0.437409237841 0.5)
(1.13734690636 0.438046187366 0.5)
(1.14811071196 0.438690244545 0.5)
(1.15899462973 0.43934148869 0.5)
(1.17 0.44 0.5)
(0.505168456756 0.425164627827 0.5)
(0.508877849436 0.42533109272 0.5)
(0.512628634839 0.425499415176 0.5)
(0.516421274862 0.425669615925 0.5)
(0.520256236557 0.425841715926 0.5)
(0.524133992187 0.426015736373 0.5)
(0.528055019284 0.426191698696 0.5)
(0.532019800711 0.426369624564 0.5)
(0.536028824718 0.426549535889 0.5)
(0.540082585002 0.426731454824 0.5)
(0.544181580772 0.426915403774 0.5)
(0.548326316805 0.427101405391 0.5)
(0.552517303511 0.427289482581 0.5)
(0.556755056999 0.427479658504 0.5)
(0.561040099132 0.42767195658 0.5)
(0.5653729576 0.427866400491 0.5)
(0.569754165981 0.42806301418 0.5)
(0.574184263806 0.428261821861 0.5)
(0.578663796628 0.428462848016 0.5)
(0.583193316085 0.428666117401 0.5)
(0.587773379975 0.428871655047 0.5)
(0.592404552316 0.429079486267 0.5)
(0.597087403423 0.429289636653 0.5)
(0.601822509974 0.429502132086 0.5)
(0.606610455081 0.429716998732 0.5)
(0.611451828365 0.429934263053 0.5)
(0.616347226025 0.430153951804 0.5)
(0.621297250913 0.430376092038 0.5)
(0.626302512609 0.430600711112 0.5)
(0.631363627495 0.430827836686 0.5)
(0.63648121883 0.431057496731 0.5)
(0.641655916829 0.431289719529 0.5)
(0.646888358739 0.431524533676 0.5)
(0.652179188919 0.431761968089 0.5)
(0.657529058918 0.432002052008 0.5)
(0.662938627553 0.432244814999 0.5)
(0.668408560997 0.432490286956 0.5)
(0.673939532854 0.432738498109 0.5)
(0.679532224245 0.432989479024 0.5)
(0.685187323892 0.433243260608 0.5)
(0.690905528201 0.433499874115 0.5)
(0.696687541352 0.433759351145 0.5)
(0.70253407538 0.434021723652 0.5)
(0.708445850267 0.434287023946 0.5)
(0.71442359403 0.434555284698 0.5)
(0.720468042807 0.434826538944 0.5)
(0.726579940953 0.435100820088 0.5)
(0.732760041128 0.435378161906 0.5)
(0.739009104393 0.435658598552 0.5)
(0.745327900297 0.435942164561 0.5)
(0.751717206982 0.436228894853 0.5)
(0.758177811269 0.436518824739 0.5)
(0.76471050876 0.436811989922 0.5)
(0.771316103937 0.437108426504 0.5)
(0.777995410256 0.437408170991 0.5)
(0.784749250253 0.437711260296 0.5)
(0.791578455642 0.438017731742 0.5)
(0.798483867415 0.43832762307 0.5)
(0.805466335954 0.438640972444 0.5)
(0.812526721125 0.43895781845 0.5)
(0.819665892393 0.439278200107 0.5)
(0.826884728923 0.43960215687 0.5)
(0.834184119692 0.439929728632 0.5)
(0.841564963596 0.440260955734 0.5)
(0.849028169561 0.440595878963 0.5)
(0.856574656658 0.440934539566 0.5)
(0.864205354212 0.441276979247 0.5)
(0.871921201919 0.441623240176 0.5)
(0.879723149959 0.441973364994 0.5)
(0.887612159118 0.442327396819 0.5)
(0.895589200902 0.442685379248 0.5)
(0.903655257657 0.443047356365 0.5)
(0.911811322693 0.443413372746 0.5)
(0.920058400401 0.443783473466 0.5)
(0.928397506383 0.444157704101 0.5)
(0.936829667573 0.444536110736 0.5)
(0.945355922364 0.444918739971 0.5)
(0.953977320737 0.445305638926 0.5)
(0.962694924388 0.445696855246 0.5)
(0.971509806863 0.446092437107 0.5)
(0.980423053686 0.446492433224 0.5)
(0.989435762494 0.446896892857 0.5)
(0.998549043172 0.447305865812 0.5)
(1.00776401799 0.447719402453 0.5)
(1.01708182175 0.448137553706 0.5)
(1.0265036019 0.448560371065 0.5)
(1.0360305187 0.448987906599 0.5)
(1.04566374537 0.449420212956 0.5)
(1.05540446821 0.449857343375 0.5)
(1.06525388674 0.450299351686 0.5)
(1.07521321391 0.450746292322 0.5)
(1.08528367616 0.451198220321 0.5)
(1.09546651364 0.451655191337 0.5)
(1.10576298033 0.452117261645 0.5)
(1.11617434421 0.452584488147 0.5)
(1.12670188741 0.453056928381 0.5)
(1.13734690636 0.453534640525 0.5)
(1.14811071196 0.454017683409 0.5)
(1.15899462973 0.454506116518 0.5)
(1.17 0.455 0.5)
(0.505168456756 0.450109751885 0.5)
(0.508877849436 0.45022072848 0.5)
(0.512628634839 0.450332943451 0.5)
(0.516421274862 0.450446410617 0.5)
(0.520256236557 0.450561143951 0.5)
(0.524133992187 0.450677157582 0.5)
(0.528055019284 0.450794465798 0.5)
(0.532019800711 0.450913083043 0.5)
(0.536028824718 0.451033023926 0.5)
(0.540082585002 0.451154303216 0.5)
(0.544181580772 0.45127693585 0.5)
(0.548326316805 0.451400936928 0.5)
(0.552517303511 0.451526321721 0.5)
(0.556755056999 0.451653105669 0.5)
(0.561040099132 0.451781304387 0.5)
(0.5653729576 0.45191093366 0.5)
(0.569754165981 0.452042009453 0.5)
(0.574184263806 0.452174547907 0.5)
(0.578663796628 0.452308565344 0.5)
(0.583193316085 0.452444078267 0.5)
(0.587773379975 0.452581103365 0.5)
(0.592404552316 0.452719657511 0.5)
(0.597087403423 0.452859757769 0.5)
(0.601822509974 0.45300142139 0.5)
(0.606610455081 0.453144665821 0.5)
(0.611451828365 0.453289508702 0.5)
(0.616347226025 0.453435967869 0.5)
(0.621297250913 0.453584061359 0.5)
(0.626302512609 0.453733807408 0.5)
(0.631363627495 0.453885224458 0.5)
(0.63648121883 0.454038331154 0.5)
(0.641655916829 0.454193146352 0.5)
(0.646888358739 0.454349689117 0.5)
(0.652179188919 0.454507978726 0.5)
(0.657529058918 0.454668034672 0.5)
(0.662938627553 0.454829876666 0.5)
(0.668408560997 0.454993524637 0.5)
(0.673939532854 0.455158998739 0.5)
(0.679532224245 0.455326319349 0.5)
(0.685187323892 0.455495507072 0.5)
(0.690905528201 0.455666582743 0.5)
(0.696687541352 0.45583956743 0.5)
(0.70253407538 0.456014482435 0.5)
(0.708445850267 0.456191349297 0.5)
(0.71442359403 0.456370189799 0.5)
(0.720468042807 0.456551025963 0.5)
(0.726579940953 0.456733880058 0.5)
(0.732760041128 0.456918774604 0.5)
(0.739009104393 0.457105732368 0.5)
(0.745327900297 0.457294776374 0.5)
(0.751717206982 0.457485929902 0.5)
(0.758177811269 0.457679216493 0.5)
(0.76471050876 0.457874659948 0.5)
(0.771316103937 0.458072284336 0.5)
(0.777995410256 0.458272113994 0.5)
(0.784749250253 0.45847417353 0.5)
(0.791578455642 0.458678487828 0.5)
(0.798483867415 0.458885082047 0.5)
(0.805466335954 0.459093981629 0.5)
(0.812526721125 0.4593052123 0.5)
(0.819665892393 0.459518800072 0.5)
(0.826884728923 0.459734771247 0.5)
(0.834184119692 0.459953152422 0.5)
(0.841564963596 0.460173970489 0.5)
(0.849028169561 0.460397252642 0.5)
(0.856574656658 0.460623026377 0.5)
(0.864205354212 0.460851319498 0.5)
(0.871921201919 0.461082160117 0.5)
(0.879723149959 0.461315576663 0.5)
(0.887612159118 0.461551597879 0.5)
(0.895589200902 0.461790252832 0.5)
(0.903655257657 0.46203157091 0.5)
(0.911811322693 0.462275581831 0.5)
(0.920058400401 0.462522315644 0.5)
(0.928397506383 0.462771802734 0.5)
(0.936829667573 0.463024073824 0.5)
(0.945355922364 0.463279159981 0.5)
(0.953977320737 0.463537092617 0.5)
(0.962694924388 0.463797903497 0.5)
(0.971509806863 0.464061624738 0.5)
(0.980423053686 0.464328288816 0.5)
(0.989435762494 0.464597928571 0.5)
(0.998549043172 0.464870577208 0.5)
(1.00776401799 0.465146268302 0.5)
(1.01708182175 0.465425035804 0.5)
(1.0265036019 0.465706914043 0.5)
(1.0360305187 0.465991937732 0.5)
(1.04566374537 0.466280141971 0.5)
(1.05540446821 0.46657156225 0.5)
(1.06525388674 0.466866234458 0.5)
(1.07521321391 0.467164194881 0.5)
(1.08528367616 0.467465480214 0.5)
(1.09546651364 0.467770127558 0.5)
(1.10576298033 0.46807817443 0.5)
(1.11617434421 0.468389658765 0.5)
(1.12670188741 0.46870461892 0.5)
(1.13734690636 0.469023093683 0.5)
(1.14811071196 0.469345122273 0.5)
(1.15899462973 0.469670744345 0.5)
(1.17 0.47 0.5)
(0.505168456756 0.475054875942 0.5)
(0.508877849436 0.47511036424 0.5)
(0.512628634839 0.475166471725 0.5)
(0.516421274862 0.475223205308 0.5)
(0.520256236557 0.475280571975 0.5)
(0.524133992187 0.475338578791 0.5)
(0.528055019284 0.475397232899 0.5)
(0.532019800711 0.475456541521 0.5)
(0.536028824718 0.475516511963 0.5)
(0.540082585002 0.475577151608 0.5)
(0.544181580772 0.475638467925 0.5)
(0.548326316805 0.475700468464 0.5)
(0.552517303511 0.47576316086 0.5)
(0.556755056999 0.475826552835 0.5)
(0.561040099132 0.475890652193 0.5)
(0.5653729576 0.47595546683 0.5)
(0.569754165981 0.476021004727 0.5)
(0.574184263806 0.476087273954 0.5)
(0.578663796628 0.476154282672 0.5)
(0.583193316085 0.476222039134 0.5)
(0.587773379975 0.476290551682 0.5)
(0.592404552316 0.476359828756 0.5)
(0.597087403423 0.476429878884 0.5)
(0.601822509974 0.476500710695 0.5)
(0.606610455081 0.476572332911 0.5)
(0.611451828365 0.476644754351 0.5)
(0.616347226025 0.476717983935 0.5)
(0.621297250913 0.476792030679 0.5)
(0.626302512609 0.476866903704 0.5)
(0.631363627495 0.476942612229 0.5)
(0.63648121883 0.477019165577 0.5)
(0.641655916829 0.477096573176 0.5)
(0.646888358739 0.477174844559 0.5)
(0.652179188919 0.477253989363 0.5)
(0.657529058918 0.477334017336 0.5)
(0.662938627553 0.477414938333 0.5)
(0.668408560997 0.477496762319 0.5)
(0.673939532854 0.47757949937 0.5)
(0.679532224245 0.477663159675 0.5)
(0.685187323892 0.477747753536 0.5)
(0.690905528201 0.477833291372 0.5)
(0.696687541352 0.477919783715 0.5)
(0.70253407538 0.478007241217 0.5)
(0.708445850267 0.478095674649 0.5)
(0.71442359403 0.478185094899 0.5)
(0.720468042807 0.478275512981 0.5)
(0.726579940953 0.478366940029 0.5)
(0.732760041128 0.478459387302 0.5)
(0.739009104393 0.478552866184 0.5)
(0.745327900297 0.478647388187 0.5)
(0.751717206982 0.478742964951 0.5)
(0.758177811269 0.478839608246 0.5)
(0.76471050876 0.478937329974 0.5)
(0.771316103937 0.479036142168 0.5)
(0.777995410256 0.479136056997 0.5)
(0.784749250253 0.479237086765 0.5)
(0.791578455642 0.479339243914 0.5)
(0.798483867415 0.479442541023 0.5)
(0.805466335954 0.479546990815 0.5)
(0.812526721125 0.47965260615 0.5)
(0.819665892393 0.479759400036 0.5)
(0.826884728923 0.479867385623 0.5)
(0.834184119692 0.479976576211 0.5)
(0.841564963596 0.480086985245 0.5)
(0.849028169561 0.480198626321 0.5)
(0.856574656658 0.480311513189 0.5)
(0.864205354212 0.480425659749 0.5)
(0.871921201919 0.480541080059 0.5)
(0.879723149959 0.480657788331 0.5)
(0.887612159118 0.48077579894 0.5)
(0.895589200902 0.480895126416 0.5)
(0.903655257657 0.481015785455 0.5)
(0.911811322693 0.481137790915 0.5)
(0.920058400401 0.481261157822 0.5)
(0.928397506383 0.481385901367 0.5)
(0.936829667573 0.481512036912 0.5)
(0.945355922364 0.48163957999 0.5)
(0.953977320737 0.481768546309 0.5)
(0.962694924388 0.481898951749 0.5)
(0.971509806863 0.482030812369 0.5)
(0.980423053686 0.482164144408 0.5)
(0.989435762494 0.482298964286 0.5)
(0.998549043172 0.482435288604 0.5)
(1.00776401799 0.482573134151 0.5)
(1.01708182175 0.482712517902 0.5)
(1.0265036019 0.482853457022 0.5)
(1.0360305187 0.482995968866 0.5)
(1.04566374537 0.483140070985 0.5)
(1.05540446821 0.483285781125 0.5)
(1.06525388674 0.483433117229 0.5)
(1.07521321391 0.483582097441 0.5)
(1.08528367616 0.483732740107 0.5)
(1.09546651364 0.483885063779 0.5)
(1.10576298033 0.484039087215 0.5)
(1.11617434421 0.484194829382 0.5)
(1.12670188741 0.48435230946 0.5)
(1.13734690636 0.484511546842 0.5)
(1.14811071196 0.484672561136 0.5)
(1.15899462973 0.484835372173 0.5)
(1.17 0.485 0.5)
(0.505168456756 0.5 0.5)
(0.508877849436 0.5 0.5)
(0.512628634839 0.5 0.5)
(0.516421274862 0.5 0.5)
(0.520256236557 0.5 0.5)
(0.524133992187 0.5 0.5)
(0.528055019284 0.5 0.5)
(0.532019800711 0.5 0.5)
(0.536028824718 0.5 0.5)
(0.540082585002 0.5 0.5)
(0.544181580772 0.5 0.5)
(0.548326316805 0.5 0.5)
(0.552517303511 0.5 0.5)
(0.556755056999 0.5 0.5)
(0.561040099132 0.5 0.5)
(0.5653729576 0.5 0.5)
(0.569754165981 0.5 0.5)
(0.574184263806 0.5 0.5)
(0.578663796628 0.5 0.5)
(0.583193316085 0.5 0.5)
(0.587773379975 0.5 0.5)
(0.592404552316 0.5 0.5)
(0.597087403423 0.5 0.5)
(0.601822509974 0.5 0.5)
(0.606610455081 0.5 0.5)
(0.611451828365 0.5 0.5)
(0.616347226025 0.5 0.5)
(0.621297250913 0.5 0.5)
(0.626302512609 0.5 0.5)
(0.631363627495 0.5 0.5)
(0.63648121883 0.5 0.5)
(0.641655916829 0.5 0.5)
(0.646888358739 0.5 0.5)
(0.652179188919 0.5 0.5)
(0.657529058918 0.5 0.5)
(0.662938627553 0.5 0.5)
(0.668408560997 0.5 0.5)
(0.673939532854 0.5 0.5)
(0.679532224245 0.5 0.5)
(0.685187323892 0.5 0.5)
(0.690905528201 0.5 0.5)
(0.696687541352 0.5 0.5)
(0.70253407538 0.5 0.5)
(0.708445850267 0.5 0.5)
(0.71442359403 0.5 0.5)
(0.720468042807 0.5 0.5)
(0.726579940953 0.5 0.5)
(0.732760041128 0.5 0.5)
(0.739009104393 0.5 0.5)
(0.745327900297 0.5 0.5)
(0.751717206982 0.5 0.5)
(0.758177811269 0.5 0.5)
(0.76471050876 0.5 0.5)
(0.771316103937 0.5 0.5)
(0.777995410256 0.5 0.5)
(0.784749250253 0.5 0.5)
(0.791578455642 0.5 0.5)
(0.798483867415 0.5 0.5)
(0.805466335954 0.5 0.5)
(0.812526721125 0.5 0.5)
(0.819665892393 0.5 0.5)
(0.826884728923 0.5 0.5)
(0.834184119692 0.5 0.5)
(0.841564963596 0.5 0.5)
(0.849028169561 0.5 0.5)
(0.856574656658 0.5 0.5)
(0.864205354212 0.5 0.5)
(0.871921201919 0.5 0.5)
(0.879723149959 0.5 0.5)
(0.887612159118 0.5 0.5)
(0.895589200902 0.5 0.5)
(0.903655257657 0.5 0.5)
(0.911811322693 0.5 0.5)
(0.920058400401 0.5 0.5)
(0.928397506383 0.5 0.5)
(0.936829667573 0.5 0.5)
(0.945355922364 0.5 0.5)
(0.953977320737 0.5 0.5)
(0.962694924388 0.5 0.5)
(0.971509806863 0.5 0.5)
(0.980423053686 0.5 0.5)
(0.989435762494 0.5 0.5)
(0.998549043172 0.5 0.5)
(1.00776401799 0.5 0.5)
(1.01708182175 0.5 0.5)
(1.0265036019 0.5 0.5)
(1.0360305187 0.5 0.5)
(1.04566374537 0.5 0.5)
(1.05540446821 0.5 0.5)
(1.06525388674 0.5 0.5)
(1.07521321391 0.5 0.5)
(1.08528367616 0.5 0.5)
(1.09546651364 0.5 0.5)
(1.10576298033 0.5 0.5)
(1.11617434421 0.5 0.5)
(1.12670188741 0.5 0.5)
(1.13734690636 0.5 0.5)
(1.14811071196 0.5 0.5)
(1.15899462973 0.5 0.5)
(1.17 0.5 0.5)
(1.1772545745 0.252377165472 -0.5)
(1.18452739905 0.254697895963 -0.5)
(1.19181803462 0.256962051385 -0.5)
(1.19912604114 0.259169495065 -0.5)
(1.20645097746 0.261320093755 -0.5)
(1.21379240143 0.263413717638 -0.5)
(1.2211498699 0.265450240333 -0.5)
(1.22852293873 0.267429538911 -0.5)
(1.23591116287 0.269351493893 -0.5)
(1.24331409633 0.271215989263 -0.5)
(1.25073129225 0.273022912475 -0.5)
(1.25816230291 0.274772154455 -0.5)
(1.26560667974 0.276463609613 -0.5)
(1.27306397336 0.278097175848 -0.5)
(1.28053373364 0.279672754551 -0.5)
(1.28801550967 0.281190250616 -0.5)
(1.29550884983 0.282649572439 -0.5)
(1.30301330178 0.284050631933 -0.5)
(1.31052841254 0.285393344523 -0.5)
(1.31805372847 0.28667762916 -0.5)
(1.32558879532 0.287903408319 -0.5)
(1.33313315823 0.289070608007 -0.5)
(1.34068636181 0.29017915777 -0.5)
(1.34824795011 0.291228990689 -0.5)
(1.3558174667 0.292220043395 -0.5)
(1.36339445465 0.293152256063 -0.5)
(1.37097845659 0.294025572423 -0.5)
(1.37856901472 0.294839939757 -0.5)
(1.38616567085 0.295595308907 -0.5)
(1.39376796641 0.296291634277 -0.5)
(1.40137544251 0.296928873834 -0.5)
(1.40898763994 0.297506989112 -0.5)
(1.41660409918 0.298025945214 -0.5)
(1.42422436049 0.298485710814 -0.5)
(1.43184796389 0.298886258159 -0.5)
(1.43947444917 0.299227563071 -0.5)
(1.44710335599 0.299509604946 -0.5)
(1.45473422383 0.299732366761 -0.5)
(1.46236659208 0.299895835068 -0.5)
(1.47 0.3 -0.5)
(1.17725675896 0.253246077034 -0.5)
(1.18453160552 0.255546151398 -0.5)
(1.19182410459 0.257790154252 -0.5)
(1.19913381998 0.259977950139 -0.5)
(1.2064603145 0.262109406995 -0.5)
(1.2138031499 0.264184396159 -0.5)
(1.221161887 0.266202792377 -0.5)
(1.22853608561 0.268164473812 -0.5)
(1.23592530463 0.270069322049 -0.5)
(1.24332910205 0.271917222106 -0.5)
(1.25074703499 0.273708062436 -0.5)
(1.2581786597 0.275441734938 -0.5)
(1.26562353161 0.277118134962 -0.5)
(1.27308120535 0.278737161314 -0.5)
(1.28055123479 0.280298716264 -0.5)
(1.28803317302 0.281802705551 -0.5)
(1.29552657246 0.283249038389 -0.5)
(1.30303098479 0.284637627472 -0.5)
(1.31054596105 0.285968388981 -0.5)
(1.31807105165 0.287241242585 -0.5)
(1.32560580638 0.288456111451 -0.5)
(1.33314977443 0.289612922246 -0.5)
(1.34070250446 0.290711605139 -0.5)
(1.34826354458 0.291752093811 -0.5)
(1.35583244243 0.292734325454 -0.5)
(1.36340874513 0.293658240777 -0.5)
(1.37099199939 0.294523784009 -0.5)
(1.37858175149 0.295330902904 -0.5)
(1.38617754731 0.29607954874 -0.5)
(1.39377893237 0.296769676327 -0.5)
(1.40138545186 0.297401244006 -0.5)
(1.40899665065 0.297974213653 -0.5)
(1.41661207332 0.298488550683 -0.5)
(1.42423126423 0.298944224047 -0.5)
(1.43185376746 0.29934120624 -0.5)
(1.43947912694 0.299679473299 -0.5)
(1.4471068864 0.299959004805 -0.5)
(1.45473658943 0.300179783883 -0.5)
(1.4623677795 0.300341797208 -0.5)
(1.47 0.300445034999 -0.5)
(1.17725904612 0.254155839828 -0.5)
(1.18453600977 0.256434286935 -0.5)
(1.19183045993 0.258657189762 -0.5)
(1.19914196455 0.260824414128 -0.5)
(1.20647009051 0.262935829212 -0.5)
(1.21381440371 0.264991307561 -0.5)
(1.22117446908 0.266990725098 -0.5)
(1.22854985058 0.268933961133 -0.5)
(1.23594011126 0.270820898365 -0.5)
(1.24334481326 0.272651422891 -0.5)
(1.25076351786 0.274425424215 -0.5)
(1.25819578549 0.276142795252 -0.5)
(1.26564117577 0.277803432334 -0.5)
(1.2730992475 0.279407235221 -0.5)
(1.28056955874 0.280954107102 -0.5)
(1.28805166681 0.2824439546 -0.5)
(1.2955451283 0.283876687785 -0.5)
(1.30304949914 0.285252220171 -0.5)
(1.31056433459 0.286570468727 -0.5)
(1.31808918927 0.287831353877 -0.5)
(1.3256236172 0.289034799512 -0.5)
(1.33316717182 0.290180732986 -0.5)
(1.34071940604 0.291269085127 -0.5)
(1.34827987222 0.292299790238 -0.5)
(1.35584812222 0.293272786102 -0.5)
(1.36342370746 0.294188013986 -0.5)
(1.3710061789 0.295045418644 -0.5)
(1.37859508707 0.295844948319 -0.5)
(1.38618998214 0.29658655475 -0.5)
(1.39379041389 0.297270193169 -0.5)
(1.40139593179 0.297895822311 -0.5)
(1.40900608499 0.29846340441 -0.5)
(1.41662042237 0.298972905204 -0.5)
(1.42423849254 0.29942429394 -0.5)
(1.43185984389 0.299817543368 -0.5)
(1.43948402463 0.300152629752 -0.5)
(1.44711058279 0.300429532864 -0.5)
(1.45473906624 0.30064823599 -0.5)
(1.46236902275 0.300808725927 -0.5)
(1.47 0.300910992989 -0.5)
(1.17726144081 0.255108374446 -0.5)
(1.18454062107 0.257364177505 -0.5)
(1.19183711407 0.259564988304 -0.5)
(1.19915049202 0.261710673995 -0.5)
(1.20648032613 0.263801105057 -0.5)
(1.2138261866 0.265836155303 -0.5)
(1.22118764269 0.267815701892 -0.5)
(1.2285642627 0.26973962533 -0.5)
(1.23595561401 0.271607809484 -0.5)
(1.24336126312 0.273420141582 -0.5)
(1.25078077566 0.275176512226 -0.5)
(1.25821371644 0.276876815396 -0.5)
(1.26565964945 0.278520948455 -0.5)
(1.27311813787 0.280108812157 -0.5)
(1.28058874417 0.281640310654 -0.5)
(1.28807103006 0.283115351499 -0.5)
(1.29556455654 0.284533845653 -0.5)
(1.30306888394 0.285895707491 -0.5)
(1.31058357195 0.287200854806 -0.5)
(1.31810817961 0.288449208815 -0.5)
(1.32564226538 0.289640694162 -0.5)
(1.33318538715 0.290775238927 -0.5)
(1.34073710224 0.291852774623 -0.5)
(1.34829696748 0.292873236206 -0.5)
(1.35586453919 0.293836562079 -0.5)
(1.36343937324 0.294742694091 -0.5)
(1.37102102504 0.295591577545 -0.5)
(1.37860904962 0.296383161199 -0.5)
(1.38620300158 0.297117397271 -0.5)
(1.39380243521 0.29779424144 -0.5)
(1.40140690443 0.298413652848 -0.5)
(1.40901596289 0.298975594107 -0.5)
(1.41662916393 0.299480031295 -0.5)
(1.42424606068 0.299926933962 -0.5)
(1.431866206 0.300316275133 -0.5)
(1.43948915259 0.300648031305 -0.5)
(1.44711445296 0.300922182452 -0.5)
(1.45474165949 0.301138712025 -0.5)
(1.46237032445 0.301297606954 -0.5)
(1.47 0.301398857648 -0.5)
(1.17726394808 0.256105691773 -0.5)
(1.18454544918 0.258337786191 -0.5)
(1.19184408105 0.260515466321 -0.5)
(1.19915942041 0.262638600712 -0.5)
(1.20649104297 0.264707061204 -0.5)
(1.21383852346 0.266720722936 -0.5)
(1.22120143565 0.268679464358 -0.5)
(1.22857935239 0.270583167232 -0.5)
(1.23597184561 0.272431716646 -0.5)
(1.24337848635 0.274225001012 -0.5)
(1.25079884482 0.275962912084 -0.5)
(1.2582324904 0.277645344954 -0.5)
(1.26567899165 0.279272198064 -0.5)
(1.27313791637 0.280843373213 -0.5)
(1.2806088316 0.282358775558 -0.5)
(1.28809130366 0.283818313625 -0.5)
(1.29558489818 0.285221899311 -0.5)
(1.3030891801 0.286569447889 -0.5)
(1.31060371373 0.287860878019 -0.5)
(1.31812806277 0.289096111744 -0.5)
(1.3256617903 0.290275074501 -0.5)
(1.33320445885 0.291397695124 -0.5)
(1.34075563041 0.292463905848 -0.5)
(1.34831486647 0.293473642312 -0.5)
(1.355881728 0.294426843565 -0.5)
(1.36345577553 0.295323452069 -0.5)
(1.37103656917 0.296163413701 -0.5)
(1.3786236686 0.296946677758 -0.5)
(1.38621663312 0.29767319696 -0.5)
(1.39381502169 0.298342927451 -0.5)
(1.40141839294 0.298955828805 -0.5)
(1.40902630518 0.299511864023 -0.5)
(1.41663831648 0.300010999542 -0.5)
(1.42425398463 0.300453205233 -0.5)
(1.43187286722 0.300838454402 -0.5)
(1.43949452163 0.301166723794 -0.5)
(1.44711850509 0.301437993594 -0.5)
(1.45474437467 0.301652247427 -0.5)
(1.46237168735 0.30180947236 -0.5)
(1.47 0.301909658902 -0.5)
(1.17726657323 0.257149897234 -0.5)
(1.18455050427 0.259357168367 -0.5)
(1.19185137557 0.261510630358 -0.5)
(1.19916876855 0.263610153216 -0.5)
(1.20650226365 0.265655610208 -0.5)
(1.21385144032 0.267646877861 -0.5)
(1.22121587708 0.269583835976 -0.5)
(1.22859515152 0.271466367632 -0.5)
(1.23598884032 0.273294359192 -0.5)
(1.24339651932 0.275067700312 -0.5)
(1.2508177635 0.276786283948 -0.5)
(1.25825214701 0.278450006359 -0.5)
(1.26569924322 0.280058767117 -0.5)
(1.27315862474 0.281612469112 -0.5)
(1.28062986342 0.283111018557 -0.5)
(1.28811253041 0.284554324994 -0.5)
(1.29560619617 0.285942301301 -0.5)
(1.30311043047 0.287274863694 -0.5)
(1.31062480247 0.288551931734 -0.5)
(1.31814888072 0.289773428335 -0.5)
(1.32568223316 0.290939279761 -0.5)
(1.33322442719 0.292049415638 -0.5)
(1.34077502967 0.293103768954 -0.5)
(1.34833360696 0.294102276066 -0.5)
(1.35589972492 0.295044876698 -0.5)
(1.36347294897 0.295931513953 -0.5)
(1.37105284409 0.296762134311 -0.5)
(1.37863897488 0.297536687631 -0.5)
(1.38623090554 0.29825512716 -0.5)
(1.39382819992 0.298917409529 -0.5)
(1.40143042157 0.299523494762 -0.5)
(1.40903713371 0.300073346272 -0.5)
(1.41664789933 0.300566930869 -0.5)
(1.42426228112 0.301004218758 -0.5)
(1.43187984161 0.301385183542 -0.5)
(1.43950014309 0.301709802227 -0.5)
(1.44712274772 0.301978055215 -0.5)
(1.4547472175 0.302189926316 -0.5)
(1.46237311432 0.302345402739 -0.5)
(1.47 0.302444475099 -0.5)
(1.1772693218 0.258243195242 -0.5)
(1.18455579703 0.260424476041 -0.5)
(1.19185901304 0.262552581294 -0.5)
(1.1991785562 0.264627382541 -0.5)
(1.20651401187 0.26664875454 -0.5)
(1.21386496447 0.268616575273 -0.5)
(1.22123099747 0.270530725956 -0.5)
(1.22861169343 0.272391091043 -0.5)
(1.23600663403 0.274197558238 -0.5)
(1.2434154001 0.275950018495 -0.5)
(1.25083757161 0.277648366029 -0.5)
(1.25827272775 0.279292498323 -0.5)
(1.2657204469 0.280882316131 -0.5)
(1.2731803067 0.282417723485 -0.5)
(1.28065188404 0.283898627703 -0.5)
(1.28813475513 0.285324939393 -0.5)
(1.29562849546 0.286696572457 -0.5)
(1.30313267991 0.288013444099 -0.5)
(1.31064688268 0.289275474828 -0.5)
(1.31817067741 0.290482588463 -0.5)
(1.32570363713 0.291634712139 -0.5)
(1.33324533433 0.292731776309 -0.5)
(1.34079534098 0.293773714751 -0.5)
(1.34835322852 0.294760464569 -0.5)
(1.35591856795 0.295691966201 -0.5)
(1.3634909298 0.296568163416 -0.5)
(1.37106988417 0.297389003326 -0.5)
(1.37865500077 0.298154436381 -0.5)
(1.38624584896 0.298864416377 -0.5)
(1.39384199772 0.299518900456 -0.5)
(1.40144301572 0.300117849113 -0.5)
(1.40904847134 0.300661226193 -0.5)
(1.4166579327 0.301148998894 -0.5)
(1.42427096767 0.301581137774 -0.5)
(1.43188714389 0.301957616748 -0.5)
(1.43950602884 0.302278413089 -0.5)
(1.44712718982 0.302543507433 -0.5)
(1.45475019398 0.302752883779 -0.5)
(1.46237460839 0.302906529487 -0.5)
(1.47 0.303004435283 -0.5)
(1.17727219959 0.259387893845 -0.5)
(1.18456133861 0.261541962395 -0.5)
(1.19186700958 0.263643518782 -0.5)
(1.199188804 0.265692436149 -0.5)
(1.20652631242 0.267688590817 -0.5)
(1.21387912444 0.26963186229 -0.5)
(1.22124682872 0.271522133266 -0.5)
(1.22862901304 0.273359289641 -0.5)
(1.2360252643 0.275143220518 -0.5)
(1.24343516854 0.276873818213 -0.5)
(1.250858311 0.278550978261 -0.5)
(1.25829427608 0.280174599423 -0.5)
(1.26574264745 0.281744583691 -0.5)
(1.27320300801 0.283260836295 -0.5)
(1.28067493994 0.284723265709 -0.5)
(1.28815802471 0.286131783656 -0.5)
(1.29565184314 0.287486305113 -0.5)
(1.30315597538 0.288786748315 -0.5)
(1.31067000098 0.290033034764 -0.5)
(1.31819349886 0.291225089229 -0.5)
(1.32572604739 0.292362839755 -0.5)
(1.33326722441 0.293446217661 -0.5)
(1.3408166072 0.294475157552 -0.5)
(1.34837377258 0.295449597317 -0.5)
(1.35593829687 0.296369478136 -0.5)
(1.36350975598 0.297234744482 -0.5)
(1.37108772537 0.298045344123 -0.5)
(1.37867178012 0.29880122813 -0.5)
(1.38626149494 0.299502350874 -0.5)
(1.3938564442 0.300148670033 -0.5)
(1.40145620197 0.300740146594 -0.5)
(1.409060342 0.301276744852 -0.5)
(1.41666843779 0.301758432416 -0.5)
(1.4242800626 0.302185180211 -0.5)
(1.43189478949 0.302556962476 -0.5)
(1.43951219131 0.30287375677 -0.5)
(1.44713184075 0.303135543968 -0.5)
(1.4547533104 0.30334230827 -0.5)
(1.46237617269 0.303494037193 -0.5)
(1.47 0.30359072158 -0.5)
(1.17727521268 0.260586409604 -0.5)
(1.18456714074 0.26271198654 -0.5)
(1.19187538207 0.264785745886 -0.5)
(1.19919953359 0.266807562463 -0.5)
(1.20653919127 0.268777314225 -0.5)
(1.21389395013 0.270694882273 -0.5)
(1.22126340427 0.272560150855 -0.5)
(1.22864714693 0.274373007377 -0.5)
(1.23604477046 0.276133342409 -0.5)
(1.24345586639 0.27784104969 -0.5)
(1.25088002542 0.279496026138 -0.5)
(1.25831683749 0.281098171852 -0.5)
(1.26576589175 0.282647390121 -0.5)
(1.27322677662 0.284143587429 -0.5)
(1.2806990798 0.28558667346 -0.5)
(1.28818238831 0.286976561104 -0.5)
(1.2956762885 0.288313166463 -0.5)
(1.30318036608 0.289596408855 -0.5)
(1.31069420616 0.290826210819 -0.5)
(1.31821739324 0.292002498119 -0.5)
(1.32574951126 0.29312519975 -0.5)
(1.33329014363 0.294194247944 -0.5)
(1.34083887324 0.295209578167 -0.5)
(1.3483952825 0.296171129131 -0.5)
(1.35595895334 0.297078842794 -0.5)
(1.36352946726 0.297932664362 -0.5)
(1.37110640536 0.298732542297 -0.5)
(1.37868934833 0.299478428314 -0.5)
(1.3862778765 0.300170277389 -0.5)
(1.39387156988 0.30080804776 -0.5)
(1.40147000816 0.301391700929 -0.5)
(1.40907277074 0.301921201665 -0.5)
(1.41667943676 0.302396518004 -0.5)
(1.42428958513 0.302817621256 -0.5)
(1.43190279454 0.303184486 -0.5)
(1.43951864349 0.303497090092 -0.5)
(1.44713671035 0.303755414662 -0.5)
(1.45475657333 0.303959444116 -0.5)
(1.46237781054 0.304109166139 -0.5)
(1.47 0.304204571693 -0.5)
(1.17727836743 0.261841272694 -0.5)
(1.18457321564 0.263937018504 -0.5)
(1.19188414818 0.265981673952 -0.5)
(1.19921076763 0.267975115613 -0.5)
(1.20655267561 0.269917223158 -0.5)
(1.21390947284 0.271807879353 -0.5)
(1.22128075911 0.273646970073 -0.5)
(1.22866613336 0.275434384302 -0.5)
(1.23606519368 0.277170014147 -0.5)
(1.24347753732 0.278853754839 -0.5)
(1.25090276074 0.28048550474 -0.5)
(1.25834045961 0.282065165354 -0.5)
(1.26579022886 0.283592641327 -0.5)
(1.27325166268 0.285067840453 -0.5)
(1.28072435457 0.286490673686 -0.5)
(1.28820789734 0.287861055138 -0.5)
(1.29570188313 0.289178902088 -0.5)
(1.30320590349 0.290444134986 -0.5)
(1.31071954933 0.291656677458 -0.5)
(1.31824241099 0.292816456311 -0.5)
(1.32577407826 0.293923401537 -0.5)
(1.33331414038 0.294977446316 -0.5)
(1.3408621861 0.295978527022 -0.5)
(1.34841780369 0.296926583228 -0.5)
(1.35598058095 0.297821557705 -0.5)
(1.36355010526 0.298663396428 -0.5)
(1.37112596358 0.299452048583 -0.5)
(1.37870774249 0.300187466562 -0.5)
(1.38629502823 0.300869605974 -0.5)
(1.39388740669 0.301498425642 -0.5)
(1.40148446345 0.302073887609 -0.5)
(1.40908578382 0.302595957137 -0.5)
(1.41669095285 0.303064602713 -0.5)
(1.42429955535 0.303479796047 -0.5)
(1.43191117594 0.303841512077 -0.5)
(1.43952539903 0.304149728969 -0.5)
(1.44714180889 0.304404428117 -0.5)
(1.45475998967 0.304605594147 -0.5)
(1.46237952539 0.304753214916 -0.5)
(1.47 0.304847281513 -0.5)
(1.1772816705 0.263155132241 -0.5)
(1.18457957616 0.265219644438 -0.5)
(1.19189332643 0.267233827688 -0.5)
(1.19922252983 0.26919756041 -0.5)
(1.20656679391 0.271110724064 -0.5)
(1.21392572533 0.272973203166 -0.5)
(1.22129892987 0.27478488529 -0.5)
(1.22868601243 0.276545661076 -0.5)
(1.23608657709 0.278255424238 -0.5)
(1.2435002271 0.279914071569 -0.5)
(1.25092656494 0.281521502946 -0.5)
(1.25836519231 0.283077621339 -0.5)
(1.26581571016 0.284582332817 -0.5)
(1.27327771875 0.286035546548 -0.5)
(1.28075081762 0.287437174813 -0.5)
(1.28823460565 0.288787133003 -0.5)
(1.29572868108 0.290085339631 -0.5)
(1.30323264152 0.291331716332 -0.5)
(1.310746084 0.29252618787 -0.5)
(1.31826860494 0.293668682144 -0.5)
(1.32579980026 0.294759130188 -0.5)
(1.33333926532 0.295797466179 -0.5)
(1.340886595 0.296783627439 -0.5)
(1.3484413837 0.29771755444 -0.5)
(1.35600322537 0.298599190807 -0.5)
(1.36357171353 0.299428483321 -0.5)
(1.37114644131 0.300205381924 -0.5)
(1.37872700144 0.300929839718 -0.5)
(1.38631298633 0.301601812974 -0.5)
(1.39390398804 0.302221261129 -0.5)
(1.40149959833 0.30278814679 -0.5)
(1.4090994087 0.303302435738 -0.5)
(1.41670301036 0.303764096929 -0.5)
(1.42430999432 0.304173102495 -0.5)
(1.43191995138 0.304529427748 -0.5)
(1.43953247217 0.304833051179 -0.5)
(1.44714714714 0.305083954459 -0.5)
(1.45476356663 0.305282122443 -0.5)
(1.46238132087 0.305427543169 -0.5)
(1.47 0.30552020786 -0.5)
(1.17728512885 0.264530761921 -0.5)
(1.1845862357 0.266562572079 -0.5)
(1.19190293619 0.268544850505 -0.5)
(1.19923484502 0.270477477543 -0.5)
(1.20658157597 0.272360336531 -0.5)
(1.21394274193 0.274193313814 -0.5)
(1.22131795492 0.275976298748 -0.5)
(1.2287068261 0.277709183704 -0.5)
(1.23610896582 0.27939186408 -0.5)
(1.24352398363 0.281024238304 -0.5)
(1.25095148828 0.282606207839 -0.5)
(1.25839108779 0.284137677192 -0.5)
(1.26584238945 0.285618553919 -0.5)
(1.27330499982 0.287048748628 -0.5)
(1.28077852481 0.288428174988 -0.5)
(1.28826256964 0.289756749732 -0.5)
(1.29575673892 0.291034392663 -0.5)
(1.30326063662 0.292261026657 -0.5)
(1.31077386617 0.29343657767 -0.5)
(1.31829603038 0.294560974743 -0.5)
(1.32582673156 0.295634150002 -0.5)
(1.33336557149 0.296656038667 -0.5)
(1.34091215147 0.297626579054 -0.5)
(1.34846607231 0.298545712576 -0.5)
(1.3560269344 0.299413383752 -0.5)
(1.36359433771 0.300229540207 -0.5)
(1.37116788179 0.300994132673 -0.5)
(1.37874716584 0.301707114998 -0.5)
(1.38633178873 0.302368444144 -0.5)
(1.39392134896 0.30297808019 -0.5)
(1.40151544478 0.303535986336 -0.5)
(1.40911367413 0.304042128906 -0.5)
(1.41671563474 0.304496477347 -0.5)
(1.42432092406 0.304899004232 -0.5)
(1.4319291394 0.305249685265 -0.5)
(1.43953987785 0.305548499275 -0.5)
(1.44715273636 0.305795428227 -0.5)
(1.45476731175 0.305990457215 -0.5)
(1.46238320075 0.306133574465 -0.5)
(1.47 0.306224771339 -0.5)
(1.1772887498 0.265971065811 -0.5)
(1.18459320834 0.267968636468 -0.5)
(1.19191299775 0.269917510088 -0.5)
(1.1992477392 0.27181756903 -0.5)
(1.206597053 0.273668698602 -0.5)
(1.21396055855 0.27547078706 -0.5)
(1.22133787441 0.277223725626 -0.5)
(1.22872861831 0.278927408486 -0.5)
(1.23613240714 0.280581732799 -0.5)
(1.24354885705 0.282186598705 -0.5)
(1.25097758337 0.283741909329 -0.5)
(1.25841820074 0.285247570785 -0.5)
(1.26587032304 0.286703492188 -0.5)
(1.2733335635 0.288109585653 -0.5)
(1.28080753463 0.289465766303 -0.5)
(1.28829184833 0.290771952274 -0.5)
(1.29578611587 0.29202806472 -0.5)
(1.30328994789 0.293234027818 -0.5)
(1.31080295449 0.294389768772 -0.5)
(1.3183247452 0.295495217817 -0.5)
(1.32585492901 0.296550308225 -0.5)
(1.33339311443 0.297554976306 -0.5)
(1.34093890945 0.298509161415 -0.5)
(1.34849192163 0.299412805954 -0.5)
(1.3560517581 0.300265855376 -0.5)
(1.36361802554 0.301068258188 -0.5)
(1.37119033027 0.301819965955 -0.5)
(1.37876827826 0.302520933299 -0.5)
(1.3863514751 0.30317111791 -0.5)
(1.39393952609 0.303770480538 -0.5)
(1.40153203623 0.304318985005 -0.5)
(1.40912861025 0.3048165982 -0.5)
(1.41672885264 0.305263290087 -0.5)
(1.42433236766 0.305659033701 -0.5)
(1.43193875938 0.306003805154 -0.5)
(1.4395476317 0.306297583634 -0.5)
(1.44715858835 0.306540351408 -0.5)
(1.45477123295 0.306732093821 -0.5)
(1.46238516902 0.306872799299 -0.5)
(1.47 0.306962459349 -0.5)
(1.17729254099 0.267479084521 -0.5)
(1.1846005088 0.269440805931 -0.5)
(1.19192353234 0.271354704243 -0.5)
(1.19926123959 0.273220663926 -0.5)
(1.20661325767 0.275038572345 -0.5)
(1.21397921281 0.276808319764 -0.5)
(1.22135873041 0.278529799355 -0.5)
(1.22875143506 0.280202907203 -0.5)
(1.23615695054 0.281827542314 -0.5)
(1.24357489987 0.283403606619 -0.5)
(1.2510049053 0.284931004982 -0.5)
(1.25844658837 0.286409645203 -0.5)
(1.26589956991 0.287839438026 -0.5)
(1.27336347007 0.289220297144 -0.5)
(1.28083790833 0.290552139204 -0.5)
(1.28832250355 0.29183488381 -0.5)
(1.29581687396 0.293068453532 -0.5)
(1.30332063721 0.294252773908 -0.5)
(1.31083341039 0.295387773447 -0.5)
(1.31835481003 0.296473383637 -0.5)
(1.32588445215 0.297509538947 -0.5)
(1.33342195227 0.29849617683 -0.5)
(1.34096692544 0.299433237731 -0.5)
(1.34851898625 0.300320665084 -0.5)
(1.35607774886 0.301158405321 -0.5)
(1.36364282703 0.301946407874 -0.5)
(1.37121383416 0.302684625176 -0.5)
(1.37879038326 0.303373012664 -0.5)
(1.38637208701 0.304011528787 -0.5)
(1.3939585578 0.304600135001 -0.5)
(1.40154940772 0.305138795775 -0.5)
(1.40914424858 0.305627478595 -0.5)
(1.41674269198 0.30606615396 -0.5)
(1.42434434927 0.306454795393 -0.5)
(1.43194883165 0.306793379431 -0.5)
(1.43955575009 0.307081885639 -0.5)
(1.44716471546 0.3073202966 -0.5)
(1.4547753385 0.307508597923 -0.5)
(1.46238722983 0.307646778241 -0.5)
(1.47 0.307734829214 -0.5)
(1.17729651041 0.269058001612 -0.5)
(1.18460815248 0.270982188351 -0.5)
(1.1919345622 0.272859467017 -0.5)
(1.19927537469 0.274689724289 -0.5)
(1.20663022418 0.276472849687 -0.5)
(1.21399874408 0.278208735576 -0.5)
(1.22138056694 0.279897277172 -0.5)
(1.22877532453 0.281538372547 -0.5)
(1.23618264783 0.28313192264 -0.5)
(1.24360216708 0.284677831258 -0.5)
(1.25103351175 0.286176005086 -0.5)
(1.25847631063 0.287626353688 -0.5)
(1.2659301918 0.289028789515 -0.5)
(1.27339478268 0.290383227912 -0.5)
(1.28086971002 0.291689587121 -0.5)
(1.28835459999 0.292947788285 -0.5)
(1.29584907811 0.294157755453 -0.5)
(1.30335276936 0.29531941559 -0.5)
(1.31086529814 0.296432698572 -0.5)
(1.31838628834 0.297497537198 -0.5)
(1.3259153633 0.29851386719 -0.5)
(1.33345214591 0.2994816272 -0.5)
(1.34099625858 0.30040075881 -0.5)
(1.34854732328 0.301271206538 -0.5)
(1.35610496155 0.302092917841 -0.5)
(1.36366879456 0.302865843116 -0.5)
(1.37123844306 0.303589935709 -0.5)
(1.3788135275 0.304265151909 -0.5)
(1.38639366798 0.30489145096 -0.5)
(1.39397848427 0.305468795054 -0.5)
(1.40156759591 0.305997149342 -0.5)
(1.40916062213 0.30647648193 -0.5)
(1.41675718196 0.306906763883 -0.5)
(1.42435689419 0.30728796923 -0.5)
(1.43195937745 0.307620074958 -0.5)
(1.43956425016 0.307903061021 -0.5)
(1.44717113064 0.308136910337 -0.5)
(1.45477963707 0.308321608789 -0.5)
(1.46238938752 0.308457145229 -0.5)
(1.47 0.308543511475 -0.5)
(1.17730066646 0.270711150321 -0.5)
(1.18461615552 0.272596037723 -0.5)
(1.19194611063 0.274434975096 -0.5)
(1.19929017434 0.276227851435 -0.5)
(1.20664798837 0.277974558516 -0.5)
(1.2140191936 0.2796749909 -0.5)
(1.22140343009 0.281329045944 -0.5)
(1.22880033714 0.282936623804 -0.5)
(1.23620955326 0.28449762744 -0.5)
(1.24363071623 0.286011962625 -0.5)
(1.25106346312 0.287479537947 -0.5)
(1.25850743026 0.28890026482 -0.5)
(1.26596225336 0.290274057483 -0.5)
(1.27342756742 0.291600833009 -0.5)
(1.28090300685 0.292880511309 -0.5)
(1.28838820542 0.294113015138 -0.5)
(1.29588279632 0.295298270097 -0.5)
(1.30338641218 0.29643620464 -0.5)
(1.31089868508 0.297526750077 -0.5)
(1.31841924657 0.298569840579 -0.5)
(1.32594772771 0.299565413182 -0.5)
(1.33348375908 0.300513407789 -0.5)
(1.3410269708 0.301413767176 -0.5)
(1.34857699256 0.302266436994 -0.5)
(1.35613345363 0.303071365773 -0.5)
(1.36369598292 0.303828504925 -0.5)
(1.37126420894 0.304537808746 -0.5)
(1.37883775986 0.30519923442 -0.5)
(1.38641626356 0.305812742021 -0.5)
(1.39399934758 0.306378294515 -0.5)
(1.40158663921 0.306895857765 -0.5)
(1.40917776547 0.307365400527 -0.5)
(1.41677235318 0.307786894459 -0.5)
(1.4243700289 0.308160314118 -0.5)
(1.43197041905 0.308485636962 -0.5)
(1.43957314986 0.308762843355 -0.5)
(1.44717784743 0.308991916563 -0.5)
(1.45478413773 0.309172842758 -0.5)
(1.46239164665 0.30930561102 -0.5)
(1.47 0.309390213333 -0.5)
(1.17730501789 0.27244202059 -0.5)
(1.18462453482 0.274285761027 -0.5)
(1.191958202 0.276084554521 -0.5)
(1.19930566979 0.27783829249 -0.5)
(1.20666658773 0.279546869071 -0.5)
(1.21404060453 0.281210181131 -0.5)
(1.22142736814 0.282828128264 -0.5)
(1.2288265257 0.284400612807 -0.5)
(1.23623772362 0.285927539839 -0.5)
(1.24366060761 0.287408817188 -0.5)
(1.25109482262 0.28884435544 -0.5)
(1.25854001296 0.29023406794 -0.5)
(1.26599582227 0.291577870802 -0.5)
(1.27346189352 0.292875682907 -0.5)
(1.2809378691 0.294127425916 -0.5)
(1.28842339079 0.295333024268 -0.5)
(1.29591809977 0.296492405191 -0.5)
(1.3034216367 0.297605498699 -0.5)
(1.31093364168 0.298672237603 -0.5)
(1.31845375431 0.299692557509 -0.5)
(1.32598161371 0.300666396829 -0.5)
(1.33351685852 0.301593696777 -0.5)
(1.34105912693 0.302474401379 -0.5)
(1.34860805671 0.303308457472 -0.5)
(1.35616328525 0.30409581471 -0.5)
(1.36372444953 0.304836425565 -0.5)
(1.37129118617 0.305530245331 -0.5)
(1.37886313149 0.306177232127 -0.5)
(1.38643992145 0.306777346898 -0.5)
(1.39402119175 0.30733055342 -0.5)
(1.40160657781 0.307836818298 -0.5)
(1.4091957148 0.308296110973 -0.5)
(1.41678823766 0.308708403721 -0.5)
(1.42438378113 0.309073671654 -0.5)
(1.43198197977 0.309391892722 -0.5)
(1.43958246797 0.309663047718 -0.5)
(1.44718488 0.309887120273 -0.5)
(1.45478884999 0.310064096862 -0.5)
(1.462394012 0.310193966801 -0.5)
(1.47 0.310276722252 -0.5)
(1.17730957391 0.274254266442 -0.5)
(1.18463330807 0.27605492542 -0.5)
(1.19197086183 0.277811687699 -0.5)
(1.19932189374 0.279524447236 -0.5)
(1.20668606152 0.281193100643 -0.5)
(1.21406302209 0.282817547193 -0.5)
(1.22145243161 0.284397688829 -0.5)
(1.22885394549 0.285933430169 -0.5)
(1.2362672184 0.287424678509 -0.5)
(1.2436919043 0.288871343833 -0.5)
(1.25112765647 0.290273338815 -0.5)
(1.25857412751 0.291630578825 -0.5)
(1.26603096939 0.292942981937 -0.5)
(1.27349783344 0.294210468928 -0.5)
(1.28097437038 0.295432963288 -0.5)
(1.28846023037 0.296610391224 -0.5)
(1.29595506298 0.297742681662 -0.5)
(1.30345851727 0.298829766252 -0.5)
(1.31097024173 0.299871579375 -0.5)
(1.31848988441 0.300868058143 -0.5)
(1.32601709284 0.301819142406 -0.5)
(1.3335515141 0.302724774751 -0.5)
(1.34109279485 0.303584900513 -0.5)
(1.34864058133 0.304399467771 -0.5)
(1.35619451938 0.305168427355 -0.5)
(1.36375425447 0.305891732847 -0.5)
(1.37131943172 0.306569340587 -0.5)
(1.37888969594 0.307201209671 -0.5)
(1.3864646916 0.307787301959 -0.5)
(1.39404406292 0.308327582071 -0.5)
(1.40162745382 0.308822017393 -0.5)
(1.409214508 0.309270578081 -0.5)
(1.41680486894 0.309673237058 -0.5)
(1.42439817991 0.310029970017 -0.5)
(1.431994084 0.310340755425 -0.5)
(1.43959222416 0.310605574522 -0.5)
(1.4471922432 0.310824411323 -0.5)
(1.45479378379 0.310997252617 -0.5)
(1.46239648855 0.311124087972 -0.5)
(1.47 0.31120490973 -0.5)
(1.17731434413 0.27615171369 -0.5)
(1.18464249378 0.277907265765 -0.5)
(1.19198411686 0.279620020764 -0.5)
(1.19933888045 0.281289875298 -0.5)
(1.20670645086 0.282916728571 -0.5)
(1.21408649359 0.284500482378 -0.5)
(1.22147867343 0.28604104112 -0.5)
(1.22888265441 0.287538311802 -0.5)
(1.23629809985 0.288992204044 -0.5)
(1.24372467238 0.290402630084 -0.5)
(1.25116203397 0.291769504784 -0.5)
(1.25860984593 0.293092745635 -0.5)
(1.26606776893 0.29437227276 -0.5)
(1.27353546304 0.295608008924 -0.5)
(1.28101258774 0.296799879532 -0.5)
(1.28849880194 0.29794781264 -0.5)
(1.295993764 0.299051738954 -0.5)
(1.30349713175 0.300111591837 -0.5)
(1.31100856251 0.301127307312 -0.5)
(1.31852771314 0.302098824069 -0.5)
(1.32605423999 0.303026083461 -0.5)
(1.33358779899 0.303909029518 -0.5)
(1.34112804565 0.304747608941 -0.5)
(1.34867463507 0.30554177111 -0.5)
(1.35622722195 0.306291468087 -0.5)
(1.36378546067 0.306996654619 -0.5)
(1.37134900522 0.307657288136 -0.5)
(1.3789175093 0.308273328761 -0.5)
(1.3864906263 0.308844739308 -0.5)
(1.39406800935 0.309371485285 -0.5)
(1.40164931129 0.309853534894 -0.5)
(1.40923418475 0.310290859038 -0.5)
(1.41682228212 0.310683431319 -0.5)
(1.42441325563 0.311031228039 -0.5)
(1.43200675731 0.311334228205 -0.5)
(1.43960243904 0.311592413525 -0.5)
(1.44719995257 0.311805768416 -0.5)
(1.45479894955 0.311974279998 -0.5)
(1.46239908154 0.312097938099 -0.5)
(1.47 0.312176735255 -0.5)
(1.17731933861 0.278138368013 -0.5)
(1.18465211135 0.279846692518 -0.5)
(1.19199799506 0.281513371267 -0.5)
(1.19935666578 0.283138303653 -0.5)
(1.20672779878 0.284721391589 -0.5)
(1.21411106859 0.286262539514 -0.5)
(1.22150614899 0.287761654401 -0.5)
(1.22891271305 0.289218645756 -0.5)
(1.23633043317 0.290633425631 -0.5)
(1.24375898103 0.292005908624 -0.5)
(1.25119802771 0.293336011888 -0.5)
(1.25864724362 0.294623655133 -0.5)
(1.26610629857 0.295868760632 -0.5)
(1.27357486177 0.297071253227 -0.5)
(1.28105260186 0.29823106033 -0.5)
(1.28853918692 0.299348111932 -0.5)
(1.29603428451 0.300422340604 -0.5)
(1.30353756166 0.301453681501 -0.5)
(1.31104868492 0.302442072368 -0.5)
(1.31856732035 0.303387453542 -0.5)
(1.32609313358 0.304289767956 -0.5)
(1.33362578979 0.305148961145 -0.5)
(1.34116495374 0.305964981243 -0.5)
(1.34871028981 0.306737778994 -0.5)
(1.35626146202 0.307467307748 -0.5)
(1.363818134 0.308153523468 -0.5)
(1.37137996909 0.308796384732 -0.5)
(1.37894663028 0.309395852735 -0.5)
(1.38651778031 0.309951891291 -0.5)
(1.39409308161 0.310464466834 -0.5)
(1.40167219638 0.310933548425 -0.5)
(1.40925478658 0.311359107748 -0.5)
(1.41684051398 0.311741119115 -0.5)
(1.42442904013 0.312079559466 -0.5)
(1.43202002644 0.312374408371 -0.5)
(1.43961313416 0.312625648033 -0.5)
(1.4472080244 0.312833263286 -0.5)
(1.45480435818 0.312997241597 -0.5)
(1.46240179643 0.313117573068 -0.5)
(1.47 0.313194250436 -0.5)
(1.17732456791 0.280218423417 -0.5)
(1.18466218109 0.281877299983 -0.5)
(1.19201252574 0.283495736241 -0.5)
(1.19937528727 0.285073634495 -0.5)
(1.20675015037 0.2866108995 -0.5)
(1.21413679896 0.288107438461 -0.5)
(1.22153491629 0.28956316104 -0.5)
(1.22894418488 0.290977979365 -0.5)
(1.23636428661 0.292351808033 -0.5)
(1.24379490268 0.293684564115 -0.5)
(1.25123571367 0.294976167162 -0.5)
(1.25868639954 0.296226539206 -0.5)
(1.26614663965 0.297435604772 -0.5)
(1.2736161128 0.298603290876 -0.5)
(1.28109449721 0.299729527033 -0.5)
(1.28858147057 0.300814245258 -0.5)
(1.29607671006 0.301857380075 -0.5)
(1.30357989235 0.302858868516 -0.5)
(1.31109069365 0.303818650127 -0.5)
(1.31860878967 0.304736666974 -0.5)
(1.32613385573 0.305612863641 -0.5)
(1.33366556669 0.306447187238 -0.5)
(1.34120359703 0.307239587403 -0.5)
(1.34874762084 0.307990016302 -0.5)
(1.35629731185 0.308698428638 -0.5)
(1.36385234345 0.309364781649 -0.5)
(1.3714123887 0.309989035111 -0.5)
(1.37897712037 0.310571151342 -0.5)
(1.38654621094 0.311111095203 -0.5)
(1.39411933262 0.311608834102 -0.5)
(1.40169615739 0.312064337992 -0.5)
(1.40927635699 0.312477579379 -0.5)
(1.41685960299 0.312848533318 -0.5)
(1.42444556673 0.313177177417 -0.5)
(1.43203391941 0.313463491836 -0.5)
(1.4396243321 0.313707459295 -0.5)
(1.44721647572 0.313909065065 -0.5)
(1.45481002109 0.314068296977 -0.5)
(1.46240463896 0.31418514542 -0.5)
(1.47 0.31425960334 -0.5)
(1.17733004305 0.282396271085 -0.5)
(1.18467272425 0.284003374953 -0.5)
(1.19202773956 0.285571300634 -0.5)
(1.19939478424 0.287099953484 -0.5)
(1.2067735528 0.288589241226 -0.5)
(1.21416373903 0.290039073963 -0.5)
(1.22156503606 0.291449364178 -0.5)
(1.22897713634 0.29282002674 -0.5)
(1.23639973165 0.294150978911 -0.5)
(1.24383251316 0.295442140351 -0.5)
(1.25127517141 0.29669343312 -0.5)
(1.25872739635 0.297904781686 -0.5)
(1.26618887735 0.299076112928 -0.5)
(1.27365930322 0.30020735614 -0.5)
(1.28113836224 0.301298443037 -0.5)
(1.28862574215 0.302349307755 -0.5)
(1.29612113022 0.303359886863 -0.5)
(1.30362421319 0.304330119357 -0.5)
(1.31113467738 0.30525994667 -0.5)
(1.31865220864 0.306149312676 -0.5)
(1.3261764924 0.306998163689 -0.5)
(1.33370721368 0.307806448469 -0.5)
(1.34124405711 0.308574118225 -0.5)
(1.34878670696 0.309301126619 -0.5)
(1.35633484714 0.309987429765 -0.5)
(1.36388816123 0.310632986236 -0.5)
(1.3714463325 0.311237757063 -0.5)
(1.37900904393 0.311801705741 -0.5)
(1.38657597821 0.312324798228 -0.5)
(1.3941468178 0.312807002948 -0.5)
(1.40172124491 0.313248290793 -0.5)
(1.40929894153 0.313648635125 -0.5)
(1.41687958945 0.314008011779 -0.5)
(1.42446287031 0.314326399062 -0.5)
(1.43204846555 0.314603777754 -0.5)
(1.4396360565 0.314840131111 -0.5)
(1.44722532436 0.315035444867 -0.5)
(1.45481595023 0.315189707232 -0.5)
(1.46240761513 0.315302908894 -0.5)
(1.47 0.31537504302 -0.5)
(1.17733577561 0.284676508645 -0.5)
(1.18468376308 0.286229405761 -0.5)
(1.19204366865 0.287744446149 -0.5)
(1.19941519784 0.289221538357 -0.5)
(1.20679805547 0.290660593222 -0.5)
(1.21419194567 0.292061523877 -0.5)
(1.2215965719 0.293424245758 -0.5)
(1.22901163698 0.294748676606 -0.5)
(1.23643684311 0.296034736474 -0.5)
(1.24387189187 0.29728234773 -0.5)
(1.25131648422 0.298491435064 -0.5)
(1.25877032059 0.299661925492 -0.5)
(1.26623310081 0.300793748359 -0.5)
(1.2737045242 0.301886835344 -0.5)
(1.28118428955 0.302941120463 -0.5)
(1.28867209513 0.303956540078 -0.5)
(1.29616763876 0.304933032894 -0.5)
(1.30367061775 0.305870539965 -0.5)
(1.31118072898 0.306769004702 -0.5)
(1.31869766892 0.307628372869 -0.5)
(1.3262211336 0.308448592591 -0.5)
(1.33375081867 0.309229614359 -0.5)
(1.34128641939 0.309971391026 -0.5)
(1.34882763068 0.310673877816 -0.5)
(1.35637414712 0.311337032324 -0.5)
(1.36392566296 0.311960814521 -0.5)
(1.37148187214 0.312545186753 -0.5)
(1.37904246834 0.313090113744 -0.5)
(1.38660714497 0.313595562601 -0.5)
(1.39417559518 0.314061502814 -0.5)
(1.4017475119 0.314487906256 -0.5)
(1.40932258785 0.314874747189 -0.5)
(1.41690051557 0.315222002261 -0.5)
(1.42448098741 0.315529650511 -0.5)
(1.43206369557 0.315797673368 -0.5)
(1.43964833212 0.316026054654 -0.5)
(1.44723458903 0.316214780581 -0.5)
(1.45482215813 0.31636383976 -0.5)
(1.46241073122 0.31647322319 -0.5)
(1.47 0.31654292427 -0.5)
(1.17734177768 0.287063949885 -0.5)
(1.1846953209 0.288560091758 -0.5)
(1.19206034664 0.29001976049 -0.5)
(1.19943657118 0.29144286797 -0.5)
(1.20682371012 0.292829328296 -0.5)
(1.21422147841 0.294179057775 -0.5)
(1.22162959036 0.295491974933 -0.5)
(1.22904775965 0.296768000517 -0.5)
(1.23647569934 0.298007057502 -0.5)
(1.24391312193 0.299209071095 -0.5)
(1.25135973932 0.300373968737 -0.5)
(1.25881526288 0.301501680112 -0.5)
(1.26627940341 0.302592137147 -0.5)
(1.27375187122 0.303645274017 -0.5)
(1.2812323761 0.304661027152 -0.5)
(1.28872062737 0.305639335237 -0.5)
(1.29621633386 0.306580139219 -0.5)
(1.30371920397 0.307483382307 -0.5)
(1.31122894567 0.308349009978 -0.5)
(1.31874526648 0.30917696998 -0.5)
(1.32626787358 0.309967212334 -0.5)
(1.33379647372 0.310719689338 -0.5)
(1.3413307733 0.311434355571 -0.5)
(1.34887047841 0.312111167892 -0.5)
(1.35641529476 0.312750085448 -0.5)
(1.3639649278 0.313351069669 -0.5)
(1.37151908265 0.31391408428 -0.5)
(1.37907746419 0.314439095293 -0.5)
(1.38663977701 0.314926071019 -0.5)
(1.39420572551 0.315374982061 -0.5)
(1.40177501382 0.315785801322 -0.5)
(1.40934734589 0.316158504003 -0.5)
(1.41692242551 0.316493067606 -0.5)
(1.42449995626 0.316789471935 -0.5)
(1.43207964161 0.3170476991 -0.5)
(1.43966118487 0.317267733512 -0.5)
(1.44724428926 0.31744956189 -0.5)
(1.45482865789 0.317593173257 -0.5)
(1.46241399381 0.317698558945 -0.5)
(1.47 0.317765712592 -0.5)
(1.17734806193 0.289563634905 -0.5)
(1.1847074221 0.291000353229 -0.5)
(1.19207780873 0.292402047048 -0.5)
(1.19945894936 0.293768631749 -0.5)
(1.2068505709 0.295100024842 -0.5)
(1.21425239962 0.296396145959 -0.5)
(1.22166416117 0.297656916861 -0.5)
(1.22908558059 0.298882261444 -0.5)
(1.23651638237 0.300072105742 -0.5)
(1.2439562904 0.301226377931 -0.5)
(1.25140502803 0.302345008336 -0.5)
(1.2588623181 0.303427929432 -0.5)
(1.26632788289 0.30447507585 -0.5)
(1.27380144422 0.305486384381 -0.5)
(1.2812827234 0.306461793979 -0.5)
(1.28877144131 0.307401245764 -0.5)
(1.29626731833 0.308304683028 -0.5)
(1.30377007445 0.309172051236 -0.5)
(1.31127942922 0.310003298031 -0.5)
(1.31879510181 0.310798373236 -0.5)
(1.326316811 0.311557228858 -0.5)
(1.3338442752 0.312279819088 -0.5)
(1.34137721248 0.31296610031 -0.5)
(1.34891534058 0.313616031097 -0.5)
(1.35645837693 0.314229572216 -0.5)
(1.36400603865 0.314806686632 -0.5)
(1.37155804258 0.315347339509 -0.5)
(1.37911410533 0.315851498211 -0.5)
(1.38667394323 0.316319132304 -0.5)
(1.39423727239 0.316750213562 -0.5)
(1.40180380871 0.317144715962 -0.5)
(1.40937326792 0.317502615691 -0.5)
(1.41694536553 0.317823891145 -0.5)
(1.42451981693 0.31810852293 -0.5)
(1.43209633734 0.318356493865 -0.5)
(1.43967464188 0.318567788982 -0.5)
(1.44725444554 0.318742395526 -0.5)
(1.45483546323 0.318880302958 -0.5)
(1.46241740979 0.318981502952 -0.5)
(1.47 0.3190459894 -0.5)
(1.17735464163 0.292180840763 -0.5)
(1.18472009223 0.293555341785 -0.5)
(1.19209609178 0.294896335042 -0.5)
(1.19948237964 0.296203739588 -0.5)
(1.20687869453 0.297477476504 -0.5)
(1.21428477457 0.298717468901 -0.5)
(1.22170035729 0.29992364193 -0.5)
(1.22912517966 0.301095922782 -0.5)
(1.23655897808 0.302234240694 -0.5)
(1.2440014884 0.303338526953 -0.5)
(1.25145244596 0.3044087149 -0.5)
(1.25891158558 0.305444739935 -0.5)
(1.2663786416 0.306446539521 -0.5)
(1.27385334786 0.307414053184 -0.5)
(1.28133543775 0.308347222523 -0.5)
(1.28882464422 0.309245991207 -0.5)
(1.29632069979 0.310110304985 -0.5)
(1.30382333656 0.310940111683 -0.5)
(1.31133228622 0.311735361211 -0.5)
(1.31884728011 0.312496005565 -0.5)
(1.32636804918 0.31322199883 -0.5)
(1.33389432404 0.313913297182 -0.5)
(1.34142583496 0.314569858893 -0.5)
(1.34896231192 0.315191644329 -0.5)
(1.35650348457 0.315778615958 -0.5)
(1.36404908229 0.316330738348 -0.5)
(1.37159883419 0.316847978171 -0.5)
(1.37915246913 0.317330304204 -0.5)
(1.38670971574 0.317777687333 -0.5)
(1.39427030242 0.318190100553 -0.5)
(1.40183395738 0.318567518967 -0.5)
(1.40940040864 0.318909919795 -0.5)
(1.41696938406 0.319217282367 -0.5)
(1.42454061133 0.31948958813 -0.5)
(1.43211381802 0.319726820646 -0.5)
(1.43968873156 0.319928965596 -0.5)
(1.44726507932 0.320096010778 -0.5)
(1.45484258852 0.320227946107 -0.5)
(1.46242098638 0.320324763621 -0.5)
(1.47 0.320386457474 -0.5)
(1.17736153067 0.294921092615 -0.5)
(1.18473335804 0.296230451234 -0.5)
(1.19211523441 0.297507890138 -0.5)
(1.19950691148 0.298753332217 -0.5)
(1.20690814037 0.299966702293 -0.5)
(1.2143186716 0.30114792712 -0.5)
(1.22173825515 0.302296935398 -0.5)
(1.22916664045 0.303413657767 -0.5)
(1.23660357639 0.304498026818 -0.5)
(1.24404881135 0.305549977095 -0.5)
(1.2515020932 0.306569445099 -0.5)
(1.25896316934 0.30755636929 -0.5)
(1.26643178669 0.308510690095 -0.5)
(1.27390769171 0.309432349907 -0.5)
(1.28139063042 0.310321293092 -0.5)
(1.28888034844 0.311177465991 -0.5)
(1.29637659095 0.312000816921 -0.5)
(1.30387910275 0.312791296181 -0.5)
(1.31138762825 0.313548856057 -0.5)
(1.31890191153 0.314273450819 -0.5)
(1.32642169628 0.314965036729 -0.5)
(1.33394672588 0.315623572038 -0.5)
(1.3414767434 0.316249016996 -0.5)
(1.34901149158 0.31684133385 -0.5)
(1.35655071292 0.317400486844 -0.5)
(1.3640941496 0.317926442226 -0.5)
(1.37164154359 0.318419168247 -0.5)
(1.37919263658 0.318878635166 -0.5)
(1.38674717007 0.319304815246 -0.5)
(1.39430488534 0.319697682763 -0.5)
(1.40186552347 0.320057214001 -0.5)
(1.40942882537 0.320383387257 -0.5)
(1.4169945318 0.320676182844 -0.5)
(1.42456238336 0.320935583086 -0.5)
(1.43213212053 0.321161572325 -0.5)
(1.43970348366 0.32135413692 -0.5)
(1.44727621303 0.321513265247 -0.5)
(1.4548500488 0.321638947701 -0.5)
(1.46242473111 0.321731176694 -0.5)
(1.47 0.32178994666 -0.5)
(1.1773687436 0.297790175376 -0.5)
(1.18474724753 0.29903132897 -0.5)
(1.192135277 0.300242225561 -0.5)
(1.19953259666 0.301422792054 -0.5)
(1.20693897058 0.302572957187 -0.5)
(1.21435416227 0.303692651532 -0.5)
(1.22177793475 0.304781807499 -0.5)
(1.22921005049 0.305840359344 -0.5)
(1.23665027147 0.306868243169 -0.5)
(1.24409835916 0.307865396927 -0.5)
(1.25155407458 0.308831760426 -0.5)
(1.25901717827 0.309767275333 -0.5)
(1.26648743035 0.310671885178 -0.5)
(1.27396459049 0.311545535355 -0.5)
(1.28144841794 0.312388173127 -0.5)
(1.28893867155 0.313199747629 -0.5)
(1.29643510978 0.313980209873 -0.5)
(1.30393749074 0.314729512747 -0.5)
(1.31144557215 0.31544761102 -0.5)
(1.3189591114 0.316134461345 -0.5)
(1.32647786556 0.316790022262 -0.5)
(1.33400159136 0.317414254198 -0.5)
(1.34153004525 0.318007119474 -0.5)
(1.34906298339 0.3185685823 -0.5)
(1.35660016167 0.319098608787 -0.5)
(1.36414133572 0.319597166938 -0.5)
(1.37168626093 0.32006422666 -0.5)
(1.37923469247 0.320499759759 -0.5)
(1.38678638529 0.320903739946 -0.5)
(1.39434109414 0.321276142833 -0.5)
(1.40189857361 0.321616945942 -0.5)
(1.40945857809 0.3219261287 -0.5)
(1.41702086185 0.322203672445 -0.5)
(1.42458517899 0.322449560423 -0.5)
(1.43215128352 0.322663777791 -0.5)
(1.43971892932 0.322846311617 -0.5)
(1.44728787018 0.322997150885 -0.5)
(1.45485785982 0.323116286488 -0.5)
(1.46242865189 0.323203711236 -0.5)
(1.47 0.32325941985 -0.5)
(1.17737629563 0.300794145937 -0.5)
(1.18476179002 0.301963887898 -0.5)
(1.19215626189 0.303105113737 -0.5)
(1.19955948941 0.304217754566 -0.5)
(1.20697125024 0.305301743223 -0.5)
(1.21439132152 0.306357014275 -0.5)
(1.22181947986 0.30738350402 -0.5)
(1.22925550142 0.308381150497 -0.5)
(1.23669916187 0.309349893484 -0.5)
(1.24415023641 0.310289674505 -0.5)
(1.25160849981 0.311200436831 -0.5)
(1.2590737264 0.312082125486 -0.5)
(1.26654569007 0.312934687246 -0.5)
(1.27402416433 0.31375807065 -0.5)
(1.28150892229 0.314552225994 -0.5)
(1.28899973667 0.31531710534 -0.5)
(1.29649637984 0.316052662518 -0.5)
(1.3039986238 0.316758853128 -0.5)
(1.31150624024 0.317435634539 -0.5)
(1.31901900049 0.318082965901 -0.5)
(1.3265366756 0.318700808137 -0.5)
(1.3340590363 0.319289123953 -0.5)
(1.34158585305 0.319847877836 -0.5)
(1.34911689605 0.320377036057 -0.5)
(1.35665193522 0.320876566674 -0.5)
(1.36419074026 0.321346439535 -0.5)
(1.37173308063 0.321786626275 -0.5)
(1.37927872559 0.322197100324 -0.5)
(1.38682744418 0.322577836905 -0.5)
(1.39437900528 0.322928813033 -0.5)
(1.40193317758 0.323250007524 -0.5)
(1.40948972961 0.323541400989 -0.5)
(1.41704842978 0.323802975838 -0.5)
(1.42460904634 0.324034716282 -0.5)
(1.43217134745 0.324236608333 -0.5)
(1.43973510114 0.324408639802 -0.5)
(1.44730007539 0.324550800306 -0.5)
(1.45486603807 0.324663081264 -0.5)
(1.46243275701 0.324745475897 -0.5)
(1.47 0.324797979233 -0.5)
(1.17738420272 0.303939345947 -0.5)
(1.18477701622 0.305034318909 -0.5)
(1.19217823336 0.306102598478 -0.5)
(1.19958764651 0.30714412017 -0.5)
(1.20700504752 0.308158821113 -0.5)
(1.21443022777 0.309146640057 -0.5)
(1.22186297818 0.310107517375 -0.5)
(1.22930308919 0.311041395063 -0.5)
(1.23675035082 0.31194821675 -0.5)
(1.24420455264 0.312827927698 -0.5)
(1.25166548381 0.313680474802 -0.5)
(1.25913293309 0.314505806602 -0.5)
(1.26660668882 0.315303873276 -0.5)
(1.27408653899 0.316074626652 -0.5)
(1.28157227121 0.316818020202 -0.5)
(1.28906367273 0.317534009055 -0.5)
(1.29656053046 0.318222549989 -0.5)
(1.30406263099 0.318883601442 -0.5)
(1.31156976059 0.319517123511 -0.5)
(1.31908170522 0.320123077954 -0.5)
(1.32659825055 0.320701428194 -0.5)
(1.33411918197 0.32125213932 -0.5)
(1.34164428462 0.321775178088 -0.5)
(1.34917334337 0.322270512926 -0.5)
(1.35670614286 0.322738113934 -0.5)
(1.36424246751 0.323177952886 -0.5)
(1.37178210152 0.323590003231 -0.5)
(1.37932482889 0.323974240098 -0.5)
(1.38687043343 0.324330640291 -0.5)
(1.39441869878 0.324659182298 -0.5)
(1.40196940843 0.324959846287 -0.5)
(1.4095223457 0.325232614107 -0.5)
(1.4170772938 0.325477469295 -0.5)
(1.42463403579 0.32569439707 -0.5)
(1.43219235466 0.325883384337 -0.5)
(1.43975203327 0.326044419688 -0.5)
(1.44731285441 0.326177493403 -0.5)
(1.45487460081 0.326282597449 -0.5)
(1.46243705513 0.326359725481 -0.5)
(1.47 0.326408872844 -0.5)
(1.17739248155 0.307232415205 -0.5)
(1.18479295826 0.308249103959 -0.5)
(1.19220123781 0.309241007743 -0.5)
(1.19961712739 0.310208066682 -0.5)
(1.20704043375 0.311150222401 -0.5)
(1.21447096318 0.312067418028 -0.5)
(1.22190852154 0.312959598198 -0.5)
(1.22935291427 0.313826709055 -0.5)
(1.23680394639 0.314668698258 -0.5)
(1.24426142251 0.315485514982 -0.5)
(1.25172514687 0.31627710992 -0.5)
(1.25919492333 0.31704343529 -0.5)
(1.26667055538 0.317784444832 -0.5)
(1.27415184615 0.318500093817 -0.5)
(1.28163859843 0.319190339046 -0.5)
(1.28913061469 0.319855138854 -0.5)
(1.29662769708 0.32049445311 -0.5)
(1.30412964743 0.321108243223 -0.5)
(1.31163626731 0.321696472144 -0.5)
(1.31914735796 0.322259104364 -0.5)
(1.32666272039 0.322796105921 -0.5)
(1.33418215534 0.323307444399 -0.5)
(1.3417054633 0.323793088933 -0.5)
(1.34923244451 0.324253010206 -0.5)
(1.35676289904 0.324687180458 -0.5)
(1.36429662668 0.325095573479 -0.5)
(1.37183342709 0.325478164618 -0.5)
(1.3793730997 0.32583493078 -0.5)
(1.38691544378 0.32616585043 -0.5)
(1.39446025844 0.326470903591 -0.5)
(1.40200734264 0.326750071851 -0.5)
(1.40955649521 0.327003338356 -0.5)
(1.41710751484 0.32723068782 -0.5)
(1.42466020011 0.327432106519 -0.5)
(1.43221434952 0.327607582294 -0.5)
(1.43976976145 0.327757104553 -0.5)
(1.44732623424 0.32788066427 -0.5)
(1.45488356613 0.327978253987 -0.5)
(1.46244155533 0.328049867813 -0.5)
(1.47 0.328095501425 -0.5)
(1.17740114961 0.310680305672 -0.5)
(1.18480964981 0.311615029745 -0.5)
(1.19222532379 0.312526966994 -0.5)
(1.19964799429 0.31341606237 -0.5)
(1.20707748363 0.314282262204 -0.5)
(1.21451361373 0.31512551421 -0.5)
(1.22195620609 0.315945767487 -0.5)
(1.22940508183 0.31674297252 -0.5)
(1.2368600617 0.317517081188 -0.5)
(1.24432096607 0.318268046763 -0.5)
(1.25178761495 0.318995823914 -0.5)
(1.25925982801 0.319700368709 -0.5)
(1.26673742458 0.32038163862 -0.5)
(1.27422022367 0.321039592523 -0.5)
(1.28170804397 0.321674190702 -0.5)
(1.28920070388 0.32228539485 -0.5)
(1.29669802148 0.322873168072 -0.5)
(1.3041998146 0.323437474889 -0.5)
(1.31170590079 0.323978281237 -0.5)
(1.31921609732 0.324495554472 -0.5)
(1.32673022125 0.324989263367 -0.5)
(1.33424808936 0.325459378123 -0.5)
(1.34176951825 0.32590587036 -0.5)
(1.34929432426 0.326328713127 -0.5)
(1.35682232356 0.3267278809 -0.5)
(1.36435333211 0.327103349584 -0.5)
(1.3718871657 0.327455096513 -0.5)
(1.37942363993 0.327783100456 -0.5)
(1.38696257026 0.328087341613 -0.5)
(1.394503772 0.328367801618 -0.5)
(1.40204706031 0.328624463543 -0.5)
(1.40959225023 0.328857311894 -0.5)
(1.41713915669 0.329066332615 -0.5)
(1.42468759452 0.32925151309 -0.5)
(1.43223737844 0.32941284214 -0.5)
(1.43978832311 0.329550310027 -0.5)
(1.4473402431 0.329663908453 -0.5)
(1.45489295294 0.329753630561 -0.5)
(1.46244626709 0.329819470934 -0.5)
(1.47 0.329861425599 -0.5)
(1.17741022519 0.314290296154 -0.5)
(1.1848271261 0.315139202037 -0.5)
(1.19225054216 0.315967413182 -0.5)
(1.19968031238 0.316774879596 -0.5)
(1.20711627539 0.317561552537 -0.5)
(1.21455826946 0.318327384518 -0.5)
(1.22200613249 0.319072329312 -0.5)
(1.22945970202 0.319796341951 -0.5)
(1.23691881524 0.32049937873 -0.5)
(1.24438330903 0.321181397213 -0.5)
(1.25185301992 0.32184235623 -0.5)
(1.25932778413 0.322482215884 -0.5)
(1.26680743759 0.323100937549 -0.5)
(1.27429181591 0.323698483879 -0.5)
(1.28178075445 0.324274818802 -0.5)
(1.28927408826 0.32482990753 -0.5)
(1.29677165214 0.325363716556 -0.5)
(1.30427328063 0.325876213656 -0.5)
(1.31177880803 0.326367367894 -0.5)
(1.31928806841 0.326837149623 -0.5)
(1.3268008956 0.327285530486 -0.5)
(1.33431712322 0.327712483416 -0.5)
(1.34183658469 0.32811798264 -0.5)
(1.34935911324 0.328502003682 -0.5)
(1.35688454188 0.328864523361 -0.5)
(1.3644127035 0.329205519794 -0.5)
(1.37194343078 0.329524972396 -0.5)
(1.37947655627 0.329822861885 -0.5)
(1.38701191236 0.33009917028 -0.5)
(1.39454933131 0.3303538809 -0.5)
(1.40208864527 0.330586978371 -0.5)
(1.40962968625 0.330798448623 -0.5)
(1.41717228617 0.33098827889 -0.5)
(1.42471627686 0.331156457713 -0.5)
(1.43226149006 0.33130297494 -0.5)
(1.43980775743 0.331427821728 -0.5)
(1.44735491058 0.33153099054 -0.5)
(1.45490278106 0.331612475148 -0.5)
(1.46245120038 0.331672270634 -0.5)
(1.47 0.331710373388 -0.5)
(1.17741972745 0.318070007663 -0.5)
(1.18484542402 0.318829060677 -0.5)
(1.19227694615 0.319569609398 -0.5)
(1.19971414987 0.320291609125 -0.5)
(1.20715689091 0.320995016274 -0.5)
(1.21460502465 0.321679788385 -0.5)
(1.22205840614 0.322345884123 -0.5)
(1.22951689013 0.322993263281 -0.5)
(1.23698033103 0.323621886781 -0.5)
(1.24444858299 0.324231716675 -0.5)
(1.25192149985 0.324822716154 -0.5)
(1.25939893515 0.325394849541 -0.5)
(1.2668807422 0.325948082302 -0.5)
(1.27436677401 0.326482381041 -0.5)
(1.28185688336 0.326997713505 -0.5)
(1.28935092275 0.327494048588 -0.5)
(1.29684874448 0.32797135633 -0.5)
(1.3043502006 0.328429607917 -0.5)
(1.31185514296 0.328868775689 -0.5)
(1.31936342317 0.329288833136 -0.5)
(1.32687489265 0.329689754901 -0.5)
(1.33438940266 0.330071516784 -0.5)
(1.34190680422 0.33043409574 -0.5)
(1.34942694822 0.330777469882 -0.5)
(1.35694968536 0.331101618484 -0.5)
(1.36447486619 0.331406521978 -0.5)
(1.37200234113 0.331692161959 -0.5)
(1.37953196044 0.331958521186 -0.5)
(1.38706357424 0.33220558358 -0.5)
(1.39459703257 0.332433334227 -0.5)
(1.40213218532 0.33264175938 -0.5)
(1.40966888229 0.332830846456 -0.5)
(1.41720697321 0.333000584043 -0.5)
(1.42474630768 0.333150961894 -0.5)
(1.43228673526 0.333281970933 -0.5)
(1.43982810544 0.33339360325 -0.5)
(1.44737026765 0.333485852107 -0.5)
(1.45491307125 0.333558711936 -0.5)
(1.4624563656 0.333612178339 -0.5)
(1.47 0.333646248088 -0.5)
(1.17742967645 0.322027419507 -0.5)
(1.18486458221 0.322692395286 -0.5)
(1.1923045915 0.3233411602 -0.5)
(1.19974957821 0.323973675086 -0.5)
(1.20719941595 0.324589901763 -0.5)
(1.214653978 0.325189803035 -0.5)
(1.22211313741 0.325773342688 -0.5)
(1.2295767669 0.326340485499 -0.5)
(1.23704473895 0.326891197232 -0.5)
(1.24451692577 0.327425444646 -0.5)
(1.25199319931 0.32794319549 -0.5)
(1.25947343129 0.328444418511 -0.5)
(1.26695749318 0.328929083455 -0.5)
(1.27444525621 0.329397161064 -0.5)
(1.28193659141 0.329848623084 -0.5)
(1.28943136956 0.330283442264 -0.5)
(1.29692946126 0.330701592355 -0.5)
(1.30443073692 0.331103048117 -0.5)
(1.31193506671 0.331487785318 -0.5)
(1.31944232067 0.331855780731 -0.5)
(1.32695236863 0.332207012145 -0.5)
(1.33446508026 0.332541458357 -0.5)
(1.34198032506 0.33285909918 -0.5)
(1.34949797241 0.333159915438 -0.5)
(1.3570178915 0.333443888975 -0.5)
(1.36453995142 0.333711002648 -0.5)
(1.37206402111 0.333961240334 -0.5)
(1.37958996938 0.334194586926 -0.5)
(1.38711766497 0.33441102834 -0.5)
(1.39464697646 0.334610551511 -0.5)
(1.40217777237 0.334793144394 -0.5)
(1.40970992111 0.334958795967 -0.5)
(1.41724329102 0.335107496232 -0.5)
(1.42477775037 0.335239236212 -0.5)
(1.43231316735 0.335354007955 -0.5)
(1.4398494101 0.335451804532 -0.5)
(1.44738634671 0.335532620041 -0.5)
(1.45492384522 0.335596449604 -0.5)
(1.46246177366 0.335643289366 -0.5)
(1.47 0.335673136501 -0.5)
(1.17744009319 0.326170886136 -0.5)
(1.18488464111 0.326737361708 -0.5)
(1.19233353658 0.327290027666 -0.5)
(1.19978667219 0.327828850648 -0.5)
(1.20724394026 0.328353798129 -0.5)
(1.21470523286 0.328864838421 -0.5)
(1.22217044182 0.329361940677 -0.5)
(1.22963945872 0.329845074888 -0.5)
(1.23711217495 0.330314211892 -0.5)
(1.24458848162 0.33076932337 -0.5)
(1.25206826967 0.331210381849 -0.5)
(1.25955142981 0.331637360706 -0.5)
(1.26703785255 0.332050234167 -0.5)
(1.27452742819 0.33244897731 -0.5)
(1.28202004687 0.332833566064 -0.5)
(1.28951559851 0.333203977215 -0.5)
(1.29701397289 0.333560188403 -0.5)
(1.30451505958 0.333902178127 -0.5)
(1.31201874802 0.334229925742 -0.5)
(1.31952492748 0.334543411465 -0.5)
(1.32703348708 0.334842616372 -0.5)
(1.33454431578 0.335127522403 -0.5)
(1.34205730244 0.335398112359 -0.5)
(1.34957233575 0.335654369907 -0.5)
(1.35708930431 0.335896279578 -0.5)
(1.36460809658 0.336123826769 -0.5)
(1.37212860092 0.336336997746 -0.5)
(1.37965070558 0.336535779639 -0.5)
(1.38717429873 0.336720160451 -0.5)
(1.39469926843 0.336890129051 -0.5)
(1.40222550266 0.33704567518 -0.5)
(1.40975288934 0.337186789448 -0.5)
(1.4172813163 0.337313463336 -0.5)
(1.42481067132 0.337425689199 -0.5)
(1.43234084213 0.337523460262 -0.5)
(1.43987171638 0.337606770623 -0.5)
(1.44740318172 0.337675615253 -0.5)
(1.45493512573 0.337729989997 -0.5)
(1.46246743597 0.337769891573 -0.5)
(1.47 0.337795317571 -0.5)
(1.17745099968 0.330509154776 -0.5)
(1.18490564306 0.330972499229 -0.5)
(1.19236384249 0.33142454821 -0.5)
(1.19982551012 0.331865274433 -0.5)
(1.20729055785 0.332294651293 -0.5)
(1.21475889743 0.332712652873 -0.5)
(1.22223044035 0.33311925394 -0.5)
(1.22970509796 0.333514429949 -0.5)
(1.2371827814 0.333898157048 -0.5)
(1.24466340162 0.334270412073 -0.5)
(1.25214686941 0.334631172553 -0.5)
(1.25963309537 0.334980416712 -0.5)
(1.26712198995 0.335318123467 -0.5)
(1.27461346343 0.335644272434 -0.5)
(1.28210742593 0.335958843925 -0.5)
(1.28960378743 0.336261818952 -0.5)
(1.29710245776 0.336553179226 -0.5)
(1.30460334662 0.336832907159 -0.5)
(1.31210636355 0.337100985867 -0.5)
(1.31961141799 0.337357399166 -0.5)
(1.32711841925 0.337602131579 -0.5)
(1.33462727651 0.337835168333 -0.5)
(1.34213789884 0.338056495361 -0.5)
(1.34965019523 0.338266099303 -0.5)
(1.35716407453 0.338463967507 -0.5)
(1.36467944553 0.338650088028 -0.5)
(1.3721962169 0.338824449631 -0.5)
(1.37971429725 0.338987041793 -0.5)
(1.38723359508 0.339137854697 -0.5)
(1.39475401886 0.33927687924 -0.5)
(1.40227547696 0.339404107031 -0.5)
(1.40979787768 0.33951953039 -0.5)
(1.41732112931 0.339623142348 -0.5)
(1.42484514003 0.339714936652 -0.5)
(1.43236981801 0.339794907761 -0.5)
(1.43989507137 0.339863050847 -0.5)
(1.44742080821 0.339919361797 -0.5)
(1.45494693657 0.339963837211 -0.5)
(1.4624733645 0.339996474406 -0.5)
(1.47 0.340017271411 -0.5)
(1.17746241892 0.335051383902 -0.5)
(1.1849276324 0.3354067486 -0.5)
(1.19239557322 0.335753450172 -0.5)
(1.19986617398 0.336091467689 -0.5)
(1.20733936714 0.336420780748 -0.5)
(1.21481508499 0.336741369469 -0.5)
(1.22229325967 0.337053214501 -0.5)
(1.22977382318 0.337356297019 -0.5)
(1.23725670737 0.33765059873 -0.5)
(1.24474184394 0.337936101867 -0.5)
(1.25222916446 0.338212789197 -0.5)
(1.25971860038 0.338480644017 -0.5)
(1.26721008302 0.33873965016 -0.5)
(1.27470354355 0.33898979199 -0.5)
(1.28219891306 0.339231054409 -0.5)
(1.28969612249 0.339463422852 -0.5)
(1.29719510269 0.339686883294 -0.5)
(1.3046957844 0.339901422245 -0.5)
(1.31219809826 0.340107026755 -0.5)
(1.31970197479 0.340303684412 -0.5)
(1.32720734444 0.340491383347 -0.5)
(1.33471413757 0.340670112229 -0.5)
(1.34222228443 0.340839860269 -0.5)
(1.34973171522 0.341000617221 -0.5)
(1.35724236003 0.34115237338 -0.5)
(1.3647541489 0.341295119587 -0.5)
(1.3722670118 0.341428847224 -0.5)
(1.37978087863 0.341553548219 -0.5)
(1.38729567921 0.341669215045 -0.5)
(1.39481134335 0.341775840721 -0.5)
(1.40232780076 0.341873418808 -0.5)
(1.40984498113 0.341961943418 -0.5)
(1.41736281409 0.342041409207 -0.5)
(1.42488122925 0.342111811377 -0.5)
(1.43240015617 0.34217314568 -0.5)
(1.43991952439 0.342225408413 -0.5)
(1.4474392634 0.34226859642 -0.5)
(1.4549593027 0.342302707096 -0.5)
(1.46247957175 0.342327738381 -0.5)
(1.47 0.342343688764 -0.5)
(1.17747437503 0.339807162562 -0.5)
(1.18495065555 0.340049470919 -0.5)
(1.19242879573 0.340285872252 -0.5)
(1.19990874962 0.340516352289 -0.5)
(1.20739047116 0.34074089712 -0.5)
(1.21487391417 0.340959493189 -0.5)
(1.2223590324 0.341172127301 -0.5)
(1.22984577947 0.341378786622 -0.5)
(1.23733410891 0.341579458676 -0.5)
(1.24482397415 0.341774131349 -0.5)
(1.25231532855 0.341962792892 -0.5)
(1.25980812534 0.342145431915 -0.5)
(1.26730231771 0.342322037394 -0.5)
(1.27479785872 0.342492598669 -0.5)
(1.28229470138 0.342657105443 -0.5)
(1.28979279861 0.342815547787 -0.5)
(1.29729210325 0.342967916136 -0.5)
(1.30479256808 0.343114201292 -0.5)
(1.3122941458 0.343254394427 -0.5)
(1.31979678905 0.343388487076 -0.5)
(1.32730045039 0.343516471146 -0.5)
(1.33480508234 0.343638338912 -0.5)
(1.34231063734 0.343754083016 -0.5)
(1.3498170678 0.343863696472 -0.5)
(1.35732432606 0.343967172663 -0.5)
(1.3648323644 0.344064505344 -0.5)
(1.37234113507 0.344155688639 -0.5)
(1.37985059028 0.344240717043 -0.5)
(1.38736068218 0.344319585424 -0.5)
(1.3948713629 0.344392289022 -0.5)
(1.40238258452 0.344458823448 -0.5)
(1.4098942991 0.344519184685 -0.5)
(1.41740645865 0.34457336909 -0.5)
(1.42491901518 0.344621373391 -0.5)
(1.43243192066 0.344663194693 -0.5)
(1.43994512704 0.344698830469 -0.5)
(1.44745858625 0.344728278569 -0.5)
(1.45497225021 0.344751537215 -0.5)
(1.46248607083 0.344768605003 -0.5)
(1.47 0.344779480904 -0.5)
(1.17748689325 0.344786530632 -0.5)
(1.18497476112 0.344910467387 -0.5)
(1.19246358018 0.345031382795 -0.5)
(1.19995332693 0.345149269559 -0.5)
(1.20744397779 0.345264120561 -0.5)
(1.21493550916 0.34537592887 -0.5)
(1.22242789738 0.345484687735 -0.5)
(1.22992111872 0.345590390592 -0.5)
(1.23741514942 0.34569303106 -0.5)
(1.24490996566 0.345792602943 -0.5)
(1.25240554358 0.345889100231 -0.5)
(1.25990185926 0.3459825171 -0.5)
(1.26739888875 0.346072847909 -0.5)
(1.27489660805 0.346160087207 -0.5)
(1.28239499312 0.346244229727 -0.5)
(1.28989401988 0.34632527039 -0.5)
(1.29739366422 0.346403204304 -0.5)
(1.30489390197 0.346478026766 -0.5)
(1.31239470895 0.346549733257 -0.5)
(1.31989606093 0.346618319451 -0.5)
(1.32739793364 0.346683781206 -0.5)
(1.33490030281 0.346746114571 -0.5)
(1.3424031441 0.346805315784 -0.5)
(1.34990643318 0.346861381271 -0.5)
(1.35741014566 0.346914307648 -0.5)
(1.36491425714 0.34696409172 -0.5)
(1.37241874319 0.347010730481 -0.5)
(1.37992357938 0.347054221117 -0.5)
(1.38742874122 0.347094561002 -0.5)
(1.39493420423 0.347131747701 -0.5)
(1.40243994391 0.34716577897 -0.5)
(1.40994593572 0.347196652754 -0.5)
(1.41745215513 0.347224367189 -0.5)
(1.42495857759 0.347248920603 -0.5)
(1.43246517853 0.347270311514 -0.5)
(1.43997193338 0.34728853863 -0.5)
(1.44747881754 0.34730360085 -0.5)
(1.45498580644 0.347315497267 -0.5)
(1.46249287546 0.347324227161 -0.5)
(1.47 0.347329790006 -0.5)
(1.1775 0.35 -0.5)
(1.185 0.35 -0.5)
(1.1925 0.35 -0.5)
(1.2 0.35 -0.5)
(1.2075 0.35 -0.5)
(1.215 0.35 -0.5)
(1.2225 0.35 -0.5)
(1.23 0.35 -0.5)
(1.2375 0.35 -0.5)
(1.245 0.35 -0.5)
(1.2525 0.35 -0.5)
(1.26 0.35 -0.5)
(1.2675 0.35 -0.5)
(1.275 0.35 -0.5)
(1.2825 0.35 -0.5)
(1.29 0.35 -0.5)
(1.2975 0.35 -0.5)
(1.305 0.35 -0.5)
(1.3125 0.35 -0.5)
(1.32 0.35 -0.5)
(1.3275 0.35 -0.5)
(1.335 0.35 -0.5)
(1.3425 0.35 -0.5)
(1.35 0.35 -0.5)
(1.3575 0.35 -0.5)
(1.365 0.35 -0.5)
(1.3725 0.35 -0.5)
(1.38 0.35 -0.5)
(1.3875 0.35 -0.5)
(1.395 0.35 -0.5)
(1.4025 0.35 -0.5)
(1.41 0.35 -0.5)
(1.4175 0.35 -0.5)
(1.425 0.35 -0.5)
(1.4325 0.35 -0.5)
(1.44 0.35 -0.5)
(1.4475 0.35 -0.5)
(1.455 0.35 -0.5)
(1.4625 0.35 -0.5)
(1.47 0.35 -0.5)
(1.1772545745 0.252377165472 0.5)
(1.18452739905 0.254697895963 0.5)
(1.19181803462 0.256962051385 0.5)
(1.19912604114 0.259169495065 0.5)
(1.20645097746 0.261320093755 0.5)
(1.21379240143 0.263413717638 0.5)
(1.2211498699 0.265450240333 0.5)
(1.22852293873 0.267429538911 0.5)
(1.23591116287 0.269351493893 0.5)
(1.24331409633 0.271215989263 0.5)
(1.25073129225 0.273022912475 0.5)
(1.25816230291 0.274772154455 0.5)
(1.26560667974 0.276463609613 0.5)
(1.27306397336 0.278097175848 0.5)
(1.28053373364 0.279672754551 0.5)
(1.28801550967 0.281190250616 0.5)
(1.29550884983 0.282649572439 0.5)
(1.30301330178 0.284050631933 0.5)
(1.31052841254 0.285393344523 0.5)
(1.31805372847 0.28667762916 0.5)
(1.32558879532 0.287903408319 0.5)
(1.33313315823 0.289070608007 0.5)
(1.34068636181 0.29017915777 0.5)
(1.34824795011 0.291228990689 0.5)
(1.3558174667 0.292220043395 0.5)
(1.36339445465 0.293152256063 0.5)
(1.37097845659 0.294025572423 0.5)
(1.37856901472 0.294839939757 0.5)
(1.38616567085 0.295595308907 0.5)
(1.39376796641 0.296291634277 0.5)
(1.40137544251 0.296928873834 0.5)
(1.40898763994 0.297506989112 0.5)
(1.41660409918 0.298025945214 0.5)
(1.42422436049 0.298485710814 0.5)
(1.43184796389 0.298886258159 0.5)
(1.43947444917 0.299227563071 0.5)
(1.44710335599 0.299509604946 0.5)
(1.45473422383 0.299732366761 0.5)
(1.46236659208 0.299895835068 0.5)
(1.47 0.3 0.5)
(1.17725675896 0.253246077034 0.5)
(1.18453160552 0.255546151398 0.5)
(1.19182410459 0.257790154252 0.5)
(1.19913381998 0.259977950139 0.5)
(1.2064603145 0.262109406995 0.5)
(1.2138031499 0.264184396159 0.5)
(1.221161887 0.266202792377 0.5)
(1.22853608561 0.268164473812 0.5)
(1.23592530463 0.270069322049 0.5)
(1.24332910205 0.271917222106 0.5)
(1.25074703499 0.273708062436 0.5)
(1.2581786597 0.275441734938 0.5)
(1.26562353161 0.277118134962 0.5)
(1.27308120535 0.278737161314 0.5)
(1.28055123479 0.280298716264 0.5)
(1.28803317302 0.281802705551 0.5)
(1.29552657246 0.283249038389 0.5)
(1.30303098479 0.284637627472 0.5)
(1.31054596105 0.285968388981 0.5)
(1.31807105165 0.287241242585 0.5)
(1.32560580638 0.288456111451 0.5)
(1.33314977443 0.289612922246 0.5)
(1.34070250446 0.290711605139 0.5)
(1.34826354458 0.291752093811 0.5)
(1.35583244243 0.292734325454 0.5)
(1.36340874513 0.293658240777 0.5)
(1.37099199939 0.294523784009 0.5)
(1.37858175149 0.295330902904 0.5)
(1.38617754731 0.29607954874 0.5)
(1.39377893237 0.296769676327 0.5)
(1.40138545186 0.297401244006 0.5)
(1.40899665065 0.297974213653 0.5)
(1.41661207332 0.298488550683 0.5)
(1.42423126423 0.298944224047 0.5)
(1.43185376746 0.29934120624 0.5)
(1.43947912694 0.299679473299 0.5)
(1.4471068864 0.299959004805 0.5)
(1.45473658943 0.300179783883 0.5)
(1.4623677795 0.300341797208 0.5)
(1.47 0.300445034999 0.5)
(1.17725904612 0.254155839828 0.5)
(1.18453600977 0.256434286935 0.5)
(1.19183045993 0.258657189762 0.5)
(1.19914196455 0.260824414128 0.5)
(1.20647009051 0.262935829212 0.5)
(1.21381440371 0.264991307561 0.5)
(1.22117446908 0.266990725098 0.5)
(1.22854985058 0.268933961133 0.5)
(1.23594011126 0.270820898365 0.5)
(1.24334481326 0.272651422891 0.5)
(1.25076351786 0.274425424215 0.5)
(1.25819578549 0.276142795252 0.5)
(1.26564117577 0.277803432334 0.5)
(1.2730992475 0.279407235221 0.5)
(1.28056955874 0.280954107102 0.5)
(1.28805166681 0.2824439546 0.5)
(1.2955451283 0.283876687785 0.5)
(1.30304949914 0.285252220171 0.5)
(1.31056433459 0.286570468727 0.5)
(1.31808918927 0.287831353877 0.5)
(1.3256236172 0.289034799512 0.5)
(1.33316717182 0.290180732986 0.5)
(1.34071940604 0.291269085127 0.5)
(1.34827987222 0.292299790238 0.5)
(1.35584812222 0.293272786102 0.5)
(1.36342370746 0.294188013986 0.5)
(1.3710061789 0.295045418644 0.5)
(1.37859508707 0.295844948319 0.5)
(1.38618998214 0.29658655475 0.5)
(1.39379041389 0.297270193169 0.5)
(1.40139593179 0.297895822311 0.5)
(1.40900608499 0.29846340441 0.5)
(1.41662042237 0.298972905204 0.5)
(1.42423849254 0.29942429394 0.5)
(1.43185984389 0.299817543368 0.5)
(1.43948402463 0.300152629752 0.5)
(1.44711058279 0.300429532864 0.5)
(1.45473906624 0.30064823599 0.5)
(1.46236902275 0.300808725927 0.5)
(1.47 0.300910992989 0.5)
(1.17726144081 0.255108374446 0.5)
(1.18454062107 0.257364177505 0.5)
(1.19183711407 0.259564988304 0.5)
(1.19915049202 0.261710673995 0.5)
(1.20648032613 0.263801105057 0.5)
(1.2138261866 0.265836155303 0.5)
(1.22118764269 0.267815701892 0.5)
(1.2285642627 0.26973962533 0.5)
(1.23595561401 0.271607809484 0.5)
(1.24336126312 0.273420141582 0.5)
(1.25078077566 0.275176512226 0.5)
(1.25821371644 0.276876815396 0.5)
(1.26565964945 0.278520948455 0.5)
(1.27311813787 0.280108812157 0.5)
(1.28058874417 0.281640310654 0.5)
(1.28807103006 0.283115351499 0.5)
(1.29556455654 0.284533845653 0.5)
(1.30306888394 0.285895707491 0.5)
(1.31058357195 0.287200854806 0.5)
(1.31810817961 0.288449208815 0.5)
(1.32564226538 0.289640694162 0.5)
(1.33318538715 0.290775238927 0.5)
(1.34073710224 0.291852774623 0.5)
(1.34829696748 0.292873236206 0.5)
(1.35586453919 0.293836562079 0.5)
(1.36343937324 0.294742694091 0.5)
(1.37102102504 0.295591577545 0.5)
(1.37860904962 0.296383161199 0.5)
(1.38620300158 0.297117397271 0.5)
(1.39380243521 0.29779424144 0.5)
(1.40140690443 0.298413652848 0.5)
(1.40901596289 0.298975594107 0.5)
(1.41662916393 0.299480031295 0.5)
(1.42424606068 0.299926933962 0.5)
(1.431866206 0.300316275133 0.5)
(1.43948915259 0.300648031305 0.5)
(1.44711445296 0.300922182452 0.5)
(1.45474165949 0.301138712025 0.5)
(1.46237032445 0.301297606954 0.5)
(1.47 0.301398857648 0.5)
(1.17726394808 0.256105691773 0.5)
(1.18454544918 0.258337786191 0.5)
(1.19184408105 0.260515466321 0.5)
(1.19915942041 0.262638600712 0.5)
(1.20649104297 0.264707061204 0.5)
(1.21383852346 0.266720722936 0.5)
(1.22120143565 0.268679464358 0.5)
(1.22857935239 0.270583167232 0.5)
(1.23597184561 0.272431716646 0.5)
(1.24337848635 0.274225001012 0.5)
(1.25079884482 0.275962912084 0.5)
(1.2582324904 0.277645344954 0.5)
(1.26567899165 0.279272198064 0.5)
(1.27313791637 0.280843373213 0.5)
(1.2806088316 0.282358775558 0.5)
(1.28809130366 0.283818313625 0.5)
(1.29558489818 0.285221899311 0.5)
(1.3030891801 0.286569447889 0.5)
(1.31060371373 0.287860878019 0.5)
(1.31812806277 0.289096111744 0.5)
(1.3256617903 0.290275074501 0.5)
(1.33320445885 0.291397695124 0.5)
(1.34075563041 0.292463905848 0.5)
(1.34831486647 0.293473642312 0.5)
(1.355881728 0.294426843565 0.5)
(1.36345577553 0.295323452069 0.5)
(1.37103656917 0.296163413701 0.5)
(1.3786236686 0.296946677758 0.5)
(1.38621663312 0.29767319696 0.5)
(1.39381502169 0.298342927451 0.5)
(1.40141839294 0.298955828805 0.5)
(1.40902630518 0.299511864023 0.5)
(1.41663831648 0.300010999542 0.5)
(1.42425398463 0.300453205233 0.5)
(1.43187286722 0.300838454402 0.5)
(1.43949452163 0.301166723794 0.5)
(1.44711850509 0.301437993594 0.5)
(1.45474437467 0.301652247427 0.5)
(1.46237168735 0.30180947236 0.5)
(1.47 0.301909658902 0.5)
(1.17726657323 0.257149897234 0.5)
(1.18455050427 0.259357168367 0.5)
(1.19185137557 0.261510630358 0.5)
(1.19916876855 0.263610153216 0.5)
(1.20650226365 0.265655610208 0.5)
(1.21385144032 0.267646877861 0.5)
(1.22121587708 0.269583835976 0.5)
(1.22859515152 0.271466367632 0.5)
(1.23598884032 0.273294359192 0.5)
(1.24339651932 0.275067700312 0.5)
(1.2508177635 0.276786283948 0.5)
(1.25825214701 0.278450006359 0.5)
(1.26569924322 0.280058767117 0.5)
(1.27315862474 0.281612469112 0.5)
(1.28062986342 0.283111018557 0.5)
(1.28811253041 0.284554324994 0.5)
(1.29560619617 0.285942301301 0.5)
(1.30311043047 0.287274863694 0.5)
(1.31062480247 0.288551931734 0.5)
(1.31814888072 0.289773428335 0.5)
(1.32568223316 0.290939279761 0.5)
(1.33322442719 0.292049415638 0.5)
(1.34077502967 0.293103768954 0.5)
(1.34833360696 0.294102276066 0.5)
(1.35589972492 0.295044876698 0.5)
(1.36347294897 0.295931513953 0.5)
(1.37105284409 0.296762134311 0.5)
(1.37863897488 0.297536687631 0.5)
(1.38623090554 0.29825512716 0.5)
(1.39382819992 0.298917409529 0.5)
(1.40143042157 0.299523494762 0.5)
(1.40903713371 0.300073346272 0.5)
(1.41664789933 0.300566930869 0.5)
(1.42426228112 0.301004218758 0.5)
(1.43187984161 0.301385183542 0.5)
(1.43950014309 0.301709802227 0.5)
(1.44712274772 0.301978055215 0.5)
(1.4547472175 0.302189926316 0.5)
(1.46237311432 0.302345402739 0.5)
(1.47 0.302444475099 0.5)
(1.1772693218 0.258243195242 0.5)
(1.18455579703 0.260424476041 0.5)
(1.19185901304 0.262552581294 0.5)
(1.1991785562 0.264627382541 0.5)
(1.20651401187 0.26664875454 0.5)
(1.21386496447 0.268616575273 0.5)
(1.22123099747 0.270530725956 0.5)
(1.22861169343 0.272391091043 0.5)
(1.23600663403 0.274197558238 0.5)
(1.2434154001 0.275950018495 0.5)
(1.25083757161 0.277648366029 0.5)
(1.25827272775 0.279292498323 0.5)
(1.2657204469 0.280882316131 0.5)
(1.2731803067 0.282417723485 0.5)
(1.28065188404 0.283898627703 0.5)
(1.28813475513 0.285324939393 0.5)
(1.29562849546 0.286696572457 0.5)
(1.30313267991 0.288013444099 0.5)
(1.31064688268 0.289275474828 0.5)
(1.31817067741 0.290482588463 0.5)
(1.32570363713 0.291634712139 0.5)
(1.33324533433 0.292731776309 0.5)
(1.34079534098 0.293773714751 0.5)
(1.34835322852 0.294760464569 0.5)
(1.35591856795 0.295691966201 0.5)
(1.3634909298 0.296568163416 0.5)
(1.37106988417 0.297389003326 0.5)
(1.37865500077 0.298154436381 0.5)
(1.38624584896 0.298864416377 0.5)
(1.39384199772 0.299518900456 0.5)
(1.40144301572 0.300117849113 0.5)
(1.40904847134 0.300661226193 0.5)
(1.4166579327 0.301148998894 0.5)
(1.42427096767 0.301581137774 0.5)
(1.43188714389 0.301957616748 0.5)
(1.43950602884 0.302278413089 0.5)
(1.44712718982 0.302543507433 0.5)
(1.45475019398 0.302752883779 0.5)
(1.46237460839 0.302906529487 0.5)
(1.47 0.303004435283 0.5)
(1.17727219959 0.259387893845 0.5)
(1.18456133861 0.261541962395 0.5)
(1.19186700958 0.263643518782 0.5)
(1.199188804 0.265692436149 0.5)
(1.20652631242 0.267688590817 0.5)
(1.21387912444 0.26963186229 0.5)
(1.22124682872 0.271522133266 0.5)
(1.22862901304 0.273359289641 0.5)
(1.2360252643 0.275143220518 0.5)
(1.24343516854 0.276873818213 0.5)
(1.250858311 0.278550978261 0.5)
(1.25829427608 0.280174599423 0.5)
(1.26574264745 0.281744583691 0.5)
(1.27320300801 0.283260836295 0.5)
(1.28067493994 0.284723265709 0.5)
(1.28815802471 0.286131783656 0.5)
(1.29565184314 0.287486305113 0.5)
(1.30315597538 0.288786748315 0.5)
(1.31067000098 0.290033034764 0.5)
(1.31819349886 0.291225089229 0.5)
(1.32572604739 0.292362839755 0.5)
(1.33326722441 0.293446217661 0.5)
(1.3408166072 0.294475157552 0.5)
(1.34837377258 0.295449597317 0.5)
(1.35593829687 0.296369478136 0.5)
(1.36350975598 0.297234744482 0.5)
(1.37108772537 0.298045344123 0.5)
(1.37867178012 0.29880122813 0.5)
(1.38626149494 0.299502350874 0.5)
(1.3938564442 0.300148670033 0.5)
(1.40145620197 0.300740146594 0.5)
(1.409060342 0.301276744852 0.5)
(1.41666843779 0.301758432416 0.5)
(1.4242800626 0.302185180211 0.5)
(1.43189478949 0.302556962476 0.5)
(1.43951219131 0.30287375677 0.5)
(1.44713184075 0.303135543968 0.5)
(1.4547533104 0.30334230827 0.5)
(1.46237617269 0.303494037193 0.5)
(1.47 0.30359072158 0.5)
(1.17727521268 0.260586409604 0.5)
(1.18456714074 0.26271198654 0.5)
(1.19187538207 0.264785745886 0.5)
(1.19919953359 0.266807562463 0.5)
(1.20653919127 0.268777314225 0.5)
(1.21389395013 0.270694882273 0.5)
(1.22126340427 0.272560150855 0.5)
(1.22864714693 0.274373007377 0.5)
(1.23604477046 0.276133342409 0.5)
(1.24345586639 0.27784104969 0.5)
(1.25088002542 0.279496026138 0.5)
(1.25831683749 0.281098171852 0.5)
(1.26576589175 0.282647390121 0.5)
(1.27322677662 0.284143587429 0.5)
(1.2806990798 0.28558667346 0.5)
(1.28818238831 0.286976561104 0.5)
(1.2956762885 0.288313166463 0.5)
(1.30318036608 0.289596408855 0.5)
(1.31069420616 0.290826210819 0.5)
(1.31821739324 0.292002498119 0.5)
(1.32574951126 0.29312519975 0.5)
(1.33329014363 0.294194247944 0.5)
(1.34083887324 0.295209578167 0.5)
(1.3483952825 0.296171129131 0.5)
(1.35595895334 0.297078842794 0.5)
(1.36352946726 0.297932664362 0.5)
(1.37110640536 0.298732542297 0.5)
(1.37868934833 0.299478428314 0.5)
(1.3862778765 0.300170277389 0.5)
(1.39387156988 0.30080804776 0.5)
(1.40147000816 0.301391700929 0.5)
(1.40907277074 0.301921201665 0.5)
(1.41667943676 0.302396518004 0.5)
(1.42428958513 0.302817621256 0.5)
(1.43190279454 0.303184486 0.5)
(1.43951864349 0.303497090092 0.5)
(1.44713671035 0.303755414662 0.5)
(1.45475657333 0.303959444116 0.5)
(1.46237781054 0.304109166139 0.5)
(1.47 0.304204571693 0.5)
(1.17727836743 0.261841272694 0.5)
(1.18457321564 0.263937018504 0.5)
(1.19188414818 0.265981673952 0.5)
(1.19921076763 0.267975115613 0.5)
(1.20655267561 0.269917223158 0.5)
(1.21390947284 0.271807879353 0.5)
(1.22128075911 0.273646970073 0.5)
(1.22866613336 0.275434384302 0.5)
(1.23606519368 0.277170014147 0.5)
(1.24347753732 0.278853754839 0.5)
(1.25090276074 0.28048550474 0.5)
(1.25834045961 0.282065165354 0.5)
(1.26579022886 0.283592641327 0.5)
(1.27325166268 0.285067840453 0.5)
(1.28072435457 0.286490673686 0.5)
(1.28820789734 0.287861055138 0.5)
(1.29570188313 0.289178902088 0.5)
(1.30320590349 0.290444134986 0.5)
(1.31071954933 0.291656677458 0.5)
(1.31824241099 0.292816456311 0.5)
(1.32577407826 0.293923401537 0.5)
(1.33331414038 0.294977446316 0.5)
(1.3408621861 0.295978527022 0.5)
(1.34841780369 0.296926583228 0.5)
(1.35598058095 0.297821557705 0.5)
(1.36355010526 0.298663396428 0.5)
(1.37112596358 0.299452048583 0.5)
(1.37870774249 0.300187466562 0.5)
(1.38629502823 0.300869605974 0.5)
(1.39388740669 0.301498425642 0.5)
(1.40148446345 0.302073887609 0.5)
(1.40908578382 0.302595957137 0.5)
(1.41669095285 0.303064602713 0.5)
(1.42429955535 0.303479796047 0.5)
(1.43191117594 0.303841512077 0.5)
(1.43952539903 0.304149728969 0.5)
(1.44714180889 0.304404428117 0.5)
(1.45475998967 0.304605594147 0.5)
(1.46237952539 0.304753214916 0.5)
(1.47 0.304847281513 0.5)
(1.1772816705 0.263155132241 0.5)
(1.18457957616 0.265219644438 0.5)
(1.19189332643 0.267233827688 0.5)
(1.19922252983 0.26919756041 0.5)
(1.20656679391 0.271110724064 0.5)
(1.21392572533 0.272973203166 0.5)
(1.22129892987 0.27478488529 0.5)
(1.22868601243 0.276545661076 0.5)
(1.23608657709 0.278255424238 0.5)
(1.2435002271 0.279914071569 0.5)
(1.25092656494 0.281521502946 0.5)
(1.25836519231 0.283077621339 0.5)
(1.26581571016 0.284582332817 0.5)
(1.27327771875 0.286035546548 0.5)
(1.28075081762 0.287437174813 0.5)
(1.28823460565 0.288787133003 0.5)
(1.29572868108 0.290085339631 0.5)
(1.30323264152 0.291331716332 0.5)
(1.310746084 0.29252618787 0.5)
(1.31826860494 0.293668682144 0.5)
(1.32579980026 0.294759130188 0.5)
(1.33333926532 0.295797466179 0.5)
(1.340886595 0.296783627439 0.5)
(1.3484413837 0.29771755444 0.5)
(1.35600322537 0.298599190807 0.5)
(1.36357171353 0.299428483321 0.5)
(1.37114644131 0.300205381924 0.5)
(1.37872700144 0.300929839718 0.5)
(1.38631298633 0.301601812974 0.5)
(1.39390398804 0.302221261129 0.5)
(1.40149959833 0.30278814679 0.5)
(1.4090994087 0.303302435738 0.5)
(1.41670301036 0.303764096929 0.5)
(1.42430999432 0.304173102495 0.5)
(1.43191995138 0.304529427748 0.5)
(1.43953247217 0.304833051179 0.5)
(1.44714714714 0.305083954459 0.5)
(1.45476356663 0.305282122443 0.5)
(1.46238132087 0.305427543169 0.5)
(1.47 0.30552020786 0.5)
(1.17728512885 0.264530761921 0.5)
(1.1845862357 0.266562572079 0.5)
(1.19190293619 0.268544850505 0.5)
(1.19923484502 0.270477477543 0.5)
(1.20658157597 0.272360336531 0.5)
(1.21394274193 0.274193313814 0.5)
(1.22131795492 0.275976298748 0.5)
(1.2287068261 0.277709183704 0.5)
(1.23610896582 0.27939186408 0.5)
(1.24352398363 0.281024238304 0.5)
(1.25095148828 0.282606207839 0.5)
(1.25839108779 0.284137677192 0.5)
(1.26584238945 0.285618553919 0.5)
(1.27330499982 0.287048748628 0.5)
(1.28077852481 0.288428174988 0.5)
(1.28826256964 0.289756749732 0.5)
(1.29575673892 0.291034392663 0.5)
(1.30326063662 0.292261026657 0.5)
(1.31077386617 0.29343657767 0.5)
(1.31829603038 0.294560974743 0.5)
(1.32582673156 0.295634150002 0.5)
(1.33336557149 0.296656038667 0.5)
(1.34091215147 0.297626579054 0.5)
(1.34846607231 0.298545712576 0.5)
(1.3560269344 0.299413383752 0.5)
(1.36359433771 0.300229540207 0.5)
(1.37116788179 0.300994132673 0.5)
(1.37874716584 0.301707114998 0.5)
(1.38633178873 0.302368444144 0.5)
(1.39392134896 0.30297808019 0.5)
(1.40151544478 0.303535986336 0.5)
(1.40911367413 0.304042128906 0.5)
(1.41671563474 0.304496477347 0.5)
(1.42432092406 0.304899004232 0.5)
(1.4319291394 0.305249685265 0.5)
(1.43953987785 0.305548499275 0.5)
(1.44715273636 0.305795428227 0.5)
(1.45476731175 0.305990457215 0.5)
(1.46238320075 0.306133574465 0.5)
(1.47 0.306224771339 0.5)
(1.1772887498 0.265971065811 0.5)
(1.18459320834 0.267968636468 0.5)
(1.19191299775 0.269917510088 0.5)
(1.1992477392 0.27181756903 0.5)
(1.206597053 0.273668698602 0.5)
(1.21396055855 0.27547078706 0.5)
(1.22133787441 0.277223725626 0.5)
(1.22872861831 0.278927408486 0.5)
(1.23613240714 0.280581732799 0.5)
(1.24354885705 0.282186598705 0.5)
(1.25097758337 0.283741909329 0.5)
(1.25841820074 0.285247570785 0.5)
(1.26587032304 0.286703492188 0.5)
(1.2733335635 0.288109585653 0.5)
(1.28080753463 0.289465766303 0.5)
(1.28829184833 0.290771952274 0.5)
(1.29578611587 0.29202806472 0.5)
(1.30328994789 0.293234027818 0.5)
(1.31080295449 0.294389768772 0.5)
(1.3183247452 0.295495217817 0.5)
(1.32585492901 0.296550308225 0.5)
(1.33339311443 0.297554976306 0.5)
(1.34093890945 0.298509161415 0.5)
(1.34849192163 0.299412805954 0.5)
(1.3560517581 0.300265855376 0.5)
(1.36361802554 0.301068258188 0.5)
(1.37119033027 0.301819965955 0.5)
(1.37876827826 0.302520933299 0.5)
(1.3863514751 0.30317111791 0.5)
(1.39393952609 0.303770480538 0.5)
(1.40153203623 0.304318985005 0.5)
(1.40912861025 0.3048165982 0.5)
(1.41672885264 0.305263290087 0.5)
(1.42433236766 0.305659033701 0.5)
(1.43193875938 0.306003805154 0.5)
(1.4395476317 0.306297583634 0.5)
(1.44715858835 0.306540351408 0.5)
(1.45477123295 0.306732093821 0.5)
(1.46238516902 0.306872799299 0.5)
(1.47 0.306962459349 0.5)
(1.17729254099 0.267479084521 0.5)
(1.1846005088 0.269440805931 0.5)
(1.19192353234 0.271354704243 0.5)
(1.19926123959 0.273220663926 0.5)
(1.20661325767 0.275038572345 0.5)
(1.21397921281 0.276808319764 0.5)
(1.22135873041 0.278529799355 0.5)
(1.22875143506 0.280202907203 0.5)
(1.23615695054 0.281827542314 0.5)
(1.24357489987 0.283403606619 0.5)
(1.2510049053 0.284931004982 0.5)
(1.25844658837 0.286409645203 0.5)
(1.26589956991 0.287839438026 0.5)
(1.27336347007 0.289220297144 0.5)
(1.28083790833 0.290552139204 0.5)
(1.28832250355 0.29183488381 0.5)
(1.29581687396 0.293068453532 0.5)
(1.30332063721 0.294252773908 0.5)
(1.31083341039 0.295387773447 0.5)
(1.31835481003 0.296473383637 0.5)
(1.32588445215 0.297509538947 0.5)
(1.33342195227 0.29849617683 0.5)
(1.34096692544 0.299433237731 0.5)
(1.34851898625 0.300320665084 0.5)
(1.35607774886 0.301158405321 0.5)
(1.36364282703 0.301946407874 0.5)
(1.37121383416 0.302684625176 0.5)
(1.37879038326 0.303373012664 0.5)
(1.38637208701 0.304011528787 0.5)
(1.3939585578 0.304600135001 0.5)
(1.40154940772 0.305138795775 0.5)
(1.40914424858 0.305627478595 0.5)
(1.41674269198 0.30606615396 0.5)
(1.42434434927 0.306454795393 0.5)
(1.43194883165 0.306793379431 0.5)
(1.43955575009 0.307081885639 0.5)
(1.44716471546 0.3073202966 0.5)
(1.4547753385 0.307508597923 0.5)
(1.46238722983 0.307646778241 0.5)
(1.47 0.307734829214 0.5)
(1.17729651041 0.269058001612 0.5)
(1.18460815248 0.270982188351 0.5)
(1.1919345622 0.272859467017 0.5)
(1.19927537469 0.274689724289 0.5)
(1.20663022418 0.276472849687 0.5)
(1.21399874408 0.278208735576 0.5)
(1.22138056694 0.279897277172 0.5)
(1.22877532453 0.281538372547 0.5)
(1.23618264783 0.28313192264 0.5)
(1.24360216708 0.284677831258 0.5)
(1.25103351175 0.286176005086 0.5)
(1.25847631063 0.287626353688 0.5)
(1.2659301918 0.289028789515 0.5)
(1.27339478268 0.290383227912 0.5)
(1.28086971002 0.291689587121 0.5)
(1.28835459999 0.292947788285 0.5)
(1.29584907811 0.294157755453 0.5)
(1.30335276936 0.29531941559 0.5)
(1.31086529814 0.296432698572 0.5)
(1.31838628834 0.297497537198 0.5)
(1.3259153633 0.29851386719 0.5)
(1.33345214591 0.2994816272 0.5)
(1.34099625858 0.30040075881 0.5)
(1.34854732328 0.301271206538 0.5)
(1.35610496155 0.302092917841 0.5)
(1.36366879456 0.302865843116 0.5)
(1.37123844306 0.303589935709 0.5)
(1.3788135275 0.304265151909 0.5)
(1.38639366798 0.30489145096 0.5)
(1.39397848427 0.305468795054 0.5)
(1.40156759591 0.305997149342 0.5)
(1.40916062213 0.30647648193 0.5)
(1.41675718196 0.306906763883 0.5)
(1.42435689419 0.30728796923 0.5)
(1.43195937745 0.307620074958 0.5)
(1.43956425016 0.307903061021 0.5)
(1.44717113064 0.308136910337 0.5)
(1.45477963707 0.308321608789 0.5)
(1.46238938752 0.308457145229 0.5)
(1.47 0.308543511475 0.5)
(1.17730066646 0.270711150321 0.5)
(1.18461615552 0.272596037723 0.5)
(1.19194611063 0.274434975096 0.5)
(1.19929017434 0.276227851435 0.5)
(1.20664798837 0.277974558516 0.5)
(1.2140191936 0.2796749909 0.5)
(1.22140343009 0.281329045944 0.5)
(1.22880033714 0.282936623804 0.5)
(1.23620955326 0.28449762744 0.5)
(1.24363071623 0.286011962625 0.5)
(1.25106346312 0.287479537947 0.5)
(1.25850743026 0.28890026482 0.5)
(1.26596225336 0.290274057483 0.5)
(1.27342756742 0.291600833009 0.5)
(1.28090300685 0.292880511309 0.5)
(1.28838820542 0.294113015138 0.5)
(1.29588279632 0.295298270097 0.5)
(1.30338641218 0.29643620464 0.5)
(1.31089868508 0.297526750077 0.5)
(1.31841924657 0.298569840579 0.5)
(1.32594772771 0.299565413182 0.5)
(1.33348375908 0.300513407789 0.5)
(1.3410269708 0.301413767176 0.5)
(1.34857699256 0.302266436994 0.5)
(1.35613345363 0.303071365773 0.5)
(1.36369598292 0.303828504925 0.5)
(1.37126420894 0.304537808746 0.5)
(1.37883775986 0.30519923442 0.5)
(1.38641626356 0.305812742021 0.5)
(1.39399934758 0.306378294515 0.5)
(1.40158663921 0.306895857765 0.5)
(1.40917776547 0.307365400527 0.5)
(1.41677235318 0.307786894459 0.5)
(1.4243700289 0.308160314118 0.5)
(1.43197041905 0.308485636962 0.5)
(1.43957314986 0.308762843355 0.5)
(1.44717784743 0.308991916563 0.5)
(1.45478413773 0.309172842758 0.5)
(1.46239164665 0.30930561102 0.5)
(1.47 0.309390213333 0.5)
(1.17730501789 0.27244202059 0.5)
(1.18462453482 0.274285761027 0.5)
(1.191958202 0.276084554521 0.5)
(1.19930566979 0.27783829249 0.5)
(1.20666658773 0.279546869071 0.5)
(1.21404060453 0.281210181131 0.5)
(1.22142736814 0.282828128264 0.5)
(1.2288265257 0.284400612807 0.5)
(1.23623772362 0.285927539839 0.5)
(1.24366060761 0.287408817188 0.5)
(1.25109482262 0.28884435544 0.5)
(1.25854001296 0.29023406794 0.5)
(1.26599582227 0.291577870802 0.5)
(1.27346189352 0.292875682907 0.5)
(1.2809378691 0.294127425916 0.5)
(1.28842339079 0.295333024268 0.5)
(1.29591809977 0.296492405191 0.5)
(1.3034216367 0.297605498699 0.5)
(1.31093364168 0.298672237603 0.5)
(1.31845375431 0.299692557509 0.5)
(1.32598161371 0.300666396829 0.5)
(1.33351685852 0.301593696777 0.5)
(1.34105912693 0.302474401379 0.5)
(1.34860805671 0.303308457472 0.5)
(1.35616328525 0.30409581471 0.5)
(1.36372444953 0.304836425565 0.5)
(1.37129118617 0.305530245331 0.5)
(1.37886313149 0.306177232127 0.5)
(1.38643992145 0.306777346898 0.5)
(1.39402119175 0.30733055342 0.5)
(1.40160657781 0.307836818298 0.5)
(1.4091957148 0.308296110973 0.5)
(1.41678823766 0.308708403721 0.5)
(1.42438378113 0.309073671654 0.5)
(1.43198197977 0.309391892722 0.5)
(1.43958246797 0.309663047718 0.5)
(1.44718488 0.309887120273 0.5)
(1.45478884999 0.310064096862 0.5)
(1.462394012 0.310193966801 0.5)
(1.47 0.310276722252 0.5)
(1.17730957391 0.274254266442 0.5)
(1.18463330807 0.27605492542 0.5)
(1.19197086183 0.277811687699 0.5)
(1.19932189374 0.279524447236 0.5)
(1.20668606152 0.281193100643 0.5)
(1.21406302209 0.282817547193 0.5)
(1.22145243161 0.284397688829 0.5)
(1.22885394549 0.285933430169 0.5)
(1.2362672184 0.287424678509 0.5)
(1.2436919043 0.288871343833 0.5)
(1.25112765647 0.290273338815 0.5)
(1.25857412751 0.291630578825 0.5)
(1.26603096939 0.292942981937 0.5)
(1.27349783344 0.294210468928 0.5)
(1.28097437038 0.295432963288 0.5)
(1.28846023037 0.296610391224 0.5)
(1.29595506298 0.297742681662 0.5)
(1.30345851727 0.298829766252 0.5)
(1.31097024173 0.299871579375 0.5)
(1.31848988441 0.300868058143 0.5)
(1.32601709284 0.301819142406 0.5)
(1.3335515141 0.302724774751 0.5)
(1.34109279485 0.303584900513 0.5)
(1.34864058133 0.304399467771 0.5)
(1.35619451938 0.305168427355 0.5)
(1.36375425447 0.305891732847 0.5)
(1.37131943172 0.306569340587 0.5)
(1.37888969594 0.307201209671 0.5)
(1.3864646916 0.307787301959 0.5)
(1.39404406292 0.308327582071 0.5)
(1.40162745382 0.308822017393 0.5)
(1.409214508 0.309270578081 0.5)
(1.41680486894 0.309673237058 0.5)
(1.42439817991 0.310029970017 0.5)
(1.431994084 0.310340755425 0.5)
(1.43959222416 0.310605574522 0.5)
(1.4471922432 0.310824411323 0.5)
(1.45479378379 0.310997252617 0.5)
(1.46239648855 0.311124087972 0.5)
(1.47 0.31120490973 0.5)
(1.17731434413 0.27615171369 0.5)
(1.18464249378 0.277907265765 0.5)
(1.19198411686 0.279620020764 0.5)
(1.19933888045 0.281289875298 0.5)
(1.20670645086 0.282916728571 0.5)
(1.21408649359 0.284500482378 0.5)
(1.22147867343 0.28604104112 0.5)
(1.22888265441 0.287538311802 0.5)
(1.23629809985 0.288992204044 0.5)
(1.24372467238 0.290402630084 0.5)
(1.25116203397 0.291769504784 0.5)
(1.25860984593 0.293092745635 0.5)
(1.26606776893 0.29437227276 0.5)
(1.27353546304 0.295608008924 0.5)
(1.28101258774 0.296799879532 0.5)
(1.28849880194 0.29794781264 0.5)
(1.295993764 0.299051738954 0.5)
(1.30349713175 0.300111591837 0.5)
(1.31100856251 0.301127307312 0.5)
(1.31852771314 0.302098824069 0.5)
(1.32605423999 0.303026083461 0.5)
(1.33358779899 0.303909029518 0.5)
(1.34112804565 0.304747608941 0.5)
(1.34867463507 0.30554177111 0.5)
(1.35622722195 0.306291468087 0.5)
(1.36378546067 0.306996654619 0.5)
(1.37134900522 0.307657288136 0.5)
(1.3789175093 0.308273328761 0.5)
(1.3864906263 0.308844739308 0.5)
(1.39406800935 0.309371485285 0.5)
(1.40164931129 0.309853534894 0.5)
(1.40923418475 0.310290859038 0.5)
(1.41682228212 0.310683431319 0.5)
(1.42441325563 0.311031228039 0.5)
(1.43200675731 0.311334228205 0.5)
(1.43960243904 0.311592413525 0.5)
(1.44719995257 0.311805768416 0.5)
(1.45479894955 0.311974279998 0.5)
(1.46239908154 0.312097938099 0.5)
(1.47 0.312176735255 0.5)
(1.17731933861 0.278138368013 0.5)
(1.18465211135 0.279846692518 0.5)
(1.19199799506 0.281513371267 0.5)
(1.19935666578 0.283138303653 0.5)
(1.20672779878 0.284721391589 0.5)
(1.21411106859 0.286262539514 0.5)
(1.22150614899 0.287761654401 0.5)
(1.22891271305 0.289218645756 0.5)
(1.23633043317 0.290633425631 0.5)
(1.24375898103 0.292005908624 0.5)
(1.25119802771 0.293336011888 0.5)
(1.25864724362 0.294623655133 0.5)
(1.26610629857 0.295868760632 0.5)
(1.27357486177 0.297071253227 0.5)
(1.28105260186 0.29823106033 0.5)
(1.28853918692 0.299348111932 0.5)
(1.29603428451 0.300422340604 0.5)
(1.30353756166 0.301453681501 0.5)
(1.31104868492 0.302442072368 0.5)
(1.31856732035 0.303387453542 0.5)
(1.32609313358 0.304289767956 0.5)
(1.33362578979 0.305148961145 0.5)
(1.34116495374 0.305964981243 0.5)
(1.34871028981 0.306737778994 0.5)
(1.35626146202 0.307467307748 0.5)
(1.363818134 0.308153523468 0.5)
(1.37137996909 0.308796384732 0.5)
(1.37894663028 0.309395852735 0.5)
(1.38651778031 0.309951891291 0.5)
(1.39409308161 0.310464466834 0.5)
(1.40167219638 0.310933548425 0.5)
(1.40925478658 0.311359107748 0.5)
(1.41684051398 0.311741119115 0.5)
(1.42442904013 0.312079559466 0.5)
(1.43202002644 0.312374408371 0.5)
(1.43961313416 0.312625648033 0.5)
(1.4472080244 0.312833263286 0.5)
(1.45480435818 0.312997241597 0.5)
(1.46240179643 0.313117573068 0.5)
(1.47 0.313194250436 0.5)
(1.17732456791 0.280218423417 0.5)
(1.18466218109 0.281877299983 0.5)
(1.19201252574 0.283495736241 0.5)
(1.19937528727 0.285073634495 0.5)
(1.20675015037 0.2866108995 0.5)
(1.21413679896 0.288107438461 0.5)
(1.22153491629 0.28956316104 0.5)
(1.22894418488 0.290977979365 0.5)
(1.23636428661 0.292351808033 0.5)
(1.24379490268 0.293684564115 0.5)
(1.25123571367 0.294976167162 0.5)
(1.25868639954 0.296226539206 0.5)
(1.26614663965 0.297435604772 0.5)
(1.2736161128 0.298603290876 0.5)
(1.28109449721 0.299729527033 0.5)
(1.28858147057 0.300814245258 0.5)
(1.29607671006 0.301857380075 0.5)
(1.30357989235 0.302858868516 0.5)
(1.31109069365 0.303818650127 0.5)
(1.31860878967 0.304736666974 0.5)
(1.32613385573 0.305612863641 0.5)
(1.33366556669 0.306447187238 0.5)
(1.34120359703 0.307239587403 0.5)
(1.34874762084 0.307990016302 0.5)
(1.35629731185 0.308698428638 0.5)
(1.36385234345 0.309364781649 0.5)
(1.3714123887 0.309989035111 0.5)
(1.37897712037 0.310571151342 0.5)
(1.38654621094 0.311111095203 0.5)
(1.39411933262 0.311608834102 0.5)
(1.40169615739 0.312064337992 0.5)
(1.40927635699 0.312477579379 0.5)
(1.41685960299 0.312848533318 0.5)
(1.42444556673 0.313177177417 0.5)
(1.43203391941 0.313463491836 0.5)
(1.4396243321 0.313707459295 0.5)
(1.44721647572 0.313909065065 0.5)
(1.45481002109 0.314068296977 0.5)
(1.46240463896 0.31418514542 0.5)
(1.47 0.31425960334 0.5)
(1.17733004305 0.282396271085 0.5)
(1.18467272425 0.284003374953 0.5)
(1.19202773956 0.285571300634 0.5)
(1.19939478424 0.287099953484 0.5)
(1.2067735528 0.288589241226 0.5)
(1.21416373903 0.290039073963 0.5)
(1.22156503606 0.291449364178 0.5)
(1.22897713634 0.29282002674 0.5)
(1.23639973165 0.294150978911 0.5)
(1.24383251316 0.295442140351 0.5)
(1.25127517141 0.29669343312 0.5)
(1.25872739635 0.297904781686 0.5)
(1.26618887735 0.299076112928 0.5)
(1.27365930322 0.30020735614 0.5)
(1.28113836224 0.301298443037 0.5)
(1.28862574215 0.302349307755 0.5)
(1.29612113022 0.303359886863 0.5)
(1.30362421319 0.304330119357 0.5)
(1.31113467738 0.30525994667 0.5)
(1.31865220864 0.306149312676 0.5)
(1.3261764924 0.306998163689 0.5)
(1.33370721368 0.307806448469 0.5)
(1.34124405711 0.308574118225 0.5)
(1.34878670696 0.309301126619 0.5)
(1.35633484714 0.309987429765 0.5)
(1.36388816123 0.310632986236 0.5)
(1.3714463325 0.311237757063 0.5)
(1.37900904393 0.311801705741 0.5)
(1.38657597821 0.312324798228 0.5)
(1.3941468178 0.312807002948 0.5)
(1.40172124491 0.313248290793 0.5)
(1.40929894153 0.313648635125 0.5)
(1.41687958945 0.314008011779 0.5)
(1.42446287031 0.314326399062 0.5)
(1.43204846555 0.314603777754 0.5)
(1.4396360565 0.314840131111 0.5)
(1.44722532436 0.315035444867 0.5)
(1.45481595023 0.315189707232 0.5)
(1.46240761513 0.315302908894 0.5)
(1.47 0.31537504302 0.5)
(1.17733577561 0.284676508645 0.5)
(1.18468376308 0.286229405761 0.5)
(1.19204366865 0.287744446149 0.5)
(1.19941519784 0.289221538357 0.5)
(1.20679805547 0.290660593222 0.5)
(1.21419194567 0.292061523877 0.5)
(1.2215965719 0.293424245758 0.5)
(1.22901163698 0.294748676606 0.5)
(1.23643684311 0.296034736474 0.5)
(1.24387189187 0.29728234773 0.5)
(1.25131648422 0.298491435064 0.5)
(1.25877032059 0.299661925492 0.5)
(1.26623310081 0.300793748359 0.5)
(1.2737045242 0.301886835344 0.5)
(1.28118428955 0.302941120463 0.5)
(1.28867209513 0.303956540078 0.5)
(1.29616763876 0.304933032894 0.5)
(1.30367061775 0.305870539965 0.5)
(1.31118072898 0.306769004702 0.5)
(1.31869766892 0.307628372869 0.5)
(1.3262211336 0.308448592591 0.5)
(1.33375081867 0.309229614359 0.5)
(1.34128641939 0.309971391026 0.5)
(1.34882763068 0.310673877816 0.5)
(1.35637414712 0.311337032324 0.5)
(1.36392566296 0.311960814521 0.5)
(1.37148187214 0.312545186753 0.5)
(1.37904246834 0.313090113744 0.5)
(1.38660714497 0.313595562601 0.5)
(1.39417559518 0.314061502814 0.5)
(1.4017475119 0.314487906256 0.5)
(1.40932258785 0.314874747189 0.5)
(1.41690051557 0.315222002261 0.5)
(1.42448098741 0.315529650511 0.5)
(1.43206369557 0.315797673368 0.5)
(1.43964833212 0.316026054654 0.5)
(1.44723458903 0.316214780581 0.5)
(1.45482215813 0.31636383976 0.5)
(1.46241073122 0.31647322319 0.5)
(1.47 0.31654292427 0.5)
(1.17734177768 0.287063949885 0.5)
(1.1846953209 0.288560091758 0.5)
(1.19206034664 0.29001976049 0.5)
(1.19943657118 0.29144286797 0.5)
(1.20682371012 0.292829328296 0.5)
(1.21422147841 0.294179057775 0.5)
(1.22162959036 0.295491974933 0.5)
(1.22904775965 0.296768000517 0.5)
(1.23647569934 0.298007057502 0.5)
(1.24391312193 0.299209071095 0.5)
(1.25135973932 0.300373968737 0.5)
(1.25881526288 0.301501680112 0.5)
(1.26627940341 0.302592137147 0.5)
(1.27375187122 0.303645274017 0.5)
(1.2812323761 0.304661027152 0.5)
(1.28872062737 0.305639335237 0.5)
(1.29621633386 0.306580139219 0.5)
(1.30371920397 0.307483382307 0.5)
(1.31122894567 0.308349009978 0.5)
(1.31874526648 0.30917696998 0.5)
(1.32626787358 0.309967212334 0.5)
(1.33379647372 0.310719689338 0.5)
(1.3413307733 0.311434355571 0.5)
(1.34887047841 0.312111167892 0.5)
(1.35641529476 0.312750085448 0.5)
(1.3639649278 0.313351069669 0.5)
(1.37151908265 0.31391408428 0.5)
(1.37907746419 0.314439095293 0.5)
(1.38663977701 0.314926071019 0.5)
(1.39420572551 0.315374982061 0.5)
(1.40177501382 0.315785801322 0.5)
(1.40934734589 0.316158504003 0.5)
(1.41692242551 0.316493067606 0.5)
(1.42449995626 0.316789471935 0.5)
(1.43207964161 0.3170476991 0.5)
(1.43966118487 0.317267733512 0.5)
(1.44724428926 0.31744956189 0.5)
(1.45482865789 0.317593173257 0.5)
(1.46241399381 0.317698558945 0.5)
(1.47 0.317765712592 0.5)
(1.17734806193 0.289563634905 0.5)
(1.1847074221 0.291000353229 0.5)
(1.19207780873 0.292402047048 0.5)
(1.19945894936 0.293768631749 0.5)
(1.2068505709 0.295100024842 0.5)
(1.21425239962 0.296396145959 0.5)
(1.22166416117 0.297656916861 0.5)
(1.22908558059 0.298882261444 0.5)
(1.23651638237 0.300072105742 0.5)
(1.2439562904 0.301226377931 0.5)
(1.25140502803 0.302345008336 0.5)
(1.2588623181 0.303427929432 0.5)
(1.26632788289 0.30447507585 0.5)
(1.27380144422 0.305486384381 0.5)
(1.2812827234 0.306461793979 0.5)
(1.28877144131 0.307401245764 0.5)
(1.29626731833 0.308304683028 0.5)
(1.30377007445 0.309172051236 0.5)
(1.31127942922 0.310003298031 0.5)
(1.31879510181 0.310798373236 0.5)
(1.326316811 0.311557228858 0.5)
(1.3338442752 0.312279819088 0.5)
(1.34137721248 0.31296610031 0.5)
(1.34891534058 0.313616031097 0.5)
(1.35645837693 0.314229572216 0.5)
(1.36400603865 0.314806686632 0.5)
(1.37155804258 0.315347339509 0.5)
(1.37911410533 0.315851498211 0.5)
(1.38667394323 0.316319132304 0.5)
(1.39423727239 0.316750213562 0.5)
(1.40180380871 0.317144715962 0.5)
(1.40937326792 0.317502615691 0.5)
(1.41694536553 0.317823891145 0.5)
(1.42451981693 0.31810852293 0.5)
(1.43209633734 0.318356493865 0.5)
(1.43967464188 0.318567788982 0.5)
(1.44725444554 0.318742395526 0.5)
(1.45483546323 0.318880302958 0.5)
(1.46241740979 0.318981502952 0.5)
(1.47 0.3190459894 0.5)
(1.17735464163 0.292180840763 0.5)
(1.18472009223 0.293555341785 0.5)
(1.19209609178 0.294896335042 0.5)
(1.19948237964 0.296203739588 0.5)
(1.20687869453 0.297477476504 0.5)
(1.21428477457 0.298717468901 0.5)
(1.22170035729 0.29992364193 0.5)
(1.22912517966 0.301095922782 0.5)
(1.23655897808 0.302234240694 0.5)
(1.2440014884 0.303338526953 0.5)
(1.25145244596 0.3044087149 0.5)
(1.25891158558 0.305444739935 0.5)
(1.2663786416 0.306446539521 0.5)
(1.27385334786 0.307414053184 0.5)
(1.28133543775 0.308347222523 0.5)
(1.28882464422 0.309245991207 0.5)
(1.29632069979 0.310110304985 0.5)
(1.30382333656 0.310940111683 0.5)
(1.31133228622 0.311735361211 0.5)
(1.31884728011 0.312496005565 0.5)
(1.32636804918 0.31322199883 0.5)
(1.33389432404 0.313913297182 0.5)
(1.34142583496 0.314569858893 0.5)
(1.34896231192 0.315191644329 0.5)
(1.35650348457 0.315778615958 0.5)
(1.36404908229 0.316330738348 0.5)
(1.37159883419 0.316847978171 0.5)
(1.37915246913 0.317330304204 0.5)
(1.38670971574 0.317777687333 0.5)
(1.39427030242 0.318190100553 0.5)
(1.40183395738 0.318567518967 0.5)
(1.40940040864 0.318909919795 0.5)
(1.41696938406 0.319217282367 0.5)
(1.42454061133 0.31948958813 0.5)
(1.43211381802 0.319726820646 0.5)
(1.43968873156 0.319928965596 0.5)
(1.44726507932 0.320096010778 0.5)
(1.45484258852 0.320227946107 0.5)
(1.46242098638 0.320324763621 0.5)
(1.47 0.320386457474 0.5)
(1.17736153067 0.294921092615 0.5)
(1.18473335804 0.296230451234 0.5)
(1.19211523441 0.297507890138 0.5)
(1.19950691148 0.298753332217 0.5)
(1.20690814037 0.299966702293 0.5)
(1.2143186716 0.30114792712 0.5)
(1.22173825515 0.302296935398 0.5)
(1.22916664045 0.303413657767 0.5)
(1.23660357639 0.304498026818 0.5)
(1.24404881135 0.305549977095 0.5)
(1.2515020932 0.306569445099 0.5)
(1.25896316934 0.30755636929 0.5)
(1.26643178669 0.308510690095 0.5)
(1.27390769171 0.309432349907 0.5)
(1.28139063042 0.310321293092 0.5)
(1.28888034844 0.311177465991 0.5)
(1.29637659095 0.312000816921 0.5)
(1.30387910275 0.312791296181 0.5)
(1.31138762825 0.313548856057 0.5)
(1.31890191153 0.314273450819 0.5)
(1.32642169628 0.314965036729 0.5)
(1.33394672588 0.315623572038 0.5)
(1.3414767434 0.316249016996 0.5)
(1.34901149158 0.31684133385 0.5)
(1.35655071292 0.317400486844 0.5)
(1.3640941496 0.317926442226 0.5)
(1.37164154359 0.318419168247 0.5)
(1.37919263658 0.318878635166 0.5)
(1.38674717007 0.319304815246 0.5)
(1.39430488534 0.319697682763 0.5)
(1.40186552347 0.320057214001 0.5)
(1.40942882537 0.320383387257 0.5)
(1.4169945318 0.320676182844 0.5)
(1.42456238336 0.320935583086 0.5)
(1.43213212053 0.321161572325 0.5)
(1.43970348366 0.32135413692 0.5)
(1.44727621303 0.321513265247 0.5)
(1.4548500488 0.321638947701 0.5)
(1.46242473111 0.321731176694 0.5)
(1.47 0.32178994666 0.5)
(1.1773687436 0.297790175376 0.5)
(1.18474724753 0.29903132897 0.5)
(1.192135277 0.300242225561 0.5)
(1.19953259666 0.301422792054 0.5)
(1.20693897058 0.302572957187 0.5)
(1.21435416227 0.303692651532 0.5)
(1.22177793475 0.304781807499 0.5)
(1.22921005049 0.305840359344 0.5)
(1.23665027147 0.306868243169 0.5)
(1.24409835916 0.307865396927 0.5)
(1.25155407458 0.308831760426 0.5)
(1.25901717827 0.309767275333 0.5)
(1.26648743035 0.310671885178 0.5)
(1.27396459049 0.311545535355 0.5)
(1.28144841794 0.312388173127 0.5)
(1.28893867155 0.313199747629 0.5)
(1.29643510978 0.313980209873 0.5)
(1.30393749074 0.314729512747 0.5)
(1.31144557215 0.31544761102 0.5)
(1.3189591114 0.316134461345 0.5)
(1.32647786556 0.316790022262 0.5)
(1.33400159136 0.317414254198 0.5)
(1.34153004525 0.318007119474 0.5)
(1.34906298339 0.3185685823 0.5)
(1.35660016167 0.319098608787 0.5)
(1.36414133572 0.319597166938 0.5)
(1.37168626093 0.32006422666 0.5)
(1.37923469247 0.320499759759 0.5)
(1.38678638529 0.320903739946 0.5)
(1.39434109414 0.321276142833 0.5)
(1.40189857361 0.321616945942 0.5)
(1.40945857809 0.3219261287 0.5)
(1.41702086185 0.322203672445 0.5)
(1.42458517899 0.322449560423 0.5)
(1.43215128352 0.322663777791 0.5)
(1.43971892932 0.322846311617 0.5)
(1.44728787018 0.322997150885 0.5)
(1.45485785982 0.323116286488 0.5)
(1.46242865189 0.323203711236 0.5)
(1.47 0.32325941985 0.5)
(1.17737629563 0.300794145937 0.5)
(1.18476179002 0.301963887898 0.5)
(1.19215626189 0.303105113737 0.5)
(1.19955948941 0.304217754566 0.5)
(1.20697125024 0.305301743223 0.5)
(1.21439132152 0.306357014275 0.5)
(1.22181947986 0.30738350402 0.5)
(1.22925550142 0.308381150497 0.5)
(1.23669916187 0.309349893484 0.5)
(1.24415023641 0.310289674505 0.5)
(1.25160849981 0.311200436831 0.5)
(1.2590737264 0.312082125486 0.5)
(1.26654569007 0.312934687246 0.5)
(1.27402416433 0.31375807065 0.5)
(1.28150892229 0.314552225994 0.5)
(1.28899973667 0.31531710534 0.5)
(1.29649637984 0.316052662518 0.5)
(1.3039986238 0.316758853128 0.5)
(1.31150624024 0.317435634539 0.5)
(1.31901900049 0.318082965901 0.5)
(1.3265366756 0.318700808137 0.5)
(1.3340590363 0.319289123953 0.5)
(1.34158585305 0.319847877836 0.5)
(1.34911689605 0.320377036057 0.5)
(1.35665193522 0.320876566674 0.5)
(1.36419074026 0.321346439535 0.5)
(1.37173308063 0.321786626275 0.5)
(1.37927872559 0.322197100324 0.5)
(1.38682744418 0.322577836905 0.5)
(1.39437900528 0.322928813033 0.5)
(1.40193317758 0.323250007524 0.5)
(1.40948972961 0.323541400989 0.5)
(1.41704842978 0.323802975838 0.5)
(1.42460904634 0.324034716282 0.5)
(1.43217134745 0.324236608333 0.5)
(1.43973510114 0.324408639802 0.5)
(1.44730007539 0.324550800306 0.5)
(1.45486603807 0.324663081264 0.5)
(1.46243275701 0.324745475897 0.5)
(1.47 0.324797979233 0.5)
(1.17738420272 0.303939345947 0.5)
(1.18477701622 0.305034318909 0.5)
(1.19217823336 0.306102598478 0.5)
(1.19958764651 0.30714412017 0.5)
(1.20700504752 0.308158821113 0.5)
(1.21443022777 0.309146640057 0.5)
(1.22186297818 0.310107517375 0.5)
(1.22930308919 0.311041395063 0.5)
(1.23675035082 0.31194821675 0.5)
(1.24420455264 0.312827927698 0.5)
(1.25166548381 0.313680474802 0.5)
(1.25913293309 0.314505806602 0.5)
(1.26660668882 0.315303873276 0.5)
(1.27408653899 0.316074626652 0.5)
(1.28157227121 0.316818020202 0.5)
(1.28906367273 0.317534009055 0.5)
(1.29656053046 0.318222549989 0.5)
(1.30406263099 0.318883601442 0.5)
(1.31156976059 0.319517123511 0.5)
(1.31908170522 0.320123077954 0.5)
(1.32659825055 0.320701428194 0.5)
(1.33411918197 0.32125213932 0.5)
(1.34164428462 0.321775178088 0.5)
(1.34917334337 0.322270512926 0.5)
(1.35670614286 0.322738113934 0.5)
(1.36424246751 0.323177952886 0.5)
(1.37178210152 0.323590003231 0.5)
(1.37932482889 0.323974240098 0.5)
(1.38687043343 0.324330640291 0.5)
(1.39441869878 0.324659182298 0.5)
(1.40196940843 0.324959846287 0.5)
(1.4095223457 0.325232614107 0.5)
(1.4170772938 0.325477469295 0.5)
(1.42463403579 0.32569439707 0.5)
(1.43219235466 0.325883384337 0.5)
(1.43975203327 0.326044419688 0.5)
(1.44731285441 0.326177493403 0.5)
(1.45487460081 0.326282597449 0.5)
(1.46243705513 0.326359725481 0.5)
(1.47 0.326408872844 0.5)
(1.17739248155 0.307232415205 0.5)
(1.18479295826 0.308249103959 0.5)
(1.19220123781 0.309241007743 0.5)
(1.19961712739 0.310208066682 0.5)
(1.20704043375 0.311150222401 0.5)
(1.21447096318 0.312067418028 0.5)
(1.22190852154 0.312959598198 0.5)
(1.22935291427 0.313826709055 0.5)
(1.23680394639 0.314668698258 0.5)
(1.24426142251 0.315485514982 0.5)
(1.25172514687 0.31627710992 0.5)
(1.25919492333 0.31704343529 0.5)
(1.26667055538 0.317784444832 0.5)
(1.27415184615 0.318500093817 0.5)
(1.28163859843 0.319190339046 0.5)
(1.28913061469 0.319855138854 0.5)
(1.29662769708 0.32049445311 0.5)
(1.30412964743 0.321108243223 0.5)
(1.31163626731 0.321696472144 0.5)
(1.31914735796 0.322259104364 0.5)
(1.32666272039 0.322796105921 0.5)
(1.33418215534 0.323307444399 0.5)
(1.3417054633 0.323793088933 0.5)
(1.34923244451 0.324253010206 0.5)
(1.35676289904 0.324687180458 0.5)
(1.36429662668 0.325095573479 0.5)
(1.37183342709 0.325478164618 0.5)
(1.3793730997 0.32583493078 0.5)
(1.38691544378 0.32616585043 0.5)
(1.39446025844 0.326470903591 0.5)
(1.40200734264 0.326750071851 0.5)
(1.40955649521 0.327003338356 0.5)
(1.41710751484 0.32723068782 0.5)
(1.42466020011 0.327432106519 0.5)
(1.43221434952 0.327607582294 0.5)
(1.43976976145 0.327757104553 0.5)
(1.44732623424 0.32788066427 0.5)
(1.45488356613 0.327978253987 0.5)
(1.46244155533 0.328049867813 0.5)
(1.47 0.328095501425 0.5)
(1.17740114961 0.310680305672 0.5)
(1.18480964981 0.311615029745 0.5)
(1.19222532379 0.312526966994 0.5)
(1.19964799429 0.31341606237 0.5)
(1.20707748363 0.314282262204 0.5)
(1.21451361373 0.31512551421 0.5)
(1.22195620609 0.315945767487 0.5)
(1.22940508183 0.31674297252 0.5)
(1.2368600617 0.317517081188 0.5)
(1.24432096607 0.318268046763 0.5)
(1.25178761495 0.318995823914 0.5)
(1.25925982801 0.319700368709 0.5)
(1.26673742458 0.32038163862 0.5)
(1.27422022367 0.321039592523 0.5)
(1.28170804397 0.321674190702 0.5)
(1.28920070388 0.32228539485 0.5)
(1.29669802148 0.322873168072 0.5)
(1.3041998146 0.323437474889 0.5)
(1.31170590079 0.323978281237 0.5)
(1.31921609732 0.324495554472 0.5)
(1.32673022125 0.324989263367 0.5)
(1.33424808936 0.325459378123 0.5)
(1.34176951825 0.32590587036 0.5)
(1.34929432426 0.326328713127 0.5)
(1.35682232356 0.3267278809 0.5)
(1.36435333211 0.327103349584 0.5)
(1.3718871657 0.327455096513 0.5)
(1.37942363993 0.327783100456 0.5)
(1.38696257026 0.328087341613 0.5)
(1.394503772 0.328367801618 0.5)
(1.40204706031 0.328624463543 0.5)
(1.40959225023 0.328857311894 0.5)
(1.41713915669 0.329066332615 0.5)
(1.42468759452 0.32925151309 0.5)
(1.43223737844 0.32941284214 0.5)
(1.43978832311 0.329550310027 0.5)
(1.4473402431 0.329663908453 0.5)
(1.45489295294 0.329753630561 0.5)
(1.46244626709 0.329819470934 0.5)
(1.47 0.329861425599 0.5)
(1.17741022519 0.314290296154 0.5)
(1.1848271261 0.315139202037 0.5)
(1.19225054216 0.315967413182 0.5)
(1.19968031238 0.316774879596 0.5)
(1.20711627539 0.317561552537 0.5)
(1.21455826946 0.318327384518 0.5)
(1.22200613249 0.319072329312 0.5)
(1.22945970202 0.319796341951 0.5)
(1.23691881524 0.32049937873 0.5)
(1.24438330903 0.321181397213 0.5)
(1.25185301992 0.32184235623 0.5)
(1.25932778413 0.322482215884 0.5)
(1.26680743759 0.323100937549 0.5)
(1.27429181591 0.323698483879 0.5)
(1.28178075445 0.324274818802 0.5)
(1.28927408826 0.32482990753 0.5)
(1.29677165214 0.325363716556 0.5)
(1.30427328063 0.325876213656 0.5)
(1.31177880803 0.326367367894 0.5)
(1.31928806841 0.326837149623 0.5)
(1.3268008956 0.327285530486 0.5)
(1.33431712322 0.327712483416 0.5)
(1.34183658469 0.32811798264 0.5)
(1.34935911324 0.328502003682 0.5)
(1.35688454188 0.328864523361 0.5)
(1.3644127035 0.329205519794 0.5)
(1.37194343078 0.329524972396 0.5)
(1.37947655627 0.329822861885 0.5)
(1.38701191236 0.33009917028 0.5)
(1.39454933131 0.3303538809 0.5)
(1.40208864527 0.330586978371 0.5)
(1.40962968625 0.330798448623 0.5)
(1.41717228617 0.33098827889 0.5)
(1.42471627686 0.331156457713 0.5)
(1.43226149006 0.33130297494 0.5)
(1.43980775743 0.331427821728 0.5)
(1.44735491058 0.33153099054 0.5)
(1.45490278106 0.331612475148 0.5)
(1.46245120038 0.331672270634 0.5)
(1.47 0.331710373388 0.5)
(1.17741972745 0.318070007663 0.5)
(1.18484542402 0.318829060677 0.5)
(1.19227694615 0.319569609398 0.5)
(1.19971414987 0.320291609125 0.5)
(1.20715689091 0.320995016274 0.5)
(1.21460502465 0.321679788385 0.5)
(1.22205840614 0.322345884123 0.5)
(1.22951689013 0.322993263281 0.5)
(1.23698033103 0.323621886781 0.5)
(1.24444858299 0.324231716675 0.5)
(1.25192149985 0.324822716154 0.5)
(1.25939893515 0.325394849541 0.5)
(1.2668807422 0.325948082302 0.5)
(1.27436677401 0.326482381041 0.5)
(1.28185688336 0.326997713505 0.5)
(1.28935092275 0.327494048588 0.5)
(1.29684874448 0.32797135633 0.5)
(1.3043502006 0.328429607917 0.5)
(1.31185514296 0.328868775689 0.5)
(1.31936342317 0.329288833136 0.5)
(1.32687489265 0.329689754901 0.5)
(1.33438940266 0.330071516784 0.5)
(1.34190680422 0.33043409574 0.5)
(1.34942694822 0.330777469882 0.5)
(1.35694968536 0.331101618484 0.5)
(1.36447486619 0.331406521978 0.5)
(1.37200234113 0.331692161959 0.5)
(1.37953196044 0.331958521186 0.5)
(1.38706357424 0.33220558358 0.5)
(1.39459703257 0.332433334227 0.5)
(1.40213218532 0.33264175938 0.5)
(1.40966888229 0.332830846456 0.5)
(1.41720697321 0.333000584043 0.5)
(1.42474630768 0.333150961894 0.5)
(1.43228673526 0.333281970933 0.5)
(1.43982810544 0.33339360325 0.5)
(1.44737026765 0.333485852107 0.5)
(1.45491307125 0.333558711936 0.5)
(1.4624563656 0.333612178339 0.5)
(1.47 0.333646248088 0.5)
(1.17742967645 0.322027419507 0.5)
(1.18486458221 0.322692395286 0.5)
(1.1923045915 0.3233411602 0.5)
(1.19974957821 0.323973675086 0.5)
(1.20719941595 0.324589901763 0.5)
(1.214653978 0.325189803035 0.5)
(1.22211313741 0.325773342688 0.5)
(1.2295767669 0.326340485499 0.5)
(1.23704473895 0.326891197232 0.5)
(1.24451692577 0.327425444646 0.5)
(1.25199319931 0.32794319549 0.5)
(1.25947343129 0.328444418511 0.5)
(1.26695749318 0.328929083455 0.5)
(1.27444525621 0.329397161064 0.5)
(1.28193659141 0.329848623084 0.5)
(1.28943136956 0.330283442264 0.5)
(1.29692946126 0.330701592355 0.5)
(1.30443073692 0.331103048117 0.5)
(1.31193506671 0.331487785318 0.5)
(1.31944232067 0.331855780731 0.5)
(1.32695236863 0.332207012145 0.5)
(1.33446508026 0.332541458357 0.5)
(1.34198032506 0.33285909918 0.5)
(1.34949797241 0.333159915438 0.5)
(1.3570178915 0.333443888975 0.5)
(1.36453995142 0.333711002648 0.5)
(1.37206402111 0.333961240334 0.5)
(1.37958996938 0.334194586926 0.5)
(1.38711766497 0.33441102834 0.5)
(1.39464697646 0.334610551511 0.5)
(1.40217777237 0.334793144394 0.5)
(1.40970992111 0.334958795967 0.5)
(1.41724329102 0.335107496232 0.5)
(1.42477775037 0.335239236212 0.5)
(1.43231316735 0.335354007955 0.5)
(1.4398494101 0.335451804532 0.5)
(1.44738634671 0.335532620041 0.5)
(1.45492384522 0.335596449604 0.5)
(1.46246177366 0.335643289366 0.5)
(1.47 0.335673136501 0.5)
(1.17744009319 0.326170886136 0.5)
(1.18488464111 0.326737361708 0.5)
(1.19233353658 0.327290027666 0.5)
(1.19978667219 0.327828850648 0.5)
(1.20724394026 0.328353798129 0.5)
(1.21470523286 0.328864838421 0.5)
(1.22217044182 0.329361940677 0.5)
(1.22963945872 0.329845074888 0.5)
(1.23711217495 0.330314211892 0.5)
(1.24458848162 0.33076932337 0.5)
(1.25206826967 0.331210381849 0.5)
(1.25955142981 0.331637360706 0.5)
(1.26703785255 0.332050234167 0.5)
(1.27452742819 0.33244897731 0.5)
(1.28202004687 0.332833566064 0.5)
(1.28951559851 0.333203977215 0.5)
(1.29701397289 0.333560188403 0.5)
(1.30451505958 0.333902178127 0.5)
(1.31201874802 0.334229925742 0.5)
(1.31952492748 0.334543411465 0.5)
(1.32703348708 0.334842616372 0.5)
(1.33454431578 0.335127522403 0.5)
(1.34205730244 0.335398112359 0.5)
(1.34957233575 0.335654369907 0.5)
(1.35708930431 0.335896279578 0.5)
(1.36460809658 0.336123826769 0.5)
(1.37212860092 0.336336997746 0.5)
(1.37965070558 0.336535779639 0.5)
(1.38717429873 0.336720160451 0.5)
(1.39469926843 0.336890129051 0.5)
(1.40222550266 0.33704567518 0.5)
(1.40975288934 0.337186789448 0.5)
(1.4172813163 0.337313463336 0.5)
(1.42481067132 0.337425689199 0.5)
(1.43234084213 0.337523460262 0.5)
(1.43987171638 0.337606770623 0.5)
(1.44740318172 0.337675615253 0.5)
(1.45493512573 0.337729989997 0.5)
(1.46246743597 0.337769891573 0.5)
(1.47 0.337795317571 0.5)
(1.17745099968 0.330509154776 0.5)
(1.18490564306 0.330972499229 0.5)
(1.19236384249 0.33142454821 0.5)
(1.19982551012 0.331865274433 0.5)
(1.20729055785 0.332294651293 0.5)
(1.21475889743 0.332712652873 0.5)
(1.22223044035 0.33311925394 0.5)
(1.22970509796 0.333514429949 0.5)
(1.2371827814 0.333898157048 0.5)
(1.24466340162 0.334270412073 0.5)
(1.25214686941 0.334631172553 0.5)
(1.25963309537 0.334980416712 0.5)
(1.26712198995 0.335318123467 0.5)
(1.27461346343 0.335644272434 0.5)
(1.28210742593 0.335958843925 0.5)
(1.28960378743 0.336261818952 0.5)
(1.29710245776 0.336553179226 0.5)
(1.30460334662 0.336832907159 0.5)
(1.31210636355 0.337100985867 0.5)
(1.31961141799 0.337357399166 0.5)
(1.32711841925 0.337602131579 0.5)
(1.33462727651 0.337835168333 0.5)
(1.34213789884 0.338056495361 0.5)
(1.34965019523 0.338266099303 0.5)
(1.35716407453 0.338463967507 0.5)
(1.36467944553 0.338650088028 0.5)
(1.3721962169 0.338824449631 0.5)
(1.37971429725 0.338987041793 0.5)
(1.38723359508 0.339137854697 0.5)
(1.39475401886 0.33927687924 0.5)
(1.40227547696 0.339404107031 0.5)
(1.40979787768 0.33951953039 0.5)
(1.41732112931 0.339623142348 0.5)
(1.42484514003 0.339714936652 0.5)
(1.43236981801 0.339794907761 0.5)
(1.43989507137 0.339863050847 0.5)
(1.44742080821 0.339919361797 0.5)
(1.45494693657 0.339963837211 0.5)
(1.4624733645 0.339996474406 0.5)
(1.47 0.340017271411 0.5)
(1.17746241892 0.335051383902 0.5)
(1.1849276324 0.3354067486 0.5)
(1.19239557322 0.335753450172 0.5)
(1.19986617398 0.336091467689 0.5)
(1.20733936714 0.336420780748 0.5)
(1.21481508499 0.336741369469 0.5)
(1.22229325967 0.337053214501 0.5)
(1.22977382318 0.337356297019 0.5)
(1.23725670737 0.33765059873 0.5)
(1.24474184394 0.337936101867 0.5)
(1.25222916446 0.338212789197 0.5)
(1.25971860038 0.338480644017 0.5)
(1.26721008302 0.33873965016 0.5)
(1.27470354355 0.33898979199 0.5)
(1.28219891306 0.339231054409 0.5)
(1.28969612249 0.339463422852 0.5)
(1.29719510269 0.339686883294 0.5)
(1.3046957844 0.339901422245 0.5)
(1.31219809826 0.340107026755 0.5)
(1.31970197479 0.340303684412 0.5)
(1.32720734444 0.340491383347 0.5)
(1.33471413757 0.340670112229 0.5)
(1.34222228443 0.340839860269 0.5)
(1.34973171522 0.341000617221 0.5)
(1.35724236003 0.34115237338 0.5)
(1.3647541489 0.341295119587 0.5)
(1.3722670118 0.341428847224 0.5)
(1.37978087863 0.341553548219 0.5)
(1.38729567921 0.341669215045 0.5)
(1.39481134335 0.341775840721 0.5)
(1.40232780076 0.341873418808 0.5)
(1.40984498113 0.341961943418 0.5)
(1.41736281409 0.342041409207 0.5)
(1.42488122925 0.342111811377 0.5)
(1.43240015617 0.34217314568 0.5)
(1.43991952439 0.342225408413 0.5)
(1.4474392634 0.34226859642 0.5)
(1.4549593027 0.342302707096 0.5)
(1.46247957175 0.342327738381 0.5)
(1.47 0.342343688764 0.5)
(1.17747437503 0.339807162562 0.5)
(1.18495065555 0.340049470919 0.5)
(1.19242879573 0.340285872252 0.5)
(1.19990874962 0.340516352289 0.5)
(1.20739047116 0.34074089712 0.5)
(1.21487391417 0.340959493189 0.5)
(1.2223590324 0.341172127301 0.5)
(1.22984577947 0.341378786622 0.5)
(1.23733410891 0.341579458676 0.5)
(1.24482397415 0.341774131349 0.5)
(1.25231532855 0.341962792892 0.5)
(1.25980812534 0.342145431915 0.5)
(1.26730231771 0.342322037394 0.5)
(1.27479785872 0.342492598669 0.5)
(1.28229470138 0.342657105443 0.5)
(1.28979279861 0.342815547787 0.5)
(1.29729210325 0.342967916136 0.5)
(1.30479256808 0.343114201292 0.5)
(1.3122941458 0.343254394427 0.5)
(1.31979678905 0.343388487076 0.5)
(1.32730045039 0.343516471146 0.5)
(1.33480508234 0.343638338912 0.5)
(1.34231063734 0.343754083016 0.5)
(1.3498170678 0.343863696472 0.5)
(1.35732432606 0.343967172663 0.5)
(1.3648323644 0.344064505344 0.5)
(1.37234113507 0.344155688639 0.5)
(1.37985059028 0.344240717043 0.5)
(1.38736068218 0.344319585424 0.5)
(1.3948713629 0.344392289022 0.5)
(1.40238258452 0.344458823448 0.5)
(1.4098942991 0.344519184685 0.5)
(1.41740645865 0.34457336909 0.5)
(1.42491901518 0.344621373391 0.5)
(1.43243192066 0.344663194693 0.5)
(1.43994512704 0.344698830469 0.5)
(1.44745858625 0.344728278569 0.5)
(1.45497225021 0.344751537215 0.5)
(1.46248607083 0.344768605003 0.5)
(1.47 0.344779480904 0.5)
(1.17748689325 0.344786530632 0.5)
(1.18497476112 0.344910467387 0.5)
(1.19246358018 0.345031382795 0.5)
(1.19995332693 0.345149269559 0.5)
(1.20744397779 0.345264120561 0.5)
(1.21493550916 0.34537592887 0.5)
(1.22242789738 0.345484687735 0.5)
(1.22992111872 0.345590390592 0.5)
(1.23741514942 0.34569303106 0.5)
(1.24490996566 0.345792602943 0.5)
(1.25240554358 0.345889100231 0.5)
(1.25990185926 0.3459825171 0.5)
(1.26739888875 0.346072847909 0.5)
(1.27489660805 0.346160087207 0.5)
(1.28239499312 0.346244229727 0.5)
(1.28989401988 0.34632527039 0.5)
(1.29739366422 0.346403204304 0.5)
(1.30489390197 0.346478026766 0.5)
(1.31239470895 0.346549733257 0.5)
(1.31989606093 0.346618319451 0.5)
(1.32739793364 0.346683781206 0.5)
(1.33490030281 0.346746114571 0.5)
(1.3424031441 0.346805315784 0.5)
(1.34990643318 0.346861381271 0.5)
(1.35741014566 0.346914307648 0.5)
(1.36491425714 0.34696409172 0.5)
(1.37241874319 0.347010730481 0.5)
(1.37992357938 0.347054221117 0.5)
(1.38742874122 0.347094561002 0.5)
(1.39493420423 0.347131747701 0.5)
(1.40243994391 0.34716577897 0.5)
(1.40994593572 0.347196652754 0.5)
(1.41745215513 0.347224367189 0.5)
(1.42495857759 0.347248920603 0.5)
(1.43246517853 0.347270311514 0.5)
(1.43997193338 0.34728853863 0.5)
(1.44747881754 0.34730360085 0.5)
(1.45498580644 0.347315497267 0.5)
(1.46249287546 0.347324227161 0.5)
(1.47 0.347329790006 0.5)
(1.1775 0.35 0.5)
(1.185 0.35 0.5)
(1.1925 0.35 0.5)
(1.2 0.35 0.5)
(1.2075 0.35 0.5)
(1.215 0.35 0.5)
(1.2225 0.35 0.5)
(1.23 0.35 0.5)
(1.2375 0.35 0.5)
(1.245 0.35 0.5)
(1.2525 0.35 0.5)
(1.26 0.35 0.5)
(1.2675 0.35 0.5)
(1.275 0.35 0.5)
(1.2825 0.35 0.5)
(1.29 0.35 0.5)
(1.2975 0.35 0.5)
(1.305 0.35 0.5)
(1.3125 0.35 0.5)
(1.32 0.35 0.5)
(1.3275 0.35 0.5)
(1.335 0.35 0.5)
(1.3425 0.35 0.5)
(1.35 0.35 0.5)
(1.3575 0.35 0.5)
(1.365 0.35 0.5)
(1.3725 0.35 0.5)
(1.38 0.35 0.5)
(1.3875 0.35 0.5)
(1.395 0.35 0.5)
(1.4025 0.35 0.5)
(1.41 0.35 0.5)
(1.4175 0.35 0.5)
(1.425 0.35 0.5)
(1.4325 0.35 0.5)
(1.44 0.35 0.5)
(1.4475 0.35 0.5)
(1.455 0.35 0.5)
(1.4625 0.35 0.5)
(1.47 0.35 0.5)
(1.1775 0.365 -0.5)
(1.185 0.365 -0.5)
(1.1925 0.365 -0.5)
(1.2 0.365 -0.5)
(1.2075 0.365 -0.5)
(1.215 0.365 -0.5)
(1.2225 0.365 -0.5)
(1.23 0.365 -0.5)
(1.2375 0.365 -0.5)
(1.245 0.365 -0.5)
(1.2525 0.365 -0.5)
(1.26 0.365 -0.5)
(1.2675 0.365 -0.5)
(1.275 0.365 -0.5)
(1.2825 0.365 -0.5)
(1.29 0.365 -0.5)
(1.2975 0.365 -0.5)
(1.305 0.365 -0.5)
(1.3125 0.365 -0.5)
(1.32 0.365 -0.5)
(1.3275 0.365 -0.5)
(1.335 0.365 -0.5)
(1.3425 0.365 -0.5)
(1.35 0.365 -0.5)
(1.3575 0.365 -0.5)
(1.365 0.365 -0.5)
(1.3725 0.365 -0.5)
(1.38 0.365 -0.5)
(1.3875 0.365 -0.5)
(1.395 0.365 -0.5)
(1.4025 0.365 -0.5)
(1.41 0.365 -0.5)
(1.4175 0.365 -0.5)
(1.425 0.365 -0.5)
(1.4325 0.365 -0.5)
(1.44 0.365 -0.5)
(1.4475 0.365 -0.5)
(1.455 0.365 -0.5)
(1.4625 0.365 -0.5)
(1.47 0.365 -0.5)
(1.1775 0.38 -0.5)
(1.185 0.38 -0.5)
(1.1925 0.38 -0.5)
(1.2 0.38 -0.5)
(1.2075 0.38 -0.5)
(1.215 0.38 -0.5)
(1.2225 0.38 -0.5)
(1.23 0.38 -0.5)
(1.2375 0.38 -0.5)
(1.245 0.38 -0.5)
(1.2525 0.38 -0.5)
(1.26 0.38 -0.5)
(1.2675 0.38 -0.5)
(1.275 0.38 -0.5)
(1.2825 0.38 -0.5)
(1.29 0.38 -0.5)
(1.2975 0.38 -0.5)
(1.305 0.38 -0.5)
(1.3125 0.38 -0.5)
(1.32 0.38 -0.5)
(1.3275 0.38 -0.5)
(1.335 0.38 -0.5)
(1.3425 0.38 -0.5)
(1.35 0.38 -0.5)
(1.3575 0.38 -0.5)
(1.365 0.38 -0.5)
(1.3725 0.38 -0.5)
(1.38 0.38 -0.5)
(1.3875 0.38 -0.5)
(1.395 0.38 -0.5)
(1.4025 0.38 -0.5)
(1.41 0.38 -0.5)
(1.4175 0.38 -0.5)
(1.425 0.38 -0.5)
(1.4325 0.38 -0.5)
(1.44 0.38 -0.5)
(1.4475 0.38 -0.5)
(1.455 0.38 -0.5)
(1.4625 0.38 -0.5)
(1.47 0.38 -0.5)
(1.1775 0.395 -0.5)
(1.185 0.395 -0.5)
(1.1925 0.395 -0.5)
(1.2 0.395 -0.5)
(1.2075 0.395 -0.5)
(1.215 0.395 -0.5)
(1.2225 0.395 -0.5)
(1.23 0.395 -0.5)
(1.2375 0.395 -0.5)
(1.245 0.395 -0.5)
(1.2525 0.395 -0.5)
(1.26 0.395 -0.5)
(1.2675 0.395 -0.5)
(1.275 0.395 -0.5)
(1.2825 0.395 -0.5)
(1.29 0.395 -0.5)
(1.2975 0.395 -0.5)
(1.305 0.395 -0.5)
(1.3125 0.395 -0.5)
(1.32 0.395 -0.5)
(1.3275 0.395 -0.5)
(1.335 0.395 -0.5)
(1.3425 0.395 -0.5)
(1.35 0.395 -0.5)
(1.3575 0.395 -0.5)
(1.365 0.395 -0.5)
(1.3725 0.395 -0.5)
(1.38 0.395 -0.5)
(1.3875 0.395 -0.5)
(1.395 0.395 -0.5)
(1.4025 0.395 -0.5)
(1.41 0.395 -0.5)
(1.4175 0.395 -0.5)
(1.425 0.395 -0.5)
(1.4325 0.395 -0.5)
(1.44 0.395 -0.5)
(1.4475 0.395 -0.5)
(1.455 0.395 -0.5)
(1.4625 0.395 -0.5)
(1.47 0.395 -0.5)
(1.1775 0.41 -0.5)
(1.185 0.41 -0.5)
(1.1925 0.41 -0.5)
(1.2 0.41 -0.5)
(1.2075 0.41 -0.5)
(1.215 0.41 -0.5)
(1.2225 0.41 -0.5)
(1.23 0.41 -0.5)
(1.2375 0.41 -0.5)
(1.245 0.41 -0.5)
(1.2525 0.41 -0.5)
(1.26 0.41 -0.5)
(1.2675 0.41 -0.5)
(1.275 0.41 -0.5)
(1.2825 0.41 -0.5)
(1.29 0.41 -0.5)
(1.2975 0.41 -0.5)
(1.305 0.41 -0.5)
(1.3125 0.41 -0.5)
(1.32 0.41 -0.5)
(1.3275 0.41 -0.5)
(1.335 0.41 -0.5)
(1.3425 0.41 -0.5)
(1.35 0.41 -0.5)
(1.3575 0.41 -0.5)
(1.365 0.41 -0.5)
(1.3725 0.41 -0.5)
(1.38 0.41 -0.5)
(1.3875 0.41 -0.5)
(1.395 0.41 -0.5)
(1.4025 0.41 -0.5)
(1.41 0.41 -0.5)
(1.4175 0.41 -0.5)
(1.425 0.41 -0.5)
(1.4325 0.41 -0.5)
(1.44 0.41 -0.5)
(1.4475 0.41 -0.5)
(1.455 0.41 -0.5)
(1.4625 0.41 -0.5)
(1.47 0.41 -0.5)
(1.1775 0.425 -0.5)
(1.185 0.425 -0.5)
(1.1925 0.425 -0.5)
(1.2 0.425 -0.5)
(1.2075 0.425 -0.5)
(1.215 0.425 -0.5)
(1.2225 0.425 -0.5)
(1.23 0.425 -0.5)
(1.2375 0.425 -0.5)
(1.245 0.425 -0.5)
(1.2525 0.425 -0.5)
(1.26 0.425 -0.5)
(1.2675 0.425 -0.5)
(1.275 0.425 -0.5)
(1.2825 0.425 -0.5)
(1.29 0.425 -0.5)
(1.2975 0.425 -0.5)
(1.305 0.425 -0.5)
(1.3125 0.425 -0.5)
(1.32 0.425 -0.5)
(1.3275 0.425 -0.5)
(1.335 0.425 -0.5)
(1.3425 0.425 -0.5)
(1.35 0.425 -0.5)
(1.3575 0.425 -0.5)
(1.365 0.425 -0.5)
(1.3725 0.425 -0.5)
(1.38 0.425 -0.5)
(1.3875 0.425 -0.5)
(1.395 0.425 -0.5)
(1.4025 0.425 -0.5)
(1.41 0.425 -0.5)
(1.4175 0.425 -0.5)
(1.425 0.425 -0.5)
(1.4325 0.425 -0.5)
(1.44 0.425 -0.5)
(1.4475 0.425 -0.5)
(1.455 0.425 -0.5)
(1.4625 0.425 -0.5)
(1.47 0.425 -0.5)
(1.1775 0.44 -0.5)
(1.185 0.44 -0.5)
(1.1925 0.44 -0.5)
(1.2 0.44 -0.5)
(1.2075 0.44 -0.5)
(1.215 0.44 -0.5)
(1.2225 0.44 -0.5)
(1.23 0.44 -0.5)
(1.2375 0.44 -0.5)
(1.245 0.44 -0.5)
(1.2525 0.44 -0.5)
(1.26 0.44 -0.5)
(1.2675 0.44 -0.5)
(1.275 0.44 -0.5)
(1.2825 0.44 -0.5)
(1.29 0.44 -0.5)
(1.2975 0.44 -0.5)
(1.305 0.44 -0.5)
(1.3125 0.44 -0.5)
(1.32 0.44 -0.5)
(1.3275 0.44 -0.5)
(1.335 0.44 -0.5)
(1.3425 0.44 -0.5)
(1.35 0.44 -0.5)
(1.3575 0.44 -0.5)
(1.365 0.44 -0.5)
(1.3725 0.44 -0.5)
(1.38 0.44 -0.5)
(1.3875 0.44 -0.5)
(1.395 0.44 -0.5)
(1.4025 0.44 -0.5)
(1.41 0.44 -0.5)
(1.4175 0.44 -0.5)
(1.425 0.44 -0.5)
(1.4325 0.44 -0.5)
(1.44 0.44 -0.5)
(1.4475 0.44 -0.5)
(1.455 0.44 -0.5)
(1.4625 0.44 -0.5)
(1.47 0.44 -0.5)
(1.1775 0.455 -0.5)
(1.185 0.455 -0.5)
(1.1925 0.455 -0.5)
(1.2 0.455 -0.5)
(1.2075 0.455 -0.5)
(1.215 0.455 -0.5)
(1.2225 0.455 -0.5)
(1.23 0.455 -0.5)
(1.2375 0.455 -0.5)
(1.245 0.455 -0.5)
(1.2525 0.455 -0.5)
(1.26 0.455 -0.5)
(1.2675 0.455 -0.5)
(1.275 0.455 -0.5)
(1.2825 0.455 -0.5)
(1.29 0.455 -0.5)
(1.2975 0.455 -0.5)
(1.305 0.455 -0.5)
(1.3125 0.455 -0.5)
(1.32 0.455 -0.5)
(1.3275 0.455 -0.5)
(1.335 0.455 -0.5)
(1.3425 0.455 -0.5)
(1.35 0.455 -0.5)
(1.3575 0.455 -0.5)
(1.365 0.455 -0.5)
(1.3725 0.455 -0.5)
(1.38 0.455 -0.5)
(1.3875 0.455 -0.5)
(1.395 0.455 -0.5)
(1.4025 0.455 -0.5)
(1.41 0.455 -0.5)
(1.4175 0.455 -0.5)
(1.425 0.455 -0.5)
(1.4325 0.455 -0.5)
(1.44 0.455 -0.5)
(1.4475 0.455 -0.5)
(1.455 0.455 -0.5)
(1.4625 0.455 -0.5)
(1.47 0.455 -0.5)
(1.1775 0.47 -0.5)
(1.185 0.47 -0.5)
(1.1925 0.47 -0.5)
(1.2 0.47 -0.5)
(1.2075 0.47 -0.5)
(1.215 0.47 -0.5)
(1.2225 0.47 -0.5)
(1.23 0.47 -0.5)
(1.2375 0.47 -0.5)
(1.245 0.47 -0.5)
(1.2525 0.47 -0.5)
(1.26 0.47 -0.5)
(1.2675 0.47 -0.5)
(1.275 0.47 -0.5)
(1.2825 0.47 -0.5)
(1.29 0.47 -0.5)
(1.2975 0.47 -0.5)
(1.305 0.47 -0.5)
(1.3125 0.47 -0.5)
(1.32 0.47 -0.5)
(1.3275 0.47 -0.5)
(1.335 0.47 -0.5)
(1.3425 0.47 -0.5)
(1.35 0.47 -0.5)
(1.3575 0.47 -0.5)
(1.365 0.47 -0.5)
(1.3725 0.47 -0.5)
(1.38 0.47 -0.5)
(1.3875 0.47 -0.5)
(1.395 0.47 -0.5)
(1.4025 0.47 -0.5)
(1.41 0.47 -0.5)
(1.4175 0.47 -0.5)
(1.425 0.47 -0.5)
(1.4325 0.47 -0.5)
(1.44 0.47 -0.5)
(1.4475 0.47 -0.5)
(1.455 0.47 -0.5)
(1.4625 0.47 -0.5)
(1.47 0.47 -0.5)
(1.1775 0.485 -0.5)
(1.185 0.485 -0.5)
(1.1925 0.485 -0.5)
(1.2 0.485 -0.5)
(1.2075 0.485 -0.5)
(1.215 0.485 -0.5)
(1.2225 0.485 -0.5)
(1.23 0.485 -0.5)
(1.2375 0.485 -0.5)
(1.245 0.485 -0.5)
(1.2525 0.485 -0.5)
(1.26 0.485 -0.5)
(1.2675 0.485 -0.5)
(1.275 0.485 -0.5)
(1.2825 0.485 -0.5)
(1.29 0.485 -0.5)
(1.2975 0.485 -0.5)
(1.305 0.485 -0.5)
(1.3125 0.485 -0.5)
(1.32 0.485 -0.5)
(1.3275 0.485 -0.5)
(1.335 0.485 -0.5)
(1.3425 0.485 -0.5)
(1.35 0.485 -0.5)
(1.3575 0.485 -0.5)
(1.365 0.485 -0.5)
(1.3725 0.485 -0.5)
(1.38 0.485 -0.5)
(1.3875 0.485 -0.5)
(1.395 0.485 -0.5)
(1.4025 0.485 -0.5)
(1.41 0.485 -0.5)
(1.4175 0.485 -0.5)
(1.425 0.485 -0.5)
(1.4325 0.485 -0.5)
(1.44 0.485 -0.5)
(1.4475 0.485 -0.5)
(1.455 0.485 -0.5)
(1.4625 0.485 -0.5)
(1.47 0.485 -0.5)
(1.1775 0.5 -0.5)
(1.185 0.5 -0.5)
(1.1925 0.5 -0.5)
(1.2 0.5 -0.5)
(1.2075 0.5 -0.5)
(1.215 0.5 -0.5)
(1.2225 0.5 -0.5)
(1.23 0.5 -0.5)
(1.2375 0.5 -0.5)
(1.245 0.5 -0.5)
(1.2525 0.5 -0.5)
(1.26 0.5 -0.5)
(1.2675 0.5 -0.5)
(1.275 0.5 -0.5)
(1.2825 0.5 -0.5)
(1.29 0.5 -0.5)
(1.2975 0.5 -0.5)
(1.305 0.5 -0.5)
(1.3125 0.5 -0.5)
(1.32 0.5 -0.5)
(1.3275 0.5 -0.5)
(1.335 0.5 -0.5)
(1.3425 0.5 -0.5)
(1.35 0.5 -0.5)
(1.3575 0.5 -0.5)
(1.365 0.5 -0.5)
(1.3725 0.5 -0.5)
(1.38 0.5 -0.5)
(1.3875 0.5 -0.5)
(1.395 0.5 -0.5)
(1.4025 0.5 -0.5)
(1.41 0.5 -0.5)
(1.4175 0.5 -0.5)
(1.425 0.5 -0.5)
(1.4325 0.5 -0.5)
(1.44 0.5 -0.5)
(1.4475 0.5 -0.5)
(1.455 0.5 -0.5)
(1.4625 0.5 -0.5)
(1.47 0.5 -0.5)
(1.1775 0.365 0.5)
(1.185 0.365 0.5)
(1.1925 0.365 0.5)
(1.2 0.365 0.5)
(1.2075 0.365 0.5)
(1.215 0.365 0.5)
(1.2225 0.365 0.5)
(1.23 0.365 0.5)
(1.2375 0.365 0.5)
(1.245 0.365 0.5)
(1.2525 0.365 0.5)
(1.26 0.365 0.5)
(1.2675 0.365 0.5)
(1.275 0.365 0.5)
(1.2825 0.365 0.5)
(1.29 0.365 0.5)
(1.2975 0.365 0.5)
(1.305 0.365 0.5)
(1.3125 0.365 0.5)
(1.32 0.365 0.5)
(1.3275 0.365 0.5)
(1.335 0.365 0.5)
(1.3425 0.365 0.5)
(1.35 0.365 0.5)
(1.3575 0.365 0.5)
(1.365 0.365 0.5)
(1.3725 0.365 0.5)
(1.38 0.365 0.5)
(1.3875 0.365 0.5)
(1.395 0.365 0.5)
(1.4025 0.365 0.5)
(1.41 0.365 0.5)
(1.4175 0.365 0.5)
(1.425 0.365 0.5)
(1.4325 0.365 0.5)
(1.44 0.365 0.5)
(1.4475 0.365 0.5)
(1.455 0.365 0.5)
(1.4625 0.365 0.5)
(1.47 0.365 0.5)
(1.1775 0.38 0.5)
(1.185 0.38 0.5)
(1.1925 0.38 0.5)
(1.2 0.38 0.5)
(1.2075 0.38 0.5)
(1.215 0.38 0.5)
(1.2225 0.38 0.5)
(1.23 0.38 0.5)
(1.2375 0.38 0.5)
(1.245 0.38 0.5)
(1.2525 0.38 0.5)
(1.26 0.38 0.5)
(1.2675 0.38 0.5)
(1.275 0.38 0.5)
(1.2825 0.38 0.5)
(1.29 0.38 0.5)
(1.2975 0.38 0.5)
(1.305 0.38 0.5)
(1.3125 0.38 0.5)
(1.32 0.38 0.5)
(1.3275 0.38 0.5)
(1.335 0.38 0.5)
(1.3425 0.38 0.5)
(1.35 0.38 0.5)
(1.3575 0.38 0.5)
(1.365 0.38 0.5)
(1.3725 0.38 0.5)
(1.38 0.38 0.5)
(1.3875 0.38 0.5)
(1.395 0.38 0.5)
(1.4025 0.38 0.5)
(1.41 0.38 0.5)
(1.4175 0.38 0.5)
(1.425 0.38 0.5)
(1.4325 0.38 0.5)
(1.44 0.38 0.5)
(1.4475 0.38 0.5)
(1.455 0.38 0.5)
(1.4625 0.38 0.5)
(1.47 0.38 0.5)
(1.1775 0.395 0.5)
(1.185 0.395 0.5)
(1.1925 0.395 0.5)
(1.2 0.395 0.5)
(1.2075 0.395 0.5)
(1.215 0.395 0.5)
(1.2225 0.395 0.5)
(1.23 0.395 0.5)
(1.2375 0.395 0.5)
(1.245 0.395 0.5)
(1.2525 0.395 0.5)
(1.26 0.395 0.5)
(1.2675 0.395 0.5)
(1.275 0.395 0.5)
(1.2825 0.395 0.5)
(1.29 0.395 0.5)
(1.2975 0.395 0.5)
(1.305 0.395 0.5)
(1.3125 0.395 0.5)
(1.32 0.395 0.5)
(1.3275 0.395 0.5)
(1.335 0.395 0.5)
(1.3425 0.395 0.5)
(1.35 0.395 0.5)
(1.3575 0.395 0.5)
(1.365 0.395 0.5)
(1.3725 0.395 0.5)
(1.38 0.395 0.5)
(1.3875 0.395 0.5)
(1.395 0.395 0.5)
(1.4025 0.395 0.5)
(1.41 0.395 0.5)
(1.4175 0.395 0.5)
(1.425 0.395 0.5)
(1.4325 0.395 0.5)
(1.44 0.395 0.5)
(1.4475 0.395 0.5)
(1.455 0.395 0.5)
(1.4625 0.395 0.5)
(1.47 0.395 0.5)
(1.1775 0.41 0.5)
(1.185 0.41 0.5)
(1.1925 0.41 0.5)
(1.2 0.41 0.5)
(1.2075 0.41 0.5)
(1.215 0.41 0.5)
(1.2225 0.41 0.5)
(1.23 0.41 0.5)
(1.2375 0.41 0.5)
(1.245 0.41 0.5)
(1.2525 0.41 0.5)
(1.26 0.41 0.5)
(1.2675 0.41 0.5)
(1.275 0.41 0.5)
(1.2825 0.41 0.5)
(1.29 0.41 0.5)
(1.2975 0.41 0.5)
(1.305 0.41 0.5)
(1.3125 0.41 0.5)
(1.32 0.41 0.5)
(1.3275 0.41 0.5)
(1.335 0.41 0.5)
(1.3425 0.41 0.5)
(1.35 0.41 0.5)
(1.3575 0.41 0.5)
(1.365 0.41 0.5)
(1.3725 0.41 0.5)
(1.38 0.41 0.5)
(1.3875 0.41 0.5)
(1.395 0.41 0.5)
(1.4025 0.41 0.5)
(1.41 0.41 0.5)
(1.4175 0.41 0.5)
(1.425 0.41 0.5)
(1.4325 0.41 0.5)
(1.44 0.41 0.5)
(1.4475 0.41 0.5)
(1.455 0.41 0.5)
(1.4625 0.41 0.5)
(1.47 0.41 0.5)
(1.1775 0.425 0.5)
(1.185 0.425 0.5)
(1.1925 0.425 0.5)
(1.2 0.425 0.5)
(1.2075 0.425 0.5)
(1.215 0.425 0.5)
(1.2225 0.425 0.5)
(1.23 0.425 0.5)
(1.2375 0.425 0.5)
(1.245 0.425 0.5)
(1.2525 0.425 0.5)
(1.26 0.425 0.5)
(1.2675 0.425 0.5)
(1.275 0.425 0.5)
(1.2825 0.425 0.5)
(1.29 0.425 0.5)
(1.2975 0.425 0.5)
(1.305 0.425 0.5)
(1.3125 0.425 0.5)
(1.32 0.425 0.5)
(1.3275 0.425 0.5)
(1.335 0.425 0.5)
(1.3425 0.425 0.5)
(1.35 0.425 0.5)
(1.3575 0.425 0.5)
(1.365 0.425 0.5)
(1.3725 0.425 0.5)
(1.38 0.425 0.5)
(1.3875 0.425 0.5)
(1.395 0.425 0.5)
(1.4025 0.425 0.5)
(1.41 0.425 0.5)
(1.4175 0.425 0.5)
(1.425 0.425 0.5)
(1.4325 0.425 0.5)
(1.44 0.425 0.5)
(1.4475 0.425 0.5)
(1.455 0.425 0.5)
(1.4625 0.425 0.5)
(1.47 0.425 0.5)
(1.1775 0.44 0.5)
(1.185 0.44 0.5)
(1.1925 0.44 0.5)
(1.2 0.44 0.5)
(1.2075 0.44 0.5)
(1.215 0.44 0.5)
(1.2225 0.44 0.5)
(1.23 0.44 0.5)
(1.2375 0.44 0.5)
(1.245 0.44 0.5)
(1.2525 0.44 0.5)
(1.26 0.44 0.5)
(1.2675 0.44 0.5)
(1.275 0.44 0.5)
(1.2825 0.44 0.5)
(1.29 0.44 0.5)
(1.2975 0.44 0.5)
(1.305 0.44 0.5)
(1.3125 0.44 0.5)
(1.32 0.44 0.5)
(1.3275 0.44 0.5)
(1.335 0.44 0.5)
(1.3425 0.44 0.5)
(1.35 0.44 0.5)
(1.3575 0.44 0.5)
(1.365 0.44 0.5)
(1.3725 0.44 0.5)
(1.38 0.44 0.5)
(1.3875 0.44 0.5)
(1.395 0.44 0.5)
(1.4025 0.44 0.5)
(1.41 0.44 0.5)
(1.4175 0.44 0.5)
(1.425 0.44 0.5)
(1.4325 0.44 0.5)
(1.44 0.44 0.5)
(1.4475 0.44 0.5)
(1.455 0.44 0.5)
(1.4625 0.44 0.5)
(1.47 0.44 0.5)
(1.1775 0.455 0.5)
(1.185 0.455 0.5)
(1.1925 0.455 0.5)
(1.2 0.455 0.5)
(1.2075 0.455 0.5)
(1.215 0.455 0.5)
(1.2225 0.455 0.5)
(1.23 0.455 0.5)
(1.2375 0.455 0.5)
(1.245 0.455 0.5)
(1.2525 0.455 0.5)
(1.26 0.455 0.5)
(1.2675 0.455 0.5)
(1.275 0.455 0.5)
(1.2825 0.455 0.5)
(1.29 0.455 0.5)
(1.2975 0.455 0.5)
(1.305 0.455 0.5)
(1.3125 0.455 0.5)
(1.32 0.455 0.5)
(1.3275 0.455 0.5)
(1.335 0.455 0.5)
(1.3425 0.455 0.5)
(1.35 0.455 0.5)
(1.3575 0.455 0.5)
(1.365 0.455 0.5)
(1.3725 0.455 0.5)
(1.38 0.455 0.5)
(1.3875 0.455 0.5)
(1.395 0.455 0.5)
(1.4025 0.455 0.5)
(1.41 0.455 0.5)
(1.4175 0.455 0.5)
(1.425 0.455 0.5)
(1.4325 0.455 0.5)
(1.44 0.455 0.5)
(1.4475 0.455 0.5)
(1.455 0.455 0.5)
(1.4625 0.455 0.5)
(1.47 0.455 0.5)
(1.1775 0.47 0.5)
(1.185 0.47 0.5)
(1.1925 0.47 0.5)
(1.2 0.47 0.5)
(1.2075 0.47 0.5)
(1.215 0.47 0.5)
(1.2225 0.47 0.5)
(1.23 0.47 0.5)
(1.2375 0.47 0.5)
(1.245 0.47 0.5)
(1.2525 0.47 0.5)
(1.26 0.47 0.5)
(1.2675 0.47 0.5)
(1.275 0.47 0.5)
(1.2825 0.47 0.5)
(1.29 0.47 0.5)
(1.2975 0.47 0.5)
(1.305 0.47 0.5)
(1.3125 0.47 0.5)
(1.32 0.47 0.5)
(1.3275 0.47 0.5)
(1.335 0.47 0.5)
(1.3425 0.47 0.5)
(1.35 0.47 0.5)
(1.3575 0.47 0.5)
(1.365 0.47 0.5)
(1.3725 0.47 0.5)
(1.38 0.47 0.5)
(1.3875 0.47 0.5)
(1.395 0.47 0.5)
(1.4025 0.47 0.5)
(1.41 0.47 0.5)
(1.4175 0.47 0.5)
(1.425 0.47 0.5)
(1.4325 0.47 0.5)
(1.44 0.47 0.5)
(1.4475 0.47 0.5)
(1.455 0.47 0.5)
(1.4625 0.47 0.5)
(1.47 0.47 0.5)
(1.1775 0.485 0.5)
(1.185 0.485 0.5)
(1.1925 0.485 0.5)
(1.2 0.485 0.5)
(1.2075 0.485 0.5)
(1.215 0.485 0.5)
(1.2225 0.485 0.5)
(1.23 0.485 0.5)
(1.2375 0.485 0.5)
(1.245 0.485 0.5)
(1.2525 0.485 0.5)
(1.26 0.485 0.5)
(1.2675 0.485 0.5)
(1.275 0.485 0.5)
(1.2825 0.485 0.5)
(1.29 0.485 0.5)
(1.2975 0.485 0.5)
(1.305 0.485 0.5)
(1.3125 0.485 0.5)
(1.32 0.485 0.5)
(1.3275 0.485 0.5)
(1.335 0.485 0.5)
(1.3425 0.485 0.5)
(1.35 0.485 0.5)
(1.3575 0.485 0.5)
(1.365 0.485 0.5)
(1.3725 0.485 0.5)
(1.38 0.485 0.5)
(1.3875 0.485 0.5)
(1.395 0.485 0.5)
(1.4025 0.485 0.5)
(1.41 0.485 0.5)
(1.4175 0.485 0.5)
(1.425 0.485 0.5)
(1.4325 0.485 0.5)
(1.44 0.485 0.5)
(1.4475 0.485 0.5)
(1.455 0.485 0.5)
(1.4625 0.485 0.5)
(1.47 0.485 0.5)
(1.1775 0.5 0.5)
(1.185 0.5 0.5)
(1.1925 0.5 0.5)
(1.2 0.5 0.5)
(1.2075 0.5 0.5)
(1.215 0.5 0.5)
(1.2225 0.5 0.5)
(1.23 0.5 0.5)
(1.2375 0.5 0.5)
(1.245 0.5 0.5)
(1.2525 0.5 0.5)
(1.26 0.5 0.5)
(1.2675 0.5 0.5)
(1.275 0.5 0.5)
(1.2825 0.5 0.5)
(1.29 0.5 0.5)
(1.2975 0.5 0.5)
(1.305 0.5 0.5)
(1.3125 0.5 0.5)
(1.32 0.5 0.5)
(1.3275 0.5 0.5)
(1.335 0.5 0.5)
(1.3425 0.5 0.5)
(1.35 0.5 0.5)
(1.3575 0.5 0.5)
(1.365 0.5 0.5)
(1.3725 0.5 0.5)
(1.38 0.5 0.5)
(1.3875 0.5 0.5)
(1.395 0.5 0.5)
(1.4025 0.5 0.5)
(1.41 0.5 0.5)
(1.4175 0.5 0.5)
(1.425 0.5 0.5)
(1.4325 0.5 0.5)
(1.44 0.5 0.5)
(1.4475 0.5 0.5)
(1.455 0.5 0.5)
(1.4625 0.5 0.5)
(1.47 0.5 0.5)
(1.47510947144 0.35 -0.5)
(1.48041621906 0.35 -0.5)
(1.48592785965 0.35 -0.5)
(1.49165230413 0.35 -0.5)
(1.49759776882 0.35 -0.5)
(1.5037727873 0.35 -0.5)
(1.51018622261 0.35 -0.5)
(1.51684728 0.35 -0.5)
(1.52376552014 0.35 -0.5)
(1.53095087282 0.35 -0.5)
(1.53841365123 0.35 -0.5)
(1.54616456676 0.35 -0.5)
(1.55421474435 0.35 -0.5)
(1.56257573846 0.35 -0.5)
(1.57125954971 0.35 -0.5)
(1.58027864202 0.35 -0.5)
(1.58964596057 0.35 -0.5)
(1.59937495033 0.35 -0.5)
(1.60947957538 0.35 -0.5)
(1.61997433898 0.35 -0.5)
(1.63087430433 0.35 -0.5)
(1.64219511623 0.35 -0.5)
(1.65395302352 0.35 -0.5)
(1.66616490241 0.35 -0.5)
(1.67884828069 0.35 -0.5)
(1.69202136292 0.35 -0.5)
(1.7057030565 0.35 -0.5)
(1.71991299887 0.35 -0.5)
(1.73467158567 0.35 -0.5)
(1.75 0.35 -0.5)
(1.47510947144 0.365 -0.5)
(1.48041621906 0.365 -0.5)
(1.48592785965 0.365 -0.5)
(1.49165230413 0.365 -0.5)
(1.49759776882 0.365 -0.5)
(1.5037727873 0.365 -0.5)
(1.51018622261 0.365 -0.5)
(1.51684728 0.365 -0.5)
(1.52376552014 0.365 -0.5)
(1.53095087282 0.365 -0.5)
(1.53841365123 0.365 -0.5)
(1.54616456676 0.365 -0.5)
(1.55421474435 0.365 -0.5)
(1.56257573846 0.365 -0.5)
(1.57125954971 0.365 -0.5)
(1.58027864202 0.365 -0.5)
(1.58964596057 0.365 -0.5)
(1.59937495033 0.365 -0.5)
(1.60947957538 0.365 -0.5)
(1.61997433898 0.365 -0.5)
(1.63087430433 0.365 -0.5)
(1.64219511623 0.365 -0.5)
(1.65395302352 0.365 -0.5)
(1.66616490241 0.365 -0.5)
(1.67884828069 0.365 -0.5)
(1.69202136292 0.365 -0.5)
(1.7057030565 0.365 -0.5)
(1.71991299887 0.365 -0.5)
(1.73467158567 0.365 -0.5)
(1.75 0.365 -0.5)
(1.47510947144 0.38 -0.5)
(1.48041621906 0.38 -0.5)
(1.48592785965 0.38 -0.5)
(1.49165230413 0.38 -0.5)
(1.49759776882 0.38 -0.5)
(1.5037727873 0.38 -0.5)
(1.51018622261 0.38 -0.5)
(1.51684728 0.38 -0.5)
(1.52376552014 0.38 -0.5)
(1.53095087282 0.38 -0.5)
(1.53841365123 0.38 -0.5)
(1.54616456676 0.38 -0.5)
(1.55421474435 0.38 -0.5)
(1.56257573846 0.38 -0.5)
(1.57125954971 0.38 -0.5)
(1.58027864202 0.38 -0.5)
(1.58964596057 0.38 -0.5)
(1.59937495033 0.38 -0.5)
(1.60947957538 0.38 -0.5)
(1.61997433898 0.38 -0.5)
(1.63087430433 0.38 -0.5)
(1.64219511623 0.38 -0.5)
(1.65395302352 0.38 -0.5)
(1.66616490241 0.38 -0.5)
(1.67884828069 0.38 -0.5)
(1.69202136292 0.38 -0.5)
(1.7057030565 0.38 -0.5)
(1.71991299887 0.38 -0.5)
(1.73467158567 0.38 -0.5)
(1.75 0.38 -0.5)
(1.47510947144 0.395 -0.5)
(1.48041621906 0.395 -0.5)
(1.48592785965 0.395 -0.5)
(1.49165230413 0.395 -0.5)
(1.49759776882 0.395 -0.5)
(1.5037727873 0.395 -0.5)
(1.51018622261 0.395 -0.5)
(1.51684728 0.395 -0.5)
(1.52376552014 0.395 -0.5)
(1.53095087282 0.395 -0.5)
(1.53841365123 0.395 -0.5)
(1.54616456676 0.395 -0.5)
(1.55421474435 0.395 -0.5)
(1.56257573846 0.395 -0.5)
(1.57125954971 0.395 -0.5)
(1.58027864202 0.395 -0.5)
(1.58964596057 0.395 -0.5)
(1.59937495033 0.395 -0.5)
(1.60947957538 0.395 -0.5)
(1.61997433898 0.395 -0.5)
(1.63087430433 0.395 -0.5)
(1.64219511623 0.395 -0.5)
(1.65395302352 0.395 -0.5)
(1.66616490241 0.395 -0.5)
(1.67884828069 0.395 -0.5)
(1.69202136292 0.395 -0.5)
(1.7057030565 0.395 -0.5)
(1.71991299887 0.395 -0.5)
(1.73467158567 0.395 -0.5)
(1.75 0.395 -0.5)
(1.47510947144 0.41 -0.5)
(1.48041621906 0.41 -0.5)
(1.48592785965 0.41 -0.5)
(1.49165230413 0.41 -0.5)
(1.49759776882 0.41 -0.5)
(1.5037727873 0.41 -0.5)
(1.51018622261 0.41 -0.5)
(1.51684728 0.41 -0.5)
(1.52376552014 0.41 -0.5)
(1.53095087282 0.41 -0.5)
(1.53841365123 0.41 -0.5)
(1.54616456676 0.41 -0.5)
(1.55421474435 0.41 -0.5)
(1.56257573846 0.41 -0.5)
(1.57125954971 0.41 -0.5)
(1.58027864202 0.41 -0.5)
(1.58964596057 0.41 -0.5)
(1.59937495033 0.41 -0.5)
(1.60947957538 0.41 -0.5)
(1.61997433898 0.41 -0.5)
(1.63087430433 0.41 -0.5)
(1.64219511623 0.41 -0.5)
(1.65395302352 0.41 -0.5)
(1.66616490241 0.41 -0.5)
(1.67884828069 0.41 -0.5)
(1.69202136292 0.41 -0.5)
(1.7057030565 0.41 -0.5)
(1.71991299887 0.41 -0.5)
(1.73467158567 0.41 -0.5)
(1.75 0.41 -0.5)
(1.47510947144 0.425 -0.5)
(1.48041621906 0.425 -0.5)
(1.48592785965 0.425 -0.5)
(1.49165230413 0.425 -0.5)
(1.49759776882 0.425 -0.5)
(1.5037727873 0.425 -0.5)
(1.51018622261 0.425 -0.5)
(1.51684728 0.425 -0.5)
(1.52376552014 0.425 -0.5)
(1.53095087282 0.425 -0.5)
(1.53841365123 0.425 -0.5)
(1.54616456676 0.425 -0.5)
(1.55421474435 0.425 -0.5)
(1.56257573846 0.425 -0.5)
(1.57125954971 0.425 -0.5)
(1.58027864202 0.425 -0.5)
(1.58964596057 0.425 -0.5)
(1.59937495033 0.425 -0.5)
(1.60947957538 0.425 -0.5)
(1.61997433898 0.425 -0.5)
(1.63087430433 0.425 -0.5)
(1.64219511623 0.425 -0.5)
(1.65395302352 0.425 -0.5)
(1.66616490241 0.425 -0.5)
(1.67884828069 0.425 -0.5)
(1.69202136292 0.425 -0.5)
(1.7057030565 0.425 -0.5)
(1.71991299887 0.425 -0.5)
(1.73467158567 0.425 -0.5)
(1.75 0.425 -0.5)
(1.47510947144 0.44 -0.5)
(1.48041621906 0.44 -0.5)
(1.48592785965 0.44 -0.5)
(1.49165230413 0.44 -0.5)
(1.49759776882 0.44 -0.5)
(1.5037727873 0.44 -0.5)
(1.51018622261 0.44 -0.5)
(1.51684728 0.44 -0.5)
(1.52376552014 0.44 -0.5)
(1.53095087282 0.44 -0.5)
(1.53841365123 0.44 -0.5)
(1.54616456676 0.44 -0.5)
(1.55421474435 0.44 -0.5)
(1.56257573846 0.44 -0.5)
(1.57125954971 0.44 -0.5)
(1.58027864202 0.44 -0.5)
(1.58964596057 0.44 -0.5)
(1.59937495033 0.44 -0.5)
(1.60947957538 0.44 -0.5)
(1.61997433898 0.44 -0.5)
(1.63087430433 0.44 -0.5)
(1.64219511623 0.44 -0.5)
(1.65395302352 0.44 -0.5)
(1.66616490241 0.44 -0.5)
(1.67884828069 0.44 -0.5)
(1.69202136292 0.44 -0.5)
(1.7057030565 0.44 -0.5)
(1.71991299887 0.44 -0.5)
(1.73467158567 0.44 -0.5)
(1.75 0.44 -0.5)
(1.47510947144 0.455 -0.5)
(1.48041621906 0.455 -0.5)
(1.48592785965 0.455 -0.5)
(1.49165230413 0.455 -0.5)
(1.49759776882 0.455 -0.5)
(1.5037727873 0.455 -0.5)
(1.51018622261 0.455 -0.5)
(1.51684728 0.455 -0.5)
(1.52376552014 0.455 -0.5)
(1.53095087282 0.455 -0.5)
(1.53841365123 0.455 -0.5)
(1.54616456676 0.455 -0.5)
(1.55421474435 0.455 -0.5)
(1.56257573846 0.455 -0.5)
(1.57125954971 0.455 -0.5)
(1.58027864202 0.455 -0.5)
(1.58964596057 0.455 -0.5)
(1.59937495033 0.455 -0.5)
(1.60947957538 0.455 -0.5)
(1.61997433898 0.455 -0.5)
(1.63087430433 0.455 -0.5)
(1.64219511623 0.455 -0.5)
(1.65395302352 0.455 -0.5)
(1.66616490241 0.455 -0.5)
(1.67884828069 0.455 -0.5)
(1.69202136292 0.455 -0.5)
(1.7057030565 0.455 -0.5)
(1.71991299887 0.455 -0.5)
(1.73467158567 0.455 -0.5)
(1.75 0.455 -0.5)
(1.47510947144 0.47 -0.5)
(1.48041621906 0.47 -0.5)
(1.48592785965 0.47 -0.5)
(1.49165230413 0.47 -0.5)
(1.49759776882 0.47 -0.5)
(1.5037727873 0.47 -0.5)
(1.51018622261 0.47 -0.5)
(1.51684728 0.47 -0.5)
(1.52376552014 0.47 -0.5)
(1.53095087282 0.47 -0.5)
(1.53841365123 0.47 -0.5)
(1.54616456676 0.47 -0.5)
(1.55421474435 0.47 -0.5)
(1.56257573846 0.47 -0.5)
(1.57125954971 0.47 -0.5)
(1.58027864202 0.47 -0.5)
(1.58964596057 0.47 -0.5)
(1.59937495033 0.47 -0.5)
(1.60947957538 0.47 -0.5)
(1.61997433898 0.47 -0.5)
(1.63087430433 0.47 -0.5)
(1.64219511623 0.47 -0.5)
(1.65395302352 0.47 -0.5)
(1.66616490241 0.47 -0.5)
(1.67884828069 0.47 -0.5)
(1.69202136292 0.47 -0.5)
(1.7057030565 0.47 -0.5)
(1.71991299887 0.47 -0.5)
(1.73467158567 0.47 -0.5)
(1.75 0.47 -0.5)
(1.47510947144 0.485 -0.5)
(1.48041621906 0.485 -0.5)
(1.48592785965 0.485 -0.5)
(1.49165230413 0.485 -0.5)
(1.49759776882 0.485 -0.5)
(1.5037727873 0.485 -0.5)
(1.51018622261 0.485 -0.5)
(1.51684728 0.485 -0.5)
(1.52376552014 0.485 -0.5)
(1.53095087282 0.485 -0.5)
(1.53841365123 0.485 -0.5)
(1.54616456676 0.485 -0.5)
(1.55421474435 0.485 -0.5)
(1.56257573846 0.485 -0.5)
(1.57125954971 0.485 -0.5)
(1.58027864202 0.485 -0.5)
(1.58964596057 0.485 -0.5)
(1.59937495033 0.485 -0.5)
(1.60947957538 0.485 -0.5)
(1.61997433898 0.485 -0.5)
(1.63087430433 0.485 -0.5)
(1.64219511623 0.485 -0.5)
(1.65395302352 0.485 -0.5)
(1.66616490241 0.485 -0.5)
(1.67884828069 0.485 -0.5)
(1.69202136292 0.485 -0.5)
(1.7057030565 0.485 -0.5)
(1.71991299887 0.485 -0.5)
(1.73467158567 0.485 -0.5)
(1.75 0.485 -0.5)
(1.47510947144 0.5 -0.5)
(1.48041621906 0.5 -0.5)
(1.48592785965 0.5 -0.5)
(1.49165230413 0.5 -0.5)
(1.49759776882 0.5 -0.5)
(1.5037727873 0.5 -0.5)
(1.51018622261 0.5 -0.5)
(1.51684728 0.5 -0.5)
(1.52376552014 0.5 -0.5)
(1.53095087282 0.5 -0.5)
(1.53841365123 0.5 -0.5)
(1.54616456676 0.5 -0.5)
(1.55421474435 0.5 -0.5)
(1.56257573846 0.5 -0.5)
(1.57125954971 0.5 -0.5)
(1.58027864202 0.5 -0.5)
(1.58964596057 0.5 -0.5)
(1.59937495033 0.5 -0.5)
(1.60947957538 0.5 -0.5)
(1.61997433898 0.5 -0.5)
(1.63087430433 0.5 -0.5)
(1.64219511623 0.5 -0.5)
(1.65395302352 0.5 -0.5)
(1.66616490241 0.5 -0.5)
(1.67884828069 0.5 -0.5)
(1.69202136292 0.5 -0.5)
(1.7057030565 0.5 -0.5)
(1.71991299887 0.5 -0.5)
(1.73467158567 0.5 -0.5)
(1.75 0.5 -0.5)
(1.47510947144 0.35 0.5)
(1.48041621906 0.35 0.5)
(1.48592785965 0.35 0.5)
(1.49165230413 0.35 0.5)
(1.49759776882 0.35 0.5)
(1.5037727873 0.35 0.5)
(1.51018622261 0.35 0.5)
(1.51684728 0.35 0.5)
(1.52376552014 0.35 0.5)
(1.53095087282 0.35 0.5)
(1.53841365123 0.35 0.5)
(1.54616456676 0.35 0.5)
(1.55421474435 0.35 0.5)
(1.56257573846 0.35 0.5)
(1.57125954971 0.35 0.5)
(1.58027864202 0.35 0.5)
(1.58964596057 0.35 0.5)
(1.59937495033 0.35 0.5)
(1.60947957538 0.35 0.5)
(1.61997433898 0.35 0.5)
(1.63087430433 0.35 0.5)
(1.64219511623 0.35 0.5)
(1.65395302352 0.35 0.5)
(1.66616490241 0.35 0.5)
(1.67884828069 0.35 0.5)
(1.69202136292 0.35 0.5)
(1.7057030565 0.35 0.5)
(1.71991299887 0.35 0.5)
(1.73467158567 0.35 0.5)
(1.75 0.35 0.5)
(1.47510947144 0.365 0.5)
(1.48041621906 0.365 0.5)
(1.48592785965 0.365 0.5)
(1.49165230413 0.365 0.5)
(1.49759776882 0.365 0.5)
(1.5037727873 0.365 0.5)
(1.51018622261 0.365 0.5)
(1.51684728 0.365 0.5)
(1.52376552014 0.365 0.5)
(1.53095087282 0.365 0.5)
(1.53841365123 0.365 0.5)
(1.54616456676 0.365 0.5)
(1.55421474435 0.365 0.5)
(1.56257573846 0.365 0.5)
(1.57125954971 0.365 0.5)
(1.58027864202 0.365 0.5)
(1.58964596057 0.365 0.5)
(1.59937495033 0.365 0.5)
(1.60947957538 0.365 0.5)
(1.61997433898 0.365 0.5)
(1.63087430433 0.365 0.5)
(1.64219511623 0.365 0.5)
(1.65395302352 0.365 0.5)
(1.66616490241 0.365 0.5)
(1.67884828069 0.365 0.5)
(1.69202136292 0.365 0.5)
(1.7057030565 0.365 0.5)
(1.71991299887 0.365 0.5)
(1.73467158567 0.365 0.5)
(1.75 0.365 0.5)
(1.47510947144 0.38 0.5)
(1.48041621906 0.38 0.5)
(1.48592785965 0.38 0.5)
(1.49165230413 0.38 0.5)
(1.49759776882 0.38 0.5)
(1.5037727873 0.38 0.5)
(1.51018622261 0.38 0.5)
(1.51684728 0.38 0.5)
(1.52376552014 0.38 0.5)
(1.53095087282 0.38 0.5)
(1.53841365123 0.38 0.5)
(1.54616456676 0.38 0.5)
(1.55421474435 0.38 0.5)
(1.56257573846 0.38 0.5)
(1.57125954971 0.38 0.5)
(1.58027864202 0.38 0.5)
(1.58964596057 0.38 0.5)
(1.59937495033 0.38 0.5)
(1.60947957538 0.38 0.5)
(1.61997433898 0.38 0.5)
(1.63087430433 0.38 0.5)
(1.64219511623 0.38 0.5)
(1.65395302352 0.38 0.5)
(1.66616490241 0.38 0.5)
(1.67884828069 0.38 0.5)
(1.69202136292 0.38 0.5)
(1.7057030565 0.38 0.5)
(1.71991299887 0.38 0.5)
(1.73467158567 0.38 0.5)
(1.75 0.38 0.5)
(1.47510947144 0.395 0.5)
(1.48041621906 0.395 0.5)
(1.48592785965 0.395 0.5)
(1.49165230413 0.395 0.5)
(1.49759776882 0.395 0.5)
(1.5037727873 0.395 0.5)
(1.51018622261 0.395 0.5)
(1.51684728 0.395 0.5)
(1.52376552014 0.395 0.5)
(1.53095087282 0.395 0.5)
(1.53841365123 0.395 0.5)
(1.54616456676 0.395 0.5)
(1.55421474435 0.395 0.5)
(1.56257573846 0.395 0.5)
(1.57125954971 0.395 0.5)
(1.58027864202 0.395 0.5)
(1.58964596057 0.395 0.5)
(1.59937495033 0.395 0.5)
(1.60947957538 0.395 0.5)
(1.61997433898 0.395 0.5)
(1.63087430433 0.395 0.5)
(1.64219511623 0.395 0.5)
(1.65395302352 0.395 0.5)
(1.66616490241 0.395 0.5)
(1.67884828069 0.395 0.5)
(1.69202136292 0.395 0.5)
(1.7057030565 0.395 0.5)
(1.71991299887 0.395 0.5)
(1.73467158567 0.395 0.5)
(1.75 0.395 0.5)
(1.47510947144 0.41 0.5)
(1.48041621906 0.41 0.5)
(1.48592785965 0.41 0.5)
(1.49165230413 0.41 0.5)
(1.49759776882 0.41 0.5)
(1.5037727873 0.41 0.5)
(1.51018622261 0.41 0.5)
(1.51684728 0.41 0.5)
(1.52376552014 0.41 0.5)
(1.53095087282 0.41 0.5)
(1.53841365123 0.41 0.5)
(1.54616456676 0.41 0.5)
(1.55421474435 0.41 0.5)
(1.56257573846 0.41 0.5)
(1.57125954971 0.41 0.5)
(1.58027864202 0.41 0.5)
(1.58964596057 0.41 0.5)
(1.59937495033 0.41 0.5)
(1.60947957538 0.41 0.5)
(1.61997433898 0.41 0.5)
(1.63087430433 0.41 0.5)
(1.64219511623 0.41 0.5)
(1.65395302352 0.41 0.5)
(1.66616490241 0.41 0.5)
(1.67884828069 0.41 0.5)
(1.69202136292 0.41 0.5)
(1.7057030565 0.41 0.5)
(1.71991299887 0.41 0.5)
(1.73467158567 0.41 0.5)
(1.75 0.41 0.5)
(1.47510947144 0.425 0.5)
(1.48041621906 0.425 0.5)
(1.48592785965 0.425 0.5)
(1.49165230413 0.425 0.5)
(1.49759776882 0.425 0.5)
(1.5037727873 0.425 0.5)
(1.51018622261 0.425 0.5)
(1.51684728 0.425 0.5)
(1.52376552014 0.425 0.5)
(1.53095087282 0.425 0.5)
(1.53841365123 0.425 0.5)
(1.54616456676 0.425 0.5)
(1.55421474435 0.425 0.5)
(1.56257573846 0.425 0.5)
(1.57125954971 0.425 0.5)
(1.58027864202 0.425 0.5)
(1.58964596057 0.425 0.5)
(1.59937495033 0.425 0.5)
(1.60947957538 0.425 0.5)
(1.61997433898 0.425 0.5)
(1.63087430433 0.425 0.5)
(1.64219511623 0.425 0.5)
(1.65395302352 0.425 0.5)
(1.66616490241 0.425 0.5)
(1.67884828069 0.425 0.5)
(1.69202136292 0.425 0.5)
(1.7057030565 0.425 0.5)
(1.71991299887 0.425 0.5)
(1.73467158567 0.425 0.5)
(1.75 0.425 0.5)
(1.47510947144 0.44 0.5)
(1.48041621906 0.44 0.5)
(1.48592785965 0.44 0.5)
(1.49165230413 0.44 0.5)
(1.49759776882 0.44 0.5)
(1.5037727873 0.44 0.5)
(1.51018622261 0.44 0.5)
(1.51684728 0.44 0.5)
(1.52376552014 0.44 0.5)
(1.53095087282 0.44 0.5)
(1.53841365123 0.44 0.5)
(1.54616456676 0.44 0.5)
(1.55421474435 0.44 0.5)
(1.56257573846 0.44 0.5)
(1.57125954971 0.44 0.5)
(1.58027864202 0.44 0.5)
(1.58964596057 0.44 0.5)
(1.59937495033 0.44 0.5)
(1.60947957538 0.44 0.5)
(1.61997433898 0.44 0.5)
(1.63087430433 0.44 0.5)
(1.64219511623 0.44 0.5)
(1.65395302352 0.44 0.5)
(1.66616490241 0.44 0.5)
(1.67884828069 0.44 0.5)
(1.69202136292 0.44 0.5)
(1.7057030565 0.44 0.5)
(1.71991299887 0.44 0.5)
(1.73467158567 0.44 0.5)
(1.75 0.44 0.5)
(1.47510947144 0.455 0.5)
(1.48041621906 0.455 0.5)
(1.48592785965 0.455 0.5)
(1.49165230413 0.455 0.5)
(1.49759776882 0.455 0.5)
(1.5037727873 0.455 0.5)
(1.51018622261 0.455 0.5)
(1.51684728 0.455 0.5)
(1.52376552014 0.455 0.5)
(1.53095087282 0.455 0.5)
(1.53841365123 0.455 0.5)
(1.54616456676 0.455 0.5)
(1.55421474435 0.455 0.5)
(1.56257573846 0.455 0.5)
(1.57125954971 0.455 0.5)
(1.58027864202 0.455 0.5)
(1.58964596057 0.455 0.5)
(1.59937495033 0.455 0.5)
(1.60947957538 0.455 0.5)
(1.61997433898 0.455 0.5)
(1.63087430433 0.455 0.5)
(1.64219511623 0.455 0.5)
(1.65395302352 0.455 0.5)
(1.66616490241 0.455 0.5)
(1.67884828069 0.455 0.5)
(1.69202136292 0.455 0.5)
(1.7057030565 0.455 0.5)
(1.71991299887 0.455 0.5)
(1.73467158567 0.455 0.5)
(1.75 0.455 0.5)
(1.47510947144 0.47 0.5)
(1.48041621906 0.47 0.5)
(1.48592785965 0.47 0.5)
(1.49165230413 0.47 0.5)
(1.49759776882 0.47 0.5)
(1.5037727873 0.47 0.5)
(1.51018622261 0.47 0.5)
(1.51684728 0.47 0.5)
(1.52376552014 0.47 0.5)
(1.53095087282 0.47 0.5)
(1.53841365123 0.47 0.5)
(1.54616456676 0.47 0.5)
(1.55421474435 0.47 0.5)
(1.56257573846 0.47 0.5)
(1.57125954971 0.47 0.5)
(1.58027864202 0.47 0.5)
(1.58964596057 0.47 0.5)
(1.59937495033 0.47 0.5)
(1.60947957538 0.47 0.5)
(1.61997433898 0.47 0.5)
(1.63087430433 0.47 0.5)
(1.64219511623 0.47 0.5)
(1.65395302352 0.47 0.5)
(1.66616490241 0.47 0.5)
(1.67884828069 0.47 0.5)
(1.69202136292 0.47 0.5)
(1.7057030565 0.47 0.5)
(1.71991299887 0.47 0.5)
(1.73467158567 0.47 0.5)
(1.75 0.47 0.5)
(1.47510947144 0.485 0.5)
(1.48041621906 0.485 0.5)
(1.48592785965 0.485 0.5)
(1.49165230413 0.485 0.5)
(1.49759776882 0.485 0.5)
(1.5037727873 0.485 0.5)
(1.51018622261 0.485 0.5)
(1.51684728 0.485 0.5)
(1.52376552014 0.485 0.5)
(1.53095087282 0.485 0.5)
(1.53841365123 0.485 0.5)
(1.54616456676 0.485 0.5)
(1.55421474435 0.485 0.5)
(1.56257573846 0.485 0.5)
(1.57125954971 0.485 0.5)
(1.58027864202 0.485 0.5)
(1.58964596057 0.485 0.5)
(1.59937495033 0.485 0.5)
(1.60947957538 0.485 0.5)
(1.61997433898 0.485 0.5)
(1.63087430433 0.485 0.5)
(1.64219511623 0.485 0.5)
(1.65395302352 0.485 0.5)
(1.66616490241 0.485 0.5)
(1.67884828069 0.485 0.5)
(1.69202136292 0.485 0.5)
(1.7057030565 0.485 0.5)
(1.71991299887 0.485 0.5)
(1.73467158567 0.485 0.5)
(1.75 0.485 0.5)
(1.47510947144 0.5 0.5)
(1.48041621906 0.5 0.5)
(1.48592785965 0.5 0.5)
(1.49165230413 0.5 0.5)
(1.49759776882 0.5 0.5)
(1.5037727873 0.5 0.5)
(1.51018622261 0.5 0.5)
(1.51684728 0.5 0.5)
(1.52376552014 0.5 0.5)
(1.53095087282 0.5 0.5)
(1.53841365123 0.5 0.5)
(1.54616456676 0.5 0.5)
(1.55421474435 0.5 0.5)
(1.56257573846 0.5 0.5)
(1.57125954971 0.5 0.5)
(1.58027864202 0.5 0.5)
(1.58964596057 0.5 0.5)
(1.59937495033 0.5 0.5)
(1.60947957538 0.5 0.5)
(1.61997433898 0.5 0.5)
(1.63087430433 0.5 0.5)
(1.64219511623 0.5 0.5)
(1.65395302352 0.5 0.5)
(1.66616490241 0.5 0.5)
(1.67884828069 0.5 0.5)
(1.69202136292 0.5 0.5)
(1.7057030565 0.5 0.5)
(1.71991299887 0.5 0.5)
(1.73467158567 0.5 0.5)
(1.75 0.5 0.5)
(1.47510947144 0.3 -0.5)
(1.48041621906 0.3 -0.5)
(1.48592785965 0.3 -0.5)
(1.49165230413 0.3 -0.5)
(1.49759776882 0.3 -0.5)
(1.5037727873 0.3 -0.5)
(1.51018622261 0.3 -0.5)
(1.51684728 0.3 -0.5)
(1.52376552014 0.3 -0.5)
(1.53095087282 0.3 -0.5)
(1.53841365123 0.3 -0.5)
(1.54616456676 0.3 -0.5)
(1.55421474435 0.3 -0.5)
(1.56257573846 0.3 -0.5)
(1.57125954971 0.3 -0.5)
(1.58027864202 0.3 -0.5)
(1.58964596057 0.3 -0.5)
(1.59937495033 0.3 -0.5)
(1.60947957538 0.3 -0.5)
(1.61997433898 0.3 -0.5)
(1.63087430433 0.3 -0.5)
(1.64219511623 0.3 -0.5)
(1.65395302352 0.3 -0.5)
(1.66616490241 0.3 -0.5)
(1.67884828069 0.3 -0.5)
(1.69202136292 0.3 -0.5)
(1.7057030565 0.3 -0.5)
(1.71991299887 0.3 -0.5)
(1.73467158567 0.3 -0.5)
(1.75 0.3 -0.5)
(1.47510947144 0.300445034999 -0.5)
(1.48041621906 0.300445034999 -0.5)
(1.48592785965 0.300445034999 -0.5)
(1.49165230413 0.300445034999 -0.5)
(1.49759776882 0.300445034999 -0.5)
(1.5037727873 0.300445034999 -0.5)
(1.51018622261 0.300445034999 -0.5)
(1.51684728 0.300445034999 -0.5)
(1.52376552014 0.300445034999 -0.5)
(1.53095087282 0.300445034999 -0.5)
(1.53841365123 0.300445034999 -0.5)
(1.54616456676 0.300445034999 -0.5)
(1.55421474435 0.300445034999 -0.5)
(1.56257573846 0.300445034999 -0.5)
(1.57125954971 0.300445034999 -0.5)
(1.58027864202 0.300445034999 -0.5)
(1.58964596057 0.300445034999 -0.5)
(1.59937495033 0.300445034999 -0.5)
(1.60947957538 0.300445034999 -0.5)
(1.61997433898 0.300445034999 -0.5)
(1.63087430433 0.300445034999 -0.5)
(1.64219511623 0.300445034999 -0.5)
(1.65395302352 0.300445034999 -0.5)
(1.66616490241 0.300445034999 -0.5)
(1.67884828069 0.300445034999 -0.5)
(1.69202136292 0.300445034999 -0.5)
(1.7057030565 0.300445034999 -0.5)
(1.71991299887 0.300445034999 -0.5)
(1.73467158567 0.300445034999 -0.5)
(1.75 0.300445034999 -0.5)
(1.47510947144 0.300910992989 -0.5)
(1.48041621906 0.300910992989 -0.5)
(1.48592785965 0.300910992989 -0.5)
(1.49165230413 0.300910992989 -0.5)
(1.49759776882 0.300910992989 -0.5)
(1.5037727873 0.300910992989 -0.5)
(1.51018622261 0.300910992989 -0.5)
(1.51684728 0.300910992989 -0.5)
(1.52376552014 0.300910992989 -0.5)
(1.53095087282 0.300910992989 -0.5)
(1.53841365123 0.300910992989 -0.5)
(1.54616456676 0.300910992989 -0.5)
(1.55421474435 0.300910992989 -0.5)
(1.56257573846 0.300910992989 -0.5)
(1.57125954971 0.300910992989 -0.5)
(1.58027864202 0.300910992989 -0.5)
(1.58964596057 0.300910992989 -0.5)
(1.59937495033 0.300910992989 -0.5)
(1.60947957538 0.300910992989 -0.5)
(1.61997433898 0.300910992989 -0.5)
(1.63087430433 0.300910992989 -0.5)
(1.64219511623 0.300910992989 -0.5)
(1.65395302352 0.300910992989 -0.5)
(1.66616490241 0.300910992989 -0.5)
(1.67884828069 0.300910992989 -0.5)
(1.69202136292 0.300910992989 -0.5)
(1.7057030565 0.300910992989 -0.5)
(1.71991299887 0.300910992989 -0.5)
(1.73467158567 0.300910992989 -0.5)
(1.75 0.300910992989 -0.5)
(1.47510947144 0.301398857648 -0.5)
(1.48041621906 0.301398857648 -0.5)
(1.48592785965 0.301398857648 -0.5)
(1.49165230413 0.301398857648 -0.5)
(1.49759776882 0.301398857648 -0.5)
(1.5037727873 0.301398857648 -0.5)
(1.51018622261 0.301398857648 -0.5)
(1.51684728 0.301398857648 -0.5)
(1.52376552014 0.301398857648 -0.5)
(1.53095087282 0.301398857648 -0.5)
(1.53841365123 0.301398857648 -0.5)
(1.54616456676 0.301398857648 -0.5)
(1.55421474435 0.301398857648 -0.5)
(1.56257573846 0.301398857648 -0.5)
(1.57125954971 0.301398857648 -0.5)
(1.58027864202 0.301398857648 -0.5)
(1.58964596057 0.301398857648 -0.5)
(1.59937495033 0.301398857648 -0.5)
(1.60947957538 0.301398857648 -0.5)
(1.61997433898 0.301398857648 -0.5)
(1.63087430433 0.301398857648 -0.5)
(1.64219511623 0.301398857648 -0.5)
(1.65395302352 0.301398857648 -0.5)
(1.66616490241 0.301398857648 -0.5)
(1.67884828069 0.301398857648 -0.5)
(1.69202136292 0.301398857648 -0.5)
(1.7057030565 0.301398857648 -0.5)
(1.71991299887 0.301398857648 -0.5)
(1.73467158567 0.301398857648 -0.5)
(1.75 0.301398857648 -0.5)
(1.47510947144 0.301909658902 -0.5)
(1.48041621906 0.301909658902 -0.5)
(1.48592785965 0.301909658902 -0.5)
(1.49165230413 0.301909658902 -0.5)
(1.49759776882 0.301909658902 -0.5)
(1.5037727873 0.301909658902 -0.5)
(1.51018622261 0.301909658902 -0.5)
(1.51684728 0.301909658902 -0.5)
(1.52376552014 0.301909658902 -0.5)
(1.53095087282 0.301909658902 -0.5)
(1.53841365123 0.301909658902 -0.5)
(1.54616456676 0.301909658902 -0.5)
(1.55421474435 0.301909658902 -0.5)
(1.56257573846 0.301909658902 -0.5)
(1.57125954971 0.301909658902 -0.5)
(1.58027864202 0.301909658902 -0.5)
(1.58964596057 0.301909658902 -0.5)
(1.59937495033 0.301909658902 -0.5)
(1.60947957538 0.301909658902 -0.5)
(1.61997433898 0.301909658902 -0.5)
(1.63087430433 0.301909658902 -0.5)
(1.64219511623 0.301909658902 -0.5)
(1.65395302352 0.301909658902 -0.5)
(1.66616490241 0.301909658902 -0.5)
(1.67884828069 0.301909658902 -0.5)
(1.69202136292 0.301909658902 -0.5)
(1.7057030565 0.301909658902 -0.5)
(1.71991299887 0.301909658902 -0.5)
(1.73467158567 0.301909658902 -0.5)
(1.75 0.301909658902 -0.5)
(1.47510947144 0.302444475099 -0.5)
(1.48041621906 0.302444475099 -0.5)
(1.48592785965 0.302444475099 -0.5)
(1.49165230413 0.302444475099 -0.5)
(1.49759776882 0.302444475099 -0.5)
(1.5037727873 0.302444475099 -0.5)
(1.51018622261 0.302444475099 -0.5)
(1.51684728 0.302444475099 -0.5)
(1.52376552014 0.302444475099 -0.5)
(1.53095087282 0.302444475099 -0.5)
(1.53841365123 0.302444475099 -0.5)
(1.54616456676 0.302444475099 -0.5)
(1.55421474435 0.302444475099 -0.5)
(1.56257573846 0.302444475099 -0.5)
(1.57125954971 0.302444475099 -0.5)
(1.58027864202 0.302444475099 -0.5)
(1.58964596057 0.302444475099 -0.5)
(1.59937495033 0.302444475099 -0.5)
(1.60947957538 0.302444475099 -0.5)
(1.61997433898 0.302444475099 -0.5)
(1.63087430433 0.302444475099 -0.5)
(1.64219511623 0.302444475099 -0.5)
(1.65395302352 0.302444475099 -0.5)
(1.66616490241 0.302444475099 -0.5)
(1.67884828069 0.302444475099 -0.5)
(1.69202136292 0.302444475099 -0.5)
(1.7057030565 0.302444475099 -0.5)
(1.71991299887 0.302444475099 -0.5)
(1.73467158567 0.302444475099 -0.5)
(1.75 0.302444475099 -0.5)
(1.47510947144 0.303004435283 -0.5)
(1.48041621906 0.303004435283 -0.5)
(1.48592785965 0.303004435283 -0.5)
(1.49165230413 0.303004435283 -0.5)
(1.49759776882 0.303004435283 -0.5)
(1.5037727873 0.303004435283 -0.5)
(1.51018622261 0.303004435283 -0.5)
(1.51684728 0.303004435283 -0.5)
(1.52376552014 0.303004435283 -0.5)
(1.53095087282 0.303004435283 -0.5)
(1.53841365123 0.303004435283 -0.5)
(1.54616456676 0.303004435283 -0.5)
(1.55421474435 0.303004435283 -0.5)
(1.56257573846 0.303004435283 -0.5)
(1.57125954971 0.303004435283 -0.5)
(1.58027864202 0.303004435283 -0.5)
(1.58964596057 0.303004435283 -0.5)
(1.59937495033 0.303004435283 -0.5)
(1.60947957538 0.303004435283 -0.5)
(1.61997433898 0.303004435283 -0.5)
(1.63087430433 0.303004435283 -0.5)
(1.64219511623 0.303004435283 -0.5)
(1.65395302352 0.303004435283 -0.5)
(1.66616490241 0.303004435283 -0.5)
(1.67884828069 0.303004435283 -0.5)
(1.69202136292 0.303004435283 -0.5)
(1.7057030565 0.303004435283 -0.5)
(1.71991299887 0.303004435283 -0.5)
(1.73467158567 0.303004435283 -0.5)
(1.75 0.303004435283 -0.5)
(1.47510947144 0.30359072158 -0.5)
(1.48041621906 0.30359072158 -0.5)
(1.48592785965 0.30359072158 -0.5)
(1.49165230413 0.30359072158 -0.5)
(1.49759776882 0.30359072158 -0.5)
(1.5037727873 0.30359072158 -0.5)
(1.51018622261 0.30359072158 -0.5)
(1.51684728 0.30359072158 -0.5)
(1.52376552014 0.30359072158 -0.5)
(1.53095087282 0.30359072158 -0.5)
(1.53841365123 0.30359072158 -0.5)
(1.54616456676 0.30359072158 -0.5)
(1.55421474435 0.30359072158 -0.5)
(1.56257573846 0.30359072158 -0.5)
(1.57125954971 0.30359072158 -0.5)
(1.58027864202 0.30359072158 -0.5)
(1.58964596057 0.30359072158 -0.5)
(1.59937495033 0.30359072158 -0.5)
(1.60947957538 0.30359072158 -0.5)
(1.61997433898 0.30359072158 -0.5)
(1.63087430433 0.30359072158 -0.5)
(1.64219511623 0.30359072158 -0.5)
(1.65395302352 0.30359072158 -0.5)
(1.66616490241 0.30359072158 -0.5)
(1.67884828069 0.30359072158 -0.5)
(1.69202136292 0.30359072158 -0.5)
(1.7057030565 0.30359072158 -0.5)
(1.71991299887 0.30359072158 -0.5)
(1.73467158567 0.30359072158 -0.5)
(1.75 0.30359072158 -0.5)
(1.47510947144 0.304204571693 -0.5)
(1.48041621906 0.304204571693 -0.5)
(1.48592785965 0.304204571693 -0.5)
(1.49165230413 0.304204571693 -0.5)
(1.49759776882 0.304204571693 -0.5)
(1.5037727873 0.304204571693 -0.5)
(1.51018622261 0.304204571693 -0.5)
(1.51684728 0.304204571693 -0.5)
(1.52376552014 0.304204571693 -0.5)
(1.53095087282 0.304204571693 -0.5)
(1.53841365123 0.304204571693 -0.5)
(1.54616456676 0.304204571693 -0.5)
(1.55421474435 0.304204571693 -0.5)
(1.56257573846 0.304204571693 -0.5)
(1.57125954971 0.304204571693 -0.5)
(1.58027864202 0.304204571693 -0.5)
(1.58964596057 0.304204571693 -0.5)
(1.59937495033 0.304204571693 -0.5)
(1.60947957538 0.304204571693 -0.5)
(1.61997433898 0.304204571693 -0.5)
(1.63087430433 0.304204571693 -0.5)
(1.64219511623 0.304204571693 -0.5)
(1.65395302352 0.304204571693 -0.5)
(1.66616490241 0.304204571693 -0.5)
(1.67884828069 0.304204571693 -0.5)
(1.69202136292 0.304204571693 -0.5)
(1.7057030565 0.304204571693 -0.5)
(1.71991299887 0.304204571693 -0.5)
(1.73467158567 0.304204571693 -0.5)
(1.75 0.304204571693 -0.5)
(1.47510947144 0.304847281513 -0.5)
(1.48041621906 0.304847281513 -0.5)
(1.48592785965 0.304847281513 -0.5)
(1.49165230413 0.304847281513 -0.5)
(1.49759776882 0.304847281513 -0.5)
(1.5037727873 0.304847281513 -0.5)
(1.51018622261 0.304847281513 -0.5)
(1.51684728 0.304847281513 -0.5)
(1.52376552014 0.304847281513 -0.5)
(1.53095087282 0.304847281513 -0.5)
(1.53841365123 0.304847281513 -0.5)
(1.54616456676 0.304847281513 -0.5)
(1.55421474435 0.304847281513 -0.5)
(1.56257573846 0.304847281513 -0.5)
(1.57125954971 0.304847281513 -0.5)
(1.58027864202 0.304847281513 -0.5)
(1.58964596057 0.304847281513 -0.5)
(1.59937495033 0.304847281513 -0.5)
(1.60947957538 0.304847281513 -0.5)
(1.61997433898 0.304847281513 -0.5)
(1.63087430433 0.304847281513 -0.5)
(1.64219511623 0.304847281513 -0.5)
(1.65395302352 0.304847281513 -0.5)
(1.66616490241 0.304847281513 -0.5)
(1.67884828069 0.304847281513 -0.5)
(1.69202136292 0.304847281513 -0.5)
(1.7057030565 0.304847281513 -0.5)
(1.71991299887 0.304847281513 -0.5)
(1.73467158567 0.304847281513 -0.5)
(1.75 0.304847281513 -0.5)
(1.47510947144 0.30552020786 -0.5)
(1.48041621906 0.30552020786 -0.5)
(1.48592785965 0.30552020786 -0.5)
(1.49165230413 0.30552020786 -0.5)
(1.49759776882 0.30552020786 -0.5)
(1.5037727873 0.30552020786 -0.5)
(1.51018622261 0.30552020786 -0.5)
(1.51684728 0.30552020786 -0.5)
(1.52376552014 0.30552020786 -0.5)
(1.53095087282 0.30552020786 -0.5)
(1.53841365123 0.30552020786 -0.5)
(1.54616456676 0.30552020786 -0.5)
(1.55421474435 0.30552020786 -0.5)
(1.56257573846 0.30552020786 -0.5)
(1.57125954971 0.30552020786 -0.5)
(1.58027864202 0.30552020786 -0.5)
(1.58964596057 0.30552020786 -0.5)
(1.59937495033 0.30552020786 -0.5)
(1.60947957538 0.30552020786 -0.5)
(1.61997433898 0.30552020786 -0.5)
(1.63087430433 0.30552020786 -0.5)
(1.64219511623 0.30552020786 -0.5)
(1.65395302352 0.30552020786 -0.5)
(1.66616490241 0.30552020786 -0.5)
(1.67884828069 0.30552020786 -0.5)
(1.69202136292 0.30552020786 -0.5)
(1.7057030565 0.30552020786 -0.5)
(1.71991299887 0.30552020786 -0.5)
(1.73467158567 0.30552020786 -0.5)
(1.75 0.30552020786 -0.5)
(1.47510947144 0.306224771339 -0.5)
(1.48041621906 0.306224771339 -0.5)
(1.48592785965 0.306224771339 -0.5)
(1.49165230413 0.306224771339 -0.5)
(1.49759776882 0.306224771339 -0.5)
(1.5037727873 0.306224771339 -0.5)
(1.51018622261 0.306224771339 -0.5)
(1.51684728 0.306224771339 -0.5)
(1.52376552014 0.306224771339 -0.5)
(1.53095087282 0.306224771339 -0.5)
(1.53841365123 0.306224771339 -0.5)
(1.54616456676 0.306224771339 -0.5)
(1.55421474435 0.306224771339 -0.5)
(1.56257573846 0.306224771339 -0.5)
(1.57125954971 0.306224771339 -0.5)
(1.58027864202 0.306224771339 -0.5)
(1.58964596057 0.306224771339 -0.5)
(1.59937495033 0.306224771339 -0.5)
(1.60947957538 0.306224771339 -0.5)
(1.61997433898 0.306224771339 -0.5)
(1.63087430433 0.306224771339 -0.5)
(1.64219511623 0.306224771339 -0.5)
(1.65395302352 0.306224771339 -0.5)
(1.66616490241 0.306224771339 -0.5)
(1.67884828069 0.306224771339 -0.5)
(1.69202136292 0.306224771339 -0.5)
(1.7057030565 0.306224771339 -0.5)
(1.71991299887 0.306224771339 -0.5)
(1.73467158567 0.306224771339 -0.5)
(1.75 0.306224771339 -0.5)
(1.47510947144 0.306962459349 -0.5)
(1.48041621906 0.306962459349 -0.5)
(1.48592785965 0.306962459349 -0.5)
(1.49165230413 0.306962459349 -0.5)
(1.49759776882 0.306962459349 -0.5)
(1.5037727873 0.306962459349 -0.5)
(1.51018622261 0.306962459349 -0.5)
(1.51684728 0.306962459349 -0.5)
(1.52376552014 0.306962459349 -0.5)
(1.53095087282 0.306962459349 -0.5)
(1.53841365123 0.306962459349 -0.5)
(1.54616456676 0.306962459349 -0.5)
(1.55421474435 0.306962459349 -0.5)
(1.56257573846 0.306962459349 -0.5)
(1.57125954971 0.306962459349 -0.5)
(1.58027864202 0.306962459349 -0.5)
(1.58964596057 0.306962459349 -0.5)
(1.59937495033 0.306962459349 -0.5)
(1.60947957538 0.306962459349 -0.5)
(1.61997433898 0.306962459349 -0.5)
(1.63087430433 0.306962459349 -0.5)
(1.64219511623 0.306962459349 -0.5)
(1.65395302352 0.306962459349 -0.5)
(1.66616490241 0.306962459349 -0.5)
(1.67884828069 0.306962459349 -0.5)
(1.69202136292 0.306962459349 -0.5)
(1.7057030565 0.306962459349 -0.5)
(1.71991299887 0.306962459349 -0.5)
(1.73467158567 0.306962459349 -0.5)
(1.75 0.306962459349 -0.5)
(1.47510947144 0.307734829214 -0.5)
(1.48041621906 0.307734829214 -0.5)
(1.48592785965 0.307734829214 -0.5)
(1.49165230413 0.307734829214 -0.5)
(1.49759776882 0.307734829214 -0.5)
(1.5037727873 0.307734829214 -0.5)
(1.51018622261 0.307734829214 -0.5)
(1.51684728 0.307734829214 -0.5)
(1.52376552014 0.307734829214 -0.5)
(1.53095087282 0.307734829214 -0.5)
(1.53841365123 0.307734829214 -0.5)
(1.54616456676 0.307734829214 -0.5)
(1.55421474435 0.307734829214 -0.5)
(1.56257573846 0.307734829214 -0.5)
(1.57125954971 0.307734829214 -0.5)
(1.58027864202 0.307734829214 -0.5)
(1.58964596057 0.307734829214 -0.5)
(1.59937495033 0.307734829214 -0.5)
(1.60947957538 0.307734829214 -0.5)
(1.61997433898 0.307734829214 -0.5)
(1.63087430433 0.307734829214 -0.5)
(1.64219511623 0.307734829214 -0.5)
(1.65395302352 0.307734829214 -0.5)
(1.66616490241 0.307734829214 -0.5)
(1.67884828069 0.307734829214 -0.5)
(1.69202136292 0.307734829214 -0.5)
(1.7057030565 0.307734829214 -0.5)
(1.71991299887 0.307734829214 -0.5)
(1.73467158567 0.307734829214 -0.5)
(1.75 0.307734829214 -0.5)
(1.47510947144 0.308543511475 -0.5)
(1.48041621906 0.308543511475 -0.5)
(1.48592785965 0.308543511475 -0.5)
(1.49165230413 0.308543511475 -0.5)
(1.49759776882 0.308543511475 -0.5)
(1.5037727873 0.308543511475 -0.5)
(1.51018622261 0.308543511475 -0.5)
(1.51684728 0.308543511475 -0.5)
(1.52376552014 0.308543511475 -0.5)
(1.53095087282 0.308543511475 -0.5)
(1.53841365123 0.308543511475 -0.5)
(1.54616456676 0.308543511475 -0.5)
(1.55421474435 0.308543511475 -0.5)
(1.56257573846 0.308543511475 -0.5)
(1.57125954971 0.308543511475 -0.5)
(1.58027864202 0.308543511475 -0.5)
(1.58964596057 0.308543511475 -0.5)
(1.59937495033 0.308543511475 -0.5)
(1.60947957538 0.308543511475 -0.5)
(1.61997433898 0.308543511475 -0.5)
(1.63087430433 0.308543511475 -0.5)
(1.64219511623 0.308543511475 -0.5)
(1.65395302352 0.308543511475 -0.5)
(1.66616490241 0.308543511475 -0.5)
(1.67884828069 0.308543511475 -0.5)
(1.69202136292 0.308543511475 -0.5)
(1.7057030565 0.308543511475 -0.5)
(1.71991299887 0.308543511475 -0.5)
(1.73467158567 0.308543511475 -0.5)
(1.75 0.308543511475 -0.5)
(1.47510947144 0.309390213333 -0.5)
(1.48041621906 0.309390213333 -0.5)
(1.48592785965 0.309390213333 -0.5)
(1.49165230413 0.309390213333 -0.5)
(1.49759776882 0.309390213333 -0.5)
(1.5037727873 0.309390213333 -0.5)
(1.51018622261 0.309390213333 -0.5)
(1.51684728 0.309390213333 -0.5)
(1.52376552014 0.309390213333 -0.5)
(1.53095087282 0.309390213333 -0.5)
(1.53841365123 0.309390213333 -0.5)
(1.54616456676 0.309390213333 -0.5)
(1.55421474435 0.309390213333 -0.5)
(1.56257573846 0.309390213333 -0.5)
(1.57125954971 0.309390213333 -0.5)
(1.58027864202 0.309390213333 -0.5)
(1.58964596057 0.309390213333 -0.5)
(1.59937495033 0.309390213333 -0.5)
(1.60947957538 0.309390213333 -0.5)
(1.61997433898 0.309390213333 -0.5)
(1.63087430433 0.309390213333 -0.5)
(1.64219511623 0.309390213333 -0.5)
(1.65395302352 0.309390213333 -0.5)
(1.66616490241 0.309390213333 -0.5)
(1.67884828069 0.309390213333 -0.5)
(1.69202136292 0.309390213333 -0.5)
(1.7057030565 0.309390213333 -0.5)
(1.71991299887 0.309390213333 -0.5)
(1.73467158567 0.309390213333 -0.5)
(1.75 0.309390213333 -0.5)
(1.47510947144 0.310276722252 -0.5)
(1.48041621906 0.310276722252 -0.5)
(1.48592785965 0.310276722252 -0.5)
(1.49165230413 0.310276722252 -0.5)
(1.49759776882 0.310276722252 -0.5)
(1.5037727873 0.310276722252 -0.5)
(1.51018622261 0.310276722252 -0.5)
(1.51684728 0.310276722252 -0.5)
(1.52376552014 0.310276722252 -0.5)
(1.53095087282 0.310276722252 -0.5)
(1.53841365123 0.310276722252 -0.5)
(1.54616456676 0.310276722252 -0.5)
(1.55421474435 0.310276722252 -0.5)
(1.56257573846 0.310276722252 -0.5)
(1.57125954971 0.310276722252 -0.5)
(1.58027864202 0.310276722252 -0.5)
(1.58964596057 0.310276722252 -0.5)
(1.59937495033 0.310276722252 -0.5)
(1.60947957538 0.310276722252 -0.5)
(1.61997433898 0.310276722252 -0.5)
(1.63087430433 0.310276722252 -0.5)
(1.64219511623 0.310276722252 -0.5)
(1.65395302352 0.310276722252 -0.5)
(1.66616490241 0.310276722252 -0.5)
(1.67884828069 0.310276722252 -0.5)
(1.69202136292 0.310276722252 -0.5)
(1.7057030565 0.310276722252 -0.5)
(1.71991299887 0.310276722252 -0.5)
(1.73467158567 0.310276722252 -0.5)
(1.75 0.310276722252 -0.5)
(1.47510947144 0.31120490973 -0.5)
(1.48041621906 0.31120490973 -0.5)
(1.48592785965 0.31120490973 -0.5)
(1.49165230413 0.31120490973 -0.5)
(1.49759776882 0.31120490973 -0.5)
(1.5037727873 0.31120490973 -0.5)
(1.51018622261 0.31120490973 -0.5)
(1.51684728 0.31120490973 -0.5)
(1.52376552014 0.31120490973 -0.5)
(1.53095087282 0.31120490973 -0.5)
(1.53841365123 0.31120490973 -0.5)
(1.54616456676 0.31120490973 -0.5)
(1.55421474435 0.31120490973 -0.5)
(1.56257573846 0.31120490973 -0.5)
(1.57125954971 0.31120490973 -0.5)
(1.58027864202 0.31120490973 -0.5)
(1.58964596057 0.31120490973 -0.5)
(1.59937495033 0.31120490973 -0.5)
(1.60947957538 0.31120490973 -0.5)
(1.61997433898 0.31120490973 -0.5)
(1.63087430433 0.31120490973 -0.5)
(1.64219511623 0.31120490973 -0.5)
(1.65395302352 0.31120490973 -0.5)
(1.66616490241 0.31120490973 -0.5)
(1.67884828069 0.31120490973 -0.5)
(1.69202136292 0.31120490973 -0.5)
(1.7057030565 0.31120490973 -0.5)
(1.71991299887 0.31120490973 -0.5)
(1.73467158567 0.31120490973 -0.5)
(1.75 0.31120490973 -0.5)
(1.47510947144 0.312176735255 -0.5)
(1.48041621906 0.312176735255 -0.5)
(1.48592785965 0.312176735255 -0.5)
(1.49165230413 0.312176735255 -0.5)
(1.49759776882 0.312176735255 -0.5)
(1.5037727873 0.312176735255 -0.5)
(1.51018622261 0.312176735255 -0.5)
(1.51684728 0.312176735255 -0.5)
(1.52376552014 0.312176735255 -0.5)
(1.53095087282 0.312176735255 -0.5)
(1.53841365123 0.312176735255 -0.5)
(1.54616456676 0.312176735255 -0.5)
(1.55421474435 0.312176735255 -0.5)
(1.56257573846 0.312176735255 -0.5)
(1.57125954971 0.312176735255 -0.5)
(1.58027864202 0.312176735255 -0.5)
(1.58964596057 0.312176735255 -0.5)
(1.59937495033 0.312176735255 -0.5)
(1.60947957538 0.312176735255 -0.5)
(1.61997433898 0.312176735255 -0.5)
(1.63087430433 0.312176735255 -0.5)
(1.64219511623 0.312176735255 -0.5)
(1.65395302352 0.312176735255 -0.5)
(1.66616490241 0.312176735255 -0.5)
(1.67884828069 0.312176735255 -0.5)
(1.69202136292 0.312176735255 -0.5)
(1.7057030565 0.312176735255 -0.5)
(1.71991299887 0.312176735255 -0.5)
(1.73467158567 0.312176735255 -0.5)
(1.75 0.312176735255 -0.5)
(1.47510947144 0.313194250436 -0.5)
(1.48041621906 0.313194250436 -0.5)
(1.48592785965 0.313194250436 -0.5)
(1.49165230413 0.313194250436 -0.5)
(1.49759776882 0.313194250436 -0.5)
(1.5037727873 0.313194250436 -0.5)
(1.51018622261 0.313194250436 -0.5)
(1.51684728 0.313194250436 -0.5)
(1.52376552014 0.313194250436 -0.5)
(1.53095087282 0.313194250436 -0.5)
(1.53841365123 0.313194250436 -0.5)
(1.54616456676 0.313194250436 -0.5)
(1.55421474435 0.313194250436 -0.5)
(1.56257573846 0.313194250436 -0.5)
(1.57125954971 0.313194250436 -0.5)
(1.58027864202 0.313194250436 -0.5)
(1.58964596057 0.313194250436 -0.5)
(1.59937495033 0.313194250436 -0.5)
(1.60947957538 0.313194250436 -0.5)
(1.61997433898 0.313194250436 -0.5)
(1.63087430433 0.313194250436 -0.5)
(1.64219511623 0.313194250436 -0.5)
(1.65395302352 0.313194250436 -0.5)
(1.66616490241 0.313194250436 -0.5)
(1.67884828069 0.313194250436 -0.5)
(1.69202136292 0.313194250436 -0.5)
(1.7057030565 0.313194250436 -0.5)
(1.71991299887 0.313194250436 -0.5)
(1.73467158567 0.313194250436 -0.5)
(1.75 0.313194250436 -0.5)
(1.47510947144 0.31425960334 -0.5)
(1.48041621906 0.31425960334 -0.5)
(1.48592785965 0.31425960334 -0.5)
(1.49165230413 0.31425960334 -0.5)
(1.49759776882 0.31425960334 -0.5)
(1.5037727873 0.31425960334 -0.5)
(1.51018622261 0.31425960334 -0.5)
(1.51684728 0.31425960334 -0.5)
(1.52376552014 0.31425960334 -0.5)
(1.53095087282 0.31425960334 -0.5)
(1.53841365123 0.31425960334 -0.5)
(1.54616456676 0.31425960334 -0.5)
(1.55421474435 0.31425960334 -0.5)
(1.56257573846 0.31425960334 -0.5)
(1.57125954971 0.31425960334 -0.5)
(1.58027864202 0.31425960334 -0.5)
(1.58964596057 0.31425960334 -0.5)
(1.59937495033 0.31425960334 -0.5)
(1.60947957538 0.31425960334 -0.5)
(1.61997433898 0.31425960334 -0.5)
(1.63087430433 0.31425960334 -0.5)
(1.64219511623 0.31425960334 -0.5)
(1.65395302352 0.31425960334 -0.5)
(1.66616490241 0.31425960334 -0.5)
(1.67884828069 0.31425960334 -0.5)
(1.69202136292 0.31425960334 -0.5)
(1.7057030565 0.31425960334 -0.5)
(1.71991299887 0.31425960334 -0.5)
(1.73467158567 0.31425960334 -0.5)
(1.75 0.31425960334 -0.5)
(1.47510947144 0.31537504302 -0.5)
(1.48041621906 0.31537504302 -0.5)
(1.48592785965 0.31537504302 -0.5)
(1.49165230413 0.31537504302 -0.5)
(1.49759776882 0.31537504302 -0.5)
(1.5037727873 0.31537504302 -0.5)
(1.51018622261 0.31537504302 -0.5)
(1.51684728 0.31537504302 -0.5)
(1.52376552014 0.31537504302 -0.5)
(1.53095087282 0.31537504302 -0.5)
(1.53841365123 0.31537504302 -0.5)
(1.54616456676 0.31537504302 -0.5)
(1.55421474435 0.31537504302 -0.5)
(1.56257573846 0.31537504302 -0.5)
(1.57125954971 0.31537504302 -0.5)
(1.58027864202 0.31537504302 -0.5)
(1.58964596057 0.31537504302 -0.5)
(1.59937495033 0.31537504302 -0.5)
(1.60947957538 0.31537504302 -0.5)
(1.61997433898 0.31537504302 -0.5)
(1.63087430433 0.31537504302 -0.5)
(1.64219511623 0.31537504302 -0.5)
(1.65395302352 0.31537504302 -0.5)
(1.66616490241 0.31537504302 -0.5)
(1.67884828069 0.31537504302 -0.5)
(1.69202136292 0.31537504302 -0.5)
(1.7057030565 0.31537504302 -0.5)
(1.71991299887 0.31537504302 -0.5)
(1.73467158567 0.31537504302 -0.5)
(1.75 0.31537504302 -0.5)
(1.47510947144 0.31654292427 -0.5)
(1.48041621906 0.31654292427 -0.5)
(1.48592785965 0.31654292427 -0.5)
(1.49165230413 0.31654292427 -0.5)
(1.49759776882 0.31654292427 -0.5)
(1.5037727873 0.31654292427 -0.5)
(1.51018622261 0.31654292427 -0.5)
(1.51684728 0.31654292427 -0.5)
(1.52376552014 0.31654292427 -0.5)
(1.53095087282 0.31654292427 -0.5)
(1.53841365123 0.31654292427 -0.5)
(1.54616456676 0.31654292427 -0.5)
(1.55421474435 0.31654292427 -0.5)
(1.56257573846 0.31654292427 -0.5)
(1.57125954971 0.31654292427 -0.5)
(1.58027864202 0.31654292427 -0.5)
(1.58964596057 0.31654292427 -0.5)
(1.59937495033 0.31654292427 -0.5)
(1.60947957538 0.31654292427 -0.5)
(1.61997433898 0.31654292427 -0.5)
(1.63087430433 0.31654292427 -0.5)
(1.64219511623 0.31654292427 -0.5)
(1.65395302352 0.31654292427 -0.5)
(1.66616490241 0.31654292427 -0.5)
(1.67884828069 0.31654292427 -0.5)
(1.69202136292 0.31654292427 -0.5)
(1.7057030565 0.31654292427 -0.5)
(1.71991299887 0.31654292427 -0.5)
(1.73467158567 0.31654292427 -0.5)
(1.75 0.31654292427 -0.5)
(1.47510947144 0.317765712592 -0.5)
(1.48041621906 0.317765712592 -0.5)
(1.48592785965 0.317765712592 -0.5)
(1.49165230413 0.317765712592 -0.5)
(1.49759776882 0.317765712592 -0.5)
(1.5037727873 0.317765712592 -0.5)
(1.51018622261 0.317765712592 -0.5)
(1.51684728 0.317765712592 -0.5)
(1.52376552014 0.317765712592 -0.5)
(1.53095087282 0.317765712592 -0.5)
(1.53841365123 0.317765712592 -0.5)
(1.54616456676 0.317765712592 -0.5)
(1.55421474435 0.317765712592 -0.5)
(1.56257573846 0.317765712592 -0.5)
(1.57125954971 0.317765712592 -0.5)
(1.58027864202 0.317765712592 -0.5)
(1.58964596057 0.317765712592 -0.5)
(1.59937495033 0.317765712592 -0.5)
(1.60947957538 0.317765712592 -0.5)
(1.61997433898 0.317765712592 -0.5)
(1.63087430433 0.317765712592 -0.5)
(1.64219511623 0.317765712592 -0.5)
(1.65395302352 0.317765712592 -0.5)
(1.66616490241 0.317765712592 -0.5)
(1.67884828069 0.317765712592 -0.5)
(1.69202136292 0.317765712592 -0.5)
(1.7057030565 0.317765712592 -0.5)
(1.71991299887 0.317765712592 -0.5)
(1.73467158567 0.317765712592 -0.5)
(1.75 0.317765712592 -0.5)
(1.47510947144 0.3190459894 -0.5)
(1.48041621906 0.3190459894 -0.5)
(1.48592785965 0.3190459894 -0.5)
(1.49165230413 0.3190459894 -0.5)
(1.49759776882 0.3190459894 -0.5)
(1.5037727873 0.3190459894 -0.5)
(1.51018622261 0.3190459894 -0.5)
(1.51684728 0.3190459894 -0.5)
(1.52376552014 0.3190459894 -0.5)
(1.53095087282 0.3190459894 -0.5)
(1.53841365123 0.3190459894 -0.5)
(1.54616456676 0.3190459894 -0.5)
(1.55421474435 0.3190459894 -0.5)
(1.56257573846 0.3190459894 -0.5)
(1.57125954971 0.3190459894 -0.5)
(1.58027864202 0.3190459894 -0.5)
(1.58964596057 0.3190459894 -0.5)
(1.59937495033 0.3190459894 -0.5)
(1.60947957538 0.3190459894 -0.5)
(1.61997433898 0.3190459894 -0.5)
(1.63087430433 0.3190459894 -0.5)
(1.64219511623 0.3190459894 -0.5)
(1.65395302352 0.3190459894 -0.5)
(1.66616490241 0.3190459894 -0.5)
(1.67884828069 0.3190459894 -0.5)
(1.69202136292 0.3190459894 -0.5)
(1.7057030565 0.3190459894 -0.5)
(1.71991299887 0.3190459894 -0.5)
(1.73467158567 0.3190459894 -0.5)
(1.75 0.3190459894 -0.5)
(1.47510947144 0.320386457474 -0.5)
(1.48041621906 0.320386457474 -0.5)
(1.48592785965 0.320386457474 -0.5)
(1.49165230413 0.320386457474 -0.5)
(1.49759776882 0.320386457474 -0.5)
(1.5037727873 0.320386457474 -0.5)
(1.51018622261 0.320386457474 -0.5)
(1.51684728 0.320386457474 -0.5)
(1.52376552014 0.320386457474 -0.5)
(1.53095087282 0.320386457474 -0.5)
(1.53841365123 0.320386457474 -0.5)
(1.54616456676 0.320386457474 -0.5)
(1.55421474435 0.320386457474 -0.5)
(1.56257573846 0.320386457474 -0.5)
(1.57125954971 0.320386457474 -0.5)
(1.58027864202 0.320386457474 -0.5)
(1.58964596057 0.320386457474 -0.5)
(1.59937495033 0.320386457474 -0.5)
(1.60947957538 0.320386457474 -0.5)
(1.61997433898 0.320386457474 -0.5)
(1.63087430433 0.320386457474 -0.5)
(1.64219511623 0.320386457474 -0.5)
(1.65395302352 0.320386457474 -0.5)
(1.66616490241 0.320386457474 -0.5)
(1.67884828069 0.320386457474 -0.5)
(1.69202136292 0.320386457474 -0.5)
(1.7057030565 0.320386457474 -0.5)
(1.71991299887 0.320386457474 -0.5)
(1.73467158567 0.320386457474 -0.5)
(1.75 0.320386457474 -0.5)
(1.47510947144 0.32178994666 -0.5)
(1.48041621906 0.32178994666 -0.5)
(1.48592785965 0.32178994666 -0.5)
(1.49165230413 0.32178994666 -0.5)
(1.49759776882 0.32178994666 -0.5)
(1.5037727873 0.32178994666 -0.5)
(1.51018622261 0.32178994666 -0.5)
(1.51684728 0.32178994666 -0.5)
(1.52376552014 0.32178994666 -0.5)
(1.53095087282 0.32178994666 -0.5)
(1.53841365123 0.32178994666 -0.5)
(1.54616456676 0.32178994666 -0.5)
(1.55421474435 0.32178994666 -0.5)
(1.56257573846 0.32178994666 -0.5)
(1.57125954971 0.32178994666 -0.5)
(1.58027864202 0.32178994666 -0.5)
(1.58964596057 0.32178994666 -0.5)
(1.59937495033 0.32178994666 -0.5)
(1.60947957538 0.32178994666 -0.5)
(1.61997433898 0.32178994666 -0.5)
(1.63087430433 0.32178994666 -0.5)
(1.64219511623 0.32178994666 -0.5)
(1.65395302352 0.32178994666 -0.5)
(1.66616490241 0.32178994666 -0.5)
(1.67884828069 0.32178994666 -0.5)
(1.69202136292 0.32178994666 -0.5)
(1.7057030565 0.32178994666 -0.5)
(1.71991299887 0.32178994666 -0.5)
(1.73467158567 0.32178994666 -0.5)
(1.75 0.32178994666 -0.5)
(1.47510947144 0.32325941985 -0.5)
(1.48041621906 0.32325941985 -0.5)
(1.48592785965 0.32325941985 -0.5)
(1.49165230413 0.32325941985 -0.5)
(1.49759776882 0.32325941985 -0.5)
(1.5037727873 0.32325941985 -0.5)
(1.51018622261 0.32325941985 -0.5)
(1.51684728 0.32325941985 -0.5)
(1.52376552014 0.32325941985 -0.5)
(1.53095087282 0.32325941985 -0.5)
(1.53841365123 0.32325941985 -0.5)
(1.54616456676 0.32325941985 -0.5)
(1.55421474435 0.32325941985 -0.5)
(1.56257573846 0.32325941985 -0.5)
(1.57125954971 0.32325941985 -0.5)
(1.58027864202 0.32325941985 -0.5)
(1.58964596057 0.32325941985 -0.5)
(1.59937495033 0.32325941985 -0.5)
(1.60947957538 0.32325941985 -0.5)
(1.61997433898 0.32325941985 -0.5)
(1.63087430433 0.32325941985 -0.5)
(1.64219511623 0.32325941985 -0.5)
(1.65395302352 0.32325941985 -0.5)
(1.66616490241 0.32325941985 -0.5)
(1.67884828069 0.32325941985 -0.5)
(1.69202136292 0.32325941985 -0.5)
(1.7057030565 0.32325941985 -0.5)
(1.71991299887 0.32325941985 -0.5)
(1.73467158567 0.32325941985 -0.5)
(1.75 0.32325941985 -0.5)
(1.47510947144 0.324797979233 -0.5)
(1.48041621906 0.324797979233 -0.5)
(1.48592785965 0.324797979233 -0.5)
(1.49165230413 0.324797979233 -0.5)
(1.49759776882 0.324797979233 -0.5)
(1.5037727873 0.324797979233 -0.5)
(1.51018622261 0.324797979233 -0.5)
(1.51684728 0.324797979233 -0.5)
(1.52376552014 0.324797979233 -0.5)
(1.53095087282 0.324797979233 -0.5)
(1.53841365123 0.324797979233 -0.5)
(1.54616456676 0.324797979233 -0.5)
(1.55421474435 0.324797979233 -0.5)
(1.56257573846 0.324797979233 -0.5)
(1.57125954971 0.324797979233 -0.5)
(1.58027864202 0.324797979233 -0.5)
(1.58964596057 0.324797979233 -0.5)
(1.59937495033 0.324797979233 -0.5)
(1.60947957538 0.324797979233 -0.5)
(1.61997433898 0.324797979233 -0.5)
(1.63087430433 0.324797979233 -0.5)
(1.64219511623 0.324797979233 -0.5)
(1.65395302352 0.324797979233 -0.5)
(1.66616490241 0.324797979233 -0.5)
(1.67884828069 0.324797979233 -0.5)
(1.69202136292 0.324797979233 -0.5)
(1.7057030565 0.324797979233 -0.5)
(1.71991299887 0.324797979233 -0.5)
(1.73467158567 0.324797979233 -0.5)
(1.75 0.324797979233 -0.5)
(1.47510947144 0.326408872844 -0.5)
(1.48041621906 0.326408872844 -0.5)
(1.48592785965 0.326408872844 -0.5)
(1.49165230413 0.326408872844 -0.5)
(1.49759776882 0.326408872844 -0.5)
(1.5037727873 0.326408872844 -0.5)
(1.51018622261 0.326408872844 -0.5)
(1.51684728 0.326408872844 -0.5)
(1.52376552014 0.326408872844 -0.5)
(1.53095087282 0.326408872844 -0.5)
(1.53841365123 0.326408872844 -0.5)
(1.54616456676 0.326408872844 -0.5)
(1.55421474435 0.326408872844 -0.5)
(1.56257573846 0.326408872844 -0.5)
(1.57125954971 0.326408872844 -0.5)
(1.58027864202 0.326408872844 -0.5)
(1.58964596057 0.326408872844 -0.5)
(1.59937495033 0.326408872844 -0.5)
(1.60947957538 0.326408872844 -0.5)
(1.61997433898 0.326408872844 -0.5)
(1.63087430433 0.326408872844 -0.5)
(1.64219511623 0.326408872844 -0.5)
(1.65395302352 0.326408872844 -0.5)
(1.66616490241 0.326408872844 -0.5)
(1.67884828069 0.326408872844 -0.5)
(1.69202136292 0.326408872844 -0.5)
(1.7057030565 0.326408872844 -0.5)
(1.71991299887 0.326408872844 -0.5)
(1.73467158567 0.326408872844 -0.5)
(1.75 0.326408872844 -0.5)
(1.47510947144 0.328095501425 -0.5)
(1.48041621906 0.328095501425 -0.5)
(1.48592785965 0.328095501425 -0.5)
(1.49165230413 0.328095501425 -0.5)
(1.49759776882 0.328095501425 -0.5)
(1.5037727873 0.328095501425 -0.5)
(1.51018622261 0.328095501425 -0.5)
(1.51684728 0.328095501425 -0.5)
(1.52376552014 0.328095501425 -0.5)
(1.53095087282 0.328095501425 -0.5)
(1.53841365123 0.328095501425 -0.5)
(1.54616456676 0.328095501425 -0.5)
(1.55421474435 0.328095501425 -0.5)
(1.56257573846 0.328095501425 -0.5)
(1.57125954971 0.328095501425 -0.5)
(1.58027864202 0.328095501425 -0.5)
(1.58964596057 0.328095501425 -0.5)
(1.59937495033 0.328095501425 -0.5)
(1.60947957538 0.328095501425 -0.5)
(1.61997433898 0.328095501425 -0.5)
(1.63087430433 0.328095501425 -0.5)
(1.64219511623 0.328095501425 -0.5)
(1.65395302352 0.328095501425 -0.5)
(1.66616490241 0.328095501425 -0.5)
(1.67884828069 0.328095501425 -0.5)
(1.69202136292 0.328095501425 -0.5)
(1.7057030565 0.328095501425 -0.5)
(1.71991299887 0.328095501425 -0.5)
(1.73467158567 0.328095501425 -0.5)
(1.75 0.328095501425 -0.5)
(1.47510947144 0.329861425599 -0.5)
(1.48041621906 0.329861425599 -0.5)
(1.48592785965 0.329861425599 -0.5)
(1.49165230413 0.329861425599 -0.5)
(1.49759776882 0.329861425599 -0.5)
(1.5037727873 0.329861425599 -0.5)
(1.51018622261 0.329861425599 -0.5)
(1.51684728 0.329861425599 -0.5)
(1.52376552014 0.329861425599 -0.5)
(1.53095087282 0.329861425599 -0.5)
(1.53841365123 0.329861425599 -0.5)
(1.54616456676 0.329861425599 -0.5)
(1.55421474435 0.329861425599 -0.5)
(1.56257573846 0.329861425599 -0.5)
(1.57125954971 0.329861425599 -0.5)
(1.58027864202 0.329861425599 -0.5)
(1.58964596057 0.329861425599 -0.5)
(1.59937495033 0.329861425599 -0.5)
(1.60947957538 0.329861425599 -0.5)
(1.61997433898 0.329861425599 -0.5)
(1.63087430433 0.329861425599 -0.5)
(1.64219511623 0.329861425599 -0.5)
(1.65395302352 0.329861425599 -0.5)
(1.66616490241 0.329861425599 -0.5)
(1.67884828069 0.329861425599 -0.5)
(1.69202136292 0.329861425599 -0.5)
(1.7057030565 0.329861425599 -0.5)
(1.71991299887 0.329861425599 -0.5)
(1.73467158567 0.329861425599 -0.5)
(1.75 0.329861425599 -0.5)
(1.47510947144 0.331710373388 -0.5)
(1.48041621906 0.331710373388 -0.5)
(1.48592785965 0.331710373388 -0.5)
(1.49165230413 0.331710373388 -0.5)
(1.49759776882 0.331710373388 -0.5)
(1.5037727873 0.331710373388 -0.5)
(1.51018622261 0.331710373388 -0.5)
(1.51684728 0.331710373388 -0.5)
(1.52376552014 0.331710373388 -0.5)
(1.53095087282 0.331710373388 -0.5)
(1.53841365123 0.331710373388 -0.5)
(1.54616456676 0.331710373388 -0.5)
(1.55421474435 0.331710373388 -0.5)
(1.56257573846 0.331710373388 -0.5)
(1.57125954971 0.331710373388 -0.5)
(1.58027864202 0.331710373388 -0.5)
(1.58964596057 0.331710373388 -0.5)
(1.59937495033 0.331710373388 -0.5)
(1.60947957538 0.331710373388 -0.5)
(1.61997433898 0.331710373388 -0.5)
(1.63087430433 0.331710373388 -0.5)
(1.64219511623 0.331710373388 -0.5)
(1.65395302352 0.331710373388 -0.5)
(1.66616490241 0.331710373388 -0.5)
(1.67884828069 0.331710373388 -0.5)
(1.69202136292 0.331710373388 -0.5)
(1.7057030565 0.331710373388 -0.5)
(1.71991299887 0.331710373388 -0.5)
(1.73467158567 0.331710373388 -0.5)
(1.75 0.331710373388 -0.5)
(1.47510947144 0.333646248088 -0.5)
(1.48041621906 0.333646248088 -0.5)
(1.48592785965 0.333646248088 -0.5)
(1.49165230413 0.333646248088 -0.5)
(1.49759776882 0.333646248088 -0.5)
(1.5037727873 0.333646248088 -0.5)
(1.51018622261 0.333646248088 -0.5)
(1.51684728 0.333646248088 -0.5)
(1.52376552014 0.333646248088 -0.5)
(1.53095087282 0.333646248088 -0.5)
(1.53841365123 0.333646248088 -0.5)
(1.54616456676 0.333646248088 -0.5)
(1.55421474435 0.333646248088 -0.5)
(1.56257573846 0.333646248088 -0.5)
(1.57125954971 0.333646248088 -0.5)
(1.58027864202 0.333646248088 -0.5)
(1.58964596057 0.333646248088 -0.5)
(1.59937495033 0.333646248088 -0.5)
(1.60947957538 0.333646248088 -0.5)
(1.61997433898 0.333646248088 -0.5)
(1.63087430433 0.333646248088 -0.5)
(1.64219511623 0.333646248088 -0.5)
(1.65395302352 0.333646248088 -0.5)
(1.66616490241 0.333646248088 -0.5)
(1.67884828069 0.333646248088 -0.5)
(1.69202136292 0.333646248088 -0.5)
(1.7057030565 0.333646248088 -0.5)
(1.71991299887 0.333646248088 -0.5)
(1.73467158567 0.333646248088 -0.5)
(1.75 0.333646248088 -0.5)
(1.47510947144 0.335673136501 -0.5)
(1.48041621906 0.335673136501 -0.5)
(1.48592785965 0.335673136501 -0.5)
(1.49165230413 0.335673136501 -0.5)
(1.49759776882 0.335673136501 -0.5)
(1.5037727873 0.335673136501 -0.5)
(1.51018622261 0.335673136501 -0.5)
(1.51684728 0.335673136501 -0.5)
(1.52376552014 0.335673136501 -0.5)
(1.53095087282 0.335673136501 -0.5)
(1.53841365123 0.335673136501 -0.5)
(1.54616456676 0.335673136501 -0.5)
(1.55421474435 0.335673136501 -0.5)
(1.56257573846 0.335673136501 -0.5)
(1.57125954971 0.335673136501 -0.5)
(1.58027864202 0.335673136501 -0.5)
(1.58964596057 0.335673136501 -0.5)
(1.59937495033 0.335673136501 -0.5)
(1.60947957538 0.335673136501 -0.5)
(1.61997433898 0.335673136501 -0.5)
(1.63087430433 0.335673136501 -0.5)
(1.64219511623 0.335673136501 -0.5)
(1.65395302352 0.335673136501 -0.5)
(1.66616490241 0.335673136501 -0.5)
(1.67884828069 0.335673136501 -0.5)
(1.69202136292 0.335673136501 -0.5)
(1.7057030565 0.335673136501 -0.5)
(1.71991299887 0.335673136501 -0.5)
(1.73467158567 0.335673136501 -0.5)
(1.75 0.335673136501 -0.5)
(1.47510947144 0.337795317571 -0.5)
(1.48041621906 0.337795317571 -0.5)
(1.48592785965 0.337795317571 -0.5)
(1.49165230413 0.337795317571 -0.5)
(1.49759776882 0.337795317571 -0.5)
(1.5037727873 0.337795317571 -0.5)
(1.51018622261 0.337795317571 -0.5)
(1.51684728 0.337795317571 -0.5)
(1.52376552014 0.337795317571 -0.5)
(1.53095087282 0.337795317571 -0.5)
(1.53841365123 0.337795317571 -0.5)
(1.54616456676 0.337795317571 -0.5)
(1.55421474435 0.337795317571 -0.5)
(1.56257573846 0.337795317571 -0.5)
(1.57125954971 0.337795317571 -0.5)
(1.58027864202 0.337795317571 -0.5)
(1.58964596057 0.337795317571 -0.5)
(1.59937495033 0.337795317571 -0.5)
(1.60947957538 0.337795317571 -0.5)
(1.61997433898 0.337795317571 -0.5)
(1.63087430433 0.337795317571 -0.5)
(1.64219511623 0.337795317571 -0.5)
(1.65395302352 0.337795317571 -0.5)
(1.66616490241 0.337795317571 -0.5)
(1.67884828069 0.337795317571 -0.5)
(1.69202136292 0.337795317571 -0.5)
(1.7057030565 0.337795317571 -0.5)
(1.71991299887 0.337795317571 -0.5)
(1.73467158567 0.337795317571 -0.5)
(1.75 0.337795317571 -0.5)
(1.47510947144 0.340017271411 -0.5)
(1.48041621906 0.340017271411 -0.5)
(1.48592785965 0.340017271411 -0.5)
(1.49165230413 0.340017271411 -0.5)
(1.49759776882 0.340017271411 -0.5)
(1.5037727873 0.340017271411 -0.5)
(1.51018622261 0.340017271411 -0.5)
(1.51684728 0.340017271411 -0.5)
(1.52376552014 0.340017271411 -0.5)
(1.53095087282 0.340017271411 -0.5)
(1.53841365123 0.340017271411 -0.5)
(1.54616456676 0.340017271411 -0.5)
(1.55421474435 0.340017271411 -0.5)
(1.56257573846 0.340017271411 -0.5)
(1.57125954971 0.340017271411 -0.5)
(1.58027864202 0.340017271411 -0.5)
(1.58964596057 0.340017271411 -0.5)
(1.59937495033 0.340017271411 -0.5)
(1.60947957538 0.340017271411 -0.5)
(1.61997433898 0.340017271411 -0.5)
(1.63087430433 0.340017271411 -0.5)
(1.64219511623 0.340017271411 -0.5)
(1.65395302352 0.340017271411 -0.5)
(1.66616490241 0.340017271411 -0.5)
(1.67884828069 0.340017271411 -0.5)
(1.69202136292 0.340017271411 -0.5)
(1.7057030565 0.340017271411 -0.5)
(1.71991299887 0.340017271411 -0.5)
(1.73467158567 0.340017271411 -0.5)
(1.75 0.340017271411 -0.5)
(1.47510947144 0.342343688764 -0.5)
(1.48041621906 0.342343688764 -0.5)
(1.48592785965 0.342343688764 -0.5)
(1.49165230413 0.342343688764 -0.5)
(1.49759776882 0.342343688764 -0.5)
(1.5037727873 0.342343688764 -0.5)
(1.51018622261 0.342343688764 -0.5)
(1.51684728 0.342343688764 -0.5)
(1.52376552014 0.342343688764 -0.5)
(1.53095087282 0.342343688764 -0.5)
(1.53841365123 0.342343688764 -0.5)
(1.54616456676 0.342343688764 -0.5)
(1.55421474435 0.342343688764 -0.5)
(1.56257573846 0.342343688764 -0.5)
(1.57125954971 0.342343688764 -0.5)
(1.58027864202 0.342343688764 -0.5)
(1.58964596057 0.342343688764 -0.5)
(1.59937495033 0.342343688764 -0.5)
(1.60947957538 0.342343688764 -0.5)
(1.61997433898 0.342343688764 -0.5)
(1.63087430433 0.342343688764 -0.5)
(1.64219511623 0.342343688764 -0.5)
(1.65395302352 0.342343688764 -0.5)
(1.66616490241 0.342343688764 -0.5)
(1.67884828069 0.342343688764 -0.5)
(1.69202136292 0.342343688764 -0.5)
(1.7057030565 0.342343688764 -0.5)
(1.71991299887 0.342343688764 -0.5)
(1.73467158567 0.342343688764 -0.5)
(1.75 0.342343688764 -0.5)
(1.47510947144 0.344779480904 -0.5)
(1.48041621906 0.344779480904 -0.5)
(1.48592785965 0.344779480904 -0.5)
(1.49165230413 0.344779480904 -0.5)
(1.49759776882 0.344779480904 -0.5)
(1.5037727873 0.344779480904 -0.5)
(1.51018622261 0.344779480904 -0.5)
(1.51684728 0.344779480904 -0.5)
(1.52376552014 0.344779480904 -0.5)
(1.53095087282 0.344779480904 -0.5)
(1.53841365123 0.344779480904 -0.5)
(1.54616456676 0.344779480904 -0.5)
(1.55421474435 0.344779480904 -0.5)
(1.56257573846 0.344779480904 -0.5)
(1.57125954971 0.344779480904 -0.5)
(1.58027864202 0.344779480904 -0.5)
(1.58964596057 0.344779480904 -0.5)
(1.59937495033 0.344779480904 -0.5)
(1.60947957538 0.344779480904 -0.5)
(1.61997433898 0.344779480904 -0.5)
(1.63087430433 0.344779480904 -0.5)
(1.64219511623 0.344779480904 -0.5)
(1.65395302352 0.344779480904 -0.5)
(1.66616490241 0.344779480904 -0.5)
(1.67884828069 0.344779480904 -0.5)
(1.69202136292 0.344779480904 -0.5)
(1.7057030565 0.344779480904 -0.5)
(1.71991299887 0.344779480904 -0.5)
(1.73467158567 0.344779480904 -0.5)
(1.75 0.344779480904 -0.5)
(1.47510947144 0.347329790006 -0.5)
(1.48041621906 0.347329790006 -0.5)
(1.48592785965 0.347329790006 -0.5)
(1.49165230413 0.347329790006 -0.5)
(1.49759776882 0.347329790006 -0.5)
(1.5037727873 0.347329790006 -0.5)
(1.51018622261 0.347329790006 -0.5)
(1.51684728 0.347329790006 -0.5)
(1.52376552014 0.347329790006 -0.5)
(1.53095087282 0.347329790006 -0.5)
(1.53841365123 0.347329790006 -0.5)
(1.54616456676 0.347329790006 -0.5)
(1.55421474435 0.347329790006 -0.5)
(1.56257573846 0.347329790006 -0.5)
(1.57125954971 0.347329790006 -0.5)
(1.58027864202 0.347329790006 -0.5)
(1.58964596057 0.347329790006 -0.5)
(1.59937495033 0.347329790006 -0.5)
(1.60947957538 0.347329790006 -0.5)
(1.61997433898 0.347329790006 -0.5)
(1.63087430433 0.347329790006 -0.5)
(1.64219511623 0.347329790006 -0.5)
(1.65395302352 0.347329790006 -0.5)
(1.66616490241 0.347329790006 -0.5)
(1.67884828069 0.347329790006 -0.5)
(1.69202136292 0.347329790006 -0.5)
(1.7057030565 0.347329790006 -0.5)
(1.71991299887 0.347329790006 -0.5)
(1.73467158567 0.347329790006 -0.5)
(1.75 0.347329790006 -0.5)
(1.47510947144 0.3 0.5)
(1.48041621906 0.3 0.5)
(1.48592785965 0.3 0.5)
(1.49165230413 0.3 0.5)
(1.49759776882 0.3 0.5)
(1.5037727873 0.3 0.5)
(1.51018622261 0.3 0.5)
(1.51684728 0.3 0.5)
(1.52376552014 0.3 0.5)
(1.53095087282 0.3 0.5)
(1.53841365123 0.3 0.5)
(1.54616456676 0.3 0.5)
(1.55421474435 0.3 0.5)
(1.56257573846 0.3 0.5)
(1.57125954971 0.3 0.5)
(1.58027864202 0.3 0.5)
(1.58964596057 0.3 0.5)
(1.59937495033 0.3 0.5)
(1.60947957538 0.3 0.5)
(1.61997433898 0.3 0.5)
(1.63087430433 0.3 0.5)
(1.64219511623 0.3 0.5)
(1.65395302352 0.3 0.5)
(1.66616490241 0.3 0.5)
(1.67884828069 0.3 0.5)
(1.69202136292 0.3 0.5)
(1.7057030565 0.3 0.5)
(1.71991299887 0.3 0.5)
(1.73467158567 0.3 0.5)
(1.75 0.3 0.5)
(1.47510947144 0.300445034999 0.5)
(1.48041621906 0.300445034999 0.5)
(1.48592785965 0.300445034999 0.5)
(1.49165230413 0.300445034999 0.5)
(1.49759776882 0.300445034999 0.5)
(1.5037727873 0.300445034999 0.5)
(1.51018622261 0.300445034999 0.5)
(1.51684728 0.300445034999 0.5)
(1.52376552014 0.300445034999 0.5)
(1.53095087282 0.300445034999 0.5)
(1.53841365123 0.300445034999 0.5)
(1.54616456676 0.300445034999 0.5)
(1.55421474435 0.300445034999 0.5)
(1.56257573846 0.300445034999 0.5)
(1.57125954971 0.300445034999 0.5)
(1.58027864202 0.300445034999 0.5)
(1.58964596057 0.300445034999 0.5)
(1.59937495033 0.300445034999 0.5)
(1.60947957538 0.300445034999 0.5)
(1.61997433898 0.300445034999 0.5)
(1.63087430433 0.300445034999 0.5)
(1.64219511623 0.300445034999 0.5)
(1.65395302352 0.300445034999 0.5)
(1.66616490241 0.300445034999 0.5)
(1.67884828069 0.300445034999 0.5)
(1.69202136292 0.300445034999 0.5)
(1.7057030565 0.300445034999 0.5)
(1.71991299887 0.300445034999 0.5)
(1.73467158567 0.300445034999 0.5)
(1.75 0.300445034999 0.5)
(1.47510947144 0.300910992989 0.5)
(1.48041621906 0.300910992989 0.5)
(1.48592785965 0.300910992989 0.5)
(1.49165230413 0.300910992989 0.5)
(1.49759776882 0.300910992989 0.5)
(1.5037727873 0.300910992989 0.5)
(1.51018622261 0.300910992989 0.5)
(1.51684728 0.300910992989 0.5)
(1.52376552014 0.300910992989 0.5)
(1.53095087282 0.300910992989 0.5)
(1.53841365123 0.300910992989 0.5)
(1.54616456676 0.300910992989 0.5)
(1.55421474435 0.300910992989 0.5)
(1.56257573846 0.300910992989 0.5)
(1.57125954971 0.300910992989 0.5)
(1.58027864202 0.300910992989 0.5)
(1.58964596057 0.300910992989 0.5)
(1.59937495033 0.300910992989 0.5)
(1.60947957538 0.300910992989 0.5)
(1.61997433898 0.300910992989 0.5)
(1.63087430433 0.300910992989 0.5)
(1.64219511623 0.300910992989 0.5)
(1.65395302352 0.300910992989 0.5)
(1.66616490241 0.300910992989 0.5)
(1.67884828069 0.300910992989 0.5)
(1.69202136292 0.300910992989 0.5)
(1.7057030565 0.300910992989 0.5)
(1.71991299887 0.300910992989 0.5)
(1.73467158567 0.300910992989 0.5)
(1.75 0.300910992989 0.5)
(1.47510947144 0.301398857648 0.5)
(1.48041621906 0.301398857648 0.5)
(1.48592785965 0.301398857648 0.5)
(1.49165230413 0.301398857648 0.5)
(1.49759776882 0.301398857648 0.5)
(1.5037727873 0.301398857648 0.5)
(1.51018622261 0.301398857648 0.5)
(1.51684728 0.301398857648 0.5)
(1.52376552014 0.301398857648 0.5)
(1.53095087282 0.301398857648 0.5)
(1.53841365123 0.301398857648 0.5)
(1.54616456676 0.301398857648 0.5)
(1.55421474435 0.301398857648 0.5)
(1.56257573846 0.301398857648 0.5)
(1.57125954971 0.301398857648 0.5)
(1.58027864202 0.301398857648 0.5)
(1.58964596057 0.301398857648 0.5)
(1.59937495033 0.301398857648 0.5)
(1.60947957538 0.301398857648 0.5)
(1.61997433898 0.301398857648 0.5)
(1.63087430433 0.301398857648 0.5)
(1.64219511623 0.301398857648 0.5)
(1.65395302352 0.301398857648 0.5)
(1.66616490241 0.301398857648 0.5)
(1.67884828069 0.301398857648 0.5)
(1.69202136292 0.301398857648 0.5)
(1.7057030565 0.301398857648 0.5)
(1.71991299887 0.301398857648 0.5)
(1.73467158567 0.301398857648 0.5)
(1.75 0.301398857648 0.5)
(1.47510947144 0.301909658902 0.5)
(1.48041621906 0.301909658902 0.5)
(1.48592785965 0.301909658902 0.5)
(1.49165230413 0.301909658902 0.5)
(1.49759776882 0.301909658902 0.5)
(1.5037727873 0.301909658902 0.5)
(1.51018622261 0.301909658902 0.5)
(1.51684728 0.301909658902 0.5)
(1.52376552014 0.301909658902 0.5)
(1.53095087282 0.301909658902 0.5)
(1.53841365123 0.301909658902 0.5)
(1.54616456676 0.301909658902 0.5)
(1.55421474435 0.301909658902 0.5)
(1.56257573846 0.301909658902 0.5)
(1.57125954971 0.301909658902 0.5)
(1.58027864202 0.301909658902 0.5)
(1.58964596057 0.301909658902 0.5)
(1.59937495033 0.301909658902 0.5)
(1.60947957538 0.301909658902 0.5)
(1.61997433898 0.301909658902 0.5)
(1.63087430433 0.301909658902 0.5)
(1.64219511623 0.301909658902 0.5)
(1.65395302352 0.301909658902 0.5)
(1.66616490241 0.301909658902 0.5)
(1.67884828069 0.301909658902 0.5)
(1.69202136292 0.301909658902 0.5)
(1.7057030565 0.301909658902 0.5)
(1.71991299887 0.301909658902 0.5)
(1.73467158567 0.301909658902 0.5)
(1.75 0.301909658902 0.5)
(1.47510947144 0.302444475099 0.5)
(1.48041621906 0.302444475099 0.5)
(1.48592785965 0.302444475099 0.5)
(1.49165230413 0.302444475099 0.5)
(1.49759776882 0.302444475099 0.5)
(1.5037727873 0.302444475099 0.5)
(1.51018622261 0.302444475099 0.5)
(1.51684728 0.302444475099 0.5)
(1.52376552014 0.302444475099 0.5)
(1.53095087282 0.302444475099 0.5)
(1.53841365123 0.302444475099 0.5)
(1.54616456676 0.302444475099 0.5)
(1.55421474435 0.302444475099 0.5)
(1.56257573846 0.302444475099 0.5)
(1.57125954971 0.302444475099 0.5)
(1.58027864202 0.302444475099 0.5)
(1.58964596057 0.302444475099 0.5)
(1.59937495033 0.302444475099 0.5)
(1.60947957538 0.302444475099 0.5)
(1.61997433898 0.302444475099 0.5)
(1.63087430433 0.302444475099 0.5)
(1.64219511623 0.302444475099 0.5)
(1.65395302352 0.302444475099 0.5)
(1.66616490241 0.302444475099 0.5)
(1.67884828069 0.302444475099 0.5)
(1.69202136292 0.302444475099 0.5)
(1.7057030565 0.302444475099 0.5)
(1.71991299887 0.302444475099 0.5)
(1.73467158567 0.302444475099 0.5)
(1.75 0.302444475099 0.5)
(1.47510947144 0.303004435283 0.5)
(1.48041621906 0.303004435283 0.5)
(1.48592785965 0.303004435283 0.5)
(1.49165230413 0.303004435283 0.5)
(1.49759776882 0.303004435283 0.5)
(1.5037727873 0.303004435283 0.5)
(1.51018622261 0.303004435283 0.5)
(1.51684728 0.303004435283 0.5)
(1.52376552014 0.303004435283 0.5)
(1.53095087282 0.303004435283 0.5)
(1.53841365123 0.303004435283 0.5)
(1.54616456676 0.303004435283 0.5)
(1.55421474435 0.303004435283 0.5)
(1.56257573846 0.303004435283 0.5)
(1.57125954971 0.303004435283 0.5)
(1.58027864202 0.303004435283 0.5)
(1.58964596057 0.303004435283 0.5)
(1.59937495033 0.303004435283 0.5)
(1.60947957538 0.303004435283 0.5)
(1.61997433898 0.303004435283 0.5)
(1.63087430433 0.303004435283 0.5)
(1.64219511623 0.303004435283 0.5)
(1.65395302352 0.303004435283 0.5)
(1.66616490241 0.303004435283 0.5)
(1.67884828069 0.303004435283 0.5)
(1.69202136292 0.303004435283 0.5)
(1.7057030565 0.303004435283 0.5)
(1.71991299887 0.303004435283 0.5)
(1.73467158567 0.303004435283 0.5)
(1.75 0.303004435283 0.5)
(1.47510947144 0.30359072158 0.5)
(1.48041621906 0.30359072158 0.5)
(1.48592785965 0.30359072158 0.5)
(1.49165230413 0.30359072158 0.5)
(1.49759776882 0.30359072158 0.5)
(1.5037727873 0.30359072158 0.5)
(1.51018622261 0.30359072158 0.5)
(1.51684728 0.30359072158 0.5)
(1.52376552014 0.30359072158 0.5)
(1.53095087282 0.30359072158 0.5)
(1.53841365123 0.30359072158 0.5)
(1.54616456676 0.30359072158 0.5)
(1.55421474435 0.30359072158 0.5)
(1.56257573846 0.30359072158 0.5)
(1.57125954971 0.30359072158 0.5)
(1.58027864202 0.30359072158 0.5)
(1.58964596057 0.30359072158 0.5)
(1.59937495033 0.30359072158 0.5)
(1.60947957538 0.30359072158 0.5)
(1.61997433898 0.30359072158 0.5)
(1.63087430433 0.30359072158 0.5)
(1.64219511623 0.30359072158 0.5)
(1.65395302352 0.30359072158 0.5)
(1.66616490241 0.30359072158 0.5)
(1.67884828069 0.30359072158 0.5)
(1.69202136292 0.30359072158 0.5)
(1.7057030565 0.30359072158 0.5)
(1.71991299887 0.30359072158 0.5)
(1.73467158567 0.30359072158 0.5)
(1.75 0.30359072158 0.5)
(1.47510947144 0.304204571693 0.5)
(1.48041621906 0.304204571693 0.5)
(1.48592785965 0.304204571693 0.5)
(1.49165230413 0.304204571693 0.5)
(1.49759776882 0.304204571693 0.5)
(1.5037727873 0.304204571693 0.5)
(1.51018622261 0.304204571693 0.5)
(1.51684728 0.304204571693 0.5)
(1.52376552014 0.304204571693 0.5)
(1.53095087282 0.304204571693 0.5)
(1.53841365123 0.304204571693 0.5)
(1.54616456676 0.304204571693 0.5)
(1.55421474435 0.304204571693 0.5)
(1.56257573846 0.304204571693 0.5)
(1.57125954971 0.304204571693 0.5)
(1.58027864202 0.304204571693 0.5)
(1.58964596057 0.304204571693 0.5)
(1.59937495033 0.304204571693 0.5)
(1.60947957538 0.304204571693 0.5)
(1.61997433898 0.304204571693 0.5)
(1.63087430433 0.304204571693 0.5)
(1.64219511623 0.304204571693 0.5)
(1.65395302352 0.304204571693 0.5)
(1.66616490241 0.304204571693 0.5)
(1.67884828069 0.304204571693 0.5)
(1.69202136292 0.304204571693 0.5)
(1.7057030565 0.304204571693 0.5)
(1.71991299887 0.304204571693 0.5)
(1.73467158567 0.304204571693 0.5)
(1.75 0.304204571693 0.5)
(1.47510947144 0.304847281513 0.5)
(1.48041621906 0.304847281513 0.5)
(1.48592785965 0.304847281513 0.5)
(1.49165230413 0.304847281513 0.5)
(1.49759776882 0.304847281513 0.5)
(1.5037727873 0.304847281513 0.5)
(1.51018622261 0.304847281513 0.5)
(1.51684728 0.304847281513 0.5)
(1.52376552014 0.304847281513 0.5)
(1.53095087282 0.304847281513 0.5)
(1.53841365123 0.304847281513 0.5)
(1.54616456676 0.304847281513 0.5)
(1.55421474435 0.304847281513 0.5)
(1.56257573846 0.304847281513 0.5)
(1.57125954971 0.304847281513 0.5)
(1.58027864202 0.304847281513 0.5)
(1.58964596057 0.304847281513 0.5)
(1.59937495033 0.304847281513 0.5)
(1.60947957538 0.304847281513 0.5)
(1.61997433898 0.304847281513 0.5)
(1.63087430433 0.304847281513 0.5)
(1.64219511623 0.304847281513 0.5)
(1.65395302352 0.304847281513 0.5)
(1.66616490241 0.304847281513 0.5)
(1.67884828069 0.304847281513 0.5)
(1.69202136292 0.304847281513 0.5)
(1.7057030565 0.304847281513 0.5)
(1.71991299887 0.304847281513 0.5)
(1.73467158567 0.304847281513 0.5)
(1.75 0.304847281513 0.5)
(1.47510947144 0.30552020786 0.5)
(1.48041621906 0.30552020786 0.5)
(1.48592785965 0.30552020786 0.5)
(1.49165230413 0.30552020786 0.5)
(1.49759776882 0.30552020786 0.5)
(1.5037727873 0.30552020786 0.5)
(1.51018622261 0.30552020786 0.5)
(1.51684728 0.30552020786 0.5)
(1.52376552014 0.30552020786 0.5)
(1.53095087282 0.30552020786 0.5)
(1.53841365123 0.30552020786 0.5)
(1.54616456676 0.30552020786 0.5)
(1.55421474435 0.30552020786 0.5)
(1.56257573846 0.30552020786 0.5)
(1.57125954971 0.30552020786 0.5)
(1.58027864202 0.30552020786 0.5)
(1.58964596057 0.30552020786 0.5)
(1.59937495033 0.30552020786 0.5)
(1.60947957538 0.30552020786 0.5)
(1.61997433898 0.30552020786 0.5)
(1.63087430433 0.30552020786 0.5)
(1.64219511623 0.30552020786 0.5)
(1.65395302352 0.30552020786 0.5)
(1.66616490241 0.30552020786 0.5)
(1.67884828069 0.30552020786 0.5)
(1.69202136292 0.30552020786 0.5)
(1.7057030565 0.30552020786 0.5)
(1.71991299887 0.30552020786 0.5)
(1.73467158567 0.30552020786 0.5)
(1.75 0.30552020786 0.5)
(1.47510947144 0.306224771339 0.5)
(1.48041621906 0.306224771339 0.5)
(1.48592785965 0.306224771339 0.5)
(1.49165230413 0.306224771339 0.5)
(1.49759776882 0.306224771339 0.5)
(1.5037727873 0.306224771339 0.5)
(1.51018622261 0.306224771339 0.5)
(1.51684728 0.306224771339 0.5)
(1.52376552014 0.306224771339 0.5)
(1.53095087282 0.306224771339 0.5)
(1.53841365123 0.306224771339 0.5)
(1.54616456676 0.306224771339 0.5)
(1.55421474435 0.306224771339 0.5)
(1.56257573846 0.306224771339 0.5)
(1.57125954971 0.306224771339 0.5)
(1.58027864202 0.306224771339 0.5)
(1.58964596057 0.306224771339 0.5)
(1.59937495033 0.306224771339 0.5)
(1.60947957538 0.306224771339 0.5)
(1.61997433898 0.306224771339 0.5)
(1.63087430433 0.306224771339 0.5)
(1.64219511623 0.306224771339 0.5)
(1.65395302352 0.306224771339 0.5)
(1.66616490241 0.306224771339 0.5)
(1.67884828069 0.306224771339 0.5)
(1.69202136292 0.306224771339 0.5)
(1.7057030565 0.306224771339 0.5)
(1.71991299887 0.306224771339 0.5)
(1.73467158567 0.306224771339 0.5)
(1.75 0.306224771339 0.5)
(1.47510947144 0.306962459349 0.5)
(1.48041621906 0.306962459349 0.5)
(1.48592785965 0.306962459349 0.5)
(1.49165230413 0.306962459349 0.5)
(1.49759776882 0.306962459349 0.5)
(1.5037727873 0.306962459349 0.5)
(1.51018622261 0.306962459349 0.5)
(1.51684728 0.306962459349 0.5)
(1.52376552014 0.306962459349 0.5)
(1.53095087282 0.306962459349 0.5)
(1.53841365123 0.306962459349 0.5)
(1.54616456676 0.306962459349 0.5)
(1.55421474435 0.306962459349 0.5)
(1.56257573846 0.306962459349 0.5)
(1.57125954971 0.306962459349 0.5)
(1.58027864202 0.306962459349 0.5)
(1.58964596057 0.306962459349 0.5)
(1.59937495033 0.306962459349 0.5)
(1.60947957538 0.306962459349 0.5)
(1.61997433898 0.306962459349 0.5)
(1.63087430433 0.306962459349 0.5)
(1.64219511623 0.306962459349 0.5)
(1.65395302352 0.306962459349 0.5)
(1.66616490241 0.306962459349 0.5)
(1.67884828069 0.306962459349 0.5)
(1.69202136292 0.306962459349 0.5)
(1.7057030565 0.306962459349 0.5)
(1.71991299887 0.306962459349 0.5)
(1.73467158567 0.306962459349 0.5)
(1.75 0.306962459349 0.5)
(1.47510947144 0.307734829214 0.5)
(1.48041621906 0.307734829214 0.5)
(1.48592785965 0.307734829214 0.5)
(1.49165230413 0.307734829214 0.5)
(1.49759776882 0.307734829214 0.5)
(1.5037727873 0.307734829214 0.5)
(1.51018622261 0.307734829214 0.5)
(1.51684728 0.307734829214 0.5)
(1.52376552014 0.307734829214 0.5)
(1.53095087282 0.307734829214 0.5)
(1.53841365123 0.307734829214 0.5)
(1.54616456676 0.307734829214 0.5)
(1.55421474435 0.307734829214 0.5)
(1.56257573846 0.307734829214 0.5)
(1.57125954971 0.307734829214 0.5)
(1.58027864202 0.307734829214 0.5)
(1.58964596057 0.307734829214 0.5)
(1.59937495033 0.307734829214 0.5)
(1.60947957538 0.307734829214 0.5)
(1.61997433898 0.307734829214 0.5)
(1.63087430433 0.307734829214 0.5)
(1.64219511623 0.307734829214 0.5)
(1.65395302352 0.307734829214 0.5)
(1.66616490241 0.307734829214 0.5)
(1.67884828069 0.307734829214 0.5)
(1.69202136292 0.307734829214 0.5)
(1.7057030565 0.307734829214 0.5)
(1.71991299887 0.307734829214 0.5)
(1.73467158567 0.307734829214 0.5)
(1.75 0.307734829214 0.5)
(1.47510947144 0.308543511475 0.5)
(1.48041621906 0.308543511475 0.5)
(1.48592785965 0.308543511475 0.5)
(1.49165230413 0.308543511475 0.5)
(1.49759776882 0.308543511475 0.5)
(1.5037727873 0.308543511475 0.5)
(1.51018622261 0.308543511475 0.5)
(1.51684728 0.308543511475 0.5)
(1.52376552014 0.308543511475 0.5)
(1.53095087282 0.308543511475 0.5)
(1.53841365123 0.308543511475 0.5)
(1.54616456676 0.308543511475 0.5)
(1.55421474435 0.308543511475 0.5)
(1.56257573846 0.308543511475 0.5)
(1.57125954971 0.308543511475 0.5)
(1.58027864202 0.308543511475 0.5)
(1.58964596057 0.308543511475 0.5)
(1.59937495033 0.308543511475 0.5)
(1.60947957538 0.308543511475 0.5)
(1.61997433898 0.308543511475 0.5)
(1.63087430433 0.308543511475 0.5)
(1.64219511623 0.308543511475 0.5)
(1.65395302352 0.308543511475 0.5)
(1.66616490241 0.308543511475 0.5)
(1.67884828069 0.308543511475 0.5)
(1.69202136292 0.308543511475 0.5)
(1.7057030565 0.308543511475 0.5)
(1.71991299887 0.308543511475 0.5)
(1.73467158567 0.308543511475 0.5)
(1.75 0.308543511475 0.5)
(1.47510947144 0.309390213333 0.5)
(1.48041621906 0.309390213333 0.5)
(1.48592785965 0.309390213333 0.5)
(1.49165230413 0.309390213333 0.5)
(1.49759776882 0.309390213333 0.5)
(1.5037727873 0.309390213333 0.5)
(1.51018622261 0.309390213333 0.5)
(1.51684728 0.309390213333 0.5)
(1.52376552014 0.309390213333 0.5)
(1.53095087282 0.309390213333 0.5)
(1.53841365123 0.309390213333 0.5)
(1.54616456676 0.309390213333 0.5)
(1.55421474435 0.309390213333 0.5)
(1.56257573846 0.309390213333 0.5)
(1.57125954971 0.309390213333 0.5)
(1.58027864202 0.309390213333 0.5)
(1.58964596057 0.309390213333 0.5)
(1.59937495033 0.309390213333 0.5)
(1.60947957538 0.309390213333 0.5)
(1.61997433898 0.309390213333 0.5)
(1.63087430433 0.309390213333 0.5)
(1.64219511623 0.309390213333 0.5)
(1.65395302352 0.309390213333 0.5)
(1.66616490241 0.309390213333 0.5)
(1.67884828069 0.309390213333 0.5)
(1.69202136292 0.309390213333 0.5)
(1.7057030565 0.309390213333 0.5)
(1.71991299887 0.309390213333 0.5)
(1.73467158567 0.309390213333 0.5)
(1.75 0.309390213333 0.5)
(1.47510947144 0.310276722252 0.5)
(1.48041621906 0.310276722252 0.5)
(1.48592785965 0.310276722252 0.5)
(1.49165230413 0.310276722252 0.5)
(1.49759776882 0.310276722252 0.5)
(1.5037727873 0.310276722252 0.5)
(1.51018622261 0.310276722252 0.5)
(1.51684728 0.310276722252 0.5)
(1.52376552014 0.310276722252 0.5)
(1.53095087282 0.310276722252 0.5)
(1.53841365123 0.310276722252 0.5)
(1.54616456676 0.310276722252 0.5)
(1.55421474435 0.310276722252 0.5)
(1.56257573846 0.310276722252 0.5)
(1.57125954971 0.310276722252 0.5)
(1.58027864202 0.310276722252 0.5)
(1.58964596057 0.310276722252 0.5)
(1.59937495033 0.310276722252 0.5)
(1.60947957538 0.310276722252 0.5)
(1.61997433898 0.310276722252 0.5)
(1.63087430433 0.310276722252 0.5)
(1.64219511623 0.310276722252 0.5)
(1.65395302352 0.310276722252 0.5)
(1.66616490241 0.310276722252 0.5)
(1.67884828069 0.310276722252 0.5)
(1.69202136292 0.310276722252 0.5)
(1.7057030565 0.310276722252 0.5)
(1.71991299887 0.310276722252 0.5)
(1.73467158567 0.310276722252 0.5)
(1.75 0.310276722252 0.5)
(1.47510947144 0.31120490973 0.5)
(1.48041621906 0.31120490973 0.5)
(1.48592785965 0.31120490973 0.5)
(1.49165230413 0.31120490973 0.5)
(1.49759776882 0.31120490973 0.5)
(1.5037727873 0.31120490973 0.5)
(1.51018622261 0.31120490973 0.5)
(1.51684728 0.31120490973 0.5)
(1.52376552014 0.31120490973 0.5)
(1.53095087282 0.31120490973 0.5)
(1.53841365123 0.31120490973 0.5)
(1.54616456676 0.31120490973 0.5)
(1.55421474435 0.31120490973 0.5)
(1.56257573846 0.31120490973 0.5)
(1.57125954971 0.31120490973 0.5)
(1.58027864202 0.31120490973 0.5)
(1.58964596057 0.31120490973 0.5)
(1.59937495033 0.31120490973 0.5)
(1.60947957538 0.31120490973 0.5)
(1.61997433898 0.31120490973 0.5)
(1.63087430433 0.31120490973 0.5)
(1.64219511623 0.31120490973 0.5)
(1.65395302352 0.31120490973 0.5)
(1.66616490241 0.31120490973 0.5)
(1.67884828069 0.31120490973 0.5)
(1.69202136292 0.31120490973 0.5)
(1.7057030565 0.31120490973 0.5)
(1.71991299887 0.31120490973 0.5)
(1.73467158567 0.31120490973 0.5)
(1.75 0.31120490973 0.5)
(1.47510947144 0.312176735255 0.5)
(1.48041621906 0.312176735255 0.5)
(1.48592785965 0.312176735255 0.5)
(1.49165230413 0.312176735255 0.5)
(1.49759776882 0.312176735255 0.5)
(1.5037727873 0.312176735255 0.5)
(1.51018622261 0.312176735255 0.5)
(1.51684728 0.312176735255 0.5)
(1.52376552014 0.312176735255 0.5)
(1.53095087282 0.312176735255 0.5)
(1.53841365123 0.312176735255 0.5)
(1.54616456676 0.312176735255 0.5)
(1.55421474435 0.312176735255 0.5)
(1.56257573846 0.312176735255 0.5)
(1.57125954971 0.312176735255 0.5)
(1.58027864202 0.312176735255 0.5)
(1.58964596057 0.312176735255 0.5)
(1.59937495033 0.312176735255 0.5)
(1.60947957538 0.312176735255 0.5)
(1.61997433898 0.312176735255 0.5)
(1.63087430433 0.312176735255 0.5)
(1.64219511623 0.312176735255 0.5)
(1.65395302352 0.312176735255 0.5)
(1.66616490241 0.312176735255 0.5)
(1.67884828069 0.312176735255 0.5)
(1.69202136292 0.312176735255 0.5)
(1.7057030565 0.312176735255 0.5)
(1.71991299887 0.312176735255 0.5)
(1.73467158567 0.312176735255 0.5)
(1.75 0.312176735255 0.5)
(1.47510947144 0.313194250436 0.5)
(1.48041621906 0.313194250436 0.5)
(1.48592785965 0.313194250436 0.5)
(1.49165230413 0.313194250436 0.5)
(1.49759776882 0.313194250436 0.5)
(1.5037727873 0.313194250436 0.5)
(1.51018622261 0.313194250436 0.5)
(1.51684728 0.313194250436 0.5)
(1.52376552014 0.313194250436 0.5)
(1.53095087282 0.313194250436 0.5)
(1.53841365123 0.313194250436 0.5)
(1.54616456676 0.313194250436 0.5)
(1.55421474435 0.313194250436 0.5)
(1.56257573846 0.313194250436 0.5)
(1.57125954971 0.313194250436 0.5)
(1.58027864202 0.313194250436 0.5)
(1.58964596057 0.313194250436 0.5)
(1.59937495033 0.313194250436 0.5)
(1.60947957538 0.313194250436 0.5)
(1.61997433898 0.313194250436 0.5)
(1.63087430433 0.313194250436 0.5)
(1.64219511623 0.313194250436 0.5)
(1.65395302352 0.313194250436 0.5)
(1.66616490241 0.313194250436 0.5)
(1.67884828069 0.313194250436 0.5)
(1.69202136292 0.313194250436 0.5)
(1.7057030565 0.313194250436 0.5)
(1.71991299887 0.313194250436 0.5)
(1.73467158567 0.313194250436 0.5)
(1.75 0.313194250436 0.5)
(1.47510947144 0.31425960334 0.5)
(1.48041621906 0.31425960334 0.5)
(1.48592785965 0.31425960334 0.5)
(1.49165230413 0.31425960334 0.5)
(1.49759776882 0.31425960334 0.5)
(1.5037727873 0.31425960334 0.5)
(1.51018622261 0.31425960334 0.5)
(1.51684728 0.31425960334 0.5)
(1.52376552014 0.31425960334 0.5)
(1.53095087282 0.31425960334 0.5)
(1.53841365123 0.31425960334 0.5)
(1.54616456676 0.31425960334 0.5)
(1.55421474435 0.31425960334 0.5)
(1.56257573846 0.31425960334 0.5)
(1.57125954971 0.31425960334 0.5)
(1.58027864202 0.31425960334 0.5)
(1.58964596057 0.31425960334 0.5)
(1.59937495033 0.31425960334 0.5)
(1.60947957538 0.31425960334 0.5)
(1.61997433898 0.31425960334 0.5)
(1.63087430433 0.31425960334 0.5)
(1.64219511623 0.31425960334 0.5)
(1.65395302352 0.31425960334 0.5)
(1.66616490241 0.31425960334 0.5)
(1.67884828069 0.31425960334 0.5)
(1.69202136292 0.31425960334 0.5)
(1.7057030565 0.31425960334 0.5)
(1.71991299887 0.31425960334 0.5)
(1.73467158567 0.31425960334 0.5)
(1.75 0.31425960334 0.5)
(1.47510947144 0.31537504302 0.5)
(1.48041621906 0.31537504302 0.5)
(1.48592785965 0.31537504302 0.5)
(1.49165230413 0.31537504302 0.5)
(1.49759776882 0.31537504302 0.5)
(1.5037727873 0.31537504302 0.5)
(1.51018622261 0.31537504302 0.5)
(1.51684728 0.31537504302 0.5)
(1.52376552014 0.31537504302 0.5)
(1.53095087282 0.31537504302 0.5)
(1.53841365123 0.31537504302 0.5)
(1.54616456676 0.31537504302 0.5)
(1.55421474435 0.31537504302 0.5)
(1.56257573846 0.31537504302 0.5)
(1.57125954971 0.31537504302 0.5)
(1.58027864202 0.31537504302 0.5)
(1.58964596057 0.31537504302 0.5)
(1.59937495033 0.31537504302 0.5)
(1.60947957538 0.31537504302 0.5)
(1.61997433898 0.31537504302 0.5)
(1.63087430433 0.31537504302 0.5)
(1.64219511623 0.31537504302 0.5)
(1.65395302352 0.31537504302 0.5)
(1.66616490241 0.31537504302 0.5)
(1.67884828069 0.31537504302 0.5)
(1.69202136292 0.31537504302 0.5)
(1.7057030565 0.31537504302 0.5)
(1.71991299887 0.31537504302 0.5)
(1.73467158567 0.31537504302 0.5)
(1.75 0.31537504302 0.5)
(1.47510947144 0.31654292427 0.5)
(1.48041621906 0.31654292427 0.5)
(1.48592785965 0.31654292427 0.5)
(1.49165230413 0.31654292427 0.5)
(1.49759776882 0.31654292427 0.5)
(1.5037727873 0.31654292427 0.5)
(1.51018622261 0.31654292427 0.5)
(1.51684728 0.31654292427 0.5)
(1.52376552014 0.31654292427 0.5)
(1.53095087282 0.31654292427 0.5)
(1.53841365123 0.31654292427 0.5)
(1.54616456676 0.31654292427 0.5)
(1.55421474435 0.31654292427 0.5)
(1.56257573846 0.31654292427 0.5)
(1.57125954971 0.31654292427 0.5)
(1.58027864202 0.31654292427 0.5)
(1.58964596057 0.31654292427 0.5)
(1.59937495033 0.31654292427 0.5)
(1.60947957538 0.31654292427 0.5)
(1.61997433898 0.31654292427 0.5)
(1.63087430433 0.31654292427 0.5)
(1.64219511623 0.31654292427 0.5)
(1.65395302352 0.31654292427 0.5)
(1.66616490241 0.31654292427 0.5)
(1.67884828069 0.31654292427 0.5)
(1.69202136292 0.31654292427 0.5)
(1.7057030565 0.31654292427 0.5)
(1.71991299887 0.31654292427 0.5)
(1.73467158567 0.31654292427 0.5)
(1.75 0.31654292427 0.5)
(1.47510947144 0.317765712592 0.5)
(1.48041621906 0.317765712592 0.5)
(1.48592785965 0.317765712592 0.5)
(1.49165230413 0.317765712592 0.5)
(1.49759776882 0.317765712592 0.5)
(1.5037727873 0.317765712592 0.5)
(1.51018622261 0.317765712592 0.5)
(1.51684728 0.317765712592 0.5)
(1.52376552014 0.317765712592 0.5)
(1.53095087282 0.317765712592 0.5)
(1.53841365123 0.317765712592 0.5)
(1.54616456676 0.317765712592 0.5)
(1.55421474435 0.317765712592 0.5)
(1.56257573846 0.317765712592 0.5)
(1.57125954971 0.317765712592 0.5)
(1.58027864202 0.317765712592 0.5)
(1.58964596057 0.317765712592 0.5)
(1.59937495033 0.317765712592 0.5)
(1.60947957538 0.317765712592 0.5)
(1.61997433898 0.317765712592 0.5)
(1.63087430433 0.317765712592 0.5)
(1.64219511623 0.317765712592 0.5)
(1.65395302352 0.317765712592 0.5)
(1.66616490241 0.317765712592 0.5)
(1.67884828069 0.317765712592 0.5)
(1.69202136292 0.317765712592 0.5)
(1.7057030565 0.317765712592 0.5)
(1.71991299887 0.317765712592 0.5)
(1.73467158567 0.317765712592 0.5)
(1.75 0.317765712592 0.5)
(1.47510947144 0.3190459894 0.5)
(1.48041621906 0.3190459894 0.5)
(1.48592785965 0.3190459894 0.5)
(1.49165230413 0.3190459894 0.5)
(1.49759776882 0.3190459894 0.5)
(1.5037727873 0.3190459894 0.5)
(1.51018622261 0.3190459894 0.5)
(1.51684728 0.3190459894 0.5)
(1.52376552014 0.3190459894 0.5)
(1.53095087282 0.3190459894 0.5)
(1.53841365123 0.3190459894 0.5)
(1.54616456676 0.3190459894 0.5)
(1.55421474435 0.3190459894 0.5)
(1.56257573846 0.3190459894 0.5)
(1.57125954971 0.3190459894 0.5)
(1.58027864202 0.3190459894 0.5)
(1.58964596057 0.3190459894 0.5)
(1.59937495033 0.3190459894 0.5)
(1.60947957538 0.3190459894 0.5)
(1.61997433898 0.3190459894 0.5)
(1.63087430433 0.3190459894 0.5)
(1.64219511623 0.3190459894 0.5)
(1.65395302352 0.3190459894 0.5)
(1.66616490241 0.3190459894 0.5)
(1.67884828069 0.3190459894 0.5)
(1.69202136292 0.3190459894 0.5)
(1.7057030565 0.3190459894 0.5)
(1.71991299887 0.3190459894 0.5)
(1.73467158567 0.3190459894 0.5)
(1.75 0.3190459894 0.5)
(1.47510947144 0.320386457474 0.5)
(1.48041621906 0.320386457474 0.5)
(1.48592785965 0.320386457474 0.5)
(1.49165230413 0.320386457474 0.5)
(1.49759776882 0.320386457474 0.5)
(1.5037727873 0.320386457474 0.5)
(1.51018622261 0.320386457474 0.5)
(1.51684728 0.320386457474 0.5)
(1.52376552014 0.320386457474 0.5)
(1.53095087282 0.320386457474 0.5)
(1.53841365123 0.320386457474 0.5)
(1.54616456676 0.320386457474 0.5)
(1.55421474435 0.320386457474 0.5)
(1.56257573846 0.320386457474 0.5)
(1.57125954971 0.320386457474 0.5)
(1.58027864202 0.320386457474 0.5)
(1.58964596057 0.320386457474 0.5)
(1.59937495033 0.320386457474 0.5)
(1.60947957538 0.320386457474 0.5)
(1.61997433898 0.320386457474 0.5)
(1.63087430433 0.320386457474 0.5)
(1.64219511623 0.320386457474 0.5)
(1.65395302352 0.320386457474 0.5)
(1.66616490241 0.320386457474 0.5)
(1.67884828069 0.320386457474 0.5)
(1.69202136292 0.320386457474 0.5)
(1.7057030565 0.320386457474 0.5)
(1.71991299887 0.320386457474 0.5)
(1.73467158567 0.320386457474 0.5)
(1.75 0.320386457474 0.5)
(1.47510947144 0.32178994666 0.5)
(1.48041621906 0.32178994666 0.5)
(1.48592785965 0.32178994666 0.5)
(1.49165230413 0.32178994666 0.5)
(1.49759776882 0.32178994666 0.5)
(1.5037727873 0.32178994666 0.5)
(1.51018622261 0.32178994666 0.5)
(1.51684728 0.32178994666 0.5)
(1.52376552014 0.32178994666 0.5)
(1.53095087282 0.32178994666 0.5)
(1.53841365123 0.32178994666 0.5)
(1.54616456676 0.32178994666 0.5)
(1.55421474435 0.32178994666 0.5)
(1.56257573846 0.32178994666 0.5)
(1.57125954971 0.32178994666 0.5)
(1.58027864202 0.32178994666 0.5)
(1.58964596057 0.32178994666 0.5)
(1.59937495033 0.32178994666 0.5)
(1.60947957538 0.32178994666 0.5)
(1.61997433898 0.32178994666 0.5)
(1.63087430433 0.32178994666 0.5)
(1.64219511623 0.32178994666 0.5)
(1.65395302352 0.32178994666 0.5)
(1.66616490241 0.32178994666 0.5)
(1.67884828069 0.32178994666 0.5)
(1.69202136292 0.32178994666 0.5)
(1.7057030565 0.32178994666 0.5)
(1.71991299887 0.32178994666 0.5)
(1.73467158567 0.32178994666 0.5)
(1.75 0.32178994666 0.5)
(1.47510947144 0.32325941985 0.5)
(1.48041621906 0.32325941985 0.5)
(1.48592785965 0.32325941985 0.5)
(1.49165230413 0.32325941985 0.5)
(1.49759776882 0.32325941985 0.5)
(1.5037727873 0.32325941985 0.5)
(1.51018622261 0.32325941985 0.5)
(1.51684728 0.32325941985 0.5)
(1.52376552014 0.32325941985 0.5)
(1.53095087282 0.32325941985 0.5)
(1.53841365123 0.32325941985 0.5)
(1.54616456676 0.32325941985 0.5)
(1.55421474435 0.32325941985 0.5)
(1.56257573846 0.32325941985 0.5)
(1.57125954971 0.32325941985 0.5)
(1.58027864202 0.32325941985 0.5)
(1.58964596057 0.32325941985 0.5)
(1.59937495033 0.32325941985 0.5)
(1.60947957538 0.32325941985 0.5)
(1.61997433898 0.32325941985 0.5)
(1.63087430433 0.32325941985 0.5)
(1.64219511623 0.32325941985 0.5)
(1.65395302352 0.32325941985 0.5)
(1.66616490241 0.32325941985 0.5)
(1.67884828069 0.32325941985 0.5)
(1.69202136292 0.32325941985 0.5)
(1.7057030565 0.32325941985 0.5)
(1.71991299887 0.32325941985 0.5)
(1.73467158567 0.32325941985 0.5)
(1.75 0.32325941985 0.5)
(1.47510947144 0.324797979233 0.5)
(1.48041621906 0.324797979233 0.5)
(1.48592785965 0.324797979233 0.5)
(1.49165230413 0.324797979233 0.5)
(1.49759776882 0.324797979233 0.5)
(1.5037727873 0.324797979233 0.5)
(1.51018622261 0.324797979233 0.5)
(1.51684728 0.324797979233 0.5)
(1.52376552014 0.324797979233 0.5)
(1.53095087282 0.324797979233 0.5)
(1.53841365123 0.324797979233 0.5)
(1.54616456676 0.324797979233 0.5)
(1.55421474435 0.324797979233 0.5)
(1.56257573846 0.324797979233 0.5)
(1.57125954971 0.324797979233 0.5)
(1.58027864202 0.324797979233 0.5)
(1.58964596057 0.324797979233 0.5)
(1.59937495033 0.324797979233 0.5)
(1.60947957538 0.324797979233 0.5)
(1.61997433898 0.324797979233 0.5)
(1.63087430433 0.324797979233 0.5)
(1.64219511623 0.324797979233 0.5)
(1.65395302352 0.324797979233 0.5)
(1.66616490241 0.324797979233 0.5)
(1.67884828069 0.324797979233 0.5)
(1.69202136292 0.324797979233 0.5)
(1.7057030565 0.324797979233 0.5)
(1.71991299887 0.324797979233 0.5)
(1.73467158567 0.324797979233 0.5)
(1.75 0.324797979233 0.5)
(1.47510947144 0.326408872844 0.5)
(1.48041621906 0.326408872844 0.5)
(1.48592785965 0.326408872844 0.5)
(1.49165230413 0.326408872844 0.5)
(1.49759776882 0.326408872844 0.5)
(1.5037727873 0.326408872844 0.5)
(1.51018622261 0.326408872844 0.5)
(1.51684728 0.326408872844 0.5)
(1.52376552014 0.326408872844 0.5)
(1.53095087282 0.326408872844 0.5)
(1.53841365123 0.326408872844 0.5)
(1.54616456676 0.326408872844 0.5)
(1.55421474435 0.326408872844 0.5)
(1.56257573846 0.326408872844 0.5)
(1.57125954971 0.326408872844 0.5)
(1.58027864202 0.326408872844 0.5)
(1.58964596057 0.326408872844 0.5)
(1.59937495033 0.326408872844 0.5)
(1.60947957538 0.326408872844 0.5)
(1.61997433898 0.326408872844 0.5)
(1.63087430433 0.326408872844 0.5)
(1.64219511623 0.326408872844 0.5)
(1.65395302352 0.326408872844 0.5)
(1.66616490241 0.326408872844 0.5)
(1.67884828069 0.326408872844 0.5)
(1.69202136292 0.326408872844 0.5)
(1.7057030565 0.326408872844 0.5)
(1.71991299887 0.326408872844 0.5)
(1.73467158567 0.326408872844 0.5)
(1.75 0.326408872844 0.5)
(1.47510947144 0.328095501425 0.5)
(1.48041621906 0.328095501425 0.5)
(1.48592785965 0.328095501425 0.5)
(1.49165230413 0.328095501425 0.5)
(1.49759776882 0.328095501425 0.5)
(1.5037727873 0.328095501425 0.5)
(1.51018622261 0.328095501425 0.5)
(1.51684728 0.328095501425 0.5)
(1.52376552014 0.328095501425 0.5)
(1.53095087282 0.328095501425 0.5)
(1.53841365123 0.328095501425 0.5)
(1.54616456676 0.328095501425 0.5)
(1.55421474435 0.328095501425 0.5)
(1.56257573846 0.328095501425 0.5)
(1.57125954971 0.328095501425 0.5)
(1.58027864202 0.328095501425 0.5)
(1.58964596057 0.328095501425 0.5)
(1.59937495033 0.328095501425 0.5)
(1.60947957538 0.328095501425 0.5)
(1.61997433898 0.328095501425 0.5)
(1.63087430433 0.328095501425 0.5)
(1.64219511623 0.328095501425 0.5)
(1.65395302352 0.328095501425 0.5)
(1.66616490241 0.328095501425 0.5)
(1.67884828069 0.328095501425 0.5)
(1.69202136292 0.328095501425 0.5)
(1.7057030565 0.328095501425 0.5)
(1.71991299887 0.328095501425 0.5)
(1.73467158567 0.328095501425 0.5)
(1.75 0.328095501425 0.5)
(1.47510947144 0.329861425599 0.5)
(1.48041621906 0.329861425599 0.5)
(1.48592785965 0.329861425599 0.5)
(1.49165230413 0.329861425599 0.5)
(1.49759776882 0.329861425599 0.5)
(1.5037727873 0.329861425599 0.5)
(1.51018622261 0.329861425599 0.5)
(1.51684728 0.329861425599 0.5)
(1.52376552014 0.329861425599 0.5)
(1.53095087282 0.329861425599 0.5)
(1.53841365123 0.329861425599 0.5)
(1.54616456676 0.329861425599 0.5)
(1.55421474435 0.329861425599 0.5)
(1.56257573846 0.329861425599 0.5)
(1.57125954971 0.329861425599 0.5)
(1.58027864202 0.329861425599 0.5)
(1.58964596057 0.329861425599 0.5)
(1.59937495033 0.329861425599 0.5)
(1.60947957538 0.329861425599 0.5)
(1.61997433898 0.329861425599 0.5)
(1.63087430433 0.329861425599 0.5)
(1.64219511623 0.329861425599 0.5)
(1.65395302352 0.329861425599 0.5)
(1.66616490241 0.329861425599 0.5)
(1.67884828069 0.329861425599 0.5)
(1.69202136292 0.329861425599 0.5)
(1.7057030565 0.329861425599 0.5)
(1.71991299887 0.329861425599 0.5)
(1.73467158567 0.329861425599 0.5)
(1.75 0.329861425599 0.5)
(1.47510947144 0.331710373388 0.5)
(1.48041621906 0.331710373388 0.5)
(1.48592785965 0.331710373388 0.5)
(1.49165230413 0.331710373388 0.5)
(1.49759776882 0.331710373388 0.5)
(1.5037727873 0.331710373388 0.5)
(1.51018622261 0.331710373388 0.5)
(1.51684728 0.331710373388 0.5)
(1.52376552014 0.331710373388 0.5)
(1.53095087282 0.331710373388 0.5)
(1.53841365123 0.331710373388 0.5)
(1.54616456676 0.331710373388 0.5)
(1.55421474435 0.331710373388 0.5)
(1.56257573846 0.331710373388 0.5)
(1.57125954971 0.331710373388 0.5)
(1.58027864202 0.331710373388 0.5)
(1.58964596057 0.331710373388 0.5)
(1.59937495033 0.331710373388 0.5)
(1.60947957538 0.331710373388 0.5)
(1.61997433898 0.331710373388 0.5)
(1.63087430433 0.331710373388 0.5)
(1.64219511623 0.331710373388 0.5)
(1.65395302352 0.331710373388 0.5)
(1.66616490241 0.331710373388 0.5)
(1.67884828069 0.331710373388 0.5)
(1.69202136292 0.331710373388 0.5)
(1.7057030565 0.331710373388 0.5)
(1.71991299887 0.331710373388 0.5)
(1.73467158567 0.331710373388 0.5)
(1.75 0.331710373388 0.5)
(1.47510947144 0.333646248088 0.5)
(1.48041621906 0.333646248088 0.5)
(1.48592785965 0.333646248088 0.5)
(1.49165230413 0.333646248088 0.5)
(1.49759776882 0.333646248088 0.5)
(1.5037727873 0.333646248088 0.5)
(1.51018622261 0.333646248088 0.5)
(1.51684728 0.333646248088 0.5)
(1.52376552014 0.333646248088 0.5)
(1.53095087282 0.333646248088 0.5)
(1.53841365123 0.333646248088 0.5)
(1.54616456676 0.333646248088 0.5)
(1.55421474435 0.333646248088 0.5)
(1.56257573846 0.333646248088 0.5)
(1.57125954971 0.333646248088 0.5)
(1.58027864202 0.333646248088 0.5)
(1.58964596057 0.333646248088 0.5)
(1.59937495033 0.333646248088 0.5)
(1.60947957538 0.333646248088 0.5)
(1.61997433898 0.333646248088 0.5)
(1.63087430433 0.333646248088 0.5)
(1.64219511623 0.333646248088 0.5)
(1.65395302352 0.333646248088 0.5)
(1.66616490241 0.333646248088 0.5)
(1.67884828069 0.333646248088 0.5)
(1.69202136292 0.333646248088 0.5)
(1.7057030565 0.333646248088 0.5)
(1.71991299887 0.333646248088 0.5)
(1.73467158567 0.333646248088 0.5)
(1.75 0.333646248088 0.5)
(1.47510947144 0.335673136501 0.5)
(1.48041621906 0.335673136501 0.5)
(1.48592785965 0.335673136501 0.5)
(1.49165230413 0.335673136501 0.5)
(1.49759776882 0.335673136501 0.5)
(1.5037727873 0.335673136501 0.5)
(1.51018622261 0.335673136501 0.5)
(1.51684728 0.335673136501 0.5)
(1.52376552014 0.335673136501 0.5)
(1.53095087282 0.335673136501 0.5)
(1.53841365123 0.335673136501 0.5)
(1.54616456676 0.335673136501 0.5)
(1.55421474435 0.335673136501 0.5)
(1.56257573846 0.335673136501 0.5)
(1.57125954971 0.335673136501 0.5)
(1.58027864202 0.335673136501 0.5)
(1.58964596057 0.335673136501 0.5)
(1.59937495033 0.335673136501 0.5)
(1.60947957538 0.335673136501 0.5)
(1.61997433898 0.335673136501 0.5)
(1.63087430433 0.335673136501 0.5)
(1.64219511623 0.335673136501 0.5)
(1.65395302352 0.335673136501 0.5)
(1.66616490241 0.335673136501 0.5)
(1.67884828069 0.335673136501 0.5)
(1.69202136292 0.335673136501 0.5)
(1.7057030565 0.335673136501 0.5)
(1.71991299887 0.335673136501 0.5)
(1.73467158567 0.335673136501 0.5)
(1.75 0.335673136501 0.5)
(1.47510947144 0.337795317571 0.5)
(1.48041621906 0.337795317571 0.5)
(1.48592785965 0.337795317571 0.5)
(1.49165230413 0.337795317571 0.5)
(1.49759776882 0.337795317571 0.5)
(1.5037727873 0.337795317571 0.5)
(1.51018622261 0.337795317571 0.5)
(1.51684728 0.337795317571 0.5)
(1.52376552014 0.337795317571 0.5)
(1.53095087282 0.337795317571 0.5)
(1.53841365123 0.337795317571 0.5)
(1.54616456676 0.337795317571 0.5)
(1.55421474435 0.337795317571 0.5)
(1.56257573846 0.337795317571 0.5)
(1.57125954971 0.337795317571 0.5)
(1.58027864202 0.337795317571 0.5)
(1.58964596057 0.337795317571 0.5)
(1.59937495033 0.337795317571 0.5)
(1.60947957538 0.337795317571 0.5)
(1.61997433898 0.337795317571 0.5)
(1.63087430433 0.337795317571 0.5)
(1.64219511623 0.337795317571 0.5)
(1.65395302352 0.337795317571 0.5)
(1.66616490241 0.337795317571 0.5)
(1.67884828069 0.337795317571 0.5)
(1.69202136292 0.337795317571 0.5)
(1.7057030565 0.337795317571 0.5)
(1.71991299887 0.337795317571 0.5)
(1.73467158567 0.337795317571 0.5)
(1.75 0.337795317571 0.5)
(1.47510947144 0.340017271411 0.5)
(1.48041621906 0.340017271411 0.5)
(1.48592785965 0.340017271411 0.5)
(1.49165230413 0.340017271411 0.5)
(1.49759776882 0.340017271411 0.5)
(1.5037727873 0.340017271411 0.5)
(1.51018622261 0.340017271411 0.5)
(1.51684728 0.340017271411 0.5)
(1.52376552014 0.340017271411 0.5)
(1.53095087282 0.340017271411 0.5)
(1.53841365123 0.340017271411 0.5)
(1.54616456676 0.340017271411 0.5)
(1.55421474435 0.340017271411 0.5)
(1.56257573846 0.340017271411 0.5)
(1.57125954971 0.340017271411 0.5)
(1.58027864202 0.340017271411 0.5)
(1.58964596057 0.340017271411 0.5)
(1.59937495033 0.340017271411 0.5)
(1.60947957538 0.340017271411 0.5)
(1.61997433898 0.340017271411 0.5)
(1.63087430433 0.340017271411 0.5)
(1.64219511623 0.340017271411 0.5)
(1.65395302352 0.340017271411 0.5)
(1.66616490241 0.340017271411 0.5)
(1.67884828069 0.340017271411 0.5)
(1.69202136292 0.340017271411 0.5)
(1.7057030565 0.340017271411 0.5)
(1.71991299887 0.340017271411 0.5)
(1.73467158567 0.340017271411 0.5)
(1.75 0.340017271411 0.5)
(1.47510947144 0.342343688764 0.5)
(1.48041621906 0.342343688764 0.5)
(1.48592785965 0.342343688764 0.5)
(1.49165230413 0.342343688764 0.5)
(1.49759776882 0.342343688764 0.5)
(1.5037727873 0.342343688764 0.5)
(1.51018622261 0.342343688764 0.5)
(1.51684728 0.342343688764 0.5)
(1.52376552014 0.342343688764 0.5)
(1.53095087282 0.342343688764 0.5)
(1.53841365123 0.342343688764 0.5)
(1.54616456676 0.342343688764 0.5)
(1.55421474435 0.342343688764 0.5)
(1.56257573846 0.342343688764 0.5)
(1.57125954971 0.342343688764 0.5)
(1.58027864202 0.342343688764 0.5)
(1.58964596057 0.342343688764 0.5)
(1.59937495033 0.342343688764 0.5)
(1.60947957538 0.342343688764 0.5)
(1.61997433898 0.342343688764 0.5)
(1.63087430433 0.342343688764 0.5)
(1.64219511623 0.342343688764 0.5)
(1.65395302352 0.342343688764 0.5)
(1.66616490241 0.342343688764 0.5)
(1.67884828069 0.342343688764 0.5)
(1.69202136292 0.342343688764 0.5)
(1.7057030565 0.342343688764 0.5)
(1.71991299887 0.342343688764 0.5)
(1.73467158567 0.342343688764 0.5)
(1.75 0.342343688764 0.5)
(1.47510947144 0.344779480904 0.5)
(1.48041621906 0.344779480904 0.5)
(1.48592785965 0.344779480904 0.5)
(1.49165230413 0.344779480904 0.5)
(1.49759776882 0.344779480904 0.5)
(1.5037727873 0.344779480904 0.5)
(1.51018622261 0.344779480904 0.5)
(1.51684728 0.344779480904 0.5)
(1.52376552014 0.344779480904 0.5)
(1.53095087282 0.344779480904 0.5)
(1.53841365123 0.344779480904 0.5)
(1.54616456676 0.344779480904 0.5)
(1.55421474435 0.344779480904 0.5)
(1.56257573846 0.344779480904 0.5)
(1.57125954971 0.344779480904 0.5)
(1.58027864202 0.344779480904 0.5)
(1.58964596057 0.344779480904 0.5)
(1.59937495033 0.344779480904 0.5)
(1.60947957538 0.344779480904 0.5)
(1.61997433898 0.344779480904 0.5)
(1.63087430433 0.344779480904 0.5)
(1.64219511623 0.344779480904 0.5)
(1.65395302352 0.344779480904 0.5)
(1.66616490241 0.344779480904 0.5)
(1.67884828069 0.344779480904 0.5)
(1.69202136292 0.344779480904 0.5)
(1.7057030565 0.344779480904 0.5)
(1.71991299887 0.344779480904 0.5)
(1.73467158567 0.344779480904 0.5)
(1.75 0.344779480904 0.5)
(1.47510947144 0.347329790006 0.5)
(1.48041621906 0.347329790006 0.5)
(1.48592785965 0.347329790006 0.5)
(1.49165230413 0.347329790006 0.5)
(1.49759776882 0.347329790006 0.5)
(1.5037727873 0.347329790006 0.5)
(1.51018622261 0.347329790006 0.5)
(1.51684728 0.347329790006 0.5)
(1.52376552014 0.347329790006 0.5)
(1.53095087282 0.347329790006 0.5)
(1.53841365123 0.347329790006 0.5)
(1.54616456676 0.347329790006 0.5)
(1.55421474435 0.347329790006 0.5)
(1.56257573846 0.347329790006 0.5)
(1.57125954971 0.347329790006 0.5)
(1.58027864202 0.347329790006 0.5)
(1.58964596057 0.347329790006 0.5)
(1.59937495033 0.347329790006 0.5)
(1.60947957538 0.347329790006 0.5)
(1.61997433898 0.347329790006 0.5)
(1.63087430433 0.347329790006 0.5)
(1.64219511623 0.347329790006 0.5)
(1.65395302352 0.347329790006 0.5)
(1.66616490241 0.347329790006 0.5)
(1.67884828069 0.347329790006 0.5)
(1.69202136292 0.347329790006 0.5)
(1.7057030565 0.347329790006 0.5)
(1.71991299887 0.347329790006 0.5)
(1.73467158567 0.347329790006 0.5)
(1.75 0.347329790006 0.5)
)


// ************************************************************************* //
